[INFO] [1791450595.144511591] [serial_twistctl_node]: Node 文件运行成功
Error reading log config: bad file: /home/badger/XJTLU-autonomous-vehicle/runtime-data/config/log_switch.yaml
[INFO] [1791450595.144681593] [serial_twistctl_node]: Serial port /dev/pts/0 opened successfully.
[INFO] [1791450595.145143821] [serial_twistctl_node]: serial_twistctl_node node has started and subscribed to topic...
[INFO] [1791450595.451970791] [serial_twistctl_node]: [TWIST_RX] Received Twist message - linear.x=0.000, angular.z=0.000, scaled_angular.z=0.000
[INFO] [1791450595.452016180] [serial_twistctl_node]: [SERIAL_TX] Timestamp: 1791450595451994578, Sending command (1/1): vcx=0.000,wc=0.000
 [19 bytes written]
[INFO] [1791450595.501556569] [serial_twistctl_node]: [TWIST_RX] Received Twist message - linear.x=0.000, angular.z=0.000, scaled_angular.z=0.000
[INFO] [1791450595.501606918] [serial_twistctl_node]: [SERIAL_TX] Timestamp: 1791450595501594910, Sending command (1/1): vcx=0.000,wc=0.000
 [19 bytes written]
[INFO] [1791450595.551742519] [serial_twistctl_node]: [TWIST_RX] Received Twist message - linear.x=0.000, angular.z=0.000, scaled_angular.z=0.000
[INFO] [1791450595.551791692] [serial_twistctl_node]: [SERIAL_TX] Timestamp: 1791450595551779896, Sending command (1/1): vcx=0.000,wc=0.000
 [19 bytes written]
[INFO] [1791450595.601652690] [serial_twistctl_node]: [TWIST_RX] Received Twist message - linear.x=0.000, angular.z=0.000, scaled_angular.z=0.000
[INFO] [1791450595.601696293] [serial_twistctl_node]: [SERIAL_TX] Timestamp: 1791450595601686738, Sending command (1/1): vcx=0.000,wc=0.000
 [19 bytes written]
[INFO] [1791450595.651713148] [serial_twistctl_node]: [TWIST_RX] Received Twist message - linear.x=0.000, angular.z=0.000, scaled_angular.z=0.000
[INFO] [1791450595.651746862] [serial_twistctl_node]: [SERIAL_TX] Timestamp: 1791450595651739776, Sending command (1/1): vcx=0.000,wc=0.000
 [19 bytes written]
[INFO] [1791450595.701688027] [serial_twistctl_node]: [TWIST_RX] Received Twist message - linear.x=0.000, angular.z=0.000, scaled_angular.z=0.000
[INFO] [1791450595.701723485] [serial_twistctl_node]: [SERIAL_TX] Timestamp: 1791450595701715553, Sending command (1/1): vcx=0.000,wc=0.000
 [19 bytes written]
[INFO] [1791450595.751595033] [serial_twistctl_node]: [TWIST_RX] Received Twist message - linear.x=0.000, angular.z=0.000, scaled_angular.z=0.000
[INFO] [1791450595.751634449] [serial_twistctl_node]: [SERIAL_TX] Timestamp: 1791450595751625531, Sending command (1/1): vcx=0.000,wc=0.000
 [19 bytes written]
[INFO] [1791450595.801654027] [serial_twistctl_node]: [TWIST_RX] Received Twist message - linear.x=0.000, angular.z=0.000, scaled_angular.z=0.000
[INFO] [1791450595.801691159] [serial_twistctl_node]: [SERIAL_TX] Timestamp: 1791450595801682796, Sending command (1/1): vcx=0.000,wc=0.000
 [19 bytes written]
[INFO] [1791450595.851723933] [serial_twistctl_node]: [TWIST_RX] Received Twist message - linear.x=0.000, angular.z=0.000, scaled_angular.z=0.000
[INFO] [1791450595.851764660] [serial_twistctl_node]: [SERIAL_TX] Timestamp: 1791450595851755987, Sending command (1/1): vcx=0.000,wc=0.000
 [19 bytes written]
[INFO] [1791450595.901781817] [serial_twistctl_node]: [TWIST_RX] Received Twist message - linear.x=0.000, angular.z=0.000, scaled_angular.z=0.000
[INFO] [1791450595.901817866] [serial_twistctl_node]: [SERIAL_TX] Timestamp: 1791450595901810478, Sending command (1/1): vcx=0.000,wc=0.000
 [19 bytes written]
[INFO] [1791450595.951779148] [serial_twistctl_node]: [TWIST_RX] Received Twist message - linear.x=0.000, angular.z=0.000, scaled_angular.z=0.000
[INFO] [1791450595.951814467] [serial_twistctl_node]: [SERIAL_TX] Timestamp: 1791450595951807282, Sending command (1/1): vcx=0.000,wc=0.000
 [19 bytes written]
[INFO] [1791450596.001713325] [serial_twistctl_node]: [TWIST_RX] Received Twist message - linear.x=0.000, angular.z=0.000, scaled_angular.z=0.000
[INFO] [1791450596.001763795] [serial_twistctl_node]: [SERIAL_TX] Timestamp: 1791450596001756102, Sending command (1/1): vcx=0.000,wc=0.000
 [19 bytes written]
[INFO] [1791450596.051617233] [serial_twistctl_node]: [TWIST_RX] Received Twist message - linear.x=0.000, angular.z=0.000, scaled_angular.z=0.000
[INFO] [1791450596.051672835] [serial_twistctl_node]: [SERIAL_TX] Timestamp: 1791450596051665516, Sending command (1/1): vcx=0.000,wc=0.000
 [19 bytes written]
[INFO] [1791450596.101876288] [serial_twistctl_node]: [TWIST_RX] Received Twist message - linear.x=0.000, angular.z=0.000, scaled_angular.z=0.000
[INFO] [1791450596.101911318] [serial_twistctl_node]: [SERIAL_TX] Timestamp: 1791450596101904356, Sending command (1/1): vcx=0.000,wc=0.000
 [19 bytes written]
[INFO] [1791450596.152079861] [serial_twistctl_node]: [TWIST_RX] Received Twist message - linear.x=0.000, angular.z=0.000, scaled_angular.z=0.000
[INFO] [1791450596.152140448] [serial_twistctl_node]: [SERIAL_TX] Timestamp: 1791450596152132284, Sending command (1/1): vcx=0.000,wc=0.000
 [19 bytes written]
[INFO] [1791450596.201788156] [serial_twistctl_node]: [TWIST_RX] Received Twist message - linear.x=0.000, angular.z=0.000, scaled_angular.z=0.000
[INFO] [1791450596.201824135] [serial_twistctl_node]: [SERIAL_TX] Timestamp: 1791450596201816362, Sending command (1/1): vcx=0.000,wc=0.000
 [19 bytes written]
[INFO] [1791450596.251965854] [serial_twistctl_node]: [TWIST_RX] Received Twist message - linear.x=0.000, angular.z=0.000, scaled_angular.z=0.000
[INFO] [1791450596.252014467] [serial_twistctl_node]: [SERIAL_TX] Timestamp: 1791450596252003904, Sending command (1/1): vcx=0.000,wc=0.000
 [19 bytes written]
[INFO] [1791450596.301868773] [serial_twistctl_node]: [TWIST_RX] Received Twist message - linear.x=0.000, angular.z=0.000, scaled_angular.z=0.000
[INFO] [1791450596.301908097] [serial_twistctl_node]: [SERIAL_TX] Timestamp: 1791450596301900040, Sending command (1/1): vcx=0.000,wc=0.000
 [19 bytes written]
[INFO] [1791450596.351771690] [serial_twistctl_node]: [TWIST_RX] Received Twist message - linear.x=0.000, angular.z=0.000, scaled_angular.z=0.000
[INFO] [1791450596.351810065] [serial_twistctl_node]: [SERIAL_TX] Timestamp: 1791450596351801164, Sending command (1/1): vcx=0.000,wc=0.000
 [19 bytes written]
[INFO] [1791450596.401871104] [serial_twistctl_node]: [TWIST_RX] Received Twist message - linear.x=0.000, angular.z=0.000, scaled_angular.z=0.000
[INFO] [1791450596.401912678] [serial_twistctl_node]: [SERIAL_TX] Timestamp: 1791450596401904533, Sending command (1/1): vcx=0.000,wc=0.000
 [19 bytes written]
[INFO] [1791450596.451847809] [serial_twistctl_node]: [TWIST_RX] Received Twist message - linear.x=0.000, angular.z=0.000, scaled_angular.z=0.000
[INFO] [1791450596.451884552] [serial_twistctl_node]: [SERIAL_TX] Timestamp: 1791450596451877270, Sending command (1/1): vcx=0.000,wc=0.000
 [19 bytes written]
[INFO] [1791450596.501897538] [serial_twistctl_node]: [TWIST_RX] Received Twist message - linear.x=0.000, angular.z=0.000, scaled_angular.z=0.000
[INFO] [1791450596.501935404] [serial_twistctl_node]: [SERIAL_TX] Timestamp: 1791450596501927260, Sending command (1/1): vcx=0.000,wc=0.000
 [19 bytes written]
[INFO] [1791450596.551868159] [serial_twistctl_node]: [TWIST_RX] Received Twist message - linear.x=0.000, angular.z=0.000, scaled_angular.z=0.000
[INFO] [1791450596.551911154] [serial_twistctl_node]: [SERIAL_TX] Timestamp: 1791450596551902454, Sending command (1/1): vcx=0.000,wc=0.000
 [19 bytes written]
[INFO] [1791450596.601859493] [serial_twistctl_node]: [TWIST_RX] Received Twist message - linear.x=0.000, angular.z=0.000, scaled_angular.z=0.000
[INFO] [1791450596.601895337] [serial_twistctl_node]: [SERIAL_TX] Timestamp: 1791450596601887513, Sending command (1/1): vcx=0.000,wc=0.000
 [19 bytes written]
[INFO] [1791450596.651718316] [serial_twistctl_node]: [TWIST_RX] Received Twist message - linear.x=0.000, angular.z=0.000, scaled_angular.z=0.000
[INFO] [1791450596.651751743] [serial_twistctl_node]: [SERIAL_TX] Timestamp: 1791450596651744141, Sending command (1/1): vcx=0.000,wc=0.000
 [19 bytes written]
[INFO] [1791450596.701856728] [serial_twistctl_node]: [TWIST_RX] Received Twist message - linear.x=0.000, angular.z=0.000, scaled_angular.z=0.000
[INFO] [1791450596.701899077] [serial_twistctl_node]: [SERIAL_TX] Timestamp: 1791450596701891483, Sending command (1/1): vcx=0.000,wc=0.000
 [19 bytes written]
[INFO] [1791450596.751710796] [serial_twistctl_node]: [TWIST_RX] Received Twist message - linear.x=0.000, angular.z=0.000, scaled_angular.z=0.000
[INFO] [1791450596.751750412] [serial_twistctl_node]: [SERIAL_TX] Timestamp: 1791450596751742534, Sending command (1/1): vcx=0.000,wc=0.000
 [19 bytes written]
[INFO] [1791450596.802008518] [serial_twistctl_node]: [TWIST_RX] Received Twist message - linear.x=0.000, angular.z=0.000, scaled_angular.z=0.000
[INFO] [1791450596.802047892] [serial_twistctl_node]: [SERIAL_TX] Timestamp: 1791450596802039787, Sending command (1/1): vcx=0.000,wc=0.000
 [19 bytes written]
[INFO] [1791450596.851834088] [serial_twistctl_node]: [TWIST_RX] Received Twist message - linear.x=0.000, angular.z=0.000, scaled_angular.z=0.000
[INFO] [1791450596.851868867] [serial_twistctl_node]: [SERIAL_TX] Timestamp: 1791450596851861616, Sending command (1/1): vcx=0.000,wc=0.000
 [19 bytes written]
[INFO] [1791450596.901705666] [serial_twistctl_node]: [TWIST_RX] Received Twist message - linear.x=0.000, angular.z=0.000, scaled_angular.z=0.000
[INFO] [1791450596.901751117] [serial_twistctl_node]: [SERIAL_TX] Timestamp: 1791450596901741841, Sending command (1/1): vcx=0.000,wc=0.000
 [19 bytes written]
[INFO] [1791450596.951751088] [serial_twistctl_node]: [TWIST_RX] Received Twist message - linear.x=0.000, angular.z=0.000, scaled_angular.z=0.000
[INFO] [1791450596.951787212] [serial_twistctl_node]: [SERIAL_TX] Timestamp: 1791450596951779815, Sending command (1/1): vcx=0.000,wc=0.000
 [19 bytes written]
[INFO] [1791450597.001888982] [serial_twistctl_node]: [TWIST_RX] Received Twist message - linear.x=0.000, angular.z=0.000, scaled_angular.z=0.000
[INFO] [1791450597.001937926] [serial_twistctl_node]: [SERIAL_TX] Timestamp: 1791450597001925437, Sending command (1/1): vcx=0.000,wc=0.000
 [19 bytes written]
[INFO] [1791450597.051709804] [serial_twistctl_node]: [TWIST_RX] Received Twist message - linear.x=0.000, angular.z=0.000, scaled_angular.z=0.000
[INFO] [1791450597.051750142] [serial_twistctl_node]: [SERIAL_TX] Timestamp: 1791450597051740965, Sending command (1/1): vcx=0.000,wc=0.000
 [19 bytes written]
[INFO] [1791450597.101965837] [serial_twistctl_node]: [TWIST_RX] Received Twist message - linear.x=0.000, angular.z=0.000, scaled_angular.z=0.000
[INFO] [1791450597.102007143] [serial_twistctl_node]: [SERIAL_TX] Timestamp: 1791450597101999216, Sending command (1/1): vcx=0.000,wc=0.000
 [19 bytes written]
[INFO] [1791450597.151873078] [serial_twistctl_node]: [TWIST_RX] Received Twist message - linear.x=0.000, angular.z=0.000, scaled_angular.z=0.000
[INFO] [1791450597.151912310] [serial_twistctl_node]: [SERIAL_TX] Timestamp: 1791450597151902729, Sending command (1/1): vcx=0.000,wc=0.000
 [19 bytes written]
[INFO] [1791450597.201828749] [serial_twistctl_node]: [TWIST_RX] Received Twist message - linear.x=0.000, angular.z=0.000, scaled_angular.z=0.000
[INFO] [1791450597.201865509] [serial_twistctl_node]: [SERIAL_TX] Timestamp: 1791450597201858022, Sending command (1/1): vcx=0.000,wc=0.000
 [19 bytes written]
[INFO] [1791450597.251843640] [serial_twistctl_node]: [TWIST_RX] Received Twist message - linear.x=0.000, angular.z=0.000, scaled_angular.z=0.000
[INFO] [1791450597.251880121] [serial_twistctl_node]: [SERIAL_TX] Timestamp: 1791450597251871586, Sending command (1/1): vcx=0.000,wc=0.000
 [19 bytes written]
[INFO] [1791450597.301844585] [serial_twistctl_node]: [TWIST_RX] Received Twist message - linear.x=0.000, angular.z=0.000, scaled_angular.z=0.000
[INFO] [1791450597.301883175] [serial_twistctl_node]: [SERIAL_TX] Timestamp: 1791450597301875123, Sending command (1/1): vcx=0.000,wc=0.000
 [19 bytes written]
[INFO] [1791450597.351965311] [serial_twistctl_node]: [TWIST_RX] Received Twist message - linear.x=0.000, angular.z=0.000, scaled_angular.z=0.000
[INFO] [1791450597.352007983] [serial_twistctl_node]: [SERIAL_TX] Timestamp: 1791450597351994664, Sending command (1/1): vcx=0.000,wc=0.000
 [19 bytes written]
[INFO] [1791450597.401882909] [serial_twistctl_node]: [TWIST_RX] Received Twist message - linear.x=0.000, angular.z=0.000, scaled_angular.z=0.000
[INFO] [1791450597.401933197] [serial_twistctl_node]: [SERIAL_TX] Timestamp: 1791450597401925577, Sending command (1/1): vcx=0.000,wc=0.000
 [19 bytes written]
[INFO] [1791450597.451780703] [serial_twistctl_node]: [TWIST_RX] Received Twist message - linear.x=0.000, angular.z=0.000, scaled_angular.z=0.000
[INFO] [1791450597.451831863] [serial_twistctl_node]: [SERIAL_TX] Timestamp: 1791450597451822915, Sending command (1/1): vcx=0.000,wc=0.000
 [19 bytes written]
[INFO] [1791450597.502096966] [serial_twistctl_node]: [TWIST_RX] Received Twist message - linear.x=0.000, angular.z=0.000, scaled_angular.z=0.000
[INFO] [1791450597.502138696] [serial_twistctl_node]: [SERIAL_TX] Timestamp: 1791450597502129670, Sending command (1/1): vcx=0.000,wc=0.000
 [19 bytes written]
[INFO] [1791450597.552104518] [serial_twistctl_node]: [TWIST_RX] Received Twist message - linear.x=0.000, angular.z=0.000, scaled_angular.z=0.000
[INFO] [1791450597.552156082] [serial_twistctl_node]: [SERIAL_TX] Timestamp: 1791450597552148722, Sending command (1/1): vcx=0.000,wc=0.000
 [19 bytes written]
[INFO] [1791450597.602086567] [serial_twistctl_node]: [TWIST_RX] Received Twist message - linear.x=0.000, angular.z=0.000, scaled_angular.z=0.000
[INFO] [1791450597.602128740] [serial_twistctl_node]: [SERIAL_TX] Timestamp: 1791450597602120586, Sending command (1/1): vcx=0.000,wc=0.000
 [19 bytes written]
[INFO] [1791450597.651896420] [serial_twistctl_node]: [TWIST_RX] Received Twist message - linear.x=0.000, angular.z=0.000, scaled_angular.z=0.000
[INFO] [1791450597.651938579] [serial_twistctl_node]: [SERIAL_TX] Timestamp: 1791450597651926016, Sending command (1/1): vcx=0.000,wc=0.000
 [19 bytes written]
[INFO] [1791450597.701990224] [serial_twistctl_node]: [TWIST_RX] Received Twist message - linear.x=0.000, angular.z=0.000, scaled_angular.z=0.000
[INFO] [1791450597.702029193] [serial_twistctl_node]: [SERIAL_TX] Timestamp: 1791450597702022283, Sending command (1/1): vcx=0.000,wc=0.000
 [19 bytes written]
[INFO] [1791450597.751871843] [serial_twistctl_node]: [TWIST_RX] Received Twist message - linear.x=0.000, angular.z=0.000, scaled_angular.z=0.000
[INFO] [1791450597.751904717] [serial_twistctl_node]: [SERIAL_TX] Timestamp: 1791450597751897811, Sending command (1/1): vcx=0.000,wc=0.000
 [19 bytes written]
[INFO] [1791450597.801976891] [serial_twistctl_node]: [TWIST_RX] Received Twist message - linear.x=0.000, angular.z=0.000, scaled_angular.z=0.000
[INFO] [1791450597.802020007] [serial_twistctl_node]: [SERIAL_TX] Timestamp: 1791450597802012154, Sending command (1/1): vcx=0.000,wc=0.000
 [19 bytes written]
[INFO] [1791450597.851819971] [serial_twistctl_node]: [TWIST_RX] Received Twist message - linear.x=0.000, angular.z=0.000, scaled_angular.z=0.000
[INFO] [1791450597.851859350] [serial_twistctl_node]: [SERIAL_TX] Timestamp: 1791450597851852393, Sending command (1/1): vcx=0.000,wc=0.000
 [19 bytes written]
[INFO] [1791450597.901977062] [serial_twistctl_node]: [TWIST_RX] Received Twist message - linear.x=0.000, angular.z=0.000, scaled_angular.z=0.000
[INFO] [1791450597.902022002] [serial_twistctl_node]: [SERIAL_TX] Timestamp: 1791450597902015662, Sending command (1/1): vcx=0.000,wc=0.000
 [19 bytes written]
[INFO] [1791450597.951877466] [serial_twistctl_node]: [TWIST_RX] Received Twist message - linear.x=0.000, angular.z=0.000, scaled_angular.z=0.000
[INFO] [1791450597.951917411] [serial_twistctl_node]: [SERIAL_TX] Timestamp: 1791450597951909685, Sending command (1/1): vcx=0.000,wc=0.000
 [19 bytes written]
[INFO] [1791450598.001864039] [serial_twistctl_node]: [TWIST_RX] Received Twist message - linear.x=0.000, angular.z=0.000, scaled_angular.z=0.000
[INFO] [1791450598.001920636] [serial_twistctl_node]: [SERIAL_TX] Timestamp: 1791450598001912292, Sending command (1/1): vcx=0.000,wc=0.000
 [19 bytes written]
[INFO] [1791450598.051917632] [serial_twistctl_node]: [TWIST_RX] Received Twist message - linear.x=0.000, angular.z=0.000, scaled_angular.z=0.000
[INFO] [1791450598.051967945] [serial_twistctl_node]: [SERIAL_TX] Timestamp: 1791450598051958664, Sending command (1/1): vcx=0.000,wc=0.000
 [19 bytes written]
[INFO] [1791450598.101869520] [serial_twistctl_node]: [TWIST_RX] Received Twist message - linear.x=0.000, angular.z=0.000, scaled_angular.z=0.000
[INFO] [1791450598.101908779] [serial_twistctl_node]: [SERIAL_TX] Timestamp: 1791450598101900395, Sending command (1/1): vcx=0.000,wc=0.000
 [19 bytes written]
[INFO] [1791450598.151867960] [serial_twistctl_node]: [TWIST_RX] Received Twist message - linear.x=0.000, angular.z=0.000, scaled_angular.z=0.000
[INFO] [1791450598.151909088] [serial_twistctl_node]: [SERIAL_TX] Timestamp: 1791450598151900030, Sending command (1/1): vcx=0.000,wc=0.000
 [19 bytes written]
[INFO] [1791450598.201670655] [serial_twistctl_node]: [TWIST_RX] Received Twist message - linear.x=0.000, angular.z=0.000, scaled_angular.z=0.000
[INFO] [1791450598.201715380] [serial_twistctl_node]: [SERIAL_TX] Timestamp: 1791450598201704411, Sending command (1/1): vcx=0.000,wc=0.000
 [19 bytes written]
[INFO] [1791450598.251758028] [serial_twistctl_node]: [TWIST_RX] Received Twist message - linear.x=0.000, angular.z=0.000, scaled_angular.z=0.000
[INFO] [1791450598.251800001] [serial_twistctl_node]: [SERIAL_TX] Timestamp: 1791450598251790641, Sending command (1/1): vcx=0.000,wc=0.000
 [19 bytes written]
[INFO] [1791450598.301805880] [serial_twistctl_node]: [TWIST_RX] Received Twist message - linear.x=0.000, angular.z=0.000, scaled_angular.z=0.000
[INFO] [1791450598.301860713] [serial_twistctl_node]: [SERIAL_TX] Timestamp: 1791450598301846907, Sending command (1/1): vcx=0.000,wc=0.000
 [19 bytes written]
[INFO] [1791450598.351794389] [serial_twistctl_node]: [TWIST_RX] Received Twist message - linear.x=0.000, angular.z=0.000, scaled_angular.z=0.000
[INFO] [1791450598.351833595] [serial_twistctl_node]: [SERIAL_TX] Timestamp: 1791450598351825365, Sending command (1/1): vcx=0.000,wc=0.000
 [19 bytes written]
[INFO] [1791450598.401933634] [serial_twistctl_node]: [TWIST_RX] Received Twist message - linear.x=0.000, angular.z=0.000, scaled_angular.z=0.000
[INFO] [1791450598.401977195] [serial_twistctl_node]: [SERIAL_TX] Timestamp: 1791450598401968625, Sending command (1/1): vcx=0.000,wc=0.000
 [19 bytes written]
[INFO] [1791450598.451915320] [serial_twistctl_node]: [TWIST_RX] Received Twist message - linear.x=0.000, angular.z=0.000, scaled_angular.z=0.000
[INFO] [1791450598.451953071] [serial_twistctl_node]: [SERIAL_TX] Timestamp: 1791450598451944840, Sending command (1/1): vcx=0.000,wc=0.000
 [19 bytes written]
[INFO] [1791450598.501714715] [serial_twistctl_node]: [TWIST_RX] Received Twist message - linear.x=0.000, angular.z=0.000, scaled_angular.z=0.000
[INFO] [1791450598.501760591] [serial_twistctl_node]: [SERIAL_TX] Timestamp: 1791450598501750380, Sending command (1/1): vcx=0.000,wc=0.000
 [19 bytes written]
[INFO] [1791450598.551863286] [serial_twistctl_node]: [TWIST_RX] Received Twist message - linear.x=0.000, angular.z=0.000, scaled_angular.z=0.000
[INFO] [1791450598.551903711] [serial_twistctl_node]: [SERIAL_TX] Timestamp: 1791450598551893557, Sending command (1/1): vcx=0.000,wc=0.000
 [19 bytes written]
[INFO] [1791450598.601772256] [serial_twistctl_node]: [TWIST_RX] Received Twist message - linear.x=0.000, angular.z=0.000, scaled_angular.z=0.000
[INFO] [1791450598.601811713] [serial_twistctl_node]: [SERIAL_TX] Timestamp: 1791450598601803487, Sending command (1/1): vcx=0.000,wc=0.000
 [19 bytes written]
[INFO] [1791450598.651839772] [serial_twistctl_node]: [TWIST_RX] Received Twist message - linear.x=0.000, angular.z=0.000, scaled_angular.z=0.000
[INFO] [1791450598.651876307] [serial_twistctl_node]: [SERIAL_TX] Timestamp: 1791450598651868376, Sending command (1/1): vcx=0.000,wc=0.000
 [19 bytes written]
[INFO] [1791450598.702026769] [serial_twistctl_node]: [TWIST_RX] Received Twist message - linear.x=0.000, angular.z=0.000, scaled_angular.z=0.000
[INFO] [1791450598.702079744] [serial_twistctl_node]: [SERIAL_TX] Timestamp: 1791450598702070263, Sending command (1/1): vcx=0.000,wc=0.000
 [19 bytes written]
[INFO] [1791450598.751947089] [serial_twistctl_node]: [TWIST_RX] Received Twist message - linear.x=0.000, angular.z=0.000, scaled_angular.z=0.000
[INFO] [1791450598.751983821] [serial_twistctl_node]: [SERIAL_TX] Timestamp: 1791450598751975323, Sending command (1/1): vcx=0.000,wc=0.000
 [19 bytes written]
[INFO] [1791450598.801814001] [serial_twistctl_node]: [TWIST_RX] Received Twist message - linear.x=0.000, angular.z=0.000, scaled_angular.z=0.000
[INFO] [1791450598.801853954] [serial_twistctl_node]: [SERIAL_TX] Timestamp: 1791450598801844800, Sending command (1/1): vcx=0.000,wc=0.000
 [19 bytes written]
[INFO] [1791450598.852063074] [serial_twistctl_node]: [TWIST_RX] Received Twist message - linear.x=0.000, angular.z=0.000, scaled_angular.z=0.000
[INFO] [1791450598.852119792] [serial_twistctl_node]: [SERIAL_TX] Timestamp: 1791450598852098881, Sending command (1/1): vcx=0.000,wc=0.000
 [19 bytes written]
[INFO] [1791450598.901753399] [serial_twistctl_node]: [TWIST_RX] Received Twist message - linear.x=0.000, angular.z=0.000, scaled_angular.z=0.000
[INFO] [1791450598.901800418] [serial_twistctl_node]: [SERIAL_TX] Timestamp: 1791450598901792278, Sending command (1/1): vcx=0.000,wc=0.000
 [19 bytes written]
[INFO] [1791450598.951927741] [serial_twistctl_node]: [TWIST_RX] Received Twist message - linear.x=0.000, angular.z=0.000, scaled_angular.z=0.000
[INFO] [1791450598.951963180] [serial_twistctl_node]: [SERIAL_TX] Timestamp: 1791450598951955591, Sending command (1/1): vcx=0.000,wc=0.000
 [19 bytes written]
[INFO] [1791450599.001736165] [serial_twistctl_node]: [TWIST_RX] Received Twist message - linear.x=0.000, angular.z=0.000, scaled_angular.z=0.000
[INFO] [1791450599.001792303] [serial_twistctl_node]: [SERIAL_TX] Timestamp: 1791450599001779198, Sending command (1/1): vcx=0.000,wc=0.000
 [19 bytes written]
[INFO] [1791450599.051945637] [serial_twistctl_node]: [TWIST_RX] Received Twist message - linear.x=0.000, angular.z=0.000, scaled_angular.z=0.000
[INFO] [1791450599.051982474] [serial_twistctl_node]: [SERIAL_TX] Timestamp: 1791450599051974227, Sending command (1/1): vcx=0.000,wc=0.000
 [19 bytes written]
[INFO] [1791450599.102072046] [serial_twistctl_node]: [TWIST_RX] Received Twist message - linear.x=0.000, angular.z=0.000, scaled_angular.z=0.000
[INFO] [1791450599.102111859] [serial_twistctl_node]: [SERIAL_TX] Timestamp: 1791450599102103360, Sending command (1/1): vcx=0.000,wc=0.000
 [19 bytes written]
[INFO] [1791450599.151969452] [serial_twistctl_node]: [TWIST_RX] Received Twist message - linear.x=0.000, angular.z=0.000, scaled_angular.z=0.000
[INFO] [1791450599.152011029] [serial_twistctl_node]: [SERIAL_TX] Timestamp: 1791450599152001477, Sending command (1/1): vcx=0.000,wc=0.000
 [19 bytes written]
[INFO] [1791450599.202019097] [serial_twistctl_node]: [TWIST_RX] Received Twist message - linear.x=0.000, angular.z=0.000, scaled_angular.z=0.000
[INFO] [1791450599.202062535] [serial_twistctl_node]: [SERIAL_TX] Timestamp: 1791450599202048595, Sending command (1/1): vcx=0.000,wc=0.000
 [19 bytes written]
[INFO] [1791450599.251929031] [serial_twistctl_node]: [TWIST_RX] Received Twist message - linear.x=0.000, angular.z=0.000, scaled_angular.z=0.000
[INFO] [1791450599.251969772] [serial_twistctl_node]: [SERIAL_TX] Timestamp: 1791450599251960832, Sending command (1/1): vcx=0.000,wc=0.000
 [19 bytes written]
[INFO] [1791450599.302112910] [serial_twistctl_node]: [TWIST_RX] Received Twist message - linear.x=0.000, angular.z=0.000, scaled_angular.z=0.000
[INFO] [1791450599.302298084] [serial_twistctl_node]: [SERIAL_TX] Timestamp: 1791450599302288968, Sending command (1/1): vcx=0.000,wc=0.000
 [19 bytes written]
[INFO] [1791450599.351760964] [serial_twistctl_node]: [TWIST_RX] Received Twist message - linear.x=0.000, angular.z=0.000, scaled_angular.z=0.000
[INFO] [1791450599.351804745] [serial_twistctl_node]: [SERIAL_TX] Timestamp: 1791450599351791606, Sending command (1/1): vcx=0.000,wc=0.000
 [19 bytes written]
[INFO] [1791450599.401975668] [serial_twistctl_node]: [TWIST_RX] Received Twist message - linear.x=0.000, angular.z=0.000, scaled_angular.z=0.000
[INFO] [1791450599.402028799] [serial_twistctl_node]: [SERIAL_TX] Timestamp: 1791450599402019552, Sending command (1/1): vcx=0.000,wc=0.000
 [19 bytes written]
[INFO] [1791450599.451612355] [serial_twistctl_node]: [TWIST_RX] Received Twist message - linear.x=0.000, angular.z=0.000, scaled_angular.z=0.000
[INFO] [1791450599.451655831] [serial_twistctl_node]: [SERIAL_TX] Timestamp: 1791450599451645944, Sending command (1/1): vcx=0.000,wc=0.000
 [19 bytes written]
[INFO] [1791450599.501739791] [serial_twistctl_node]: [TWIST_RX] Received Twist message - linear.x=0.000, angular.z=0.000, scaled_angular.z=0.000
[INFO] [1791450599.501780799] [serial_twistctl_node]: [SERIAL_TX] Timestamp: 1791450599501771313, Sending command (1/1): vcx=0.000,wc=0.000
 [19 bytes written]
[INFO] [1791450599.551973487] [serial_twistctl_node]: [TWIST_RX] Received Twist message - linear.x=0.000, angular.z=0.000, scaled_angular.z=0.000
[INFO] [1791450599.552009248] [serial_twistctl_node]: [SERIAL_TX] Timestamp: 1791450599552000791, Sending command (1/1): vcx=0.000,wc=0.000
 [19 bytes written]
[INFO] [1791450599.601864181] [serial_twistctl_node]: [TWIST_RX] Received Twist message - linear.x=0.000, angular.z=0.000, scaled_angular.z=0.000
[INFO] [1791450599.601904152] [serial_twistctl_node]: [SERIAL_TX] Timestamp: 1791450599601895054, Sending command (1/1): vcx=0.000,wc=0.000
 [19 bytes written]
[INFO] [1791450599.652132051] [serial_twistctl_node]: [TWIST_RX] Received Twist message - linear.x=0.000, angular.z=0.000, scaled_angular.z=0.000
[INFO] [1791450599.652171075] [serial_twistctl_node]: [SERIAL_TX] Timestamp: 1791450599652162300, Sending command (1/1): vcx=0.000,wc=0.000
 [19 bytes written]
[INFO] [1791450599.701837580] [serial_twistctl_node]: [TWIST_RX] Received Twist message - linear.x=0.000, angular.z=0.000, scaled_angular.z=0.000
[INFO] [1791450599.701873506] [serial_twistctl_node]: [SERIAL_TX] Timestamp: 1791450599701865835, Sending command (1/1): vcx=0.000,wc=0.000
 [19 bytes written]
[INFO] [1791450599.752041626] [serial_twistctl_node]: [TWIST_RX] Received Twist message - linear.x=0.000, angular.z=0.000, scaled_angular.z=0.000
[INFO] [1791450599.752086422] [serial_twistctl_node]: [SERIAL_TX] Timestamp: 1791450599752073619, Sending command (1/1): vcx=0.000,wc=0.000
 [19 bytes written]
[INFO] [1791450599.801780941] [serial_twistctl_node]: [TWIST_RX] Received Twist message - linear.x=0.000, angular.z=0.000, scaled_angular.z=0.000
[INFO] [1791450599.801818571] [serial_twistctl_node]: [SERIAL_TX] Timestamp: 1791450599801810637, Sending command (1/1): vcx=0.000,wc=0.000
 [19 bytes written]
[INFO] [1791450599.851893689] [serial_twistctl_node]: [TWIST_RX] Received Twist message - linear.x=0.000, angular.z=0.000, scaled_angular.z=0.000
[INFO] [1791450599.851931827] [serial_twistctl_node]: [SERIAL_TX] Timestamp: 1791450599851923341, Sending command (1/1): vcx=0.000,wc=0.000
 [19 bytes written]
[INFO] [1791450599.901905342] [serial_twistctl_node]: [TWIST_RX] Received Twist message - linear.x=0.000, angular.z=0.000, scaled_angular.z=0.000
[INFO] [1791450599.901942713] [serial_twistctl_node]: [SERIAL_TX] Timestamp: 1791450599901933913, Sending command (1/1): vcx=0.000,wc=0.000
 [19 bytes written]
[INFO] [1791450599.951730970] [serial_twistctl_node]: [TWIST_RX] Received Twist message - linear.x=0.000, angular.z=0.000, scaled_angular.z=0.000
[INFO] [1791450599.951776724] [serial_twistctl_node]: [SERIAL_TX] Timestamp: 1791450599951770685, Sending command (1/1): vcx=0.000,wc=0.000
 [19 bytes written]
[INFO] [1791450600.001842925] [serial_twistctl_node]: [TWIST_RX] Received Twist message - linear.x=0.000, angular.z=0.000, scaled_angular.z=0.000
[INFO] [1791450600.001879771] [serial_twistctl_node]: [SERIAL_TX] Timestamp: 1791450600001872392, Sending command (1/1): vcx=0.000,wc=0.000
 [19 bytes written]
[INFO] [1791450600.051925596] [serial_twistctl_node]: [TWIST_RX] Received Twist message - linear.x=0.000, angular.z=0.000, scaled_angular.z=0.000
[INFO] [1791450600.051975185] [serial_twistctl_node]: [SERIAL_TX] Timestamp: 1791450600051966312, Sending command (1/1): vcx=0.000,wc=0.000
 [19 bytes written]
[INFO] [1791450600.101820935] [serial_twistctl_node]: [TWIST_RX] Received Twist message - linear.x=0.000, angular.z=0.000, scaled_angular.z=0.000
[INFO] [1791450600.101867264] [serial_twistctl_node]: [SERIAL_TX] Timestamp: 1791450600101857912, Sending command (1/1): vcx=0.000,wc=0.000
 [19 bytes written]
[INFO] [1791450600.151926429] [serial_twistctl_node]: [TWIST_RX] Received Twist message - linear.x=0.000, angular.z=0.000, scaled_angular.z=0.000
[INFO] [1791450600.151968865] [serial_twistctl_node]: [SERIAL_TX] Timestamp: 1791450600151960902, Sending command (1/1): vcx=0.000,wc=0.000
 [19 bytes written]
[INFO] [1791450600.201869277] [serial_twistctl_node]: [TWIST_RX] Received Twist message - linear.x=0.000, angular.z=0.000, scaled_angular.z=0.000
[INFO] [1791450600.201920921] [serial_twistctl_node]: [SERIAL_TX] Timestamp: 1791450600201911498, Sending command (1/1): vcx=0.000,wc=0.000
 [19 bytes written]
[INFO] [1791450600.251661719] [serial_twistctl_node]: [TWIST_RX] Received Twist message - linear.x=0.000, angular.z=0.000, scaled_angular.z=0.000
[INFO] [1791450600.251706615] [serial_twistctl_node]: [SERIAL_TX] Timestamp: 1791450600251698426, Sending command (1/1): vcx=0.000,wc=0.000
 [19 bytes written]
[INFO] [1791450600.301823606] [serial_twistctl_node]: [TWIST_RX] Received Twist message - linear.x=0.000, angular.z=0.000, scaled_angular.z=0.000
[INFO] [1791450600.301871313] [serial_twistctl_node]: [SERIAL_TX] Timestamp: 1791450600301862936, Sending command (1/1): vcx=0.000,wc=0.000
 [19 bytes written]
[INFO] [1791450600.351858235] [serial_twistctl_node]: [TWIST_RX] Received Twist message - linear.x=0.000, angular.z=0.000, scaled_angular.z=0.000
[INFO] [1791450600.351899529] [serial_twistctl_node]: [SERIAL_TX] Timestamp: 1791450600351891297, Sending command (1/1): vcx=0.000,wc=0.000
 [19 bytes written]
[INFO] [1791450600.401769064] [serial_twistctl_node]: [TWIST_RX] Received Twist message - linear.x=0.000, angular.z=0.000, scaled_angular.z=0.000
[INFO] [1791450600.401803890] [serial_twistctl_node]: [SERIAL_TX] Timestamp: 1791450600401796667, Sending command (1/1): vcx=0.000,wc=0.000
 [19 bytes written]
[INFO] [1791450600.451785743] [serial_twistctl_node]: [TWIST_RX] Received Twist message - linear.x=0.000, angular.z=0.000, scaled_angular.z=0.000
[INFO] [1791450600.451826494] [serial_twistctl_node]: [SERIAL_TX] Timestamp: 1791450600451817001, Sending command (1/1): vcx=0.000,wc=0.000
 [19 bytes written]
[INFO] [1791450600.501894526] [serial_twistctl_node]: [TWIST_RX] Received Twist message - linear.x=0.000, angular.z=0.000, scaled_angular.z=0.000
[INFO] [1791450600.501934012] [serial_twistctl_node]: [SERIAL_TX] Timestamp: 1791450600501924923, Sending command (1/1): vcx=0.000,wc=0.000
 [19 bytes written]
[INFO] [1791450600.551794549] [serial_twistctl_node]: [TWIST_RX] Received Twist message - linear.x=0.000, angular.z=0.000, scaled_angular.z=0.000
[INFO] [1791450600.551827661] [serial_twistctl_node]: [SERIAL_TX] Timestamp: 1791450600551820824, Sending command (1/1): vcx=0.000,wc=0.000
 [19 bytes written]
[INFO] [1791450600.601749894] [serial_twistctl_node]: [TWIST_RX] Received Twist message - linear.x=0.000, angular.z=0.000, scaled_angular.z=0.000
[INFO] [1791450600.601797508] [serial_twistctl_node]: [SERIAL_TX] Timestamp: 1791450600601787569, Sending command (1/1): vcx=0.000,wc=0.000
 [19 bytes written]
[INFO] [1791450600.651801229] [serial_twistctl_node]: [TWIST_RX] Received Twist message - linear.x=0.000, angular.z=0.000, scaled_angular.z=0.000
[INFO] [1791450600.651840144] [serial_twistctl_node]: [SERIAL_TX] Timestamp: 1791450600651832768, Sending command (1/1): vcx=0.000,wc=0.000
 [19 bytes written]
[INFO] [1791450600.701671174] [serial_twistctl_node]: [TWIST_RX] Received Twist message - linear.x=0.000, angular.z=0.000, scaled_angular.z=0.000
[INFO] [1791450600.701697453] [serial_twistctl_node]: [SERIAL_TX] Timestamp: 1791450600701690391, Sending command (1/1): vcx=0.000,wc=0.000
 [19 bytes written]
[INFO] [1791450600.752027135] [serial_twistctl_node]: [TWIST_RX] Received Twist message - linear.x=0.000, angular.z=0.000, scaled_angular.z=0.000
[INFO] [1791450600.752071810] [serial_twistctl_node]: [SERIAL_TX] Timestamp: 1791450600752064519, Sending command (1/1): vcx=0.000,wc=0.000
 [19 bytes written]
[INFO] [1791450600.801791349] [serial_twistctl_node]: [TWIST_RX] Received Twist message - linear.x=0.000, angular.z=0.000, scaled_angular.z=0.000
[INFO] [1791450600.801827472] [serial_twistctl_node]: [SERIAL_TX] Timestamp: 1791450600801819509, Sending command (1/1): vcx=0.000,wc=0.000
 [19 bytes written]
[INFO] [1791450600.851811187] [serial_twistctl_node]: [TWIST_RX] Received Twist message - linear.x=0.000, angular.z=0.000, scaled_angular.z=0.000
[INFO] [1791450600.851849274] [serial_twistctl_node]: [SERIAL_TX] Timestamp: 1791450600851841195, Sending command (1/1): vcx=0.000,wc=0.000
 [19 bytes written]
[INFO] [1791450600.902075953] [serial_twistctl_node]: [TWIST_RX] Received Twist message - linear.x=0.000, angular.z=0.000, scaled_angular.z=0.000
[INFO] [1791450600.902123921] [serial_twistctl_node]: [SERIAL_TX] Timestamp: 1791450600902114406, Sending command (1/1): vcx=0.000,wc=0.000
 [19 bytes written]
[INFO] [1791450600.951747357] [serial_twistctl_node]: [TWIST_RX] Received Twist message - linear.x=0.000, angular.z=0.000, scaled_angular.z=0.000
[INFO] [1791450600.951783773] [serial_twistctl_node]: [SERIAL_TX] Timestamp: 1791450600951775343, Sending command (1/1): vcx=0.000,wc=0.000
 [19 bytes written]
[INFO] [1791450601.001644602] [serial_twistctl_node]: [TWIST_RX] Received Twist message - linear.x=0.000, angular.z=0.000, scaled_angular.z=0.000
[INFO] [1791450601.001684876] [serial_twistctl_node]: [SERIAL_TX] Timestamp: 1791450601001676403, Sending command (1/1): vcx=0.000,wc=0.000
 [19 bytes written]
[INFO] [1791450601.051715436] [serial_twistctl_node]: [TWIST_RX] Received Twist message - linear.x=0.000, angular.z=0.000, scaled_angular.z=0.000
[INFO] [1791450601.051764241] [serial_twistctl_node]: [SERIAL_TX] Timestamp: 1791450601051755169, Sending command (1/1): vcx=0.000,wc=0.000
 [19 bytes written]
[INFO] [1791450601.101813848] [serial_twistctl_node]: [TWIST_RX] Received Twist message - linear.x=0.000, angular.z=0.000, scaled_angular.z=0.000
[INFO] [1791450601.101852848] [serial_twistctl_node]: [SERIAL_TX] Timestamp: 1791450601101844196, Sending command (1/1): vcx=0.000,wc=0.000
 [19 bytes written]
[INFO] [1791450601.151700248] [serial_twistctl_node]: [TWIST_RX] Received Twist message - linear.x=0.000, angular.z=0.000, scaled_angular.z=0.000
[INFO] [1791450601.151745232] [serial_twistctl_node]: [SERIAL_TX] Timestamp: 1791450601151734923, Sending command (1/1): vcx=0.000,wc=0.000
 [19 bytes written]
[INFO] [1791450601.201724695] [serial_twistctl_node]: [TWIST_RX] Received Twist message - linear.x=0.000, angular.z=0.000, scaled_angular.z=0.000
[INFO] [1791450601.201762250] [serial_twistctl_node]: [SERIAL_TX] Timestamp: 1791450601201754570, Sending command (1/1): vcx=0.000,wc=0.000
 [19 bytes written]
[INFO] [1791450601.251791048] [serial_twistctl_node]: [TWIST_RX] Received Twist message - linear.x=0.000, angular.z=0.000, scaled_angular.z=0.000
[INFO] [1791450601.251832049] [serial_twistctl_node]: [SERIAL_TX] Timestamp: 1791450601251823030, Sending command (1/1): vcx=0.000,wc=0.000
 [19 bytes written]
[INFO] [1791450601.301819127] [serial_twistctl_node]: [TWIST_RX] Received Twist message - linear.x=0.000, angular.z=0.000, scaled_angular.z=0.000
[INFO] [1791450601.301861178] [serial_twistctl_node]: [SERIAL_TX] Timestamp: 1791450601301851454, Sending command (1/1): vcx=0.000,wc=0.000
 [19 bytes written]
[INFO] [1791450601.352104165] [serial_twistctl_node]: [TWIST_RX] Received Twist message - linear.x=0.000, angular.z=0.000, scaled_angular.z=0.000
[INFO] [1791450601.352140792] [serial_twistctl_node]: [SERIAL_TX] Timestamp: 1791450601352132398, Sending command (1/1): vcx=0.000,wc=0.000
 [19 bytes written]
[INFO] [1791450601.401761711] [serial_twistctl_node]: [TWIST_RX] Received Twist message - linear.x=0.000, angular.z=0.000, scaled_angular.z=0.000
[INFO] [1791450601.401813095] [serial_twistctl_node]: [SERIAL_TX] Timestamp: 1791450601401804735, Sending command (1/1): vcx=0.000,wc=0.000
 [19 bytes written]
[INFO] [1791450601.451737216] [serial_twistctl_node]: [TWIST_RX] Received Twist message - linear.x=0.000, angular.z=0.000, scaled_angular.z=0.000
[INFO] [1791450601.451779424] [serial_twistctl_node]: [SERIAL_TX] Timestamp: 1791450601451767255, Sending command (1/1): vcx=0.000,wc=0.000
 [19 bytes written]
[INFO] [1791450601.501721314] [serial_twistctl_node]: [TWIST_RX] Received Twist message - linear.x=0.000, angular.z=0.000, scaled_angular.z=0.000
[INFO] [1791450601.501761870] [serial_twistctl_node]: [SERIAL_TX] Timestamp: 1791450601501752566, Sending command (1/1): vcx=0.000,wc=0.000
 [19 bytes written]
[INFO] [1791450601.551814505] [serial_twistctl_node]: [TWIST_RX] Received Twist message - linear.x=0.000, angular.z=0.000, scaled_angular.z=0.000
[INFO] [1791450601.551851233] [serial_twistctl_node]: [SERIAL_TX] Timestamp: 1791450601551842906, Sending command (1/1): vcx=0.000,wc=0.000
 [19 bytes written]
[INFO] [1791450601.601699151] [serial_twistctl_node]: [TWIST_RX] Received Twist message - linear.x=0.000, angular.z=0.000, scaled_angular.z=0.000
[INFO] [1791450601.601741908] [serial_twistctl_node]: [SERIAL_TX] Timestamp: 1791450601601733345, Sending command (1/1): vcx=0.000,wc=0.000
 [19 bytes written]
[INFO] [1791450601.651854105] [serial_twistctl_node]: [TWIST_RX] Received Twist message - linear.x=0.000, angular.z=0.000, scaled_angular.z=0.000
[INFO] [1791450601.651892375] [serial_twistctl_node]: [SERIAL_TX] Timestamp: 1791450601651884436, Sending command (1/1): vcx=0.000,wc=0.000
 [19 bytes written]
[INFO] [1791450601.701634847] [serial_twistctl_node]: [TWIST_RX] Received Twist message - linear.x=0.000, angular.z=0.000, scaled_angular.z=0.000
[INFO] [1791450601.701673298] [serial_twistctl_node]: [SERIAL_TX] Timestamp: 1791450601701665289, Sending command (1/1): vcx=0.000,wc=0.000
 [19 bytes written]
[INFO] [1791450601.751643585] [serial_twistctl_node]: [TWIST_RX] Received Twist message - linear.x=0.000, angular.z=0.000, scaled_angular.z=0.000
[INFO] [1791450601.751682684] [serial_twistctl_node]: [SERIAL_TX] Timestamp: 1791450601751671440, Sending command (1/1): vcx=0.000,wc=0.000
 [19 bytes written]
[INFO] [1791450601.801627285] [serial_twistctl_node]: [TWIST_RX] Received Twist message - linear.x=0.000, angular.z=0.000, scaled_angular.z=0.000
[INFO] [1791450601.801666213] [serial_twistctl_node]: [SERIAL_TX] Timestamp: 1791450601801657274, Sending command (1/1): vcx=0.000,wc=0.000
 [19 bytes written]
[INFO] [1791450601.851564062] [serial_twistctl_node]: [TWIST_RX] Received Twist message - linear.x=0.000, angular.z=0.000, scaled_angular.z=0.000
[INFO] [1791450601.851600824] [serial_twistctl_node]: [SERIAL_TX] Timestamp: 1791450601851592982, Sending command (1/1): vcx=0.000,wc=0.000
 [19 bytes written]
[INFO] [1791450601.901582611] [serial_twistctl_node]: [TWIST_RX] Received Twist message - linear.x=0.000, angular.z=0.000, scaled_angular.z=0.000
[INFO] [1791450601.901628978] [serial_twistctl_node]: [SERIAL_TX] Timestamp: 1791450601901618732, Sending command (1/1): vcx=0.000,wc=0.000
 [19 bytes written]
[INFO] [1791450601.951626325] [serial_twistctl_node]: [TWIST_RX] Received Twist message - linear.x=0.000, angular.z=0.000, scaled_angular.z=0.000
[INFO] [1791450601.951671344] [serial_twistctl_node]: [SERIAL_TX] Timestamp: 1791450601951662060, Sending command (1/1): vcx=0.000,wc=0.000
 [19 bytes written]
[INFO] [1791450602.001668447] [serial_twistctl_node]: [TWIST_RX] Received Twist message - linear.x=0.000, angular.z=0.000, scaled_angular.z=0.000
[INFO] [1791450602.001711548] [serial_twistctl_node]: [SERIAL_TX] Timestamp: 1791450602001702669, Sending command (1/1): vcx=0.000,wc=0.000
 [19 bytes written]
[INFO] [1791450602.051653606] [serial_twistctl_node]: [TWIST_RX] Received Twist message - linear.x=0.000, angular.z=0.000, scaled_angular.z=0.000
[INFO] [1791450602.051693258] [serial_twistctl_node]: [SERIAL_TX] Timestamp: 1791450602051684467, Sending command (1/1): vcx=0.000,wc=0.000
 [19 bytes written]
[INFO] [1791450602.101664868] [serial_twistctl_node]: [TWIST_RX] Received Twist message - linear.x=0.000, angular.z=0.000, scaled_angular.z=0.000
[INFO] [1791450602.101705674] [serial_twistctl_node]: [SERIAL_TX] Timestamp: 1791450602101696967, Sending command (1/1): vcx=0.000,wc=0.000
 [19 bytes written]
[INFO] [1791450602.151572169] [serial_twistctl_node]: [TWIST_RX] Received Twist message - linear.x=0.000, angular.z=0.000, scaled_angular.z=0.000
[INFO] [1791450602.151610580] [serial_twistctl_node]: [SERIAL_TX] Timestamp: 1791450602151601661, Sending command (1/1): vcx=0.000,wc=0.000
 [19 bytes written]
[INFO] [1791450602.201655692] [serial_twistctl_node]: [TWIST_RX] Received Twist message - linear.x=0.000, angular.z=0.000, scaled_angular.z=0.000
[INFO] [1791450602.201698424] [serial_twistctl_node]: [SERIAL_TX] Timestamp: 1791450602201689820, Sending command (1/1): vcx=0.000,wc=0.000
 [19 bytes written]
[INFO] [1791450602.251621911] [serial_twistctl_node]: [TWIST_RX] Received Twist message - linear.x=0.000, angular.z=0.000, scaled_angular.z=0.000
[INFO] [1791450602.251665706] [serial_twistctl_node]: [SERIAL_TX] Timestamp: 1791450602251652126, Sending command (1/1): vcx=0.000,wc=0.000
 [19 bytes written]
[INFO] [1791450602.301635225] [serial_twistctl_node]: [TWIST_RX] Received Twist message - linear.x=0.000, angular.z=0.000, scaled_angular.z=0.000
[INFO] [1791450602.301677289] [serial_twistctl_node]: [SERIAL_TX] Timestamp: 1791450602301668992, Sending command (1/1): vcx=0.000,wc=0.000
 [19 bytes written]
[INFO] [1791450602.351651742] [serial_twistctl_node]: [TWIST_RX] Received Twist message - linear.x=0.000, angular.z=0.000, scaled_angular.z=0.000
[INFO] [1791450602.351686822] [serial_twistctl_node]: [SERIAL_TX] Timestamp: 1791450602351679550, Sending command (1/1): vcx=0.000,wc=0.000
 [19 bytes written]
[INFO] [1791450602.401549432] [serial_twistctl_node]: [TWIST_RX] Received Twist message - linear.x=0.000, angular.z=0.000, scaled_angular.z=0.000
[INFO] [1791450602.401589421] [serial_twistctl_node]: [SERIAL_TX] Timestamp: 1791450602401581034, Sending command (1/1): vcx=0.000,wc=0.000
 [19 bytes written]
[INFO] [1791450602.451649870] [serial_twistctl_node]: [TWIST_RX] Received Twist message - linear.x=0.000, angular.z=0.000, scaled_angular.z=0.000
[INFO] [1791450602.451693782] [serial_twistctl_node]: [SERIAL_TX] Timestamp: 1791450602451685318, Sending command (1/1): vcx=0.000,wc=0.000
 [19 bytes written]
[INFO] [1791450602.501652942] [serial_twistctl_node]: [TWIST_RX] Received Twist message - linear.x=0.000, angular.z=0.000, scaled_angular.z=0.000
[INFO] [1791450602.501696862] [serial_twistctl_node]: [SERIAL_TX] Timestamp: 1791450602501688176, Sending command (1/1): vcx=0.000,wc=0.000
 [19 bytes written]
[INFO] [1791450602.551627673] [serial_twistctl_node]: [TWIST_RX] Received Twist message - linear.x=0.000, angular.z=0.000, scaled_angular.z=0.000
[INFO] [1791450602.551665000] [serial_twistctl_node]: [SERIAL_TX] Timestamp: 1791450602551656481, Sending command (1/1): vcx=0.000,wc=0.000
 [19 bytes written]
[INFO] [1791450602.601863646] [serial_twistctl_node]: [TWIST_RX] Received Twist message - linear.x=0.000, angular.z=0.000, scaled_angular.z=0.000
[INFO] [1791450602.601900877] [serial_twistctl_node]: [SERIAL_TX] Timestamp: 1791450602601892089, Sending command (1/1): vcx=0.000,wc=0.000
 [19 bytes written]
[INFO] [1791450602.651730234] [serial_twistctl_node]: [TWIST_RX] Received Twist message - linear.x=0.000, angular.z=0.000, scaled_angular.z=0.000
[INFO] [1791450602.651766181] [serial_twistctl_node]: [SERIAL_TX] Timestamp: 1791450602651757138, Sending command (1/1): vcx=0.000,wc=0.000
 [19 bytes written]
[INFO] [1791450602.701645750] [serial_twistctl_node]: [TWIST_RX] Received Twist message - linear.x=0.000, angular.z=0.000, scaled_angular.z=0.000
[INFO] [1791450602.701680809] [serial_twistctl_node]: [SERIAL_TX] Timestamp: 1791450602701672685, Sending command (1/1): vcx=0.000,wc=0.000
 [19 bytes written]
[INFO] [1791450602.751609445] [serial_twistctl_node]: [TWIST_RX] Received Twist message - linear.x=0.000, angular.z=0.000, scaled_angular.z=0.000
[INFO] [1791450602.751649822] [serial_twistctl_node]: [SERIAL_TX] Timestamp: 1791450602751642666, Sending command (1/1): vcx=0.000,wc=0.000
 [19 bytes written]
[INFO] [1791450602.801623421] [serial_twistctl_node]: [TWIST_RX] Received Twist message - linear.x=0.000, angular.z=0.000, scaled_angular.z=0.000
[INFO] [1791450602.801659117] [serial_twistctl_node]: [SERIAL_TX] Timestamp: 1791450602801651144, Sending command (1/1): vcx=0.000,wc=0.000
 [19 bytes written]
[INFO] [1791450602.851636067] [serial_twistctl_node]: [TWIST_RX] Received Twist message - linear.x=0.000, angular.z=0.000, scaled_angular.z=0.000
[INFO] [1791450602.851680928] [serial_twistctl_node]: [SERIAL_TX] Timestamp: 1791450602851673502, Sending command (1/1): vcx=0.000,wc=0.000
 [19 bytes written]
[INFO] [1791450602.901630192] [serial_twistctl_node]: [TWIST_RX] Received Twist message - linear.x=0.000, angular.z=0.000, scaled_angular.z=0.000
[INFO] [1791450602.901666416] [serial_twistctl_node]: [SERIAL_TX] Timestamp: 1791450602901658519, Sending command (1/1): vcx=0.000,wc=0.000
 [19 bytes written]
[INFO] [1791450602.951626580] [serial_twistctl_node]: [TWIST_RX] Received Twist message - linear.x=0.000, angular.z=0.000, scaled_angular.z=0.000
[INFO] [1791450602.951669381] [serial_twistctl_node]: [SERIAL_TX] Timestamp: 1791450602951660954, Sending command (1/1): vcx=0.000,wc=0.000
 [19 bytes written]
[INFO] [1791450603.001693152] [serial_twistctl_node]: [TWIST_RX] Received Twist message - linear.x=0.000, angular.z=0.000, scaled_angular.z=0.000
[INFO] [1791450603.001737783] [serial_twistctl_node]: [SERIAL_TX] Timestamp: 1791450603001728225, Sending command (1/1): vcx=0.000,wc=0.000
 [19 bytes written]
[INFO] [1791450603.051657521] [serial_twistctl_node]: [TWIST_RX] Received Twist message - linear.x=0.000, angular.z=0.000, scaled_angular.z=0.000
[INFO] [1791450603.051696080] [serial_twistctl_node]: [SERIAL_TX] Timestamp: 1791450603051687389, Sending command (1/1): vcx=0.000,wc=0.000
 [19 bytes written]
[INFO] [1791450603.101627932] [serial_twistctl_node]: [TWIST_RX] Received Twist message - linear.x=0.000, angular.z=0.000, scaled_angular.z=0.000
[INFO] [1791450603.101668199] [serial_twistctl_node]: [SERIAL_TX] Timestamp: 1791450603101658238, Sending command (1/1): vcx=0.000,wc=0.000
 [19 bytes written]
[INFO] [1791450603.151650127] [serial_twistctl_node]: [TWIST_RX] Received Twist message - linear.x=0.000, angular.z=0.000, scaled_angular.z=0.000
[INFO] [1791450603.151692330] [serial_twistctl_node]: [SERIAL_TX] Timestamp: 1791450603151683932, Sending command (1/1): vcx=0.000,wc=0.000
 [19 bytes written]
[INFO] [1791450603.201628466] [serial_twistctl_node]: [TWIST_RX] Received Twist message - linear.x=0.000, angular.z=0.000, scaled_angular.z=0.000
[INFO] [1791450603.201665562] [serial_twistctl_node]: [SERIAL_TX] Timestamp: 1791450603201657728, Sending command (1/1): vcx=0.000,wc=0.000
 [19 bytes written]
[INFO] [1791450603.251646878] [serial_twistctl_node]: [TWIST_RX] Received Twist message - linear.x=0.000, angular.z=0.000, scaled_angular.z=0.000
[INFO] [1791450603.251692437] [serial_twistctl_node]: [SERIAL_TX] Timestamp: 1791450603251683554, Sending command (1/1): vcx=0.000,wc=0.000
 [19 bytes written]
[INFO] [1791450603.301642742] [serial_twistctl_node]: [TWIST_RX] Received Twist message - linear.x=0.000, angular.z=0.000, scaled_angular.z=0.000
[INFO] [1791450603.301684705] [serial_twistctl_node]: [SERIAL_TX] Timestamp: 1791450603301675011, Sending command (1/1): vcx=0.000,wc=0.000
 [19 bytes written]
[INFO] [1791450603.351820550] [serial_twistctl_node]: [TWIST_RX] Received Twist message - linear.x=0.000, angular.z=0.000, scaled_angular.z=0.000
[INFO] [1791450603.351855978] [serial_twistctl_node]: [SERIAL_TX] Timestamp: 1791450603351849149, Sending command (1/1): vcx=0.000,wc=0.000
 [19 bytes written]
[INFO] [1791450603.401834000] [serial_twistctl_node]: [TWIST_RX] Received Twist message - linear.x=0.000, angular.z=0.000, scaled_angular.z=0.000
[INFO] [1791450603.401874731] [serial_twistctl_node]: [SERIAL_TX] Timestamp: 1791450603401867675, Sending command (1/1): vcx=0.000,wc=0.000
 [19 bytes written]
[INFO] [1791450603.451853646] [serial_twistctl_node]: [TWIST_RX] Received Twist message - linear.x=0.000, angular.z=0.000, scaled_angular.z=0.000
[INFO] [1791450603.451891984] [serial_twistctl_node]: [SERIAL_TX] Timestamp: 1791450603451884281, Sending command (1/1): vcx=0.000,wc=0.000
 [19 bytes written]
[INFO] [1791450603.501897359] [serial_twistctl_node]: [TWIST_RX] Received Twist message - linear.x=0.000, angular.z=0.000, scaled_angular.z=0.000
[INFO] [1791450603.501937036] [serial_twistctl_node]: [SERIAL_TX] Timestamp: 1791450603501927237, Sending command (1/1): vcx=0.000,wc=0.000
 [19 bytes written]
[INFO] [1791450603.551849565] [serial_twistctl_node]: [TWIST_RX] Received Twist message - linear.x=0.000, angular.z=0.000, scaled_angular.z=0.000
[INFO] [1791450603.551884933] [serial_twistctl_node]: [SERIAL_TX] Timestamp: 1791450603551877184, Sending command (1/1): vcx=0.000,wc=0.000
 [19 bytes written]
[INFO] [1791450603.602087511] [serial_twistctl_node]: [TWIST_RX] Received Twist message - linear.x=0.000, angular.z=0.000, scaled_angular.z=0.000
[INFO] [1791450603.602123045] [serial_twistctl_node]: [SERIAL_TX] Timestamp: 1791450603602116061, Sending command (1/1): vcx=0.000,wc=0.000
 [19 bytes written]
[INFO] [1791450603.651715411] [serial_twistctl_node]: [TWIST_RX] Received Twist message - linear.x=0.000, angular.z=0.000, scaled_angular.z=0.000
[INFO] [1791450603.651753798] [serial_twistctl_node]: [SERIAL_TX] Timestamp: 1791450603651746668, Sending command (1/1): vcx=0.000,wc=0.000
 [19 bytes written]
[INFO] [1791450603.701827105] [serial_twistctl_node]: [TWIST_RX] Received Twist message - linear.x=0.000, angular.z=0.000, scaled_angular.z=0.000
[INFO] [1791450603.701876804] [serial_twistctl_node]: [SERIAL_TX] Timestamp: 1791450603701866816, Sending command (1/1): vcx=0.000,wc=0.000
 [19 bytes written]
[INFO] [1791450603.751649765] [serial_twistctl_node]: [TWIST_RX] Received Twist message - linear.x=0.000, angular.z=0.000, scaled_angular.z=0.000
[INFO] [1791450603.751681081] [serial_twistctl_node]: [SERIAL_TX] Timestamp: 1791450603751674114, Sending command (1/1): vcx=0.000,wc=0.000
 [19 bytes written]
[INFO] [1791450603.801914869] [serial_twistctl_node]: [TWIST_RX] Received Twist message - linear.x=0.000, angular.z=0.000, scaled_angular.z=0.000
[INFO] [1791450603.801948549] [serial_twistctl_node]: [SERIAL_TX] Timestamp: 1791450603801941840, Sending command (1/1): vcx=0.000,wc=0.000
 [19 bytes written]
[INFO] [1791450603.852081923] [serial_twistctl_node]: [TWIST_RX] Received Twist message - linear.x=0.000, angular.z=0.000, scaled_angular.z=0.000
[INFO] [1791450603.852115977] [serial_twistctl_node]: [SERIAL_TX] Timestamp: 1791450603852109186, Sending command (1/1): vcx=0.000,wc=0.000
 [19 bytes written]
[INFO] [1791450603.901942706] [serial_twistctl_node]: [TWIST_RX] Received Twist message - linear.x=0.000, angular.z=0.000, scaled_angular.z=0.000
[INFO] [1791450603.901977914] [serial_twistctl_node]: [SERIAL_TX] Timestamp: 1791450603901970920, Sending command (1/1): vcx=0.000,wc=0.000
 [19 bytes written]
[INFO] [1791450603.951846592] [serial_twistctl_node]: [TWIST_RX] Received Twist message - linear.x=0.000, angular.z=0.000, scaled_angular.z=0.000
[INFO] [1791450603.951888073] [serial_twistctl_node]: [SERIAL_TX] Timestamp: 1791450603951880883, Sending command (1/1): vcx=0.000,wc=0.000
 [19 bytes written]
[INFO] [1791450604.001960364] [serial_twistctl_node]: [TWIST_RX] Received Twist message - linear.x=0.000, angular.z=0.000, scaled_angular.z=0.000
[INFO] [1791450604.002003281] [serial_twistctl_node]: [SERIAL_TX] Timestamp: 1791450604001995070, Sending command (1/1): vcx=0.000,wc=0.000
 [19 bytes written]
[INFO] [1791450604.051846861] [serial_twistctl_node]: [TWIST_RX] Received Twist message - linear.x=0.000, angular.z=0.000, scaled_angular.z=0.000
[INFO] [1791450604.051885530] [serial_twistctl_node]: [SERIAL_TX] Timestamp: 1791450604051877657, Sending command (1/1): vcx=0.000,wc=0.000
 [19 bytes written]
[INFO] [1791450604.101735790] [serial_twistctl_node]: [TWIST_RX] Received Twist message - linear.x=0.000, angular.z=0.000, scaled_angular.z=0.000
[INFO] [1791450604.101782729] [serial_twistctl_node]: [SERIAL_TX] Timestamp: 1791450604101774736, Sending command (1/1): vcx=0.000,wc=0.000
 [19 bytes written]
[INFO] [1791450604.151824400] [serial_twistctl_node]: [TWIST_RX] Received Twist message - linear.x=0.000, angular.z=0.000, scaled_angular.z=0.000
[INFO] [1791450604.151863424] [serial_twistctl_node]: [SERIAL_TX] Timestamp: 1791450604151855743, Sending command (1/1): vcx=0.000,wc=0.000
 [19 bytes written]
[INFO] [1791450604.201727269] [serial_twistctl_node]: [TWIST_RX] Received Twist message - linear.x=0.000, angular.z=0.000, scaled_angular.z=0.000
[INFO] [1791450604.201767152] [serial_twistctl_node]: [SERIAL_TX] Timestamp: 1791450604201758560, Sending command (1/1): vcx=0.000,wc=0.000
 [19 bytes written]
[INFO] [1791450604.251716120] [serial_twistctl_node]: [TWIST_RX] Received Twist message - linear.x=0.000, angular.z=0.000, scaled_angular.z=0.000
[INFO] [1791450604.251758136] [serial_twistctl_node]: [SERIAL_TX] Timestamp: 1791450604251748410, Sending command (1/1): vcx=0.000,wc=0.000
 [19 bytes written]
[INFO] [1791450604.301754311] [serial_twistctl_node]: [TWIST_RX] Received Twist message - linear.x=0.000, angular.z=0.000, scaled_angular.z=0.000
[INFO] [1791450604.301794906] [serial_twistctl_node]: [SERIAL_TX] Timestamp: 1791450604301786160, Sending command (1/1): vcx=0.000,wc=0.000
 [19 bytes written]
[INFO] [1791450604.351930574] [serial_twistctl_node]: [TWIST_RX] Received Twist message - linear.x=0.000, angular.z=0.000, scaled_angular.z=0.000
[INFO] [1791450604.351966307] [serial_twistctl_node]: [SERIAL_TX] Timestamp: 1791450604351958240, Sending command (1/1): vcx=0.000,wc=0.000
 [19 bytes written]
[INFO] [1791450604.401877711] [serial_twistctl_node]: [TWIST_RX] Received Twist message - linear.x=0.000, angular.z=0.000, scaled_angular.z=0.000
[INFO] [1791450604.401917663] [serial_twistctl_node]: [SERIAL_TX] Timestamp: 1791450604401909474, Sending command (1/1): vcx=0.000,wc=0.000
 [19 bytes written]
[INFO] [1791450604.451875100] [serial_twistctl_node]: [TWIST_RX] Received Twist message - linear.x=0.000, angular.z=0.000, scaled_angular.z=0.000
[INFO] [1791450604.451912991] [serial_twistctl_node]: [SERIAL_TX] Timestamp: 1791450604451904982, Sending command (1/1): vcx=0.000,wc=0.000
 [19 bytes written]
[INFO] [1791450604.501998060] [serial_twistctl_node]: [TWIST_RX] Received Twist message - linear.x=0.000, angular.z=0.000, scaled_angular.z=0.000
[INFO] [1791450604.502036328] [serial_twistctl_node]: [SERIAL_TX] Timestamp: 1791450604502028727, Sending command (1/1): vcx=0.000,wc=0.000
 [19 bytes written]
[INFO] [1791450604.551837347] [serial_twistctl_node]: [TWIST_RX] Received Twist message - linear.x=0.000, angular.z=0.000, scaled_angular.z=0.000
[INFO] [1791450604.551877114] [serial_twistctl_node]: [SERIAL_TX] Timestamp: 1791450604551870008, Sending command (1/1): vcx=0.000,wc=0.000
 [19 bytes written]
[INFO] [1791450604.601956897] [serial_twistctl_node]: [TWIST_RX] Received Twist message - linear.x=0.000, angular.z=0.000, scaled_angular.z=0.000
[INFO] [1791450604.601994847] [serial_twistctl_node]: [SERIAL_TX] Timestamp: 1791450604601987424, Sending command (1/1): vcx=0.000,wc=0.000
 [19 bytes written]
[INFO] [1791450604.651732224] [serial_twistctl_node]: [TWIST_RX] Received Twist message - linear.x=0.000, angular.z=0.000, scaled_angular.z=0.000
[INFO] [1791450604.651766944] [serial_twistctl_node]: [SERIAL_TX] Timestamp: 1791450604651759761, Sending command (1/1): vcx=0.000,wc=0.000
 [19 bytes written]
[INFO] [1791450604.701706078] [serial_twistctl_node]: [TWIST_RX] Received Twist message - linear.x=0.000, angular.z=0.000, scaled_angular.z=0.000
[INFO] [1791450604.701744898] [serial_twistctl_node]: [SERIAL_TX] Timestamp: 1791450604701736657, Sending command (1/1): vcx=0.000,wc=0.000
 [19 bytes written]
[INFO] [1791450604.751686232] [serial_twistctl_node]: [TWIST_RX] Received Twist message - linear.x=0.000, angular.z=0.000, scaled_angular.z=0.000
[INFO] [1791450604.751734927] [serial_twistctl_node]: [SERIAL_TX] Timestamp: 1791450604751726099, Sending command (1/1): vcx=0.000,wc=0.000
 [19 bytes written]
[INFO] [1791450604.801808026] [serial_twistctl_node]: [TWIST_RX] Received Twist message - linear.x=0.000, angular.z=0.000, scaled_angular.z=0.000
[INFO] [1791450604.801847395] [serial_twistctl_node]: [SERIAL_TX] Timestamp: 1791450604801839473, Sending command (1/1): vcx=0.000,wc=0.000
 [19 bytes written]
[INFO] [1791450604.851905073] [serial_twistctl_node]: [TWIST_RX] Received Twist message - linear.x=0.000, angular.z=0.000, scaled_angular.z=0.000
[INFO] [1791450604.851939510] [serial_twistctl_node]: [SERIAL_TX] Timestamp: 1791450604851932379, Sending command (1/1): vcx=0.000,wc=0.000
 [19 bytes written]
[INFO] [1791450604.901745111] [serial_twistctl_node]: [TWIST_RX] Received Twist message - linear.x=0.000, angular.z=0.000, scaled_angular.z=0.000
[INFO] [1791450604.901782634] [serial_twistctl_node]: [SERIAL_TX] Timestamp: 1791450604901775148, Sending command (1/1): vcx=0.000,wc=0.000
 [19 bytes written]
[INFO] [1791450604.951835380] [serial_twistctl_node]: [TWIST_RX] Received Twist message - linear.x=0.000, angular.z=0.000, scaled_angular.z=0.000
[INFO] [1791450604.951874534] [serial_twistctl_node]: [SERIAL_TX] Timestamp: 1791450604951866423, Sending command (1/1): vcx=0.000,wc=0.000
 [19 bytes written]
[INFO] [1791450605.001760978] [serial_twistctl_node]: [TWIST_RX] Received Twist message - linear.x=0.000, angular.z=0.000, scaled_angular.z=0.000
[INFO] [1791450605.001803447] [serial_twistctl_node]: [SERIAL_TX] Timestamp: 1791450605001795630, Sending command (1/1): vcx=0.000,wc=0.000
 [19 bytes written]
[INFO] [1791450605.051819007] [serial_twistctl_node]: [TWIST_RX] Received Twist message - linear.x=0.000, angular.z=0.000, scaled_angular.z=0.000
[INFO] [1791450605.051855253] [serial_twistctl_node]: [SERIAL_TX] Timestamp: 1791450605051847826, Sending command (1/1): vcx=0.000,wc=0.000
 [19 bytes written]
[INFO] [1791450605.101761136] [serial_twistctl_node]: [TWIST_RX] Received Twist message - linear.x=0.000, angular.z=0.000, scaled_angular.z=0.000
[INFO] [1791450605.101798394] [serial_twistctl_node]: [SERIAL_TX] Timestamp: 1791450605101790607, Sending command (1/1): vcx=0.000,wc=0.000
 [19 bytes written]
[INFO] [1791450605.151765914] [serial_twistctl_node]: [TWIST_RX] Received Twist message - linear.x=0.000, angular.z=0.000, scaled_angular.z=0.000
[INFO] [1791450605.151804973] [serial_twistctl_node]: [SERIAL_TX] Timestamp: 1791450605151797545, Sending command (1/1): vcx=0.000,wc=0.000
 [19 bytes written]
[INFO] [1791450605.201774710] [serial_twistctl_node]: [TWIST_RX] Received Twist message - linear.x=0.000, angular.z=0.000, scaled_angular.z=0.000
[INFO] [1791450605.201814618] [serial_twistctl_node]: [SERIAL_TX] Timestamp: 1791450605201806391, Sending command (1/1): vcx=0.000,wc=0.000
 [19 bytes written]
[INFO] [1791450605.252041055] [serial_twistctl_node]: [TWIST_RX] Received Twist message - linear.x=0.000, angular.z=0.000, scaled_angular.z=0.000
[INFO] [1791450605.252089118] [serial_twistctl_node]: [SERIAL_TX] Timestamp: 1791450605252080489, Sending command (1/1): vcx=0.000,wc=0.000
 [19 bytes written]
[INFO] [1791450605.302092793] [serial_twistctl_node]: [TWIST_RX] Received Twist message - linear.x=0.000, angular.z=0.000, scaled_angular.z=0.000
[INFO] [1791450605.302215085] [serial_twistctl_node]: [SERIAL_TX] Timestamp: 1791450605302203905, Sending command (1/1): vcx=0.000,wc=0.000
 [19 bytes written]
[INFO] [1791450605.352071807] [serial_twistctl_node]: [TWIST_RX] Received Twist message - linear.x=0.000, angular.z=0.000, scaled_angular.z=0.000
[INFO] [1791450605.352121082] [serial_twistctl_node]: [SERIAL_TX] Timestamp: 1791450605352100158, Sending command (1/1): vcx=0.000,wc=0.000
 [19 bytes written]
[INFO] [1791450605.401971903] [serial_twistctl_node]: [TWIST_RX] Received Twist message - linear.x=0.000, angular.z=0.000, scaled_angular.z=0.000
[INFO] [1791450605.402017180] [serial_twistctl_node]: [SERIAL_TX] Timestamp: 1791450605402008641, Sending command (1/1): vcx=0.000,wc=0.000
 [19 bytes written]
[INFO] [1791450605.451736273] [serial_twistctl_node]: [TWIST_RX] Received Twist message - linear.x=0.000, angular.z=0.000, scaled_angular.z=0.000
[INFO] [1791450605.451779209] [serial_twistctl_node]: [SERIAL_TX] Timestamp: 1791450605451771178, Sending command (1/1): vcx=0.000,wc=0.000
 [19 bytes written]
[INFO] [1791450605.501841238] [serial_twistctl_node]: [TWIST_RX] Received Twist message - linear.x=0.000, angular.z=0.000, scaled_angular.z=0.000
[INFO] [1791450605.501879181] [serial_twistctl_node]: [SERIAL_TX] Timestamp: 1791450605501871353, Sending command (1/1): vcx=0.000,wc=0.000
 [19 bytes written]
[INFO] [1791450605.551888498] [serial_twistctl_node]: [TWIST_RX] Received Twist message - linear.x=0.000, angular.z=0.000, scaled_angular.z=0.000
[INFO] [1791450605.551923132] [serial_twistctl_node]: [SERIAL_TX] Timestamp: 1791450605551915461, Sending command (1/1): vcx=0.000,wc=0.000
 [19 bytes written]
[INFO] [1791450605.601718737] [serial_twistctl_node]: [TWIST_RX] Received Twist message - linear.x=0.000, angular.z=0.000, scaled_angular.z=0.000
[INFO] [1791450605.601754855] [serial_twistctl_node]: [SERIAL_TX] Timestamp: 1791450605601746406, Sending command (1/1): vcx=0.000,wc=0.000
 [19 bytes written]
[INFO] [1791450605.651835284] [serial_twistctl_node]: [TWIST_RX] Received Twist message - linear.x=0.000, angular.z=0.000, scaled_angular.z=0.000
[INFO] [1791450605.651884161] [serial_twistctl_node]: [SERIAL_TX] Timestamp: 1791450605651874141, Sending command (1/1): vcx=0.000,wc=0.000
 [19 bytes written]
[INFO] [1791450605.701741370] [serial_twistctl_node]: [TWIST_RX] Received Twist message - linear.x=0.000, angular.z=0.000, scaled_angular.z=0.000
[INFO] [1791450605.701798841] [serial_twistctl_node]: [SERIAL_TX] Timestamp: 1791450605701787323, Sending command (1/1): vcx=0.000,wc=0.000
 [19 bytes written]
[INFO] [1791450605.751785724] [serial_twistctl_node]: [TWIST_RX] Received Twist message - linear.x=0.000, angular.z=0.000, scaled_angular.z=0.000
[INFO] [1791450605.751839154] [serial_twistctl_node]: [SERIAL_TX] Timestamp: 1791450605751828034, Sending command (1/1): vcx=0.000,wc=0.000
 [19 bytes written]
[INFO] [1791450605.801717946] [serial_twistctl_node]: [TWIST_RX] Received Twist message - linear.x=0.000, angular.z=0.000, scaled_angular.z=0.000
[INFO] [1791450605.801768637] [serial_twistctl_node]: [SERIAL_TX] Timestamp: 1791450605801756849, Sending command (1/1): vcx=0.000,wc=0.000
 [19 bytes written]
[INFO] [1791450605.851791877] [serial_twistctl_node]: [TWIST_RX] Received Twist message - linear.x=0.000, angular.z=0.000, scaled_angular.z=0.000
[INFO] [1791450605.851845696] [serial_twistctl_node]: [SERIAL_TX] Timestamp: 1791450605851834117, Sending command (1/1): vcx=0.000,wc=0.000
 [19 bytes written]
[INFO] [1791450605.901718319] [serial_twistctl_node]: [TWIST_RX] Received Twist message - linear.x=0.000, angular.z=0.000, scaled_angular.z=0.000
[INFO] [1791450605.901773459] [serial_twistctl_node]: [SERIAL_TX] Timestamp: 1791450605901761654, Sending command (1/1): vcx=0.000,wc=0.000
 [19 bytes written]
[INFO] [1791450605.951815095] [serial_twistctl_node]: [TWIST_RX] Received Twist message - linear.x=0.000, angular.z=0.000, scaled_angular.z=0.000
[INFO] [1791450605.951871575] [serial_twistctl_node]: [SERIAL_TX] Timestamp: 1791450605951859907, Sending command (1/1): vcx=0.000,wc=0.000
 [19 bytes written]
[INFO] [1791450606.001739297] [serial_twistctl_node]: [TWIST_RX] Received Twist message - linear.x=0.000, angular.z=0.000, scaled_angular.z=0.000
[INFO] [1791450606.001797751] [serial_twistctl_node]: [SERIAL_TX] Timestamp: 1791450606001785411, Sending command (1/1): vcx=0.000,wc=0.000
 [19 bytes written]
[INFO] [1791450606.051747224] [serial_twistctl_node]: [TWIST_RX] Received Twist message - linear.x=0.000, angular.z=0.000, scaled_angular.z=0.000
[INFO] [1791450606.051805507] [serial_twistctl_node]: [SERIAL_TX] Timestamp: 1791450606051793211, Sending command (1/1): vcx=0.000,wc=0.000
 [19 bytes written]
[INFO] [1791450606.101654873] [serial_twistctl_node]: [TWIST_RX] Received Twist message - linear.x=0.000, angular.z=0.000, scaled_angular.z=0.000
[INFO] [1791450606.101724973] [serial_twistctl_node]: [SERIAL_TX] Timestamp: 1791450606101713158, Sending command (1/1): vcx=0.000,wc=0.000
 [19 bytes written]
[INFO] [1791450606.151825142] [serial_twistctl_node]: [TWIST_RX] Received Twist message - linear.x=0.000, angular.z=0.000, scaled_angular.z=0.000
[INFO] [1791450606.151878687] [serial_twistctl_node]: [SERIAL_TX] Timestamp: 1791450606151867334, Sending command (1/1): vcx=0.000,wc=0.000
 [19 bytes written]
[INFO] [1791450606.201784905] [serial_twistctl_node]: [TWIST_RX] Received Twist message - linear.x=0.000, angular.z=0.000, scaled_angular.z=0.000
[INFO] [1791450606.201844768] [serial_twistctl_node]: [SERIAL_TX] Timestamp: 1791450606201831676, Sending command (1/1): vcx=0.000,wc=0.000
 [19 bytes written]
[INFO] [1791450606.251855316] [serial_twistctl_node]: [TWIST_RX] Received Twist message - linear.x=0.000, angular.z=0.000, scaled_angular.z=0.000
[INFO] [1791450606.251913533] [serial_twistctl_node]: [SERIAL_TX] Timestamp: 1791450606251900863, Sending command (1/1): vcx=0.000,wc=0.000
 [19 bytes written]
[INFO] [1791450606.301820472] [serial_twistctl_node]: [TWIST_RX] Received Twist message - linear.x=0.000, angular.z=0.000, scaled_angular.z=0.000
[INFO] [1791450606.301873760] [serial_twistctl_node]: [SERIAL_TX] Timestamp: 1791450606301861997, Sending command (1/1): vcx=0.000,wc=0.000
 [19 bytes written]
[INFO] [1791450606.351802933] [serial_twistctl_node]: [TWIST_RX] Received Twist message - linear.x=0.000, angular.z=0.000, scaled_angular.z=0.000
[INFO] [1791450606.351854745] [serial_twistctl_node]: [SERIAL_TX] Timestamp: 1791450606351843803, Sending command (1/1): vcx=0.000,wc=0.000
 [19 bytes written]
[INFO] [1791450606.401756202] [serial_twistctl_node]: [TWIST_RX] Received Twist message - linear.x=0.000, angular.z=0.000, scaled_angular.z=0.000
[INFO] [1791450606.401812401] [serial_twistctl_node]: [SERIAL_TX] Timestamp: 1791450606401800565, Sending command (1/1): vcx=0.000,wc=0.000
 [19 bytes written]
[INFO] [1791450606.451726659] [serial_twistctl_node]: [TWIST_RX] Received Twist message - linear.x=0.000, angular.z=0.000, scaled_angular.z=0.000
[INFO] [1791450606.451777563] [serial_twistctl_node]: [SERIAL_TX] Timestamp: 1791450606451766676, Sending command (1/1): vcx=0.000,wc=0.000
 [19 bytes written]
[INFO] [1791450606.501848489] [serial_twistctl_node]: [TWIST_RX] Received Twist message - linear.x=0.000, angular.z=0.000, scaled_angular.z=0.000
[INFO] [1791450606.501904418] [serial_twistctl_node]: [SERIAL_TX] Timestamp: 1791450606501892031, Sending command (1/1): vcx=0.000,wc=0.000
 [19 bytes written]
[INFO] [1791450606.551818024] [serial_twistctl_node]: [TWIST_RX] Received Twist message - linear.x=0.000, angular.z=0.000, scaled_angular.z=0.000
[INFO] [1791450606.551876871] [serial_twistctl_node]: [SERIAL_TX] Timestamp: 1791450606551864356, Sending command (1/1): vcx=0.000,wc=0.000
 [19 bytes written]
[INFO] [1791450606.601825049] [serial_twistctl_node]: [TWIST_RX] Received Twist message - linear.x=0.000, angular.z=0.000, scaled_angular.z=0.000
[INFO] [1791450606.601879200] [serial_twistctl_node]: [SERIAL_TX] Timestamp: 1791450606601867561, Sending command (1/1): vcx=0.000,wc=0.000
 [19 bytes written]
[INFO] [1791450606.651828205] [serial_twistctl_node]: [TWIST_RX] Received Twist message - linear.x=0.000, angular.z=0.000, scaled_angular.z=0.000
[INFO] [1791450606.651881095] [serial_twistctl_node]: [SERIAL_TX] Timestamp: 1791450606651869793, Sending command (1/1): vcx=0.000,wc=0.000
 [19 bytes written]
[INFO] [1791450606.701791762] [serial_twistctl_node]: [TWIST_RX] Received Twist message - linear.x=0.000, angular.z=0.000, scaled_angular.z=0.000
[INFO] [1791450606.701844683] [serial_twistctl_node]: [SERIAL_TX] Timestamp: 1791450606701833886, Sending command (1/1): vcx=0.000,wc=0.000
 [19 bytes written]
[INFO] [1791450606.751826782] [serial_twistctl_node]: [TWIST_RX] Received Twist message - linear.x=0.000, angular.z=0.000, scaled_angular.z=0.000
[INFO] [1791450606.751889279] [serial_twistctl_node]: [SERIAL_TX] Timestamp: 1791450606751877007, Sending command (1/1): vcx=0.000,wc=0.000
 [19 bytes written]
[INFO] [1791450606.801732571] [serial_twistctl_node]: [TWIST_RX] Received Twist message - linear.x=0.000, angular.z=0.000, scaled_angular.z=0.000
[INFO] [1791450606.801786163] [serial_twistctl_node]: [SERIAL_TX] Timestamp: 1791450606801774956, Sending command (1/1): vcx=0.000,wc=0.000
 [19 bytes written]
[INFO] [1791450606.851837632] [serial_twistctl_node]: [TWIST_RX] Received Twist message - linear.x=0.000, angular.z=0.000, scaled_angular.z=0.000
[INFO] [1791450606.851891345] [serial_twistctl_node]: [SERIAL_TX] Timestamp: 1791450606851880261, Sending command (1/1): vcx=0.000,wc=0.000
 [19 bytes written]
[INFO] [1791450606.901661343] [serial_twistctl_node]: [TWIST_RX] Received Twist message - linear.x=0.000, angular.z=0.000, scaled_angular.z=0.000
[INFO] [1791450606.901716112] [serial_twistctl_node]: [SERIAL_TX] Timestamp: 1791450606901704593, Sending command (1/1): vcx=0.000,wc=0.000
 [19 bytes written]
[INFO] [1791450606.951761197] [serial_twistctl_node]: [TWIST_RX] Received Twist message - linear.x=0.000, angular.z=0.000, scaled_angular.z=0.000
[INFO] [1791450606.951813575] [serial_twistctl_node]: [SERIAL_TX] Timestamp: 1791450606951802159, Sending command (1/1): vcx=0.000,wc=0.000
 [19 bytes written]
[INFO] [1791450607.001716002] [serial_twistctl_node]: [TWIST_RX] Received Twist message - linear.x=0.000, angular.z=0.000, scaled_angular.z=0.000
[INFO] [1791450607.001775335] [serial_twistctl_node]: [SERIAL_TX] Timestamp: 1791450607001763019, Sending command (1/1): vcx=0.000,wc=0.000
 [19 bytes written]
[INFO] [1791450607.051774658] [serial_twistctl_node]: [TWIST_RX] Received Twist message - linear.x=0.000, angular.z=0.000, scaled_angular.z=0.000
[INFO] [1791450607.051825604] [serial_twistctl_node]: [SERIAL_TX] Timestamp: 1791450607051814228, Sending command (1/1): vcx=0.000,wc=0.000
 [19 bytes written]
[INFO] [1791450607.101796427] [serial_twistctl_node]: [TWIST_RX] Received Twist message - linear.x=0.000, angular.z=0.000, scaled_angular.z=0.000
[INFO] [1791450607.101850786] [serial_twistctl_node]: [SERIAL_TX] Timestamp: 1791450607101838739, Sending command (1/1): vcx=0.000,wc=0.000
 [19 bytes written]
[INFO] [1791450607.151793767] [serial_twistctl_node]: [TWIST_RX] Received Twist message - linear.x=0.000, angular.z=0.000, scaled_angular.z=0.000
[INFO] [1791450607.151847119] [serial_twistctl_node]: [SERIAL_TX] Timestamp: 1791450607151834381, Sending command (1/1): vcx=0.000,wc=0.000
 [19 bytes written]
[INFO] [1791450607.201734736] [serial_twistctl_node]: [TWIST_RX] Received Twist message - linear.x=0.021, angular.z=0.000, scaled_angular.z=0.000
[INFO] [1791450607.201785831] [serial_twistctl_node]: [SERIAL_TX] Timestamp: 1791450607201773373, Sending command (1/1): vcx=0.021,wc=0.000
 [19 bytes written]
[INFO] [1791450607.251768168] [serial_twistctl_node]: [TWIST_RX] Received Twist message - linear.x=0.043, angular.z=0.000, scaled_angular.z=0.000
[INFO] [1791450607.251821758] [serial_twistctl_node]: [SERIAL_TX] Timestamp: 1791450607251811006, Sending command (1/1): vcx=0.043,wc=0.000
 [19 bytes written]
[INFO] [1791450607.301680021] [serial_twistctl_node]: [TWIST_RX] Received Twist message - linear.x=0.064, angular.z=0.000, scaled_angular.z=0.000
[INFO] [1791450607.301736025] [serial_twistctl_node]: [SERIAL_TX] Timestamp: 1791450607301723153, Sending command (1/1): vcx=0.064,wc=0.000
 [19 bytes written]
[INFO] [1791450607.351661231] [serial_twistctl_node]: [TWIST_RX] Received Twist message - linear.x=0.085, angular.z=0.000, scaled_angular.z=0.000
[INFO] [1791450607.351715307] [serial_twistctl_node]: [SERIAL_TX] Timestamp: 1791450607351703316, Sending command (1/1): vcx=0.085,wc=0.000
 [19 bytes written]
[INFO] [1791450607.401819715] [serial_twistctl_node]: [TWIST_RX] Received Twist message - linear.x=0.106, angular.z=0.000, scaled_angular.z=0.000
[INFO] [1791450607.401874520] [serial_twistctl_node]: [SERIAL_TX] Timestamp: 1791450607401861970, Sending command (1/1): vcx=0.106,wc=0.000
 [19 bytes written]
[INFO] [1791450607.451633610] [serial_twistctl_node]: [TWIST_RX] Received Twist message - linear.x=0.128, angular.z=0.000, scaled_angular.z=0.000
[INFO] [1791450607.451691567] [serial_twistctl_node]: [SERIAL_TX] Timestamp: 1791450607451678422, Sending command (1/1): vcx=0.128,wc=0.000
 [19 bytes written]
[INFO] [1791450607.501811609] [serial_twistctl_node]: [TWIST_RX] Received Twist message - linear.x=0.149, angular.z=0.000, scaled_angular.z=0.000
[INFO] [1791450607.501865169] [serial_twistctl_node]: [SERIAL_TX] Timestamp: 1791450607501853791, Sending command (1/1): vcx=0.149,wc=0.000
 [19 bytes written]
[INFO] [1791450607.551733392] [serial_twistctl_node]: [TWIST_RX] Received Twist message - linear.x=0.170, angular.z=0.000, scaled_angular.z=0.000
[INFO] [1791450607.551787530] [serial_twistctl_node]: [SERIAL_TX] Timestamp: 1791450607551775885, Sending command (1/1): vcx=0.170,wc=0.000
 [19 bytes written]
[INFO] [1791450607.601767661] [serial_twistctl_node]: [TWIST_RX] Received Twist message - linear.x=0.191, angular.z=0.000, scaled_angular.z=0.000
[INFO] [1791450607.601821101] [serial_twistctl_node]: [SERIAL_TX] Timestamp: 1791450607601809278, Sending command (1/1): vcx=0.191,wc=0.000
 [19 bytes written]
[INFO] [1791450607.651857603] [serial_twistctl_node]: [TWIST_RX] Received Twist message - linear.x=0.213, angular.z=0.000, scaled_angular.z=0.000
[INFO] [1791450607.651909469] [serial_twistctl_node]: [SERIAL_TX] Timestamp: 1791450607651899109, Sending command (1/1): vcx=0.213,wc=0.000
 [19 bytes written]
[INFO] [1791450607.701692612] [serial_twistctl_node]: [TWIST_RX] Received Twist message - linear.x=0.220, angular.z=0.000, scaled_angular.z=0.000
[INFO] [1791450607.701747514] [serial_twistctl_node]: [SERIAL_TX] Timestamp: 1791450607701735375, Sending command (1/1): vcx=0.220,wc=0.000
 [19 bytes written]
[INFO] [1791450607.751848187] [serial_twistctl_node]: [TWIST_RX] Received Twist message - linear.x=0.218, angular.z=0.000, scaled_angular.z=0.000
[INFO] [1791450607.751901932] [serial_twistctl_node]: [SERIAL_TX] Timestamp: 1791450607751890698, Sending command (1/1): vcx=0.218,wc=0.000
 [19 bytes written]
[INFO] [1791450607.801783674] [serial_twistctl_node]: [TWIST_RX] Received Twist message - linear.x=0.220, angular.z=0.000, scaled_angular.z=0.000
[INFO] [1791450607.801840071] [serial_twistctl_node]: [SERIAL_TX] Timestamp: 1791450607801827534, Sending command (1/1): vcx=0.220,wc=0.000
 [19 bytes written]
[INFO] [1791450607.851835495] [serial_twistctl_node]: [TWIST_RX] Received Twist message - linear.x=0.217, angular.z=0.000, scaled_angular.z=0.000
[INFO] [1791450607.851888267] [serial_twistctl_node]: [SERIAL_TX] Timestamp: 1791450607851877130, Sending command (1/1): vcx=0.217,wc=0.000
 [19 bytes written]
[INFO] [1791450607.901710232] [serial_twistctl_node]: [TWIST_RX] Received Twist message - linear.x=0.219, angular.z=0.000, scaled_angular.z=0.000
[INFO] [1791450607.901772283] [serial_twistctl_node]: [SERIAL_TX] Timestamp: 1791450607901759809, Sending command (1/1): vcx=0.219,wc=0.000
 [19 bytes written]
[INFO] [1791450607.951806973] [serial_twistctl_node]: [TWIST_RX] Received Twist message - linear.x=0.217, angular.z=0.000, scaled_angular.z=0.000
[INFO] [1791450607.951861554] [serial_twistctl_node]: [SERIAL_TX] Timestamp: 1791450607951850080, Sending command (1/1): vcx=0.217,wc=0.000
 [19 bytes written]
[INFO] [1791450608.001800842] [serial_twistctl_node]: [TWIST_RX] Received Twist message - linear.x=0.219, angular.z=0.000, scaled_angular.z=0.000
[INFO] [1791450608.001873174] [serial_twistctl_node]: [SERIAL_TX] Timestamp: 1791450608001861084, Sending command (1/1): vcx=0.219,wc=0.000
 [19 bytes written]
[INFO] [1791450608.051802357] [serial_twistctl_node]: [TWIST_RX] Received Twist message - linear.x=0.216, angular.z=0.000, scaled_angular.z=0.000
[INFO] [1791450608.051861580] [serial_twistctl_node]: [SERIAL_TX] Timestamp: 1791450608051849912, Sending command (1/1): vcx=0.216,wc=0.000
 [19 bytes written]
[INFO] [1791450608.101728850] [serial_twistctl_node]: [TWIST_RX] Received Twist message - linear.x=0.218, angular.z=0.000, scaled_angular.z=0.000
[INFO] [1791450608.101796751] [serial_twistctl_node]: [SERIAL_TX] Timestamp: 1791450608101784915, Sending command (1/1): vcx=0.218,wc=0.000
 [19 bytes written]
[INFO] [1791450608.151769100] [serial_twistctl_node]: [TWIST_RX] Received Twist message - linear.x=0.220, angular.z=0.000, scaled_angular.z=0.000
[INFO] [1791450608.151824739] [serial_twistctl_node]: [SERIAL_TX] Timestamp: 1791450608151812963, Sending command (1/1): vcx=0.220,wc=0.000
 [19 bytes written]
[INFO] [1791450608.201897122] [serial_twistctl_node]: [TWIST_RX] Received Twist message - linear.x=0.218, angular.z=0.000, scaled_angular.z=0.000
[INFO] [1791450608.201951238] [serial_twistctl_node]: [SERIAL_TX] Timestamp: 1791450608201939723, Sending command (1/1): vcx=0.218,wc=0.000
 [19 bytes written]
[INFO] [1791450608.251837525] [serial_twistctl_node]: [TWIST_RX] Received Twist message - linear.x=0.220, angular.z=0.000, scaled_angular.z=0.000
[INFO] [1791450608.251897559] [serial_twistctl_node]: [SERIAL_TX] Timestamp: 1791450608251884706, Sending command (1/1): vcx=0.220,wc=0.000
 [19 bytes written]
[INFO] [1791450608.301930960] [serial_twistctl_node]: [TWIST_RX] Received Twist message - linear.x=0.217, angular.z=0.000, scaled_angular.z=0.000
[INFO] [1791450608.301985063] [serial_twistctl_node]: [SERIAL_TX] Timestamp: 1791450608301973716, Sending command (1/1): vcx=0.217,wc=0.000
 [19 bytes written]
[INFO] [1791450608.351865794] [serial_twistctl_node]: [TWIST_RX] Received Twist message - linear.x=0.219, angular.z=0.000, scaled_angular.z=0.000
[INFO] [1791450608.351920549] [serial_twistctl_node]: [SERIAL_TX] Timestamp: 1791450608351908880, Sending command (1/1): vcx=0.219,wc=0.000
 [19 bytes written]
[INFO] [1791450608.402016546] [serial_twistctl_node]: [TWIST_RX] Received Twist message - linear.x=0.216, angular.z=0.000, scaled_angular.z=0.000
[INFO] [1791450608.402079976] [serial_twistctl_node]: [SERIAL_TX] Timestamp: 1791450608402067030, Sending command (1/1): vcx=0.216,wc=0.000
 [19 bytes written]
[INFO] [1791450608.451859306] [serial_twistctl_node]: [TWIST_RX] Received Twist message - linear.x=0.218, angular.z=0.000, scaled_angular.z=0.000
[INFO] [1791450608.451913276] [serial_twistctl_node]: [SERIAL_TX] Timestamp: 1791450608451900836, Sending command (1/1): vcx=0.218,wc=0.000
 [19 bytes written]
[INFO] [1791450608.501793252] [serial_twistctl_node]: [TWIST_RX] Received Twist message - linear.x=0.221, angular.z=0.000, scaled_angular.z=0.000
[INFO] [1791450608.501848420] [serial_twistctl_node]: [SERIAL_TX] Timestamp: 1791450608501835859, Sending command (1/1): vcx=0.221,wc=0.000
 [19 bytes written]
[INFO] [1791450608.551841941] [serial_twistctl_node]: [TWIST_RX] Received Twist message - linear.x=0.218, angular.z=0.000, scaled_angular.z=0.000
[INFO] [1791450608.551901427] [serial_twistctl_node]: [SERIAL_TX] Timestamp: 1791450608551884407, Sending command (1/1): vcx=0.218,wc=0.000
 [19 bytes written]
[INFO] [1791450608.601702026] [serial_twistctl_node]: [TWIST_RX] Received Twist message - linear.x=0.220, angular.z=0.000, scaled_angular.z=0.000
[INFO] [1791450608.601765059] [serial_twistctl_node]: [SERIAL_TX] Timestamp: 1791450608601747173, Sending command (1/1): vcx=0.220,wc=0.000
 [19 bytes written]
[INFO] [1791450608.651706645] [serial_twistctl_node]: [TWIST_RX] Received Twist message - linear.x=0.217, angular.z=0.000, scaled_angular.z=0.000
[INFO] [1791450608.651765390] [serial_twistctl_node]: [SERIAL_TX] Timestamp: 1791450608651752495, Sending command (1/1): vcx=0.217,wc=0.000
 [19 bytes written]
[INFO] [1791450608.701684347] [serial_twistctl_node]: [TWIST_RX] Received Twist message - linear.x=0.000, angular.z=0.000, scaled_angular.z=0.000
[INFO] [1791450608.701742280] [serial_twistctl_node]: [SERIAL_TX] Timestamp: 1791450608701729449, Sending command (1/1): vcx=0.000,wc=0.000
 [19 bytes written]
[INFO] [1791450608.751830263] [serial_twistctl_node]: [TWIST_RX] Received Twist message - linear.x=0.000, angular.z=0.000, scaled_angular.z=0.000
[INFO] [1791450608.751903757] [serial_twistctl_node]: [SERIAL_TX] Timestamp: 1791450608751892082, Sending command (1/1): vcx=0.000,wc=0.000
 [19 bytes written]
[INFO] [1791450608.801755852] [serial_twistctl_node]: [TWIST_RX] Received Twist message - linear.x=0.000, angular.z=0.000, scaled_angular.z=0.000
[INFO] [1791450608.801813164] [serial_twistctl_node]: [SERIAL_TX] Timestamp: 1791450608801800107, Sending command (1/1): vcx=0.000,wc=0.000
 [19 bytes written]
[INFO] [1791450608.851705687] [serial_twistctl_node]: [TWIST_RX] Received Twist message - linear.x=0.000, angular.z=0.000, scaled_angular.z=0.000
[INFO] [1791450608.851763073] [serial_twistctl_node]: [SERIAL_TX] Timestamp: 1791450608851750728, Sending command (1/1): vcx=0.000,wc=0.000
 [19 bytes written]
[INFO] [1791450608.901791203] [serial_twistctl_node]: [TWIST_RX] Received Twist message - linear.x=0.000, angular.z=0.000, scaled_angular.z=0.000
[INFO] [1791450608.901847213] [serial_twistctl_node]: [SERIAL_TX] Timestamp: 1791450608901835790, Sending command (1/1): vcx=0.000,wc=0.000
 [19 bytes written]
[INFO] [1791450608.951957707] [serial_twistctl_node]: [TWIST_RX] Received Twist message - linear.x=0.000, angular.z=0.000, scaled_angular.z=0.000
[INFO] [1791450608.952013927] [serial_twistctl_node]: [SERIAL_TX] Timestamp: 1791450608952001895, Sending command (1/1): vcx=0.000,wc=0.000
 [19 bytes written]
[INFO] [1791450609.001616812] [serial_twistctl_node]: [TWIST_RX] Received Twist message - linear.x=0.000, angular.z=0.000, scaled_angular.z=0.000
[INFO] [1791450609.001682593] [serial_twistctl_node]: [SERIAL_TX] Timestamp: 1791450609001670813, Sending command (1/1): vcx=0.000,wc=0.000
 [19 bytes written]
[INFO] [1791450609.051843005] [serial_twistctl_node]: [TWIST_RX] Received Twist message - linear.x=0.000, angular.z=0.000, scaled_angular.z=0.000
[INFO] [1791450609.051898527] [serial_twistctl_node]: [SERIAL_TX] Timestamp: 1791450609051886295, Sending command (1/1): vcx=0.000,wc=0.000
 [19 bytes written]
[INFO] [1791450609.101703279] [serial_twistctl_node]: [TWIST_RX] Received Twist message - linear.x=0.000, angular.z=0.000, scaled_angular.z=0.000
[INFO] [1791450609.101761811] [serial_twistctl_node]: [SERIAL_TX] Timestamp: 1791450609101748805, Sending command (1/1): vcx=0.000,wc=0.000
 [19 bytes written]
[INFO] [1791450609.151620169] [serial_twistctl_node]: [TWIST_RX] Received Twist message - linear.x=0.000, angular.z=0.000, scaled_angular.z=0.000
[INFO] [1791450609.151680529] [serial_twistctl_node]: [SERIAL_TX] Timestamp: 1791450609151668460, Sending command (1/1): vcx=0.000,wc=0.000
 [19 bytes written]
[INFO] [1791450609.201631486] [serial_twistctl_node]: [TWIST_RX] Received Twist message - linear.x=0.000, angular.z=0.000, scaled_angular.z=0.000
[INFO] [1791450609.201689157] [serial_twistctl_node]: [SERIAL_TX] Timestamp: 1791450609201676783, Sending command (1/1): vcx=0.000,wc=0.000
 [19 bytes written]
[INFO] [1791450609.251622056] [serial_twistctl_node]: [TWIST_RX] Received Twist message - linear.x=0.000, angular.z=0.000, scaled_angular.z=0.000
[INFO] [1791450609.251682706] [serial_twistctl_node]: [SERIAL_TX] Timestamp: 1791450609251670657, Sending command (1/1): vcx=0.000,wc=0.000
 [19 bytes written]
[INFO] [1791450609.301813388] [serial_twistctl_node]: [TWIST_RX] Received Twist message - linear.x=0.000, angular.z=0.000, scaled_angular.z=0.000
[INFO] [1791450609.301867314] [serial_twistctl_node]: [SERIAL_TX] Timestamp: 1791450609301856439, Sending command (1/1): vcx=0.000,wc=0.000
 [19 bytes written]
[INFO] [1791450609.351700395] [serial_twistctl_node]: [TWIST_RX] Received Twist message - linear.x=0.000, angular.z=0.000, scaled_angular.z=0.000
[INFO] [1791450609.351757966] [serial_twistctl_node]: [SERIAL_TX] Timestamp: 1791450609351745771, Sending command (1/1): vcx=0.000,wc=0.000
 [19 bytes written]
[INFO] [1791450609.401866740] [serial_twistctl_node]: [TWIST_RX] Received Twist message - linear.x=0.000, angular.z=0.000, scaled_angular.z=0.000
[INFO] [1791450609.401924118] [serial_twistctl_node]: [SERIAL_TX] Timestamp: 1791450609401912109, Sending command (1/1): vcx=0.000,wc=0.000
 [19 bytes written]
[INFO] [1791450609.451750190] [serial_twistctl_node]: [TWIST_RX] Received Twist message - linear.x=0.000, angular.z=0.000, scaled_angular.z=0.000
[INFO] [1791450609.451802345] [serial_twistctl_node]: [SERIAL_TX] Timestamp: 1791450609451792687, Sending command (1/1): vcx=0.000,wc=0.000
 [19 bytes written]
[INFO] [1791450609.501774305] [serial_twistctl_node]: [TWIST_RX] Received Twist message - linear.x=0.000, angular.z=0.000, scaled_angular.z=0.000
[INFO] [1791450609.501829944] [serial_twistctl_node]: [SERIAL_TX] Timestamp: 1791450609501817719, Sending command (1/1): vcx=0.000,wc=0.000
 [19 bytes written]
[INFO] [1791450609.551723716] [serial_twistctl_node]: [TWIST_RX] Received Twist message - linear.x=0.000, angular.z=0.000, scaled_angular.z=0.000
[INFO] [1791450609.551782327] [serial_twistctl_node]: [SERIAL_TX] Timestamp: 1791450609551768859, Sending command (1/1): vcx=0.000,wc=0.000
 [19 bytes written]
[INFO] [1791450609.601653441] [serial_twistctl_node]: [TWIST_RX] Received Twist message - linear.x=0.000, angular.z=0.000, scaled_angular.z=0.000
[INFO] [1791450609.601714196] [serial_twistctl_node]: [SERIAL_TX] Timestamp: 1791450609601701779, Sending command (1/1): vcx=0.000,wc=0.000
 [19 bytes written]
[INFO] [1791450609.651803104] [serial_twistctl_node]: [TWIST_RX] Received Twist message - linear.x=0.000, angular.z=0.000, scaled_angular.z=0.000
[INFO] [1791450609.651857400] [serial_twistctl_node]: [SERIAL_TX] Timestamp: 1791450609651845376, Sending command (1/1): vcx=0.000,wc=0.000
 [19 bytes written]
[INFO] [1791450609.701716670] [serial_twistctl_node]: [TWIST_RX] Received Twist message - linear.x=0.000, angular.z=0.000, scaled_angular.z=0.000
[INFO] [1791450609.701771782] [serial_twistctl_node]: [SERIAL_TX] Timestamp: 1791450609701759772, Sending command (1/1): vcx=0.000,wc=0.000
 [19 bytes written]
[INFO] [1791450609.751753236] [serial_twistctl_node]: [TWIST_RX] Received Twist message - linear.x=0.000, angular.z=0.000, scaled_angular.z=0.000
[INFO] [1791450609.751807749] [serial_twistctl_node]: [SERIAL_TX] Timestamp: 1791450609751795116, Sending command (1/1): vcx=0.000,wc=0.000
 [19 bytes written]
[INFO] [1791450609.801687558] [serial_twistctl_node]: [TWIST_RX] Received Twist message - linear.x=0.000, angular.z=0.000, scaled_angular.z=0.000
[INFO] [1791450609.801745253] [serial_twistctl_node]: [SERIAL_TX] Timestamp: 1791450609801732790, Sending command (1/1): vcx=0.000,wc=0.000
 [19 bytes written]
[INFO] [1791450609.851864419] [serial_twistctl_node]: [TWIST_RX] Received Twist message - linear.x=0.000, angular.z=0.000, scaled_angular.z=0.000
[INFO] [1791450609.851924288] [serial_twistctl_node]: [SERIAL_TX] Timestamp: 1791450609851911734, Sending command (1/1): vcx=0.000,wc=0.000
 [19 bytes written]
[INFO] [1791450609.901626004] [serial_twistctl_node]: [TWIST_RX] Received Twist message - linear.x=0.000, angular.z=0.000, scaled_angular.z=0.000
[INFO] [1791450609.901679108] [serial_twistctl_node]: [SERIAL_TX] Timestamp: 1791450609901667847, Sending command (1/1): vcx=0.000,wc=0.000
 [19 bytes written]
[INFO] [1791450609.951700333] [serial_twistctl_node]: [TWIST_RX] Received Twist message - linear.x=0.000, angular.z=0.000, scaled_angular.z=0.000
[INFO] [1791450609.951759465] [serial_twistctl_node]: [SERIAL_TX] Timestamp: 1791450609951746658, Sending command (1/1): vcx=0.000,wc=0.000
 [19 bytes written]
[INFO] [1791450610.001786263] [serial_twistctl_node]: [TWIST_RX] Received Twist message - linear.x=0.000, angular.z=0.000, scaled_angular.z=0.000
[INFO] [1791450610.001856391] [serial_twistctl_node]: [SERIAL_TX] Timestamp: 1791450610001839589, Sending command (1/1): vcx=0.000,wc=0.000
 [19 bytes written]
[INFO] [1791450610.051826454] [serial_twistctl_node]: [TWIST_RX] Received Twist message - linear.x=0.000, angular.z=0.000, scaled_angular.z=0.000
[INFO] [1791450610.051884072] [serial_twistctl_node]: [SERIAL_TX] Timestamp: 1791450610051872306, Sending command (1/1): vcx=0.000,wc=0.000
 [19 bytes written]
[INFO] [1791450610.101648701] [serial_twistctl_node]: [TWIST_RX] Received Twist message - linear.x=0.000, angular.z=0.000, scaled_angular.z=0.000
[INFO] [1791450610.101721689] [serial_twistctl_node]: [SERIAL_TX] Timestamp: 1791450610101708816, Sending command (1/1): vcx=0.000,wc=0.000
 [19 bytes written]
[INFO] [1791450610.151838871] [serial_twistctl_node]: [TWIST_RX] Received Twist message - linear.x=0.000, angular.z=0.000, scaled_angular.z=0.000
[INFO] [1791450610.151895556] [serial_twistctl_node]: [SERIAL_TX] Timestamp: 1791450610151884322, Sending command (1/1): vcx=0.000,wc=0.000
 [19 bytes written]
[INFO] [1791450610.201847566] [serial_twistctl_node]: [TWIST_RX] Received Twist message - linear.x=0.000, angular.z=0.000, scaled_angular.z=0.000
[INFO] [1791450610.201905220] [serial_twistctl_node]: [SERIAL_TX] Timestamp: 1791450610201892895, Sending command (1/1): vcx=0.000,wc=0.000
 [19 bytes written]
[INFO] [1791450610.251847721] [serial_twistctl_node]: [TWIST_RX] Received Twist message - linear.x=0.000, angular.z=0.000, scaled_angular.z=0.000
[INFO] [1791450610.251905267] [serial_twistctl_node]: [SERIAL_TX] Timestamp: 1791450610251892829, Sending command (1/1): vcx=0.000,wc=0.000
 [19 bytes written]
[INFO] [1791450610.301777475] [serial_twistctl_node]: [TWIST_RX] Received Twist message - linear.x=0.000, angular.z=0.000, scaled_angular.z=0.000
[INFO] [1791450610.301836436] [serial_twistctl_node]: [SERIAL_TX] Timestamp: 1791450610301824468, Sending command (1/1): vcx=0.000,wc=0.000
 [19 bytes written]
[INFO] [1791450610.351734945] [serial_twistctl_node]: [TWIST_RX] Received Twist message - linear.x=0.000, angular.z=0.000, scaled_angular.z=0.000
[INFO] [1791450610.351792258] [serial_twistctl_node]: [SERIAL_TX] Timestamp: 1791450610351780342, Sending command (1/1): vcx=0.000,wc=0.000
 [19 bytes written]
[INFO] [1791450610.401833853] [serial_twistctl_node]: [TWIST_RX] Received Twist message - linear.x=0.000, angular.z=0.000, scaled_angular.z=0.000
[INFO] [1791450610.401889483] [serial_twistctl_node]: [SERIAL_TX] Timestamp: 1791450610401878269, Sending command (1/1): vcx=0.000,wc=0.000
 [19 bytes written]
[INFO] [1791450610.451728880] [serial_twistctl_node]: [TWIST_RX] Received Twist message - linear.x=0.000, angular.z=0.000, scaled_angular.z=0.000
[INFO] [1791450610.451783197] [serial_twistctl_node]: [SERIAL_TX] Timestamp: 1791450610451771808, Sending command (1/1): vcx=0.000,wc=0.000
 [19 bytes written]
[INFO] [1791450610.501781973] [serial_twistctl_node]: [TWIST_RX] Received Twist message - linear.x=0.000, angular.z=0.000, scaled_angular.z=0.000
[INFO] [1791450610.501842666] [serial_twistctl_node]: [SERIAL_TX] Timestamp: 1791450610501826746, Sending command (1/1): vcx=0.000,wc=0.000
 [19 bytes written]
[INFO] [1791450610.551698072] [serial_twistctl_node]: [TWIST_RX] Received Twist message - linear.x=0.000, angular.z=0.000, scaled_angular.z=0.000
[INFO] [1791450610.551762700] [serial_twistctl_node]: [SERIAL_TX] Timestamp: 1791450610551751098, Sending command (1/1): vcx=0.000,wc=0.000
 [19 bytes written]
[INFO] [1791450610.601810806] [serial_twistctl_node]: [TWIST_RX] Received Twist message - linear.x=0.000, angular.z=0.000, scaled_angular.z=0.000
[INFO] [1791450610.601862981] [serial_twistctl_node]: [SERIAL_TX] Timestamp: 1791450610601851331, Sending command (1/1): vcx=0.000,wc=0.000
 [19 bytes written]
[INFO] [1791450610.651674996] [serial_twistctl_node]: [TWIST_RX] Received Twist message - linear.x=0.000, angular.z=0.000, scaled_angular.z=0.000
[INFO] [1791450610.651732203] [serial_twistctl_node]: [SERIAL_TX] Timestamp: 1791450610651719446, Sending command (1/1): vcx=0.000,wc=0.000
 [19 bytes written]
[INFO] [1791450610.701719558] [serial_twistctl_node]: [TWIST_RX] Received Twist message - linear.x=0.000, angular.z=0.000, scaled_angular.z=0.000
[INFO] [1791450610.701775914] [serial_twistctl_node]: [SERIAL_TX] Timestamp: 1791450610701763561, Sending command (1/1): vcx=0.000,wc=0.000
 [19 bytes written]
[INFO] [1791450610.751850728] [serial_twistctl_node]: [TWIST_RX] Received Twist message - linear.x=0.000, angular.z=0.000, scaled_angular.z=0.000
[INFO] [1791450610.751907094] [serial_twistctl_node]: [SERIAL_TX] Timestamp: 1791450610751895062, Sending command (1/1): vcx=0.000,wc=0.000
 [19 bytes written]
[INFO] [1791450610.801757147] [serial_twistctl_node]: [TWIST_RX] Received Twist message - linear.x=0.000, angular.z=0.000, scaled_angular.z=0.000
[INFO] [1791450610.801803537] [serial_twistctl_node]: [SERIAL_TX] Timestamp: 1791450610801793634, Sending command (1/1): vcx=0.000,wc=0.000
 [19 bytes written]
[INFO] [1791450610.851763649] [serial_twistctl_node]: [TWIST_RX] Received Twist message - linear.x=0.000, angular.z=0.000, scaled_angular.z=0.000
[INFO] [1791450610.851799229] [serial_twistctl_node]: [SERIAL_TX] Timestamp: 1791450610851791605, Sending command (1/1): vcx=0.000,wc=0.000
 [19 bytes written]
[INFO] [1791450610.901882136] [serial_twistctl_node]: [TWIST_RX] Received Twist message - linear.x=0.000, angular.z=0.000, scaled_angular.z=0.000
[INFO] [1791450610.901919966] [serial_twistctl_node]: [SERIAL_TX] Timestamp: 1791450610901911380, Sending command (1/1): vcx=0.000,wc=0.000
 [19 bytes written]
[INFO] [1791450610.951773452] [serial_twistctl_node]: [TWIST_RX] Received Twist message - linear.x=0.000, angular.z=0.000, scaled_angular.z=0.000
[INFO] [1791450610.951809439] [serial_twistctl_node]: [SERIAL_TX] Timestamp: 1791450610951802393, Sending command (1/1): vcx=0.000,wc=0.000
 [19 bytes written]
[INFO] [1791450611.001609182] [serial_twistctl_node]: [TWIST_RX] Received Twist message - linear.x=0.000, angular.z=0.000, scaled_angular.z=0.000
[INFO] [1791450611.001651770] [serial_twistctl_node]: [SERIAL_TX] Timestamp: 1791450611001643836, Sending command (1/1): vcx=0.000,wc=0.000
 [19 bytes written]
[INFO] [1791450611.051795453] [serial_twistctl_node]: [TWIST_RX] Received Twist message - linear.x=0.000, angular.z=0.000, scaled_angular.z=0.000
[INFO] [1791450611.051832389] [serial_twistctl_node]: [SERIAL_TX] Timestamp: 1791450611051824711, Sending command (1/1): vcx=0.000,wc=0.000
 [19 bytes written]
[INFO] [1791450611.101820967] [serial_twistctl_node]: [TWIST_RX] Received Twist message - linear.x=0.000, angular.z=0.000, scaled_angular.z=0.000
[INFO] [1791450611.101859730] [serial_twistctl_node]: [SERIAL_TX] Timestamp: 1791450611101851308, Sending command (1/1): vcx=0.000,wc=0.000
 [19 bytes written]
[INFO] [1791450611.151759504] [serial_twistctl_node]: [TWIST_RX] Received Twist message - linear.x=0.000, angular.z=0.000, scaled_angular.z=0.000
[INFO] [1791450611.151795217] [serial_twistctl_node]: [SERIAL_TX] Timestamp: 1791450611151787900, Sending command (1/1): vcx=0.000,wc=0.000
 [19 bytes written]
[INFO] [1791450611.201702917] [serial_twistctl_node]: [TWIST_RX] Received Twist message - linear.x=0.000, angular.z=0.000, scaled_angular.z=0.000
[INFO] [1791450611.201738529] [serial_twistctl_node]: [SERIAL_TX] Timestamp: 1791450611201731090, Sending command (1/1): vcx=0.000,wc=0.000
 [19 bytes written]
[INFO] [1791450611.251845176] [serial_twistctl_node]: [TWIST_RX] Received Twist message - linear.x=0.000, angular.z=0.000, scaled_angular.z=0.000
[INFO] [1791450611.251904942] [serial_twistctl_node]: [SERIAL_TX] Timestamp: 1791450611251892685, Sending command (1/1): vcx=0.000,wc=0.000
 [19 bytes written]
[INFO] [1791450611.301736117] [serial_twistctl_node]: [TWIST_RX] Received Twist message - linear.x=0.000, angular.z=0.000, scaled_angular.z=0.000
[INFO] [1791450611.301793861] [serial_twistctl_node]: [SERIAL_TX] Timestamp: 1791450611301781727, Sending command (1/1): vcx=0.000,wc=0.000
 [19 bytes written]
[INFO] [1791450611.351941125] [serial_twistctl_node]: [TWIST_RX] Received Twist message - linear.x=0.000, angular.z=0.000, scaled_angular.z=0.000
[INFO] [1791450611.351994695] [serial_twistctl_node]: [SERIAL_TX] Timestamp: 1791450611351983845, Sending command (1/1): vcx=0.000,wc=0.000
 [19 bytes written]
[INFO] [1791450611.401790391] [serial_twistctl_node]: [TWIST_RX] Received Twist message - linear.x=0.000, angular.z=0.000, scaled_angular.z=0.000
[INFO] [1791450611.401851325] [serial_twistctl_node]: [SERIAL_TX] Timestamp: 1791450611401838583, Sending command (1/1): vcx=0.000,wc=0.000
 [19 bytes written]
[INFO] [1791450611.451715807] [serial_twistctl_node]: [TWIST_RX] Received Twist message - linear.x=0.000, angular.z=0.000, scaled_angular.z=0.000
[INFO] [1791450611.451785389] [serial_twistctl_node]: [SERIAL_TX] Timestamp: 1791450611451773731, Sending command (1/1): vcx=0.000,wc=0.000
 [19 bytes written]
[INFO] [1791450611.501726776] [serial_twistctl_node]: [TWIST_RX] Received Twist message - linear.x=0.021, angular.z=0.000, scaled_angular.z=0.000
[INFO] [1791450611.501782911] [serial_twistctl_node]: [SERIAL_TX] Timestamp: 1791450611501770458, Sending command (1/1): vcx=0.021,wc=0.000
 [19 bytes written]
[INFO] [1791450611.551809604] [serial_twistctl_node]: [TWIST_RX] Received Twist message - linear.x=0.042, angular.z=0.000, scaled_angular.z=0.000
[INFO] [1791450611.551870316] [serial_twistctl_node]: [SERIAL_TX] Timestamp: 1791450611551854374, Sending command (1/1): vcx=0.042,wc=0.000
 [19 bytes written]
[INFO] [1791450611.601698652] [serial_twistctl_node]: [TWIST_RX] Received Twist message - linear.x=0.064, angular.z=0.000, scaled_angular.z=0.000
[INFO] [1791450611.601768043] [serial_twistctl_node]: [SERIAL_TX] Timestamp: 1791450611601754458, Sending command (1/1): vcx=0.064,wc=0.000
 [19 bytes written]
[INFO] [1791450611.651700134] [serial_twistctl_node]: [TWIST_RX] Received Twist message - linear.x=0.085, angular.z=0.000, scaled_angular.z=0.000
[INFO] [1791450611.651758961] [serial_twistctl_node]: [SERIAL_TX] Timestamp: 1791450611651745950, Sending command (1/1): vcx=0.085,wc=0.000
 [19 bytes written]
[INFO] [1791450611.701612815] [serial_twistctl_node]: [TWIST_RX] Received Twist message - linear.x=0.106, angular.z=0.000, scaled_angular.z=0.000
[INFO] [1791450611.701684150] [serial_twistctl_node]: [SERIAL_TX] Timestamp: 1791450611701659008, Sending command (1/1): vcx=0.106,wc=0.000
 [19 bytes written]
[INFO] [1791450611.751792152] [serial_twistctl_node]: [TWIST_RX] Received Twist message - linear.x=0.127, angular.z=0.000, scaled_angular.z=0.000
[INFO] [1791450611.751844029] [serial_twistctl_node]: [SERIAL_TX] Timestamp: 1791450611751833152, Sending command (1/1): vcx=0.127,wc=0.000
 [19 bytes written]
[INFO] [1791450611.801839083] [serial_twistctl_node]: [TWIST_RX] Received Twist message - linear.x=0.149, angular.z=0.000, scaled_angular.z=0.000
[INFO] [1791450611.801894519] [serial_twistctl_node]: [SERIAL_TX] Timestamp: 1791450611801882378, Sending command (1/1): vcx=0.149,wc=0.000
 [19 bytes written]
[INFO] [1791450611.851598893] [serial_twistctl_node]: [TWIST_RX] Received Twist message - linear.x=0.170, angular.z=0.000, scaled_angular.z=0.000
[INFO] [1791450611.851656780] [serial_twistctl_node]: [SERIAL_TX] Timestamp: 1791450611851645631, Sending command (1/1): vcx=0.170,wc=0.000
 [19 bytes written]
[INFO] [1791450611.901651867] [serial_twistctl_node]: [TWIST_RX] Received Twist message - linear.x=0.191, angular.z=0.000, scaled_angular.z=0.000
[INFO] [1791450611.901708961] [serial_twistctl_node]: [SERIAL_TX] Timestamp: 1791450611901695371, Sending command (1/1): vcx=0.191,wc=0.000
 [19 bytes written]
[INFO] [1791450611.951629300] [serial_twistctl_node]: [TWIST_RX] Received Twist message - linear.x=0.213, angular.z=0.000, scaled_angular.z=0.000
[INFO] [1791450611.951688296] [serial_twistctl_node]: [SERIAL_TX] Timestamp: 1791450611951675854, Sending command (1/1): vcx=0.213,wc=0.000
 [19 bytes written]
[INFO] [1791450612.001744564] [serial_twistctl_node]: [TWIST_RX] Received Twist message - linear.x=0.218, angular.z=0.000, scaled_angular.z=0.000
[INFO] [1791450612.001806586] [serial_twistctl_node]: [SERIAL_TX] Timestamp: 1791450612001793056, Sending command (1/1): vcx=0.218,wc=0.000
 [19 bytes written]
[INFO] [1791450612.051660284] [serial_twistctl_node]: [TWIST_RX] Received Twist message - linear.x=0.220, angular.z=0.000, scaled_angular.z=0.000
[INFO] [1791450612.051720857] [serial_twistctl_node]: [SERIAL_TX] Timestamp: 1791450612051709651, Sending command (1/1): vcx=0.220,wc=0.000
 [19 bytes written]
[INFO] [1791450612.101747151] [serial_twistctl_node]: [TWIST_RX] Received Twist message - linear.x=0.217, angular.z=0.000, scaled_angular.z=0.000
[INFO] [1791450612.101812547] [serial_twistctl_node]: [SERIAL_TX] Timestamp: 1791450612101800604, Sending command (1/1): vcx=0.217,wc=0.000
 [19 bytes written]
[INFO] [1791450612.151661548] [serial_twistctl_node]: [TWIST_RX] Received Twist message - linear.x=0.219, angular.z=0.000, scaled_angular.z=0.000
[INFO] [1791450612.151717111] [serial_twistctl_node]: [SERIAL_TX] Timestamp: 1791450612151704818, Sending command (1/1): vcx=0.219,wc=0.000
 [19 bytes written]
[INFO] [1791450612.201751890] [serial_twistctl_node]: [TWIST_RX] Received Twist message - linear.x=0.217, angular.z=0.000, scaled_angular.z=0.000
[INFO] [1791450612.201805419] [serial_twistctl_node]: [SERIAL_TX] Timestamp: 1791450612201793622, Sending command (1/1): vcx=0.217,wc=0.000
 [19 bytes written]
[INFO] [1791450612.251755860] [serial_twistctl_node]: [TWIST_RX] Received Twist message - linear.x=0.219, angular.z=0.000, scaled_angular.z=0.000
[INFO] [1791450612.251813414] [serial_twistctl_node]: [SERIAL_TX] Timestamp: 1791450612251800733, Sending command (1/1): vcx=0.219,wc=0.000
 [19 bytes written]
[INFO] [1791450612.301751077] [serial_twistctl_node]: [TWIST_RX] Received Twist message - linear.x=0.221, angular.z=0.000, scaled_angular.z=0.000
[INFO] [1791450612.301803445] [serial_twistctl_node]: [SERIAL_TX] Timestamp: 1791450612301792375, Sending command (1/1): vcx=0.221,wc=0.000
 [19 bytes written]
[INFO] [1791450612.351730863] [serial_twistctl_node]: [TWIST_RX] Received Twist message - linear.x=0.218, angular.z=0.000, scaled_angular.z=0.000
[INFO] [1791450612.351790440] [serial_twistctl_node]: [SERIAL_TX] Timestamp: 1791450612351778158, Sending command (1/1): vcx=0.218,wc=0.000
 [19 bytes written]
[INFO] [1791450612.401703489] [serial_twistctl_node]: [TWIST_RX] Received Twist message - linear.x=0.220, angular.z=0.000, scaled_angular.z=0.000
[INFO] [1791450612.401758174] [serial_twistctl_node]: [SERIAL_TX] Timestamp: 1791450612401746770, Sending command (1/1): vcx=0.220,wc=0.000
 [19 bytes written]
[INFO] [1791450612.451997422] [serial_twistctl_node]: [TWIST_RX] Received Twist message - linear.x=0.218, angular.z=0.000, scaled_angular.z=0.000
[INFO] [1791450612.452052998] [serial_twistctl_node]: [SERIAL_TX] Timestamp: 1791450612452039806, Sending command (1/1): vcx=0.218,wc=0.000
 [19 bytes written]
[INFO] [1791450612.501710760] [serial_twistctl_node]: [TWIST_RX] Received Twist message - linear.x=0.220, angular.z=0.000, scaled_angular.z=0.000
[INFO] [1791450612.501755774] [serial_twistctl_node]: [SERIAL_TX] Timestamp: 1791450612501745788, Sending command (1/1): vcx=0.220,wc=0.000
 [19 bytes written]
[INFO] [1791450612.551805729] [serial_twistctl_node]: [TWIST_RX] Received Twist message - linear.x=0.218, angular.z=0.000, scaled_angular.z=0.000
[INFO] [1791450612.551842283] [serial_twistctl_node]: [SERIAL_TX] Timestamp: 1791450612551833472, Sending command (1/1): vcx=0.218,wc=0.000
 [19 bytes written]
[INFO] [1791450612.601774300] [serial_twistctl_node]: [TWIST_RX] Received Twist message - linear.x=0.220, angular.z=0.000, scaled_angular.z=0.000
[INFO] [1791450612.601812242] [serial_twistctl_node]: [SERIAL_TX] Timestamp: 1791450612601803949, Sending command (1/1): vcx=0.220,wc=0.000
 [19 bytes written]
[INFO] [1791450612.651826134] [serial_twistctl_node]: [TWIST_RX] Received Twist message - linear.x=0.217, angular.z=0.000, scaled_angular.z=0.000
[INFO] [1791450612.651864283] [serial_twistctl_node]: [SERIAL_TX] Timestamp: 1791450612651855299, Sending command (1/1): vcx=0.217,wc=0.000
 [19 bytes written]
[INFO] [1791450612.701848814] [serial_twistctl_node]: [TWIST_RX] Received Twist message - linear.x=0.219, angular.z=0.000, scaled_angular.z=0.000
[INFO] [1791450612.701886402] [serial_twistctl_node]: [SERIAL_TX] Timestamp: 1791450612701878121, Sending command (1/1): vcx=0.219,wc=0.000
 [19 bytes written]
[INFO] [1791450612.751858979] [serial_twistctl_node]: [TWIST_RX] Received Twist message - linear.x=0.222, angular.z=0.000, scaled_angular.z=0.000
[INFO] [1791450612.751894761] [serial_twistctl_node]: [SERIAL_TX] Timestamp: 1791450612751886560, Sending command (1/1): vcx=0.222,wc=0.000
 [19 bytes written]
[INFO] [1791450612.801693321] [serial_twistctl_node]: [TWIST_RX] Received Twist message - linear.x=0.218, angular.z=0.000, scaled_angular.z=0.000
[INFO] [1791450612.801738487] [serial_twistctl_node]: [SERIAL_TX] Timestamp: 1791450612801729061, Sending command (1/1): vcx=0.218,wc=0.000
 [19 bytes written]
[INFO] [1791450612.851703384] [serial_twistctl_node]: [TWIST_RX] Received Twist message - linear.x=0.220, angular.z=0.000, scaled_angular.z=0.000
[INFO] [1791450612.851737038] [serial_twistctl_node]: [SERIAL_TX] Timestamp: 1791450612851729519, Sending command (1/1): vcx=0.220,wc=0.000
 [19 bytes written]
[INFO] [1791450612.901748553] [serial_twistctl_node]: [TWIST_RX] Received Twist message - linear.x=0.218, angular.z=0.000, scaled_angular.z=0.000
[INFO] [1791450612.901789033] [serial_twistctl_node]: [SERIAL_TX] Timestamp: 1791450612901780195, Sending command (1/1): vcx=0.218,wc=0.000
 [19 bytes written]
[INFO] [1791450612.951718231] [serial_twistctl_node]: [TWIST_RX] Received Twist message - linear.x=0.220, angular.z=0.000, scaled_angular.z=0.000
[INFO] [1791450612.951751895] [serial_twistctl_node]: [SERIAL_TX] Timestamp: 1791450612951743777, Sending command (1/1): vcx=0.220,wc=0.000
 [19 bytes written]
[INFO] [1791450613.001778752] [serial_twistctl_node]: [TWIST_RX] Received Twist message - linear.x=0.217, angular.z=0.000, scaled_angular.z=0.000
[INFO] [1791450613.001833703] [serial_twistctl_node]: [SERIAL_TX] Timestamp: 1791450613001821417, Sending command (1/1): vcx=0.217,wc=0.000
 [19 bytes written]
[INFO] [1791450613.051644056] [serial_twistctl_node]: [TWIST_RX] Received Twist message - linear.x=0.000, angular.z=0.000, scaled_angular.z=0.000
[INFO] [1791450613.051703012] [serial_twistctl_node]: [SERIAL_TX] Timestamp: 1791450613051690860, Sending command (1/1): vcx=0.000,wc=0.000
 [19 bytes written]
[INFO] [1791450613.101713295] [serial_twistctl_node]: [TWIST_RX] Received Twist message - linear.x=0.000, angular.z=0.000, scaled_angular.z=0.000
[INFO] [1791450613.101766800] [serial_twistctl_node]: [SERIAL_TX] Timestamp: 1791450613101755546, Sending command (1/1): vcx=0.000,wc=0.000
 [19 bytes written]
[INFO] [1791450613.151769809] [serial_twistctl_node]: [TWIST_RX] Received Twist message - linear.x=0.000, angular.z=0.000, scaled_angular.z=0.000
[INFO] [1791450613.151822065] [serial_twistctl_node]: [SERIAL_TX] Timestamp: 1791450613151810564, Sending command (1/1): vcx=0.000,wc=0.000
 [19 bytes written]
[INFO] [1791450613.201761257] [serial_twistctl_node]: [TWIST_RX] Received Twist message - linear.x=0.000, angular.z=0.000, scaled_angular.z=0.000
[INFO] [1791450613.201798283] [serial_twistctl_node]: [SERIAL_TX] Timestamp: 1791450613201789212, Sending command (1/1): vcx=0.000,wc=0.000
 [19 bytes written]
[INFO] [1791450613.251686971] [serial_twistctl_node]: [TWIST_RX] Received Twist message - linear.x=0.000, angular.z=0.000, scaled_angular.z=0.000
[INFO] [1791450613.251740248] [serial_twistctl_node]: [SERIAL_TX] Timestamp: 1791450613251728030, Sending command (1/1): vcx=0.000,wc=0.000
 [19 bytes written]
[INFO] [1791450613.301790150] [serial_twistctl_node]: [TWIST_RX] Received Twist message - linear.x=0.000, angular.z=0.000, scaled_angular.z=0.000
[INFO] [1791450613.301847815] [serial_twistctl_node]: [SERIAL_TX] Timestamp: 1791450613301835172, Sending command (1/1): vcx=0.000,wc=0.000
 [19 bytes written]
[INFO] [1791450613.351785971] [serial_twistctl_node]: [TWIST_RX] Received Twist message - linear.x=0.000, angular.z=0.000, scaled_angular.z=0.000
[INFO] [1791450613.351843803] [serial_twistctl_node]: [SERIAL_TX] Timestamp: 1791450613351831255, Sending command (1/1): vcx=0.000,wc=0.000
 [19 bytes written]
[INFO] [1791450613.401704428] [serial_twistctl_node]: [TWIST_RX] Received Twist message - linear.x=0.000, angular.z=0.000, scaled_angular.z=0.000
[INFO] [1791450613.401762880] [serial_twistctl_node]: [SERIAL_TX] Timestamp: 1791450613401747240, Sending command (1/1): vcx=0.000,wc=0.000
 [19 bytes written]
[INFO] [1791450613.451735359] [serial_twistctl_node]: [TWIST_RX] Received Twist message - linear.x=0.000, angular.z=0.000, scaled_angular.z=0.000
[INFO] [1791450613.451807931] [serial_twistctl_node]: [SERIAL_TX] Timestamp: 1791450613451795925, Sending command (1/1): vcx=0.000,wc=0.000
 [19 bytes written]
[INFO] [1791450613.501727166] [serial_twistctl_node]: [TWIST_RX] Received Twist message - linear.x=0.000, angular.z=0.000, scaled_angular.z=0.000
[INFO] [1791450613.501785047] [serial_twistctl_node]: [SERIAL_TX] Timestamp: 1791450613501772529, Sending command (1/1): vcx=0.000,wc=0.000
 [19 bytes written]
[INFO] [1791450613.551781438] [serial_twistctl_node]: [TWIST_RX] Received Twist message - linear.x=0.000, angular.z=0.000, scaled_angular.z=0.000
[INFO] [1791450613.551834991] [serial_twistctl_node]: [SERIAL_TX] Timestamp: 1791450613551822383, Sending command (1/1): vcx=0.000,wc=0.000
 [19 bytes written]
[INFO] [1791450613.601843468] [serial_twistctl_node]: [TWIST_RX] Received Twist message - linear.x=0.000, angular.z=0.000, scaled_angular.z=0.000
[INFO] [1791450613.601900940] [serial_twistctl_node]: [SERIAL_TX] Timestamp: 1791450613601887494, Sending command (1/1): vcx=0.000,wc=0.000
 [19 bytes written]
[INFO] [1791450613.651768804] [serial_twistctl_node]: [TWIST_RX] Received Twist message - linear.x=0.000, angular.z=0.000, scaled_angular.z=0.000
[INFO] [1791450613.651827074] [serial_twistctl_node]: [SERIAL_TX] Timestamp: 1791450613651813243, Sending command (1/1): vcx=0.000,wc=0.000
 [19 bytes written]
[INFO] [1791450613.701949346] [serial_twistctl_node]: [TWIST_RX] Received Twist message - linear.x=0.000, angular.z=0.000, scaled_angular.z=0.000
[INFO] [1791450613.702006950] [serial_twistctl_node]: [SERIAL_TX] Timestamp: 1791450613701994233, Sending command (1/1): vcx=0.000,wc=0.000
 [19 bytes written]
[INFO] [1791450613.751829579] [serial_twistctl_node]: [TWIST_RX] Received Twist message - linear.x=0.000, angular.z=0.000, scaled_angular.z=0.000
[INFO] [1791450613.751884764] [serial_twistctl_node]: [SERIAL_TX] Timestamp: 1791450613751872128, Sending command (1/1): vcx=0.000,wc=0.000
 [19 bytes written]
[INFO] [1791450613.802031462] [serial_twistctl_node]: [TWIST_RX] Received Twist message - linear.x=0.000, angular.z=0.000, scaled_angular.z=0.000
[INFO] [1791450613.802097255] [serial_twistctl_node]: [SERIAL_TX] Timestamp: 1791450613802085006, Sending command (1/1): vcx=0.000,wc=0.000
 [19 bytes written]
[INFO] [1791450613.851678318] [serial_twistctl_node]: [TWIST_RX] Received Twist message - linear.x=0.000, angular.z=0.000, scaled_angular.z=0.000
[INFO] [1791450613.851737563] [serial_twistctl_node]: [SERIAL_TX] Timestamp: 1791450613851725612, Sending command (1/1): vcx=0.000,wc=0.000
 [19 bytes written]
[INFO] [1791450613.901874452] [serial_twistctl_node]: [TWIST_RX] Received Twist message - linear.x=0.000, angular.z=0.000, scaled_angular.z=0.000
[INFO] [1791450613.901907110] [serial_twistctl_node]: [SERIAL_TX] Timestamp: 1791450613901899891, Sending command (1/1): vcx=0.000,wc=0.000
 [19 bytes written]
[INFO] [1791450613.951525235] [serial_twistctl_node]: [TWIST_RX] Received Twist message - linear.x=0.000, angular.z=0.000, scaled_angular.z=0.000
[INFO] [1791450613.951580615] [serial_twistctl_node]: [SERIAL_TX] Timestamp: 1791450613951567698, Sending command (1/1): vcx=0.000,wc=0.000
 [19 bytes written]
[INFO] [1791450614.001866269] [serial_twistctl_node]: [TWIST_RX] Received Twist message - linear.x=0.000, angular.z=0.000, scaled_angular.z=0.000
[INFO] [1791450614.001926387] [serial_twistctl_node]: [SERIAL_TX] Timestamp: 1791450614001914616, Sending command (1/1): vcx=0.000,wc=0.000
 [19 bytes written]
[INFO] [1791450614.051872041] [serial_twistctl_node]: [TWIST_RX] Received Twist message - linear.x=0.000, angular.z=0.000, scaled_angular.z=0.000
[INFO] [1791450614.051926366] [serial_twistctl_node]: [SERIAL_TX] Timestamp: 1791450614051914435, Sending command (1/1): vcx=0.000,wc=0.000
 [19 bytes written]
[INFO] [1791450614.101831632] [serial_twistctl_node]: [TWIST_RX] Received Twist message - linear.x=0.000, angular.z=0.000, scaled_angular.z=0.000
[INFO] [1791450614.101896888] [serial_twistctl_node]: [SERIAL_TX] Timestamp: 1791450614101884814, Sending command (1/1): vcx=0.000,wc=0.000
 [19 bytes written]
[INFO] [1791450614.151749471] [serial_twistctl_node]: [TWIST_RX] Received Twist message - linear.x=0.000, angular.z=0.000, scaled_angular.z=0.000
[INFO] [1791450614.151803743] [serial_twistctl_node]: [SERIAL_TX] Timestamp: 1791450614151791611, Sending command (1/1): vcx=0.000,wc=0.000
 [19 bytes written]
[INFO] [1791450614.201681551] [serial_twistctl_node]: [TWIST_RX] Received Twist message - linear.x=0.000, angular.z=0.000, scaled_angular.z=0.000
[INFO] [1791450614.201739642] [serial_twistctl_node]: [SERIAL_TX] Timestamp: 1791450614201727046, Sending command (1/1): vcx=0.000,wc=0.000
 [19 bytes written]
[INFO] [1791450614.251703953] [serial_twistctl_node]: [TWIST_RX] Received Twist message - linear.x=0.000, angular.z=0.000, scaled_angular.z=0.000
[INFO] [1791450614.251760553] [serial_twistctl_node]: [SERIAL_TX] Timestamp: 1791450614251748182, Sending command (1/1): vcx=0.000,wc=0.000
 [19 bytes written]
[INFO] [1791450614.301746794] [serial_twistctl_node]: [TWIST_RX] Received Twist message - linear.x=0.000, angular.z=0.000, scaled_angular.z=0.000
[INFO] [1791450614.301802817] [serial_twistctl_node]: [SERIAL_TX] Timestamp: 1791450614301791005, Sending command (1/1): vcx=0.000,wc=0.000
 [19 bytes written]
[INFO] [1791450614.351915228] [serial_twistctl_node]: [TWIST_RX] Received Twist message - linear.x=0.000, angular.z=0.000, scaled_angular.z=0.000
[INFO] [1791450614.351970906] [serial_twistctl_node]: [SERIAL_TX] Timestamp: 1791450614351958644, Sending command (1/1): vcx=0.000,wc=0.000
 [19 bytes written]
[INFO] [1791450614.401704493] [serial_twistctl_node]: [TWIST_RX] Received Twist message - linear.x=0.000, angular.z=0.000, scaled_angular.z=0.000
[INFO] [1791450614.401765014] [serial_twistctl_node]: [SERIAL_TX] Timestamp: 1791450614401752847, Sending command (1/1): vcx=0.000,wc=0.000
 [19 bytes written]
[INFO] [1791450614.451753721] [serial_twistctl_node]: [TWIST_RX] Received Twist message - linear.x=0.000, angular.z=0.000, scaled_angular.z=0.000
[INFO] [1791450614.451807444] [serial_twistctl_node]: [SERIAL_TX] Timestamp: 1791450614451795736, Sending command (1/1): vcx=0.000,wc=0.000
 [19 bytes written]
[INFO] [1791450614.501725886] [serial_twistctl_node]: [TWIST_RX] Received Twist message - linear.x=0.000, angular.z=0.000, scaled_angular.z=0.000
[INFO] [1791450614.501781230] [serial_twistctl_node]: [SERIAL_TX] Timestamp: 1791450614501768430, Sending command (1/1): vcx=0.000,wc=0.000
 [19 bytes written]
[INFO] [1791450614.551815157] [serial_twistctl_node]: [TWIST_RX] Received Twist message - linear.x=0.000, angular.z=0.000, scaled_angular.z=0.000
[INFO] [1791450614.551875105] [serial_twistctl_node]: [SERIAL_TX] Timestamp: 1791450614551861808, Sending command (1/1): vcx=0.000,wc=0.000
 [19 bytes written]
[INFO] [1791450614.602003777] [serial_twistctl_node]: [TWIST_RX] Received Twist message - linear.x=0.000, angular.z=0.000, scaled_angular.z=0.000
[INFO] [1791450614.602066060] [serial_twistctl_node]: [SERIAL_TX] Timestamp: 1791450614602045997, Sending command (1/1): vcx=0.000,wc=0.000
 [19 bytes written]
[INFO] [1791450614.651696376] [serial_twistctl_node]: [TWIST_RX] Received Twist message - linear.x=0.000, angular.z=0.000, scaled_angular.z=0.000
[INFO] [1791450614.651750238] [serial_twistctl_node]: [SERIAL_TX] Timestamp: 1791450614651737912, Sending command (1/1): vcx=0.000,wc=0.000
 [19 bytes written]
[INFO] [1791450614.701809663] [serial_twistctl_node]: [TWIST_RX] Received Twist message - linear.x=0.000, angular.z=0.000, scaled_angular.z=0.000
[INFO] [1791450614.701864322] [serial_twistctl_node]: [SERIAL_TX] Timestamp: 1791450614701851082, Sending command (1/1): vcx=0.000,wc=0.000
 [19 bytes written]
[INFO] [1791450614.751708093] [serial_twistctl_node]: [TWIST_RX] Received Twist message - linear.x=0.000, angular.z=0.000, scaled_angular.z=0.000
[INFO] [1791450614.751777440] [serial_twistctl_node]: [SERIAL_TX] Timestamp: 1791450614751765014, Sending command (1/1): vcx=0.000,wc=0.000
 [19 bytes written]
[INFO] [1791450614.802039720] [serial_twistctl_node]: [TWIST_RX] Received Twist message - linear.x=0.000, angular.z=0.000, scaled_angular.z=0.000
[INFO] [1791450614.802114080] [serial_twistctl_node]: [SERIAL_TX] Timestamp: 1791450614802100909, Sending command (1/1): vcx=0.000,wc=0.000
 [19 bytes written]
[INFO] [1791450614.851663408] [serial_twistctl_node]: [TWIST_RX] Received Twist message - linear.x=0.000, angular.z=0.000, scaled_angular.z=0.000
[INFO] [1791450614.851707782] [serial_twistctl_node]: [SERIAL_TX] Timestamp: 1791450614851698138, Sending command (1/1): vcx=0.000,wc=0.000
 [19 bytes written]
[INFO] [1791450614.901743274] [serial_twistctl_node]: [TWIST_RX] Received Twist message - linear.x=0.000, angular.z=0.000, scaled_angular.z=0.000
[INFO] [1791450614.901778015] [serial_twistctl_node]: [SERIAL_TX] Timestamp: 1791450614901770675, Sending command (1/1): vcx=0.000,wc=0.000
 [19 bytes written]
[INFO] [1791450614.951770261] [serial_twistctl_node]: [TWIST_RX] Received Twist message - linear.x=0.000, angular.z=0.000, scaled_angular.z=0.000
[INFO] [1791450614.951809249] [serial_twistctl_node]: [SERIAL_TX] Timestamp: 1791450614951800639, Sending command (1/1): vcx=0.000,wc=0.000
 [19 bytes written]
[INFO] [1791450615.001825609] [serial_twistctl_node]: [TWIST_RX] Received Twist message - linear.x=0.000, angular.z=0.000, scaled_angular.z=0.000
[INFO] [1791450615.001872229] [serial_twistctl_node]: [SERIAL_TX] Timestamp: 1791450615001863533, Sending command (1/1): vcx=0.000,wc=0.000
 [19 bytes written]
[INFO] [1791450615.051999284] [serial_twistctl_node]: [TWIST_RX] Received Twist message - linear.x=0.000, angular.z=0.000, scaled_angular.z=0.000
[INFO] [1791450615.052048720] [serial_twistctl_node]: [SERIAL_TX] Timestamp: 1791450615052040550, Sending command (1/1): vcx=0.000,wc=0.000
 [19 bytes written]
[INFO] [1791450615.101696620] [serial_twistctl_node]: [TWIST_RX] Received Twist message - linear.x=0.000, angular.z=0.000, scaled_angular.z=0.000
[INFO] [1791450615.101734111] [serial_twistctl_node]: [SERIAL_TX] Timestamp: 1791450615101726731, Sending command (1/1): vcx=0.000,wc=0.000
 [19 bytes written]
[INFO] [1791450615.151877849] [serial_twistctl_node]: [TWIST_RX] Received Twist message - linear.x=0.000, angular.z=0.000, scaled_angular.z=0.000
[INFO] [1791450615.151916226] [serial_twistctl_node]: [SERIAL_TX] Timestamp: 1791450615151908403, Sending command (1/1): vcx=0.000,wc=0.000
 [19 bytes written]
[INFO] [1791450615.201806424] [serial_twistctl_node]: [TWIST_RX] Received Twist message - linear.x=0.000, angular.z=0.000, scaled_angular.z=0.000
[INFO] [1791450615.201846405] [serial_twistctl_node]: [SERIAL_TX] Timestamp: 1791450615201837798, Sending command (1/1): vcx=0.000,wc=0.000
 [19 bytes written]
[INFO] [1791450615.252238658] [serial_twistctl_node]: [TWIST_RX] Received Twist message - linear.x=0.000, angular.z=0.000, scaled_angular.z=0.000
[INFO] [1791450615.252284074] [serial_twistctl_node]: [SERIAL_TX] Timestamp: 1791450615252274809, Sending command (1/1): vcx=0.000,wc=0.000
 [19 bytes written]
[INFO] [1791450615.301818788] [serial_twistctl_node]: [TWIST_RX] Received Twist message - linear.x=0.000, angular.z=0.000, scaled_angular.z=0.000
[INFO] [1791450615.301856900] [serial_twistctl_node]: [SERIAL_TX] Timestamp: 1791450615301848342, Sending command (1/1): vcx=0.000,wc=0.000
 [19 bytes written]
[INFO] [1791450615.351846770] [serial_twistctl_node]: [TWIST_RX] Received Twist message - linear.x=0.000, angular.z=0.000, scaled_angular.z=0.000
[INFO] [1791450615.351880516] [serial_twistctl_node]: [SERIAL_TX] Timestamp: 1791450615351872801, Sending command (1/1): vcx=0.000,wc=0.000
 [19 bytes written]
[INFO] [1791450615.402049358] [serial_twistctl_node]: [TWIST_RX] Received Twist message - linear.x=0.000, angular.z=0.000, scaled_angular.z=0.000
[INFO] [1791450615.402099486] [serial_twistctl_node]: [SERIAL_TX] Timestamp: 1791450615402090096, Sending command (1/1): vcx=0.000,wc=0.000
 [19 bytes written]
[INFO] [1791450615.451720534] [serial_twistctl_node]: [TWIST_RX] Received Twist message - linear.x=0.000, angular.z=0.000, scaled_angular.z=0.000
[INFO] [1791450615.451763827] [serial_twistctl_node]: [SERIAL_TX] Timestamp: 1791450615451756405, Sending command (1/1): vcx=0.000,wc=0.000
 [19 bytes written]
[INFO] [1791450615.501639817] [serial_twistctl_node]: [TWIST_RX] Received Twist message - linear.x=0.000, angular.z=0.000, scaled_angular.z=0.000
[INFO] [1791450615.501682152] [serial_twistctl_node]: [SERIAL_TX] Timestamp: 1791450615501674062, Sending command (1/1): vcx=0.000,wc=0.000
 [19 bytes written]
[INFO] [1791450615.551815575] [serial_twistctl_node]: [TWIST_RX] Received Twist message - linear.x=0.000, angular.z=0.000, scaled_angular.z=0.000
[INFO] [1791450615.551853817] [serial_twistctl_node]: [SERIAL_TX] Timestamp: 1791450615551845572, Sending command (1/1): vcx=0.000,wc=0.000
 [19 bytes written]
[INFO] [1791450615.601753443] [serial_twistctl_node]: [TWIST_RX] Received Twist message - linear.x=0.000, angular.z=0.000, scaled_angular.z=0.000
[INFO] [1791450615.601791517] [serial_twistctl_node]: [SERIAL_TX] Timestamp: 1791450615601782409, Sending command (1/1): vcx=0.000,wc=0.000
 [19 bytes written]
[INFO] [1791450615.651762203] [serial_twistctl_node]: [TWIST_RX] Received Twist message - linear.x=0.000, angular.z=0.000, scaled_angular.z=0.000
[INFO] [1791450615.651801296] [serial_twistctl_node]: [SERIAL_TX] Timestamp: 1791450615651792710, Sending command (1/1): vcx=0.000,wc=0.000
 [19 bytes written]
[INFO] [1791450615.701734232] [serial_twistctl_node]: [TWIST_RX] Received Twist message - linear.x=0.000, angular.z=0.000, scaled_angular.z=0.000
[INFO] [1791450615.701779151] [serial_twistctl_node]: [SERIAL_TX] Timestamp: 1791450615701769938, Sending command (1/1): vcx=0.000,wc=0.000
 [19 bytes written]
[INFO] [1791450615.751798477] [serial_twistctl_node]: [TWIST_RX] Received Twist message - linear.x=0.000, angular.z=0.000, scaled_angular.z=0.000
[INFO] [1791450615.751839501] [serial_twistctl_node]: [SERIAL_TX] Timestamp: 1791450615751830414, Sending command (1/1): vcx=0.000,wc=0.000
 [19 bytes written]
[INFO] [1791450615.801859904] [serial_twistctl_node]: [TWIST_RX] Received Twist message - linear.x=0.000, angular.z=0.000, scaled_angular.z=0.000
[INFO] [1791450615.801897336] [serial_twistctl_node]: [SERIAL_TX] Timestamp: 1791450615801889858, Sending command (1/1): vcx=0.000,wc=0.000
 [19 bytes written]
[INFO] [1791450615.851973079] [serial_twistctl_node]: [TWIST_RX] Received Twist message - linear.x=0.000, angular.z=0.000, scaled_angular.z=0.000
[INFO] [1791450615.852006381] [serial_twistctl_node]: [SERIAL_TX] Timestamp: 1791450615851999069, Sending command (1/1): vcx=0.000,wc=0.000
 [19 bytes written]
[INFO] [1791450615.901720381] [serial_twistctl_node]: [TWIST_RX] Received Twist message - linear.x=0.021, angular.z=0.000, scaled_angular.z=0.000
[INFO] [1791450615.901756142] [serial_twistctl_node]: [SERIAL_TX] Timestamp: 1791450615901748320, Sending command (1/1): vcx=0.021,wc=0.000
 [19 bytes written]
[INFO] [1791450615.951850239] [serial_twistctl_node]: [TWIST_RX] Received Twist message - linear.x=0.042, angular.z=0.000, scaled_angular.z=0.000
[INFO] [1791450615.951885000] [serial_twistctl_node]: [SERIAL_TX] Timestamp: 1791450615951877502, Sending command (1/1): vcx=0.042,wc=0.000
 [19 bytes written]
[INFO] [1791450616.001845089] [serial_twistctl_node]: [TWIST_RX] Received Twist message - linear.x=0.064, angular.z=0.000, scaled_angular.z=0.000
[INFO] [1791450616.001890589] [serial_twistctl_node]: [SERIAL_TX] Timestamp: 1791450616001882250, Sending command (1/1): vcx=0.064,wc=0.000
 [19 bytes written]
[INFO] [1791450616.051815979] [serial_twistctl_node]: [TWIST_RX] Received Twist message - linear.x=0.085, angular.z=0.000, scaled_angular.z=0.000
[INFO] [1791450616.051853369] [serial_twistctl_node]: [SERIAL_TX] Timestamp: 1791450616051845807, Sending command (1/1): vcx=0.085,wc=0.000
 [19 bytes written]
[INFO] [1791450616.101653117] [serial_twistctl_node]: [TWIST_RX] Received Twist message - linear.x=0.106, angular.z=0.000, scaled_angular.z=0.000
[INFO] [1791450616.101690727] [serial_twistctl_node]: [SERIAL_TX] Timestamp: 1791450616101682865, Sending command (1/1): vcx=0.106,wc=0.000
 [19 bytes written]
[INFO] [1791450616.151791199] [serial_twistctl_node]: [TWIST_RX] Received Twist message - linear.x=0.128, angular.z=0.000, scaled_angular.z=0.000
[INFO] [1791450616.151834442] [serial_twistctl_node]: [SERIAL_TX] Timestamp: 1791450616151826169, Sending command (1/1): vcx=0.128,wc=0.000
 [19 bytes written]
[INFO] [1791450616.201754090] [serial_twistctl_node]: [TWIST_RX] Received Twist message - linear.x=0.149, angular.z=0.000, scaled_angular.z=0.000
[INFO] [1791450616.201794466] [serial_twistctl_node]: [SERIAL_TX] Timestamp: 1791450616201785658, Sending command (1/1): vcx=0.149,wc=0.000
 [19 bytes written]
[INFO] [1791450616.251894124] [serial_twistctl_node]: [TWIST_RX] Received Twist message - linear.x=0.170, angular.z=0.000, scaled_angular.z=0.000
[INFO] [1791450616.251935827] [serial_twistctl_node]: [SERIAL_TX] Timestamp: 1791450616251926900, Sending command (1/1): vcx=0.170,wc=0.000
 [19 bytes written]
[INFO] [1791450616.301926163] [serial_twistctl_node]: [TWIST_RX] Received Twist message - linear.x=0.191, angular.z=0.000, scaled_angular.z=0.000
[INFO] [1791450616.301965198] [serial_twistctl_node]: [SERIAL_TX] Timestamp: 1791450616301956838, Sending command (1/1): vcx=0.191,wc=0.000
 [19 bytes written]
[INFO] [1791450616.351880740] [serial_twistctl_node]: [TWIST_RX] Received Twist message - linear.x=0.213, angular.z=0.000, scaled_angular.z=0.000
[INFO] [1791450616.351917096] [serial_twistctl_node]: [SERIAL_TX] Timestamp: 1791450616351908945, Sending command (1/1): vcx=0.213,wc=0.000
 [19 bytes written]
[INFO] [1791450616.401859969] [serial_twistctl_node]: [TWIST_RX] Received Twist message - linear.x=0.218, angular.z=0.000, scaled_angular.z=0.000
[INFO] [1791450616.401898705] [serial_twistctl_node]: [SERIAL_TX] Timestamp: 1791450616401891149, Sending command (1/1): vcx=0.218,wc=0.000
 [19 bytes written]
[INFO] [1791450616.451887081] [serial_twistctl_node]: [TWIST_RX] Received Twist message - linear.x=0.220, angular.z=0.000, scaled_angular.z=0.000
[INFO] [1791450616.451923620] [serial_twistctl_node]: [SERIAL_TX] Timestamp: 1791450616451916214, Sending command (1/1): vcx=0.220,wc=0.000
 [19 bytes written]
[INFO] [1791450616.501819629] [serial_twistctl_node]: [TWIST_RX] Received Twist message - linear.x=0.218, angular.z=0.000, scaled_angular.z=0.000
[INFO] [1791450616.501860772] [serial_twistctl_node]: [SERIAL_TX] Timestamp: 1791450616501851953, Sending command (1/1): vcx=0.218,wc=0.000
 [19 bytes written]
[INFO] [1791450616.551856467] [serial_twistctl_node]: [TWIST_RX] Received Twist message - linear.x=0.220, angular.z=0.000, scaled_angular.z=0.000
[INFO] [1791450616.551892941] [serial_twistctl_node]: [SERIAL_TX] Timestamp: 1791450616551884463, Sending command (1/1): vcx=0.220,wc=0.000
 [19 bytes written]
[INFO] [1791450616.601780581] [serial_twistctl_node]: [TWIST_RX] Received Twist message - linear.x=0.217, angular.z=0.000, scaled_angular.z=0.000
[INFO] [1791450616.601819068] [serial_twistctl_node]: [SERIAL_TX] Timestamp: 1791450616601811160, Sending command (1/1): vcx=0.217,wc=0.000
 [19 bytes written]
[INFO] [1791450616.651625209] [serial_twistctl_node]: [TWIST_RX] Received Twist message - linear.x=0.219, angular.z=0.000, scaled_angular.z=0.000
[INFO] [1791450616.651671360] [serial_twistctl_node]: [SERIAL_TX] Timestamp: 1791450616651661224, Sending command (1/1): vcx=0.219,wc=0.000
 [19 bytes written]
[INFO] [1791450616.701837882] [serial_twistctl_node]: [TWIST_RX] Received Twist message - linear.x=0.217, angular.z=0.000, scaled_angular.z=0.000
[INFO] [1791450616.701893799] [serial_twistctl_node]: [SERIAL_TX] Timestamp: 1791450616701880824, Sending command (1/1): vcx=0.217,wc=0.000
 [19 bytes written]
[INFO] [1791450616.751806988] [serial_twistctl_node]: [TWIST_RX] Received Twist message - linear.x=0.219, angular.z=0.000, scaled_angular.z=0.000
[INFO] [1791450616.751860889] [serial_twistctl_node]: [SERIAL_TX] Timestamp: 1791450616751848670, Sending command (1/1): vcx=0.219,wc=0.000
 [19 bytes written]
[INFO] [1791450616.801875126] [serial_twistctl_node]: [TWIST_RX] Received Twist message - linear.x=0.221, angular.z=0.000, scaled_angular.z=0.000
[INFO] [1791450616.801930563] [serial_twistctl_node]: [SERIAL_TX] Timestamp: 1791450616801920940, Sending command (1/1): vcx=0.221,wc=0.000
 [19 bytes written]
[INFO] [1791450616.851826858] [serial_twistctl_node]: [TWIST_RX] Received Twist message - linear.x=0.218, angular.z=0.000, scaled_angular.z=0.000
[INFO] [1791450616.851860922] [serial_twistctl_node]: [SERIAL_TX] Timestamp: 1791450616851853294, Sending command (1/1): vcx=0.218,wc=0.000
 [19 bytes written]
[INFO] [1791450616.901719538] [serial_twistctl_node]: [TWIST_RX] Received Twist message - linear.x=0.220, angular.z=0.000, scaled_angular.z=0.000
[INFO] [1791450616.901762396] [serial_twistctl_node]: [SERIAL_TX] Timestamp: 1791450616901754916, Sending command (1/1): vcx=0.220,wc=0.000
 [19 bytes written]
[INFO] [1791450616.951988112] [serial_twistctl_node]: [TWIST_RX] Received Twist message - linear.x=0.218, angular.z=0.000, scaled_angular.z=0.000
[INFO] [1791450616.952029562] [serial_twistctl_node]: [SERIAL_TX] Timestamp: 1791450616952019970, Sending command (1/1): vcx=0.218,wc=0.000
 [19 bytes written]
[INFO] [1791450617.001809802] [serial_twistctl_node]: [TWIST_RX] Received Twist message - linear.x=0.220, angular.z=0.000, scaled_angular.z=0.000
[INFO] [1791450617.001853804] [serial_twistctl_node]: [SERIAL_TX] Timestamp: 1791450617001845008, Sending command (1/1): vcx=0.220,wc=0.000
 [19 bytes written]
[INFO] [1791450617.051726196] [serial_twistctl_node]: [TWIST_RX] Received Twist message - linear.x=0.217, angular.z=0.000, scaled_angular.z=0.000
[INFO] [1791450617.051764195] [serial_twistctl_node]: [SERIAL_TX] Timestamp: 1791450617051756046, Sending command (1/1): vcx=0.217,wc=0.000
 [19 bytes written]
[INFO] [1791450617.101635044] [serial_twistctl_node]: [TWIST_RX] Received Twist message - linear.x=0.220, angular.z=0.000, scaled_angular.z=0.000
[INFO] [1791450617.101678514] [serial_twistctl_node]: [SERIAL_TX] Timestamp: 1791450617101670440, Sending command (1/1): vcx=0.220,wc=0.000
 [19 bytes written]
[INFO] [1791450617.151762042] [serial_twistctl_node]: [TWIST_RX] Received Twist message - linear.x=0.217, angular.z=0.000, scaled_angular.z=0.000
[INFO] [1791450617.151804470] [serial_twistctl_node]: [SERIAL_TX] Timestamp: 1791450617151795150, Sending command (1/1): vcx=0.217,wc=0.000
 [19 bytes written]
[INFO] [1791450617.201545129] [serial_twistctl_node]: [TWIST_RX] Received Twist message - linear.x=0.219, angular.z=0.000, scaled_angular.z=0.000
[INFO] [1791450617.201592422] [serial_twistctl_node]: [SERIAL_TX] Timestamp: 1791450617201582057, Sending command (1/1): vcx=0.219,wc=0.000
 [19 bytes written]
[INFO] [1791450617.251855287] [serial_twistctl_node]: [TWIST_RX] Received Twist message - linear.x=0.217, angular.z=0.000, scaled_angular.z=0.000
[INFO] [1791450617.251905093] [serial_twistctl_node]: [SERIAL_TX] Timestamp: 1791450617251895143, Sending command (1/1): vcx=0.217,wc=0.000
 [19 bytes written]
[INFO] [1791450617.301841251] [serial_twistctl_node]: [TWIST_RX] Received Twist message - linear.x=0.218, angular.z=0.000, scaled_angular.z=0.000
[INFO] [1791450617.301886404] [serial_twistctl_node]: [SERIAL_TX] Timestamp: 1791450617301876882, Sending command (1/1): vcx=0.218,wc=0.000
 [19 bytes written]
[INFO] [1791450617.351824282] [serial_twistctl_node]: [TWIST_RX] Received Twist message - linear.x=0.000, angular.z=0.000, scaled_angular.z=0.000
[INFO] [1791450617.351860127] [serial_twistctl_node]: [SERIAL_TX] Timestamp: 1791450617351852824, Sending command (1/1): vcx=0.000,wc=0.000
 [19 bytes written]
[INFO] [1791450617.401947105] [serial_twistctl_node]: [TWIST_RX] Received Twist message - linear.x=0.000, angular.z=0.000, scaled_angular.z=0.000
[INFO] [1791450617.401981538] [serial_twistctl_node]: [SERIAL_TX] Timestamp: 1791450617401973637, Sending command (1/1): vcx=0.000,wc=0.000
 [19 bytes written]
[INFO] [1791450617.451726283] [serial_twistctl_node]: [TWIST_RX] Received Twist message - linear.x=0.000, angular.z=0.000, scaled_angular.z=0.000
[INFO] [1791450617.451768447] [serial_twistctl_node]: [SERIAL_TX] Timestamp: 1791450617451760161, Sending command (1/1): vcx=0.000,wc=0.000
 [19 bytes written]
[INFO] [1791450617.501872841] [serial_twistctl_node]: [TWIST_RX] Received Twist message - linear.x=0.000, angular.z=0.000, scaled_angular.z=0.000
[INFO] [1791450617.501915793] [serial_twistctl_node]: [SERIAL_TX] Timestamp: 1791450617501906604, Sending command (1/1): vcx=0.000,wc=0.000
 [19 bytes written]
[INFO] [1791450617.551791729] [serial_twistctl_node]: [TWIST_RX] Received Twist message - linear.x=0.000, angular.z=0.000, scaled_angular.z=0.000
[INFO] [1791450617.551832045] [serial_twistctl_node]: [SERIAL_TX] Timestamp: 1791450617551823051, Sending command (1/1): vcx=0.000,wc=0.000
 [19 bytes written]
[INFO] [1791450617.601746245] [serial_twistctl_node]: [TWIST_RX] Received Twist message - linear.x=0.000, angular.z=0.000, scaled_angular.z=0.000
[INFO] [1791450617.601786473] [serial_twistctl_node]: [SERIAL_TX] Timestamp: 1791450617601776972, Sending command (1/1): vcx=0.000,wc=0.000
 [19 bytes written]
[INFO] [1791450617.651677296] [serial_twistctl_node]: [TWIST_RX] Received Twist message - linear.x=0.000, angular.z=0.000, scaled_angular.z=0.000
[INFO] [1791450617.651719471] [serial_twistctl_node]: [SERIAL_TX] Timestamp: 1791450617651710628, Sending command (1/1): vcx=0.000,wc=0.000
 [19 bytes written]
[INFO] [1791450617.701754767] [serial_twistctl_node]: [TWIST_RX] Received Twist message - linear.x=0.000, angular.z=0.000, scaled_angular.z=0.000
[INFO] [1791450617.701792392] [serial_twistctl_node]: [SERIAL_TX] Timestamp: 1791450617701784507, Sending command (1/1): vcx=0.000,wc=0.000
 [19 bytes written]
[INFO] [1791450617.751756514] [serial_twistctl_node]: [TWIST_RX] Received Twist message - linear.x=0.000, angular.z=0.000, scaled_angular.z=0.000
[INFO] [1791450617.751792225] [serial_twistctl_node]: [SERIAL_TX] Timestamp: 1791450617751784832, Sending command (1/1): vcx=0.000,wc=0.000
 [19 bytes written]
[INFO] [1791450617.801730921] [serial_twistctl_node]: [TWIST_RX] Received Twist message - linear.x=0.000, angular.z=0.000, scaled_angular.z=0.000
[INFO] [1791450617.801770018] [serial_twistctl_node]: [SERIAL_TX] Timestamp: 1791450617801760610, Sending command (1/1): vcx=0.000,wc=0.000
 [19 bytes written]
[INFO] [1791450617.851809003] [serial_twistctl_node]: [TWIST_RX] Received Twist message - linear.x=0.000, angular.z=0.000, scaled_angular.z=0.000
[INFO] [1791450617.851843337] [serial_twistctl_node]: [SERIAL_TX] Timestamp: 1791450617851835512, Sending command (1/1): vcx=0.000,wc=0.000
 [19 bytes written]
[INFO] [1791450617.901710573] [serial_twistctl_node]: [TWIST_RX] Received Twist message - linear.x=0.000, angular.z=0.000, scaled_angular.z=0.000
[INFO] [1791450617.901745257] [serial_twistctl_node]: [SERIAL_TX] Timestamp: 1791450617901738060, Sending command (1/1): vcx=0.000,wc=0.000
 [19 bytes written]
[INFO] [1791450617.951990885] [serial_twistctl_node]: [TWIST_RX] Received Twist message - linear.x=0.000, angular.z=0.000, scaled_angular.z=0.000
[INFO] [1791450617.952024854] [serial_twistctl_node]: [SERIAL_TX] Timestamp: 1791450617952017650, Sending command (1/1): vcx=0.000,wc=0.000
 [19 bytes written]
[INFO] [1791450618.001804824] [serial_twistctl_node]: [TWIST_RX] Received Twist message - linear.x=0.000, angular.z=0.000, scaled_angular.z=0.000
[INFO] [1791450618.001847386] [serial_twistctl_node]: [SERIAL_TX] Timestamp: 1791450618001839180, Sending command (1/1): vcx=0.000,wc=0.000
 [19 bytes written]
[INFO] [1791450618.051841443] [serial_twistctl_node]: [TWIST_RX] Received Twist message - linear.x=0.000, angular.z=0.000, scaled_angular.z=0.000
[INFO] [1791450618.051879133] [serial_twistctl_node]: [SERIAL_TX] Timestamp: 1791450618051870770, Sending command (1/1): vcx=0.000,wc=0.000
 [19 bytes written]
[INFO] [1791450618.101900555] [serial_twistctl_node]: [TWIST_RX] Received Twist message - linear.x=0.000, angular.z=0.000, scaled_angular.z=0.000
[INFO] [1791450618.101936980] [serial_twistctl_node]: [SERIAL_TX] Timestamp: 1791450618101929166, Sending command (1/1): vcx=0.000,wc=0.000
 [19 bytes written]
[INFO] [1791450618.151807601] [serial_twistctl_node]: [TWIST_RX] Received Twist message - linear.x=0.000, angular.z=0.000, scaled_angular.z=0.000
[INFO] [1791450618.151859671] [serial_twistctl_node]: [SERIAL_TX] Timestamp: 1791450618151850554, Sending command (1/1): vcx=0.000,wc=0.000
 [19 bytes written]
[INFO] [1791450618.201825259] [serial_twistctl_node]: [TWIST_RX] Received Twist message - linear.x=0.000, angular.z=0.000, scaled_angular.z=0.000
[INFO] [1791450618.201864364] [serial_twistctl_node]: [SERIAL_TX] Timestamp: 1791450618201855876, Sending command (1/1): vcx=0.000,wc=0.000
 [19 bytes written]
[INFO] [1791450618.251832961] [serial_twistctl_node]: [TWIST_RX] Received Twist message - linear.x=0.000, angular.z=0.000, scaled_angular.z=0.000
[INFO] [1791450618.251873175] [serial_twistctl_node]: [SERIAL_TX] Timestamp: 1791450618251865181, Sending command (1/1): vcx=0.000,wc=0.000
 [19 bytes written]
[INFO] [1791450618.301862049] [serial_twistctl_node]: [TWIST_RX] Received Twist message - linear.x=0.000, angular.z=0.000, scaled_angular.z=0.000
[INFO] [1791450618.301897399] [serial_twistctl_node]: [SERIAL_TX] Timestamp: 1791450618301889541, Sending command (1/1): vcx=0.000,wc=0.000
 [19 bytes written]
[INFO] [1791450618.351890408] [serial_twistctl_node]: [TWIST_RX] Received Twist message - linear.x=0.000, angular.z=0.000, scaled_angular.z=0.000
[INFO] [1791450618.351927613] [serial_twistctl_node]: [SERIAL_TX] Timestamp: 1791450618351919727, Sending command (1/1): vcx=0.000,wc=0.000
 [19 bytes written]
[INFO] [1791450618.401987404] [serial_twistctl_node]: [TWIST_RX] Received Twist message - linear.x=0.000, angular.z=0.000, scaled_angular.z=0.000
[INFO] [1791450618.402027131] [serial_twistctl_node]: [SERIAL_TX] Timestamp: 1791450618402018642, Sending command (1/1): vcx=0.000,wc=0.000
 [19 bytes written]
[INFO] [1791450618.451707581] [serial_twistctl_node]: [TWIST_RX] Received Twist message - linear.x=0.000, angular.z=0.000, scaled_angular.z=0.000
[INFO] [1791450618.451744324] [serial_twistctl_node]: [SERIAL_TX] Timestamp: 1791450618451736818, Sending command (1/1): vcx=0.000,wc=0.000
 [19 bytes written]
[INFO] [1791450618.501862146] [serial_twistctl_node]: [TWIST_RX] Received Twist message - linear.x=0.000, angular.z=0.000, scaled_angular.z=0.000
[INFO] [1791450618.501902552] [serial_twistctl_node]: [SERIAL_TX] Timestamp: 1791450618501893591, Sending command (1/1): vcx=0.000,wc=0.000
 [19 bytes written]
[INFO] [1791450618.551665875] [serial_twistctl_node]: [TWIST_RX] Received Twist message - linear.x=0.000, angular.z=0.000, scaled_angular.z=0.000
[INFO] [1791450618.551706361] [serial_twistctl_node]: [SERIAL_TX] Timestamp: 1791450618551698411, Sending command (1/1): vcx=0.000,wc=0.000
 [19 bytes written]
[INFO] [1791450618.601832937] [serial_twistctl_node]: [TWIST_RX] Received Twist message - linear.x=0.000, angular.z=0.000, scaled_angular.z=0.000
[INFO] [1791450618.601870187] [serial_twistctl_node]: [SERIAL_TX] Timestamp: 1791450618601861317, Sending command (1/1): vcx=0.000,wc=0.000
 [19 bytes written]
[INFO] [1791450618.651823098] [serial_twistctl_node]: [TWIST_RX] Received Twist message - linear.x=0.000, angular.z=0.000, scaled_angular.z=0.000
[INFO] [1791450618.651855071] [serial_twistctl_node]: [SERIAL_TX] Timestamp: 1791450618651848587, Sending command (1/1): vcx=0.000,wc=0.000
 [19 bytes written]
[INFO] [1791450618.701710192] [serial_twistctl_node]: [TWIST_RX] Received Twist message - linear.x=0.000, angular.z=0.000, scaled_angular.z=0.000
[INFO] [1791450618.701758780] [serial_twistctl_node]: [SERIAL_TX] Timestamp: 1791450618701747171, Sending command (1/1): vcx=0.000,wc=0.000
 [19 bytes written]
[INFO] [1791450618.751982833] [serial_twistctl_node]: [TWIST_RX] Received Twist message - linear.x=0.000, angular.z=0.000, scaled_angular.z=0.000
[INFO] [1791450618.752016068] [serial_twistctl_node]: [SERIAL_TX] Timestamp: 1791450618752008434, Sending command (1/1): vcx=0.000,wc=0.000
 [19 bytes written]
[INFO] [1791450618.801783384] [serial_twistctl_node]: [TWIST_RX] Received Twist message - linear.x=0.000, angular.z=0.000, scaled_angular.z=0.000
[INFO] [1791450618.801828602] [serial_twistctl_node]: [SERIAL_TX] Timestamp: 1791450618801820090, Sending command (1/1): vcx=0.000,wc=0.000
 [19 bytes written]
[INFO] [1791450618.851807928] [serial_twistctl_node]: [TWIST_RX] Received Twist message - linear.x=0.000, angular.z=0.000, scaled_angular.z=0.000
[INFO] [1791450618.851847797] [serial_twistctl_node]: [SERIAL_TX] Timestamp: 1791450618851838573, Sending command (1/1): vcx=0.000,wc=0.000
 [19 bytes written]
[INFO] [1791450618.901746910] [serial_twistctl_node]: [TWIST_RX] Received Twist message - linear.x=0.000, angular.z=0.000, scaled_angular.z=0.000
[INFO] [1791450618.901784450] [serial_twistctl_node]: [SERIAL_TX] Timestamp: 1791450618901775864, Sending command (1/1): vcx=0.000,wc=0.000
 [19 bytes written]
[INFO] [1791450618.951887742] [serial_twistctl_node]: [TWIST_RX] Received Twist message - linear.x=0.000, angular.z=0.000, scaled_angular.z=0.000
[INFO] [1791450618.951920037] [serial_twistctl_node]: [SERIAL_TX] Timestamp: 1791450618951912755, Sending command (1/1): vcx=0.000,wc=0.000
 [19 bytes written]
[INFO] [1791450619.001625620] [serial_twistctl_node]: [TWIST_RX] Received Twist message - linear.x=0.000, angular.z=0.000, scaled_angular.z=0.000
[INFO] [1791450619.001675716] [serial_twistctl_node]: [SERIAL_TX] Timestamp: 1791450619001665531, Sending command (1/1): vcx=0.000,wc=0.000
 [19 bytes written]
[INFO] [1791450619.051763920] [serial_twistctl_node]: [TWIST_RX] Received Twist message - linear.x=0.000, angular.z=0.000, scaled_angular.z=0.000
[INFO] [1791450619.051807468] [serial_twistctl_node]: [SERIAL_TX] Timestamp: 1791450619051798141, Sending command (1/1): vcx=0.000,wc=0.000
 [19 bytes written]
[INFO] [1791450619.101736250] [serial_twistctl_node]: [TWIST_RX] Received Twist message - linear.x=0.000, angular.z=0.000, scaled_angular.z=0.000
[INFO] [1791450619.101773739] [serial_twistctl_node]: [SERIAL_TX] Timestamp: 1791450619101765300, Sending command (1/1): vcx=0.000,wc=0.000
 [19 bytes written]
[INFO] [1791450619.151786975] [serial_twistctl_node]: [TWIST_RX] Received Twist message - linear.x=0.000, angular.z=0.000, scaled_angular.z=0.000
[INFO] [1791450619.151825120] [serial_twistctl_node]: [SERIAL_TX] Timestamp: 1791450619151816596, Sending command (1/1): vcx=0.000,wc=0.000
 [19 bytes written]
[INFO] [1791450619.201808691] [serial_twistctl_node]: [TWIST_RX] Received Twist message - linear.x=0.000, angular.z=0.000, scaled_angular.z=0.000
[INFO] [1791450619.201842962] [serial_twistctl_node]: [SERIAL_TX] Timestamp: 1791450619201835860, Sending command (1/1): vcx=0.000,wc=0.000
 [19 bytes written]
[INFO] [1791450619.251748896] [serial_twistctl_node]: [TWIST_RX] Received Twist message - linear.x=0.000, angular.z=0.000, scaled_angular.z=0.000
[INFO] [1791450619.251789502] [serial_twistctl_node]: [SERIAL_TX] Timestamp: 1791450619251780852, Sending command (1/1): vcx=0.000,wc=0.000
 [19 bytes written]
[INFO] [1791450619.301930310] [serial_twistctl_node]: [TWIST_RX] Received Twist message - linear.x=0.000, angular.z=0.000, scaled_angular.z=0.000
[INFO] [1791450619.301979195] [serial_twistctl_node]: [SERIAL_TX] Timestamp: 1791450619301965966, Sending command (1/1): vcx=0.000,wc=0.000
 [19 bytes written]
[INFO] [1791450619.351595781] [serial_twistctl_node]: [TWIST_RX] Received Twist message - linear.x=0.000, angular.z=0.000, scaled_angular.z=0.000
[INFO] [1791450619.351637748] [serial_twistctl_node]: [SERIAL_TX] Timestamp: 1791450619351625637, Sending command (1/1): vcx=0.000,wc=0.000
 [19 bytes written]
[INFO] [1791450619.401726287] [serial_twistctl_node]: [TWIST_RX] Received Twist message - linear.x=0.000, angular.z=0.000, scaled_angular.z=0.000
[INFO] [1791450619.401762244] [serial_twistctl_node]: [SERIAL_TX] Timestamp: 1791450619401754958, Sending command (1/1): vcx=0.000,wc=0.000
 [19 bytes written]
[INFO] [1791450619.451644742] [serial_twistctl_node]: [TWIST_RX] Received Twist message - linear.x=0.000, angular.z=0.000, scaled_angular.z=0.000
[INFO] [1791450619.451691989] [serial_twistctl_node]: [SERIAL_TX] Timestamp: 1791450619451681804, Sending command (1/1): vcx=0.000,wc=0.000
 [19 bytes written]
[INFO] [1791450619.501702847] [serial_twistctl_node]: [TWIST_RX] Received Twist message - linear.x=0.000, angular.z=0.000, scaled_angular.z=0.000
[INFO] [1791450619.501760730] [serial_twistctl_node]: [SERIAL_TX] Timestamp: 1791450619501748271, Sending command (1/1): vcx=0.000,wc=0.000
 [19 bytes written]
[INFO] [1791450619.551863774] [serial_twistctl_node]: [TWIST_RX] Received Twist message - linear.x=0.000, angular.z=0.000, scaled_angular.z=0.000
[INFO] [1791450619.551921639] [serial_twistctl_node]: [SERIAL_TX] Timestamp: 1791450619551910040, Sending command (1/1): vcx=0.000,wc=0.000
 [19 bytes written]
[INFO] [1791450619.601722384] [serial_twistctl_node]: [TWIST_RX] Received Twist message - linear.x=0.000, angular.z=0.000, scaled_angular.z=0.000
[INFO] [1791450619.601771588] [serial_twistctl_node]: [SERIAL_TX] Timestamp: 1791450619601761080, Sending command (1/1): vcx=0.000,wc=0.000
 [19 bytes written]
[INFO] [1791450619.651797253] [serial_twistctl_node]: [TWIST_RX] Received Twist message - linear.x=0.000, angular.z=0.000, scaled_angular.z=0.000
[INFO] [1791450619.651851872] [serial_twistctl_node]: [SERIAL_TX] Timestamp: 1791450619651840063, Sending command (1/1): vcx=0.000,wc=0.000
 [19 bytes written]
[INFO] [1791450619.701698723] [serial_twistctl_node]: [TWIST_RX] Received Twist message - linear.x=0.000, angular.z=0.000, scaled_angular.z=0.000
[INFO] [1791450619.701756976] [serial_twistctl_node]: [SERIAL_TX] Timestamp: 1791450619701744243, Sending command (1/1): vcx=0.000,wc=0.000
 [19 bytes written]
[INFO] [1791450619.751830639] [serial_twistctl_node]: [TWIST_RX] Received Twist message - linear.x=0.000, angular.z=0.000, scaled_angular.z=0.000
[INFO] [1791450619.751883469] [serial_twistctl_node]: [SERIAL_TX] Timestamp: 1791450619751871565, Sending command (1/1): vcx=0.000,wc=0.000
 [19 bytes written]
[INFO] [1791450619.801680650] [serial_twistctl_node]: [TWIST_RX] Received Twist message - linear.x=0.000, angular.z=0.000, scaled_angular.z=0.000
[INFO] [1791450619.801734357] [serial_twistctl_node]: [SERIAL_TX] Timestamp: 1791450619801721364, Sending command (1/1): vcx=0.000,wc=0.000
 [19 bytes written]
[INFO] [1791450619.851946380] [serial_twistctl_node]: [TWIST_RX] Received Twist message - linear.x=0.000, angular.z=0.000, scaled_angular.z=0.000
[INFO] [1791450619.851989656] [serial_twistctl_node]: [SERIAL_TX] Timestamp: 1791450619851979511, Sending command (1/1): vcx=0.000,wc=0.000
 [19 bytes written]
[INFO] [1791450619.901769608] [serial_twistctl_node]: [TWIST_RX] Received Twist message - linear.x=0.000, angular.z=0.000, scaled_angular.z=0.000
[INFO] [1791450619.901822434] [serial_twistctl_node]: [SERIAL_TX] Timestamp: 1791450619901811001, Sending command (1/1): vcx=0.000,wc=0.000
 [19 bytes written]
[INFO] [1791450619.951801725] [serial_twistctl_node]: [TWIST_RX] Received Twist message - linear.x=0.000, angular.z=0.000, scaled_angular.z=0.000
[INFO] [1791450619.951859179] [serial_twistctl_node]: [SERIAL_TX] Timestamp: 1791450619951847033, Sending command (1/1): vcx=0.000,wc=0.000
 [19 bytes written]
[INFO] [1791450620.001693546] [serial_twistctl_node]: [TWIST_RX] Received Twist message - linear.x=0.000, angular.z=0.000, scaled_angular.z=0.000
[INFO] [1791450620.001753649] [serial_twistctl_node]: [SERIAL_TX] Timestamp: 1791450620001741680, Sending command (1/1): vcx=0.000,wc=0.000
 [19 bytes written]
[INFO] [1791450620.051843429] [serial_twistctl_node]: [TWIST_RX] Received Twist message - linear.x=0.000, angular.z=0.000, scaled_angular.z=0.000
[INFO] [1791450620.051899206] [serial_twistctl_node]: [SERIAL_TX] Timestamp: 1791450620051887938, Sending command (1/1): vcx=0.000,wc=0.000
 [19 bytes written]
[INFO] [1791450620.101821486] [serial_twistctl_node]: [TWIST_RX] Received Twist message - linear.x=0.000, angular.z=0.000, scaled_angular.z=0.000
[INFO] [1791450620.101876365] [serial_twistctl_node]: [SERIAL_TX] Timestamp: 1791450620101864186, Sending command (1/1): vcx=0.000,wc=0.000
 [19 bytes written]
[INFO] [1791450620.151711099] [serial_twistctl_node]: [TWIST_RX] Received Twist message - linear.x=0.000, angular.z=0.000, scaled_angular.z=0.000
[INFO] [1791450620.151779638] [serial_twistctl_node]: [SERIAL_TX] Timestamp: 1791450620151767499, Sending command (1/1): vcx=0.000,wc=0.000
 [19 bytes written]
[INFO] [1791450620.201699078] [serial_twistctl_node]: [TWIST_RX] Received Twist message - linear.x=0.021, angular.z=0.000, scaled_angular.z=0.000
[INFO] [1791450620.201753463] [serial_twistctl_node]: [SERIAL_TX] Timestamp: 1791450620201741446, Sending command (1/1): vcx=0.021,wc=0.000
 [19 bytes written]
[INFO] [1791450620.251828220] [serial_twistctl_node]: [TWIST_RX] Received Twist message - linear.x=0.042, angular.z=0.000, scaled_angular.z=0.000
[INFO] [1791450620.251883683] [serial_twistctl_node]: [SERIAL_TX] Timestamp: 1791450620251872353, Sending command (1/1): vcx=0.042,wc=0.000
 [19 bytes written]
[INFO] [1791450620.301816752] [serial_twistctl_node]: [TWIST_RX] Received Twist message - linear.x=0.064, angular.z=0.000, scaled_angular.z=0.000
[INFO] [1791450620.301871318] [serial_twistctl_node]: [SERIAL_TX] Timestamp: 1791450620301859401, Sending command (1/1): vcx=0.064,wc=0.000
 [19 bytes written]
[INFO] [1791450620.351724816] [serial_twistctl_node]: [TWIST_RX] Received Twist message - linear.x=0.085, angular.z=0.000, scaled_angular.z=0.000
[INFO] [1791450620.351779657] [serial_twistctl_node]: [SERIAL_TX] Timestamp: 1791450620351767859, Sending command (1/1): vcx=0.085,wc=0.000
 [19 bytes written]
[INFO] [1791450620.401723685] [serial_twistctl_node]: [TWIST_RX] Received Twist message - linear.x=0.106, angular.z=0.000, scaled_angular.z=0.000
[INFO] [1791450620.401782847] [serial_twistctl_node]: [SERIAL_TX] Timestamp: 1791450620401771056, Sending command (1/1): vcx=0.106,wc=0.000
 [19 bytes written]
[INFO] [1791450620.451665042] [serial_twistctl_node]: [TWIST_RX] Received Twist message - linear.x=0.127, angular.z=0.000, scaled_angular.z=0.000
[INFO] [1791450620.451721148] [serial_twistctl_node]: [SERIAL_TX] Timestamp: 1791450620451709787, Sending command (1/1): vcx=0.127,wc=0.000
 [19 bytes written]
[INFO] [1791450620.501743233] [serial_twistctl_node]: [TWIST_RX] Received Twist message - linear.x=0.149, angular.z=0.000, scaled_angular.z=0.000
[INFO] [1791450620.501798754] [serial_twistctl_node]: [SERIAL_TX] Timestamp: 1791450620501786539, Sending command (1/1): vcx=0.149,wc=0.000
 [19 bytes written]
[INFO] [1791450620.551752250] [serial_twistctl_node]: [TWIST_RX] Received Twist message - linear.x=0.170, angular.z=0.000, scaled_angular.z=0.000
[INFO] [1791450620.551807053] [serial_twistctl_node]: [SERIAL_TX] Timestamp: 1791450620551795225, Sending command (1/1): vcx=0.170,wc=0.000
 [19 bytes written]
[INFO] [1791450620.601985258] [serial_twistctl_node]: [TWIST_RX] Received Twist message - linear.x=0.191, angular.z=0.000, scaled_angular.z=0.000
[INFO] [1791450620.602043844] [serial_twistctl_node]: [SERIAL_TX] Timestamp: 1791450620602031365, Sending command (1/1): vcx=0.191,wc=0.000
 [19 bytes written]
[INFO] [1791450620.651716494] [serial_twistctl_node]: [TWIST_RX] Received Twist message - linear.x=0.213, angular.z=0.000, scaled_angular.z=0.000
[INFO] [1791450620.651772237] [serial_twistctl_node]: [SERIAL_TX] Timestamp: 1791450620651760462, Sending command (1/1): vcx=0.213,wc=0.000
 [19 bytes written]
[INFO] [1791450620.701728831] [serial_twistctl_node]: [TWIST_RX] Received Twist message - linear.x=0.221, angular.z=0.000, scaled_angular.z=0.000
[INFO] [1791450620.701790306] [serial_twistctl_node]: [SERIAL_TX] Timestamp: 1791450620701777113, Sending command (1/1): vcx=0.221,wc=0.000
 [19 bytes written]
[INFO] [1791450620.751733579] [serial_twistctl_node]: [TWIST_RX] Received Twist message - linear.x=0.218, angular.z=0.000, scaled_angular.z=0.000
[INFO] [1791450620.751793386] [serial_twistctl_node]: [SERIAL_TX] Timestamp: 1791450620751779944, Sending command (1/1): vcx=0.218,wc=0.000
 [19 bytes written]
[INFO] [1791450620.801741382] [serial_twistctl_node]: [TWIST_RX] Received Twist message - linear.x=0.220, angular.z=0.000, scaled_angular.z=0.000
[INFO] [1791450620.801804248] [serial_twistctl_node]: [SERIAL_TX] Timestamp: 1791450620801792972, Sending command (1/1): vcx=0.220,wc=0.000
 [19 bytes written]
[INFO] [1791450620.851772881] [serial_twistctl_node]: [TWIST_RX] Received Twist message - linear.x=0.218, angular.z=0.000, scaled_angular.z=0.000
[INFO] [1791450620.851826885] [serial_twistctl_node]: [SERIAL_TX] Timestamp: 1791450620851815406, Sending command (1/1): vcx=0.218,wc=0.000
 [19 bytes written]
[INFO] [1791450620.901769119] [serial_twistctl_node]: [TWIST_RX] Received Twist message - linear.x=0.220, angular.z=0.000, scaled_angular.z=0.000
[INFO] [1791450620.901825492] [serial_twistctl_node]: [SERIAL_TX] Timestamp: 1791450620901813910, Sending command (1/1): vcx=0.220,wc=0.000
 [19 bytes written]
[INFO] [1791450620.951763475] [serial_twistctl_node]: [TWIST_RX] Received Twist message - linear.x=0.217, angular.z=0.000, scaled_angular.z=0.000
[INFO] [1791450620.951819254] [serial_twistctl_node]: [SERIAL_TX] Timestamp: 1791450620951807415, Sending command (1/1): vcx=0.217,wc=0.000
 [19 bytes written]
[INFO] [1791450621.001771154] [serial_twistctl_node]: [TWIST_RX] Received Twist message - linear.x=0.219, angular.z=0.000, scaled_angular.z=0.000
[INFO] [1791450621.001830526] [serial_twistctl_node]: [SERIAL_TX] Timestamp: 1791450621001818392, Sending command (1/1): vcx=0.219,wc=0.000
 [19 bytes written]
[INFO] [1791450621.051815347] [serial_twistctl_node]: [TWIST_RX] Received Twist message - linear.x=0.217, angular.z=0.000, scaled_angular.z=0.000
[INFO] [1791450621.051888086] [serial_twistctl_node]: [SERIAL_TX] Timestamp: 1791450621051872627, Sending command (1/1): vcx=0.217,wc=0.000
 [19 bytes written]
[INFO] [1791450621.101606227] [serial_twistctl_node]: [TWIST_RX] Received Twist message - linear.x=0.219, angular.z=0.000, scaled_angular.z=0.000
[INFO] [1791450621.101664090] [serial_twistctl_node]: [SERIAL_TX] Timestamp: 1791450621101650691, Sending command (1/1): vcx=0.219,wc=0.000
 [19 bytes written]
[INFO] [1791450621.151728544] [serial_twistctl_node]: [TWIST_RX] Received Twist message - linear.x=0.216, angular.z=0.000, scaled_angular.z=0.000
[INFO] [1791450621.151784283] [serial_twistctl_node]: [SERIAL_TX] Timestamp: 1791450621151772139, Sending command (1/1): vcx=0.216,wc=0.000
 [19 bytes written]
[INFO] [1791450621.201720900] [serial_twistctl_node]: [TWIST_RX] Received Twist message - linear.x=0.218, angular.z=0.000, scaled_angular.z=0.000
[INFO] [1791450621.201775968] [serial_twistctl_node]: [SERIAL_TX] Timestamp: 1791450621201764589, Sending command (1/1): vcx=0.218,wc=0.000
 [19 bytes written]
[INFO] [1791450621.251741040] [serial_twistctl_node]: [TWIST_RX] Received Twist message - linear.x=0.220, angular.z=0.000, scaled_angular.z=0.000
[INFO] [1791450621.251797593] [serial_twistctl_node]: [SERIAL_TX] Timestamp: 1791450621251785392, Sending command (1/1): vcx=0.220,wc=0.000
 [19 bytes written]
[INFO] [1791450621.301792046] [serial_twistctl_node]: [TWIST_RX] Received Twist message - linear.x=0.218, angular.z=0.000, scaled_angular.z=0.000
[INFO] [1791450621.301847246] [serial_twistctl_node]: [SERIAL_TX] Timestamp: 1791450621301834639, Sending command (1/1): vcx=0.218,wc=0.000
 [19 bytes written]
[INFO] [1791450621.351691354] [serial_twistctl_node]: [TWIST_RX] Received Twist message - linear.x=0.219, angular.z=0.000, scaled_angular.z=0.000
[INFO] [1791450621.351747459] [serial_twistctl_node]: [SERIAL_TX] Timestamp: 1791450621351735407, Sending command (1/1): vcx=0.219,wc=0.000
 [19 bytes written]
[INFO] [1791450621.401710144] [serial_twistctl_node]: [TWIST_RX] Received Twist message - linear.x=0.217, angular.z=0.000, scaled_angular.z=0.000
[INFO] [1791450621.401765827] [serial_twistctl_node]: [SERIAL_TX] Timestamp: 1791450621401753566, Sending command (1/1): vcx=0.217,wc=0.000
 [19 bytes written]
[INFO] [1791450621.451726140] [serial_twistctl_node]: [TWIST_RX] Received Twist message - linear.x=0.219, angular.z=0.000, scaled_angular.z=0.000
[INFO] [1791450621.451783022] [serial_twistctl_node]: [SERIAL_TX] Timestamp: 1791450621451770070, Sending command (1/1): vcx=0.219,wc=0.000
 [19 bytes written]
[INFO] [1791450621.501831234] [serial_twistctl_node]: [TWIST_RX] Received Twist message - linear.x=0.216, angular.z=0.000, scaled_angular.z=0.000
[INFO] [1791450621.501898347] [serial_twistctl_node]: [SERIAL_TX] Timestamp: 1791450621501886006, Sending command (1/1): vcx=0.216,wc=0.000
 [19 bytes written]
[INFO] [1791450621.551943611] [serial_twistctl_node]: [TWIST_RX] Received Twist message - linear.x=0.218, angular.z=0.000, scaled_angular.z=0.000
[INFO] [1791450621.552005191] [serial_twistctl_node]: [SERIAL_TX] Timestamp: 1791450621551994449, Sending command (1/1): vcx=0.218,wc=0.000
 [19 bytes written]
[INFO] [1791450621.601810583] [serial_twistctl_node]: [TWIST_RX] Received Twist message - linear.x=0.221, angular.z=0.000, scaled_angular.z=0.000
[INFO] [1791450621.601864911] [serial_twistctl_node]: [SERIAL_TX] Timestamp: 1791450621601852867, Sending command (1/1): vcx=0.221,wc=0.000
 [19 bytes written]
[INFO] [1791450621.651848322] [serial_twistctl_node]: [TWIST_RX] Received Twist message - linear.x=0.218, angular.z=0.000, scaled_angular.z=0.000
[INFO] [1791450621.651901546] [serial_twistctl_node]: [SERIAL_TX] Timestamp: 1791450621651889592, Sending command (1/1): vcx=0.218,wc=0.000
 [19 bytes written]
[INFO] [1791450621.701734790] [serial_twistctl_node]: [TWIST_RX] Received Twist message - linear.x=0.221, angular.z=0.000, scaled_angular.z=0.000
[INFO] [1791450621.701790319] [serial_twistctl_node]: [SERIAL_TX] Timestamp: 1791450621701778868, Sending command (1/1): vcx=0.221,wc=0.000
 [19 bytes written]
[INFO] [1791450621.751729303] [serial_twistctl_node]: [TWIST_RX] Received Twist message - linear.x=0.219, angular.z=0.000, scaled_angular.z=0.000
[INFO] [1791450621.751783640] [serial_twistctl_node]: [SERIAL_TX] Timestamp: 1791450621751772124, Sending command (1/1): vcx=0.219,wc=0.000
 [19 bytes written]
[INFO] [1791450621.801701149] [serial_twistctl_node]: [TWIST_RX] Received Twist message - linear.x=0.221, angular.z=0.000, scaled_angular.z=0.000
[INFO] [1791450621.801759991] [serial_twistctl_node]: [SERIAL_TX] Timestamp: 1791450621801748307, Sending command (1/1): vcx=0.221,wc=0.000
 [19 bytes written]
[INFO] [1791450621.851619603] [serial_twistctl_node]: [TWIST_RX] Received Twist message - linear.x=0.219, angular.z=0.000, scaled_angular.z=0.000
[INFO] [1791450621.851675626] [serial_twistctl_node]: [SERIAL_TX] Timestamp: 1791450621851663097, Sending command (1/1): vcx=0.219,wc=0.000
 [19 bytes written]
[INFO] [1791450621.901923276] [serial_twistctl_node]: [TWIST_RX] Received Twist message - linear.x=0.221, angular.z=0.000, scaled_angular.z=0.000
[INFO] [1791450621.901977445] [serial_twistctl_node]: [SERIAL_TX] Timestamp: 1791450621901965689, Sending command (1/1): vcx=0.221,wc=0.000
 [19 bytes written]
[INFO] [1791450621.951835330] [serial_twistctl_node]: [TWIST_RX] Received Twist message - linear.x=0.219, angular.z=0.000, scaled_angular.z=0.000
[INFO] [1791450621.951889841] [serial_twistctl_node]: [SERIAL_TX] Timestamp: 1791450621951878060, Sending command (1/1): vcx=0.219,wc=0.000
 [19 bytes written]
[INFO] [1791450622.001803916] [serial_twistctl_node]: [TWIST_RX] Received Twist message - linear.x=0.221, angular.z=0.000, scaled_angular.z=0.000
[INFO] [1791450622.001865481] [serial_twistctl_node]: [SERIAL_TX] Timestamp: 1791450622001852721, Sending command (1/1): vcx=0.221,wc=0.000
 [19 bytes written]
[INFO] [1791450622.051726192] [serial_twistctl_node]: [TWIST_RX] Received Twist message - linear.x=0.219, angular.z=0.000, scaled_angular.z=0.000
[INFO] [1791450622.051780218] [serial_twistctl_node]: [SERIAL_TX] Timestamp: 1791450622051768698, Sending command (1/1): vcx=0.219,wc=0.000
 [19 bytes written]
[INFO] [1791450622.101751032] [serial_twistctl_node]: [TWIST_RX] Received Twist message - linear.x=0.221, angular.z=0.000, scaled_angular.z=0.000
[INFO] [1791450622.101805581] [serial_twistctl_node]: [SERIAL_TX] Timestamp: 1791450622101794133, Sending command (1/1): vcx=0.221,wc=0.000
 [19 bytes written]
[INFO] [1791450622.151868750] [serial_twistctl_node]: [TWIST_RX] Received Twist message - linear.x=0.000, angular.z=0.000, scaled_angular.z=0.000
[INFO] [1791450622.151937235] [serial_twistctl_node]: [SERIAL_TX] Timestamp: 1791450622151925773, Sending command (1/1): vcx=0.000,wc=0.000
 [19 bytes written]
[INFO] [1791450622.201777508] [serial_twistctl_node]: [TWIST_RX] Received Twist message - linear.x=0.000, angular.z=0.000, scaled_angular.z=0.000
[INFO] [1791450622.201832933] [serial_twistctl_node]: [SERIAL_TX] Timestamp: 1791450622201820654, Sending command (1/1): vcx=0.000,wc=0.000
 [19 bytes written]
[INFO] [1791450622.251905993] [serial_twistctl_node]: [TWIST_RX] Received Twist message - linear.x=0.000, angular.z=0.000, scaled_angular.z=0.000
[INFO] [1791450622.251958250] [serial_twistctl_node]: [SERIAL_TX] Timestamp: 1791450622251946488, Sending command (1/1): vcx=0.000,wc=0.000
 [19 bytes written]
[INFO] [1791450622.301927531] [serial_twistctl_node]: [TWIST_RX] Received Twist message - linear.x=0.000, angular.z=0.000, scaled_angular.z=0.000
[INFO] [1791450622.301980740] [serial_twistctl_node]: [SERIAL_TX] Timestamp: 1791450622301968224, Sending command (1/1): vcx=0.000,wc=0.000
 [19 bytes written]
[INFO] [1791450622.351873748] [serial_twistctl_node]: [TWIST_RX] Received Twist message - linear.x=0.000, angular.z=0.000, scaled_angular.z=0.000
[INFO] [1791450622.351925450] [serial_twistctl_node]: [SERIAL_TX] Timestamp: 1791450622351913491, Sending command (1/1): vcx=0.000,wc=0.000
 [19 bytes written]
[INFO] [1791450622.401805861] [serial_twistctl_node]: [TWIST_RX] Received Twist message - linear.x=0.000, angular.z=0.000, scaled_angular.z=0.000
[INFO] [1791450622.401864093] [serial_twistctl_node]: [SERIAL_TX] Timestamp: 1791450622401850900, Sending command (1/1): vcx=0.000,wc=0.000
 [19 bytes written]
[INFO] [1791450622.451846468] [serial_twistctl_node]: [TWIST_RX] Received Twist message - linear.x=0.000, angular.z=0.000, scaled_angular.z=0.000
[INFO] [1791450622.451900044] [serial_twistctl_node]: [SERIAL_TX] Timestamp: 1791450622451887250, Sending command (1/1): vcx=0.000,wc=0.000
 [19 bytes written]
[INFO] [1791450622.501779857] [serial_twistctl_node]: [TWIST_RX] Received Twist message - linear.x=0.000, angular.z=0.000, scaled_angular.z=0.000
[INFO] [1791450622.501832364] [serial_twistctl_node]: [SERIAL_TX] Timestamp: 1791450622501819972, Sending command (1/1): vcx=0.000,wc=0.000
 [19 bytes written]
[INFO] [1791450622.551776457] [serial_twistctl_node]: [TWIST_RX] Received Twist message - linear.x=0.000, angular.z=0.000, scaled_angular.z=0.000
[INFO] [1791450622.551830029] [serial_twistctl_node]: [SERIAL_TX] Timestamp: 1791450622551817597, Sending command (1/1): vcx=0.000,wc=0.000
 [19 bytes written]
[INFO] [1791450622.601822628] [serial_twistctl_node]: [TWIST_RX] Received Twist message - linear.x=0.000, angular.z=0.000, scaled_angular.z=0.000
[INFO] [1791450622.601879917] [serial_twistctl_node]: [SERIAL_TX] Timestamp: 1791450622601867034, Sending command (1/1): vcx=0.000,wc=0.000
 [19 bytes written]
[INFO] [1791450622.652108844] [serial_twistctl_node]: [TWIST_RX] Received Twist message - linear.x=0.000, angular.z=0.000, scaled_angular.z=0.000
[INFO] [1791450622.652161834] [serial_twistctl_node]: [SERIAL_TX] Timestamp: 1791450622652148597, Sending command (1/1): vcx=0.000,wc=0.000
 [19 bytes written]
[INFO] [1791450622.701602136] [serial_twistctl_node]: [TWIST_RX] Received Twist message - linear.x=0.000, angular.z=0.000, scaled_angular.z=0.000
[INFO] [1791450622.701657287] [serial_twistctl_node]: [SERIAL_TX] Timestamp: 1791450622701643867, Sending command (1/1): vcx=0.000,wc=0.000
 [19 bytes written]
[INFO] [1791450622.751880750] [serial_twistctl_node]: [TWIST_RX] Received Twist message - linear.x=0.000, angular.z=0.000, scaled_angular.z=0.000
[INFO] [1791450622.751934719] [serial_twistctl_node]: [SERIAL_TX] Timestamp: 1791450622751921726, Sending command (1/1): vcx=0.000,wc=0.000
 [19 bytes written]
[INFO] [1791450622.801923628] [serial_twistctl_node]: [TWIST_RX] Received Twist message - linear.x=0.000, angular.z=0.000, scaled_angular.z=0.000
[INFO] [1791450622.801983178] [serial_twistctl_node]: [SERIAL_TX] Timestamp: 1791450622801970134, Sending command (1/1): vcx=0.000,wc=0.000
 [19 bytes written]
[INFO] [1791450622.851722795] [serial_twistctl_node]: [TWIST_RX] Received Twist message - linear.x=0.000, angular.z=0.000, scaled_angular.z=0.000
[INFO] [1791450622.851774926] [serial_twistctl_node]: [SERIAL_TX] Timestamp: 1791450622851763191, Sending command (1/1): vcx=0.000,wc=0.000
 [19 bytes written]
[INFO] [1791450622.901760948] [serial_twistctl_node]: [TWIST_RX] Received Twist message - linear.x=0.000, angular.z=0.000, scaled_angular.z=0.000
[INFO] [1791450622.901810739] [serial_twistctl_node]: [SERIAL_TX] Timestamp: 1791450622901800918, Sending command (1/1): vcx=0.000,wc=0.000
 [19 bytes written]
[INFO] [1791450622.951741403] [serial_twistctl_node]: [TWIST_RX] Received Twist message - linear.x=0.000, angular.z=0.000, scaled_angular.z=0.000
[INFO] [1791450622.951784045] [serial_twistctl_node]: [SERIAL_TX] Timestamp: 1791450622951774874, Sending command (1/1): vcx=0.000,wc=0.000
 [19 bytes written]
[INFO] [1791450623.001803672] [serial_twistctl_node]: [TWIST_RX] Received Twist message - linear.x=0.000, angular.z=0.000, scaled_angular.z=0.000
[INFO] [1791450623.001855804] [serial_twistctl_node]: [SERIAL_TX] Timestamp: 1791450623001846204, Sending command (1/1): vcx=0.000,wc=0.000
 [19 bytes written]
[INFO] [1791450623.051733911] [serial_twistctl_node]: [TWIST_RX] Received Twist message - linear.x=0.000, angular.z=0.000, scaled_angular.z=0.000
[INFO] [1791450623.051777514] [serial_twistctl_node]: [SERIAL_TX] Timestamp: 1791450623051768168, Sending command (1/1): vcx=0.000,wc=0.000
 [19 bytes written]
[INFO] [1791450623.101782171] [serial_twistctl_node]: [TWIST_RX] Received Twist message - linear.x=0.000, angular.z=0.000, scaled_angular.z=0.000
[INFO] [1791450623.101832193] [serial_twistctl_node]: [SERIAL_TX] Timestamp: 1791450623101822307, Sending command (1/1): vcx=0.000,wc=0.000
 [19 bytes written]
[INFO] [1791450623.151638127] [serial_twistctl_node]: [TWIST_RX] Received Twist message - linear.x=0.000, angular.z=0.000, scaled_angular.z=0.000
[INFO] [1791450623.151685068] [serial_twistctl_node]: [SERIAL_TX] Timestamp: 1791450623151674645, Sending command (1/1): vcx=0.000,wc=0.000
 [19 bytes written]
[INFO] [1791450623.201793118] [serial_twistctl_node]: [TWIST_RX] Received Twist message - linear.x=0.000, angular.z=0.000, scaled_angular.z=0.000
[INFO] [1791450623.201846949] [serial_twistctl_node]: [SERIAL_TX] Timestamp: 1791450623201834787, Sending command (1/1): vcx=0.000,wc=0.000
 [19 bytes written]
[INFO] [1791450623.251834882] [serial_twistctl_node]: [TWIST_RX] Received Twist message - linear.x=0.000, angular.z=0.000, scaled_angular.z=0.000
[INFO] [1791450623.251890004] [serial_twistctl_node]: [SERIAL_TX] Timestamp: 1791450623251876454, Sending command (1/1): vcx=0.000,wc=0.000
 [19 bytes written]
[INFO] [1791450623.301889550] [serial_twistctl_node]: [TWIST_RX] Received Twist message - linear.x=0.000, angular.z=0.000, scaled_angular.z=0.000
[INFO] [1791450623.301947424] [serial_twistctl_node]: [SERIAL_TX] Timestamp: 1791450623301937782, Sending command (1/1): vcx=0.000,wc=0.000
 [19 bytes written]
[INFO] [1791450623.351771404] [serial_twistctl_node]: [TWIST_RX] Received Twist message - linear.x=0.000, angular.z=0.000, scaled_angular.z=0.000
[INFO] [1791450623.351809006] [serial_twistctl_node]: [SERIAL_TX] Timestamp: 1791450623351800496, Sending command (1/1): vcx=0.000,wc=0.000
 [19 bytes written]
[INFO] [1791450623.401713522] [serial_twistctl_node]: [TWIST_RX] Received Twist message - linear.x=0.000, angular.z=0.000, scaled_angular.z=0.000
[INFO] [1791450623.401757811] [serial_twistctl_node]: [SERIAL_TX] Timestamp: 1791450623401748266, Sending command (1/1): vcx=0.000,wc=0.000
 [19 bytes written]
[INFO] [1791450623.451662317] [serial_twistctl_node]: [TWIST_RX] Received Twist message - linear.x=0.000, angular.z=0.000, scaled_angular.z=0.000
[INFO] [1791450623.451700427] [serial_twistctl_node]: [SERIAL_TX] Timestamp: 1791450623451691366, Sending command (1/1): vcx=0.000,wc=0.000
 [19 bytes written]
[INFO] [1791450623.501715505] [serial_twistctl_node]: [TWIST_RX] Received Twist message - linear.x=0.000, angular.z=0.000, scaled_angular.z=0.000
[INFO] [1791450623.501782701] [serial_twistctl_node]: [SERIAL_TX] Timestamp: 1791450623501771448, Sending command (1/1): vcx=0.000,wc=0.000
 [19 bytes written]
[INFO] [1791450623.551799554] [serial_twistctl_node]: [TWIST_RX] Received Twist message - linear.x=0.000, angular.z=0.000, scaled_angular.z=0.000
[INFO] [1791450623.551852678] [serial_twistctl_node]: [SERIAL_TX] Timestamp: 1791450623551842357, Sending command (1/1): vcx=0.000,wc=0.000
 [19 bytes written]
[INFO] [1791450623.601712389] [serial_twistctl_node]: [TWIST_RX] Received Twist message - linear.x=0.000, angular.z=0.000, scaled_angular.z=0.000
[INFO] [1791450623.601759286] [serial_twistctl_node]: [SERIAL_TX] Timestamp: 1791450623601749175, Sending command (1/1): vcx=0.000,wc=0.000
 [19 bytes written]
[INFO] [1791450623.651734063] [serial_twistctl_node]: [TWIST_RX] Received Twist message - linear.x=0.000, angular.z=0.000, scaled_angular.z=0.000
[INFO] [1791450623.651781271] [serial_twistctl_node]: [SERIAL_TX] Timestamp: 1791450623651767059, Sending command (1/1): vcx=0.000,wc=0.000
 [19 bytes written]
[INFO] [1791450623.701724353] [serial_twistctl_node]: [TWIST_RX] Received Twist message - linear.x=0.000, angular.z=0.000, scaled_angular.z=0.000
[INFO] [1791450623.701775298] [serial_twistctl_node]: [SERIAL_TX] Timestamp: 1791450623701763721, Sending command (1/1): vcx=0.000,wc=0.000
 [19 bytes written]
[INFO] [1791450623.751686795] [serial_twistctl_node]: [TWIST_RX] Received Twist message - linear.x=0.000, angular.z=0.000, scaled_angular.z=0.000
[INFO] [1791450623.751737844] [serial_twistctl_node]: [SERIAL_TX] Timestamp: 1791450623751727457, Sending command (1/1): vcx=0.000,wc=0.000
 [19 bytes written]
[INFO] [1791450623.801707717] [serial_twistctl_node]: [TWIST_RX] Received Twist message - linear.x=0.000, angular.z=0.000, scaled_angular.z=0.000
[INFO] [1791450623.801765180] [serial_twistctl_node]: [SERIAL_TX] Timestamp: 1791450623801753299, Sending command (1/1): vcx=0.000,wc=0.000
 [19 bytes written]
[INFO] [1791450623.851797175] [serial_twistctl_node]: [TWIST_RX] Received Twist message - linear.x=0.000, angular.z=0.000, scaled_angular.z=0.000
[INFO] [1791450623.851849791] [serial_twistctl_node]: [SERIAL_TX] Timestamp: 1791450623851838503, Sending command (1/1): vcx=0.000,wc=0.000
 [19 bytes written]
[INFO] [1791450623.901646145] [serial_twistctl_node]: [TWIST_RX] Received Twist message - linear.x=0.000, angular.z=0.000, scaled_angular.z=0.000
[INFO] [1791450623.901709749] [serial_twistctl_node]: [SERIAL_TX] Timestamp: 1791450623901697672, Sending command (1/1): vcx=0.000,wc=0.000
 [19 bytes written]
[INFO] [1791450623.951752076] [serial_twistctl_node]: [TWIST_RX] Received Twist message - linear.x=0.000, angular.z=0.000, scaled_angular.z=0.000
[INFO] [1791450623.951804635] [serial_twistctl_node]: [SERIAL_TX] Timestamp: 1791450623951792795, Sending command (1/1): vcx=0.000,wc=0.000
 [19 bytes written]
[INFO] [1791450624.001752997] [serial_twistctl_node]: [TWIST_RX] Received Twist message - linear.x=0.000, angular.z=0.000, scaled_angular.z=0.000
[INFO] [1791450624.001821079] [serial_twistctl_node]: [SERIAL_TX] Timestamp: 1791450624001808920, Sending command (1/1): vcx=0.000,wc=0.000
 [19 bytes written]
[INFO] [1791450624.051648341] [serial_twistctl_node]: [TWIST_RX] Received Twist message - linear.x=0.000, angular.z=0.000, scaled_angular.z=0.000
[INFO] [1791450624.051701210] [serial_twistctl_node]: [SERIAL_TX] Timestamp: 1791450624051689787, Sending command (1/1): vcx=0.000,wc=0.000
 [19 bytes written]
[INFO] [1791450624.101684306] [serial_twistctl_node]: [TWIST_RX] Received Twist message - linear.x=0.000, angular.z=0.000, scaled_angular.z=0.000
[INFO] [1791450624.101727829] [serial_twistctl_node]: [SERIAL_TX] Timestamp: 1791450624101717779, Sending command (1/1): vcx=0.000,wc=0.000
 [19 bytes written]
[INFO] [1791450624.151672094] [serial_twistctl_node]: [TWIST_RX] Received Twist message - linear.x=0.000, angular.z=0.000, scaled_angular.z=0.000
[INFO] [1791450624.151724552] [serial_twistctl_node]: [SERIAL_TX] Timestamp: 1791450624151714104, Sending command (1/1): vcx=0.000,wc=0.000
 [19 bytes written]
[INFO] [1791450624.201828136] [serial_twistctl_node]: [TWIST_RX] Received Twist message - linear.x=0.000, angular.z=0.000, scaled_angular.z=0.000
[INFO] [1791450624.201881872] [serial_twistctl_node]: [SERIAL_TX] Timestamp: 1791450624201870166, Sending command (1/1): vcx=0.000,wc=0.000
 [19 bytes written]
[INFO] [1791450624.251771209] [serial_twistctl_node]: [TWIST_RX] Received Twist message - linear.x=0.000, angular.z=0.000, scaled_angular.z=0.000
[INFO] [1791450624.251828153] [serial_twistctl_node]: [SERIAL_TX] Timestamp: 1791450624251814198, Sending command (1/1): vcx=0.000,wc=0.000
 [19 bytes written]
[INFO] [1791450624.301735143] [serial_twistctl_node]: [TWIST_RX] Received Twist message - linear.x=0.000, angular.z=0.000, scaled_angular.z=0.000
[INFO] [1791450624.301789163] [serial_twistctl_node]: [SERIAL_TX] Timestamp: 1791450624301776878, Sending command (1/1): vcx=0.000,wc=0.000
 [19 bytes written]
[INFO] [1791450624.351846455] [serial_twistctl_node]: [TWIST_RX] Received Twist message - linear.x=0.000, angular.z=0.000, scaled_angular.z=0.000
[INFO] [1791450624.351900114] [serial_twistctl_node]: [SERIAL_TX] Timestamp: 1791450624351888047, Sending command (1/1): vcx=0.000,wc=0.000
 [19 bytes written]
[INFO] [1791450624.401681919] [serial_twistctl_node]: [TWIST_RX] Received Twist message - linear.x=0.000, angular.z=0.000, scaled_angular.z=0.000
[INFO] [1791450624.401732021] [serial_twistctl_node]: [SERIAL_TX] Timestamp: 1791450624401720516, Sending command (1/1): vcx=0.000,wc=0.000
 [19 bytes written]
[INFO] [1791450624.451750056] [serial_twistctl_node]: [TWIST_RX] Received Twist message - linear.x=0.000, angular.z=0.000, scaled_angular.z=0.000
[INFO] [1791450624.451798046] [serial_twistctl_node]: [SERIAL_TX] Timestamp: 1791450624451786926, Sending command (1/1): vcx=0.000,wc=0.000
 [19 bytes written]
[INFO] [1791450624.501625785] [serial_twistctl_node]: [TWIST_RX] Received Twist message - linear.x=0.021, angular.z=0.000, scaled_angular.z=0.000
[INFO] [1791450624.501679738] [serial_twistctl_node]: [SERIAL_TX] Timestamp: 1791450624501668149, Sending command (1/1): vcx=0.021,wc=0.000
 [19 bytes written]
[INFO] [1791450624.551724192] [serial_twistctl_node]: [TWIST_RX] Received Twist message - linear.x=0.042, angular.z=0.000, scaled_angular.z=0.000
[INFO] [1791450624.551770687] [serial_twistctl_node]: [SERIAL_TX] Timestamp: 1791450624551761686, Sending command (1/1): vcx=0.042,wc=0.000
 [19 bytes written]
[INFO] [1791450624.601730250] [serial_twistctl_node]: [TWIST_RX] Received Twist message - linear.x=0.064, angular.z=0.000, scaled_angular.z=0.000
[INFO] [1791450624.601783836] [serial_twistctl_node]: [SERIAL_TX] Timestamp: 1791450624601771483, Sending command (1/1): vcx=0.064,wc=0.000
 [19 bytes written]
[INFO] [1791450624.651847272] [serial_twistctl_node]: [TWIST_RX] Received Twist message - linear.x=0.085, angular.z=0.000, scaled_angular.z=0.000
[INFO] [1791450624.651900882] [serial_twistctl_node]: [SERIAL_TX] Timestamp: 1791450624651889047, Sending command (1/1): vcx=0.085,wc=0.000
 [19 bytes written]
[INFO] [1791450624.701813676] [serial_twistctl_node]: [TWIST_RX] Received Twist message - linear.x=0.106, angular.z=0.000, scaled_angular.z=0.000
[INFO] [1791450624.701868379] [serial_twistctl_node]: [SERIAL_TX] Timestamp: 1791450624701856664, Sending command (1/1): vcx=0.106,wc=0.000
 [19 bytes written]
[INFO] [1791450624.751778007] [serial_twistctl_node]: [TWIST_RX] Received Twist message - linear.x=0.127, angular.z=0.000, scaled_angular.z=0.000
[INFO] [1791450624.751830121] [serial_twistctl_node]: [SERIAL_TX] Timestamp: 1791450624751817993, Sending command (1/1): vcx=0.127,wc=0.000
 [19 bytes written]
[INFO] [1791450624.801723346] [serial_twistctl_node]: [TWIST_RX] Received Twist message - linear.x=0.149, angular.z=0.000, scaled_angular.z=0.000
[INFO] [1791450624.801782158] [serial_twistctl_node]: [SERIAL_TX] Timestamp: 1791450624801769672, Sending command (1/1): vcx=0.149,wc=0.000
 [19 bytes written]
[INFO] [1791450624.851835093] [serial_twistctl_node]: [TWIST_RX] Received Twist message - linear.x=0.170, angular.z=0.000, scaled_angular.z=0.000
[INFO] [1791450624.851903071] [serial_twistctl_node]: [SERIAL_TX] Timestamp: 1791450624851890934, Sending command (1/1): vcx=0.170,wc=0.000
 [19 bytes written]
[INFO] [1791450624.901981058] [serial_twistctl_node]: [TWIST_RX] Received Twist message - linear.x=0.191, angular.z=0.000, scaled_angular.z=0.000
[INFO] [1791450624.902040805] [serial_twistctl_node]: [SERIAL_TX] Timestamp: 1791450624902025902, Sending command (1/1): vcx=0.191,wc=0.000
 [19 bytes written]
[INFO] [1791450624.951792721] [serial_twistctl_node]: [TWIST_RX] Received Twist message - linear.x=0.212, angular.z=0.000, scaled_angular.z=0.000
[INFO] [1791450624.951852671] [serial_twistctl_node]: [SERIAL_TX] Timestamp: 1791450624951840234, Sending command (1/1): vcx=0.212,wc=0.000
 [19 bytes written]
[INFO] [1791450625.001854499] [serial_twistctl_node]: [TWIST_RX] Received Twist message - linear.x=0.217, angular.z=0.000, scaled_angular.z=0.000
[INFO] [1791450625.001921752] [serial_twistctl_node]: [SERIAL_TX] Timestamp: 1791450625001907408, Sending command (1/1): vcx=0.217,wc=0.000
 [19 bytes written]
[INFO] [1791450625.051692997] [serial_twistctl_node]: [TWIST_RX] Received Twist message - linear.x=0.219, angular.z=0.000, scaled_angular.z=0.000
[INFO] [1791450625.051747767] [serial_twistctl_node]: [SERIAL_TX] Timestamp: 1791450625051735412, Sending command (1/1): vcx=0.219,wc=0.000
 [19 bytes written]
[INFO] [1791450625.101819400] [serial_twistctl_node]: [TWIST_RX] Received Twist message - linear.x=0.217, angular.z=0.000, scaled_angular.z=0.000
[INFO] [1791450625.101877924] [serial_twistctl_node]: [SERIAL_TX] Timestamp: 1791450625101864742, Sending command (1/1): vcx=0.217,wc=0.000
 [19 bytes written]
[INFO] [1791450625.151830263] [serial_twistctl_node]: [TWIST_RX] Received Twist message - linear.x=0.218, angular.z=0.000, scaled_angular.z=0.000
[INFO] [1791450625.151882246] [serial_twistctl_node]: [SERIAL_TX] Timestamp: 1791450625151870737, Sending command (1/1): vcx=0.218,wc=0.000
 [19 bytes written]
[INFO] [1791450625.201805233] [serial_twistctl_node]: [TWIST_RX] Received Twist message - linear.x=0.221, angular.z=0.000, scaled_angular.z=0.000
[INFO] [1791450625.201861122] [serial_twistctl_node]: [SERIAL_TX] Timestamp: 1791450625201847660, Sending command (1/1): vcx=0.221,wc=0.000
 [19 bytes written]
[INFO] [1791450625.251784878] [serial_twistctl_node]: [TWIST_RX] Received Twist message - linear.x=0.218, angular.z=0.000, scaled_angular.z=0.000
[INFO] [1791450625.251841561] [serial_twistctl_node]: [SERIAL_TX] Timestamp: 1791450625251828254, Sending command (1/1): vcx=0.218,wc=0.000
 [19 bytes written]
[INFO] [1791450625.301820305] [serial_twistctl_node]: [TWIST_RX] Received Twist message - linear.x=0.220, angular.z=0.000, scaled_angular.z=0.000
[INFO] [1791450625.301877427] [serial_twistctl_node]: [SERIAL_TX] Timestamp: 1791450625301863907, Sending command (1/1): vcx=0.220,wc=0.000
 [19 bytes written]
[INFO] [1791450625.351698733] [serial_twistctl_node]: [TWIST_RX] Received Twist message - linear.x=0.218, angular.z=0.000, scaled_angular.z=0.000
[INFO] [1791450625.351755947] [serial_twistctl_node]: [SERIAL_TX] Timestamp: 1791450625351742238, Sending command (1/1): vcx=0.218,wc=0.000
 [19 bytes written]
[INFO] [1791450625.401710567] [serial_twistctl_node]: [TWIST_RX] Received Twist message - linear.x=0.219, angular.z=0.000, scaled_angular.z=0.000
[INFO] [1791450625.401769942] [serial_twistctl_node]: [SERIAL_TX] Timestamp: 1791450625401757120, Sending command (1/1): vcx=0.219,wc=0.000
 [19 bytes written]
[INFO] [1791450625.451811491] [serial_twistctl_node]: [TWIST_RX] Received Twist message - linear.x=0.217, angular.z=0.000, scaled_angular.z=0.000
[INFO] [1791450625.451867057] [serial_twistctl_node]: [SERIAL_TX] Timestamp: 1791450625451854412, Sending command (1/1): vcx=0.217,wc=0.000
 [19 bytes written]
[INFO] [1791450625.501812911] [serial_twistctl_node]: [TWIST_RX] Received Twist message - linear.x=0.219, angular.z=0.000, scaled_angular.z=0.000
[INFO] [1791450625.501883176] [serial_twistctl_node]: [SERIAL_TX] Timestamp: 1791450625501869649, Sending command (1/1): vcx=0.219,wc=0.000
 [19 bytes written]
[INFO] [1791450625.551788449] [serial_twistctl_node]: [TWIST_RX] Received Twist message - linear.x=0.216, angular.z=0.000, scaled_angular.z=0.000
[INFO] [1791450625.551845608] [serial_twistctl_node]: [SERIAL_TX] Timestamp: 1791450625551834329, Sending command (1/1): vcx=0.216,wc=0.000
 [19 bytes written]
[INFO] [1791450625.601798224] [serial_twistctl_node]: [TWIST_RX] Received Twist message - linear.x=0.218, angular.z=0.000, scaled_angular.z=0.000
[INFO] [1791450625.601853337] [serial_twistctl_node]: [SERIAL_TX] Timestamp: 1791450625601841038, Sending command (1/1): vcx=0.218,wc=0.000
 [19 bytes written]
[INFO] [1791450625.651646191] [serial_twistctl_node]: [TWIST_RX] Received Twist message - linear.x=0.221, angular.z=0.000, scaled_angular.z=0.000
[INFO] [1791450625.651700360] [serial_twistctl_node]: [SERIAL_TX] Timestamp: 1791450625651688420, Sending command (1/1): vcx=0.221,wc=0.000
 [19 bytes written]
[INFO] [1791450625.701724640] [serial_twistctl_node]: [TWIST_RX] Received Twist message - linear.x=0.218, angular.z=0.000, scaled_angular.z=0.000
[INFO] [1791450625.701780875] [serial_twistctl_node]: [SERIAL_TX] Timestamp: 1791450625701768642, Sending command (1/1): vcx=0.218,wc=0.000
 [19 bytes written]
[INFO] [1791450625.751769426] [serial_twistctl_node]: [TWIST_RX] Received Twist message - linear.x=0.220, angular.z=0.000, scaled_angular.z=0.000
[INFO] [1791450625.751826212] [serial_twistctl_node]: [SERIAL_TX] Timestamp: 1791450625751813857, Sending command (1/1): vcx=0.220,wc=0.000
 [19 bytes written]
[INFO] [1791450625.801887287] [serial_twistctl_node]: [TWIST_RX] Received Twist message - linear.x=0.218, angular.z=0.000, scaled_angular.z=0.000
[INFO] [1791450625.801941062] [serial_twistctl_node]: [SERIAL_TX] Timestamp: 1791450625801929800, Sending command (1/1): vcx=0.218,wc=0.000
 [19 bytes written]
[INFO] [1791450625.851795124] [serial_twistctl_node]: [TWIST_RX] Received Twist message - linear.x=0.220, angular.z=0.000, scaled_angular.z=0.000
[INFO] [1791450625.851848754] [serial_twistctl_node]: [SERIAL_TX] Timestamp: 1791450625851837473, Sending command (1/1): vcx=0.220,wc=0.000
 [19 bytes written]
[INFO] [1791450625.901682961] [serial_twistctl_node]: [TWIST_RX] Received Twist message - linear.x=0.217, angular.z=0.000, scaled_angular.z=0.000
[INFO] [1791450625.901737355] [serial_twistctl_node]: [SERIAL_TX] Timestamp: 1791450625901724999, Sending command (1/1): vcx=0.217,wc=0.000
 [19 bytes written]
[INFO] [1791450625.951704735] [serial_twistctl_node]: [TWIST_RX] Received Twist message - linear.x=0.219, angular.z=0.000, scaled_angular.z=0.000
[INFO] [1791450625.951760212] [serial_twistctl_node]: [SERIAL_TX] Timestamp: 1791450625951748041, Sending command (1/1): vcx=0.219,wc=0.000
 [19 bytes written]
[INFO] [1791450626.001748418] [serial_twistctl_node]: [TWIST_RX] Received Twist message - linear.x=0.000, angular.z=0.000, scaled_angular.z=0.000
[INFO] [1791450626.001810329] [serial_twistctl_node]: [SERIAL_TX] Timestamp: 1791450626001798472, Sending command (1/1): vcx=0.000,wc=0.000
 [19 bytes written]
[INFO] [1791450626.051679172] [serial_twistctl_node]: [TWIST_RX] Received Twist message - linear.x=0.000, angular.z=0.000, scaled_angular.z=0.000
[INFO] [1791450626.051733987] [serial_twistctl_node]: [SERIAL_TX] Timestamp: 1791450626051722315, Sending command (1/1): vcx=0.000,wc=0.000
 [19 bytes written]
[INFO] [1791450626.101667334] [serial_twistctl_node]: [TWIST_RX] Received Twist message - linear.x=0.000, angular.z=0.000, scaled_angular.z=0.000
[INFO] [1791450626.101718606] [serial_twistctl_node]: [SERIAL_TX] Timestamp: 1791450626101707236, Sending command (1/1): vcx=0.000,wc=0.000
 [19 bytes written]
[INFO] [1791450626.151736390] [serial_twistctl_node]: [TWIST_RX] Received Twist message - linear.x=0.000, angular.z=0.000, scaled_angular.z=0.000
[INFO] [1791450626.151799747] [serial_twistctl_node]: [SERIAL_TX] Timestamp: 1791450626151788312, Sending command (1/1): vcx=0.000,wc=0.000
 [19 bytes written]
[INFO] [1791450626.201715756] [serial_twistctl_node]: [TWIST_RX] Received Twist message - linear.x=0.000, angular.z=0.000, scaled_angular.z=0.000
[INFO] [1791450626.201774372] [serial_twistctl_node]: [SERIAL_TX] Timestamp: 1791450626201758464, Sending command (1/1): vcx=0.000,wc=0.000
 [19 bytes written]
[INFO] [1791450626.251786622] [serial_twistctl_node]: [TWIST_RX] Received Twist message - linear.x=0.000, angular.z=0.000, scaled_angular.z=0.000
[INFO] [1791450626.251843746] [serial_twistctl_node]: [SERIAL_TX] Timestamp: 1791450626251831525, Sending command (1/1): vcx=0.000,wc=0.000
 [19 bytes written]
[INFO] [1791450626.301652237] [serial_twistctl_node]: [TWIST_RX] Received Twist message - linear.x=0.000, angular.z=0.000, scaled_angular.z=0.000
[INFO] [1791450626.301706123] [serial_twistctl_node]: [SERIAL_TX] Timestamp: 1791450626301694580, Sending command (1/1): vcx=0.000,wc=0.000
 [19 bytes written]
[INFO] [1791450626.351687633] [serial_twistctl_node]: [TWIST_RX] Received Twist message - linear.x=0.000, angular.z=0.000, scaled_angular.z=0.000
[INFO] [1791450626.351731350] [serial_twistctl_node]: [SERIAL_TX] Timestamp: 1791450626351722188, Sending command (1/1): vcx=0.000,wc=0.000
 [19 bytes written]
[INFO] [1791450626.401657083] [serial_twistctl_node]: [TWIST_RX] Received Twist message - linear.x=0.000, angular.z=0.000, scaled_angular.z=0.000
[INFO] [1791450626.401710700] [serial_twistctl_node]: [SERIAL_TX] Timestamp: 1791450626401699509, Sending command (1/1): vcx=0.000,wc=0.000
 [19 bytes written]
[INFO] [1791450626.451711309] [serial_twistctl_node]: [TWIST_RX] Received Twist message - linear.x=0.000, angular.z=0.000, scaled_angular.z=0.000
[INFO] [1791450626.451759625] [serial_twistctl_node]: [SERIAL_TX] Timestamp: 1791450626451748737, Sending command (1/1): vcx=0.000,wc=0.000
 [19 bytes written]
[INFO] [1791450626.501723254] [serial_twistctl_node]: [TWIST_RX] Received Twist message - linear.x=0.000, angular.z=0.000, scaled_angular.z=0.000
[INFO] [1791450626.501779528] [serial_twistctl_node]: [SERIAL_TX] Timestamp: 1791450626501767633, Sending command (1/1): vcx=0.000,wc=0.000
 [19 bytes written]
[INFO] [1791450626.551701299] [serial_twistctl_node]: [TWIST_RX] Received Twist message - linear.x=0.000, angular.z=0.000, scaled_angular.z=0.000
[INFO] [1791450626.551753500] [serial_twistctl_node]: [SERIAL_TX] Timestamp: 1791450626551742338, Sending command (1/1): vcx=0.000,wc=0.000
 [19 bytes written]
[INFO] [1791450626.601685336] [serial_twistctl_node]: [TWIST_RX] Received Twist message - linear.x=0.000, angular.z=0.000, scaled_angular.z=0.000
[INFO] [1791450626.601739606] [serial_twistctl_node]: [SERIAL_TX] Timestamp: 1791450626601727867, Sending command (1/1): vcx=0.000,wc=0.000
 [19 bytes written]
[INFO] [1791450626.651708782] [serial_twistctl_node]: [TWIST_RX] Received Twist message - linear.x=0.000, angular.z=0.000, scaled_angular.z=0.000
[INFO] [1791450626.651762993] [serial_twistctl_node]: [SERIAL_TX] Timestamp: 1791450626651750894, Sending command (1/1): vcx=0.000,wc=0.000
 [19 bytes written]
[INFO] [1791450626.701814437] [serial_twistctl_node]: [TWIST_RX] Received Twist message - linear.x=0.000, angular.z=0.000, scaled_angular.z=0.000
[INFO] [1791450626.701869994] [serial_twistctl_node]: [SERIAL_TX] Timestamp: 1791450626701857888, Sending command (1/1): vcx=0.000,wc=0.000
 [19 bytes written]
[INFO] [1791450626.751716794] [serial_twistctl_node]: [TWIST_RX] Received Twist message - linear.x=0.000, angular.z=0.000, scaled_angular.z=0.000
[INFO] [1791450626.751773774] [serial_twistctl_node]: [SERIAL_TX] Timestamp: 1791450626751762306, Sending command (1/1): vcx=0.000,wc=0.000
 [19 bytes written]
[INFO] [1791450626.801769327] [serial_twistctl_node]: [TWIST_RX] Received Twist message - linear.x=0.000, angular.z=0.000, scaled_angular.z=0.000
[INFO] [1791450626.801826049] [serial_twistctl_node]: [SERIAL_TX] Timestamp: 1791450626801813631, Sending command (1/1): vcx=0.000,wc=0.000
 [19 bytes written]
[INFO] [1791450626.851778986] [serial_twistctl_node]: [TWIST_RX] Received Twist message - linear.x=0.000, angular.z=0.000, scaled_angular.z=0.000
[INFO] [1791450626.851845115] [serial_twistctl_node]: [SERIAL_TX] Timestamp: 1791450626851833247, Sending command (1/1): vcx=0.000,wc=0.000
 [19 bytes written]
[INFO] [1791450626.901727124] [serial_twistctl_node]: [TWIST_RX] Received Twist message - linear.x=0.000, angular.z=0.000, scaled_angular.z=0.000
[INFO] [1791450626.901781055] [serial_twistctl_node]: [SERIAL_TX] Timestamp: 1791450626901769588, Sending command (1/1): vcx=0.000,wc=0.000
 [19 bytes written]
[INFO] [1791450626.951672545] [serial_twistctl_node]: [TWIST_RX] Received Twist message - linear.x=0.000, angular.z=0.000, scaled_angular.z=0.000
[INFO] [1791450626.951730738] [serial_twistctl_node]: [SERIAL_TX] Timestamp: 1791450626951717490, Sending command (1/1): vcx=0.000,wc=0.000
 [19 bytes written]
[INFO] [1791450627.001854511] [serial_twistctl_node]: [TWIST_RX] Received Twist message - linear.x=0.000, angular.z=0.000, scaled_angular.z=0.000
[INFO] [1791450627.001913245] [serial_twistctl_node]: [SERIAL_TX] Timestamp: 1791450627001901406, Sending command (1/1): vcx=0.000,wc=0.000
 [19 bytes written]
[INFO] [1791450627.051806656] [serial_twistctl_node]: [TWIST_RX] Received Twist message - linear.x=0.000, angular.z=0.000, scaled_angular.z=0.000
[INFO] [1791450627.051861648] [serial_twistctl_node]: [SERIAL_TX] Timestamp: 1791450627051849821, Sending command (1/1): vcx=0.000,wc=0.000
 [19 bytes written]
[INFO] [1791450627.101800153] [serial_twistctl_node]: [TWIST_RX] Received Twist message - linear.x=0.000, angular.z=0.000, scaled_angular.z=0.000
[INFO] [1791450627.101853985] [serial_twistctl_node]: [SERIAL_TX] Timestamp: 1791450627101842385, Sending command (1/1): vcx=0.000,wc=0.000
 [19 bytes written]
[INFO] [1791450627.151863919] [serial_twistctl_node]: [TWIST_RX] Received Twist message - linear.x=0.000, angular.z=0.000, scaled_angular.z=0.000
[INFO] [1791450627.151924122] [serial_twistctl_node]: [SERIAL_TX] Timestamp: 1791450627151906981, Sending command (1/1): vcx=0.000,wc=0.000
 [19 bytes written]
[INFO] [1791450627.201732502] [serial_twistctl_node]: [TWIST_RX] Received Twist message - linear.x=0.000, angular.z=0.000, scaled_angular.z=0.000
[INFO] [1791450627.201785691] [serial_twistctl_node]: [SERIAL_TX] Timestamp: 1791450627201774333, Sending command (1/1): vcx=0.000,wc=0.000
 [19 bytes written]
[INFO] [1791450627.251863906] [serial_twistctl_node]: [TWIST_RX] Received Twist message - linear.x=0.000, angular.z=0.000, scaled_angular.z=0.000
[INFO] [1791450627.251922191] [serial_twistctl_node]: [SERIAL_TX] Timestamp: 1791450627251908969, Sending command (1/1): vcx=0.000,wc=0.000
 [19 bytes written]
[INFO] [1791450627.301750461] [serial_twistctl_node]: [TWIST_RX] Received Twist message - linear.x=0.000, angular.z=0.000, scaled_angular.z=0.000
[INFO] [1791450627.301804445] [serial_twistctl_node]: [SERIAL_TX] Timestamp: 1791450627301792520, Sending command (1/1): vcx=0.000,wc=0.000
 [19 bytes written]
[INFO] [1791450627.351709888] [serial_twistctl_node]: [TWIST_RX] Received Twist message - linear.x=0.000, angular.z=0.000, scaled_angular.z=0.000
[INFO] [1791450627.351761477] [serial_twistctl_node]: [SERIAL_TX] Timestamp: 1791450627351750883, Sending command (1/1): vcx=0.000,wc=0.000
 [19 bytes written]
[INFO] [1791450627.401754130] [serial_twistctl_node]: [TWIST_RX] Received Twist message - linear.x=0.000, angular.z=0.000, scaled_angular.z=0.000
[INFO] [1791450627.401809738] [serial_twistctl_node]: [SERIAL_TX] Timestamp: 1791450627401797667, Sending command (1/1): vcx=0.000,wc=0.000
 [19 bytes written]
[INFO] [1791450627.451729011] [serial_twistctl_node]: [TWIST_RX] Received Twist message - linear.x=0.000, angular.z=0.000, scaled_angular.z=0.000
[INFO] [1791450627.451771486] [serial_twistctl_node]: [SERIAL_TX] Timestamp: 1791450627451762105, Sending command (1/1): vcx=0.000,wc=0.000
 [19 bytes written]
[INFO] [1791450627.501766867] [serial_twistctl_node]: [TWIST_RX] Received Twist message - linear.x=0.000, angular.z=0.000, scaled_angular.z=0.000
[INFO] [1791450627.501815383] [serial_twistctl_node]: [SERIAL_TX] Timestamp: 1791450627501805811, Sending command (1/1): vcx=0.000,wc=0.000
 [19 bytes written]
[INFO] [1791450627.551697810] [serial_twistctl_node]: [TWIST_RX] Received Twist message - linear.x=0.000, angular.z=0.000, scaled_angular.z=0.000
[INFO] [1791450627.551736589] [serial_twistctl_node]: [SERIAL_TX] Timestamp: 1791450627551728574, Sending command (1/1): vcx=0.000,wc=0.000
 [19 bytes written]
[INFO] [1791450627.601686923] [serial_twistctl_node]: [TWIST_RX] Received Twist message - linear.x=0.000, angular.z=0.000, scaled_angular.z=0.000
[INFO] [1791450627.601727621] [serial_twistctl_node]: [SERIAL_TX] Timestamp: 1791450627601718660, Sending command (1/1): vcx=0.000,wc=0.000
 [19 bytes written]
[INFO] [1791450627.651733299] [serial_twistctl_node]: [TWIST_RX] Received Twist message - linear.x=0.000, angular.z=0.000, scaled_angular.z=0.000
[INFO] [1791450627.651769640] [serial_twistctl_node]: [SERIAL_TX] Timestamp: 1791450627651762160, Sending command (1/1): vcx=0.000,wc=0.000
 [19 bytes written]
[INFO] [1791450627.701756180] [serial_twistctl_node]: [TWIST_RX] Received Twist message - linear.x=0.000, angular.z=0.000, scaled_angular.z=0.000
[INFO] [1791450627.701795136] [serial_twistctl_node]: [SERIAL_TX] Timestamp: 1791450627701786582, Sending command (1/1): vcx=0.000,wc=0.000
 [19 bytes written]
[INFO] [1791450627.751689043] [serial_twistctl_node]: [TWIST_RX] Received Twist message - linear.x=0.000, angular.z=0.000, scaled_angular.z=0.000
[INFO] [1791450627.751722936] [serial_twistctl_node]: [SERIAL_TX] Timestamp: 1791450627751716122, Sending command (1/1): vcx=0.000,wc=0.000
 [19 bytes written]
[INFO] [1791450627.801649987] [serial_twistctl_node]: [TWIST_RX] Received Twist message - linear.x=0.000, angular.z=0.000, scaled_angular.z=0.000
[INFO] [1791450627.801688956] [serial_twistctl_node]: [SERIAL_TX] Timestamp: 1791450627801680609, Sending command (1/1): vcx=0.000,wc=0.000
 [19 bytes written]
[INFO] [1791450627.851709636] [serial_twistctl_node]: [TWIST_RX] Received Twist message - linear.x=0.000, angular.z=0.000, scaled_angular.z=0.000
[INFO] [1791450627.851745630] [serial_twistctl_node]: [SERIAL_TX] Timestamp: 1791450627851738270, Sending command (1/1): vcx=0.000,wc=0.000
 [19 bytes written]
[INFO] [1791450627.901728690] [serial_twistctl_node]: [TWIST_RX] Received Twist message - linear.x=0.000, angular.z=0.000, scaled_angular.z=0.000
[INFO] [1791450627.901766351] [serial_twistctl_node]: [SERIAL_TX] Timestamp: 1791450627901758270, Sending command (1/1): vcx=0.000,wc=0.000
 [19 bytes written]
[INFO] [1791450627.951809027] [serial_twistctl_node]: [TWIST_RX] Received Twist message - linear.x=0.000, angular.z=0.000, scaled_angular.z=0.000
[INFO] [1791450627.951848720] [serial_twistctl_node]: [SERIAL_TX] Timestamp: 1791450627951841001, Sending command (1/1): vcx=0.000,wc=0.000
 [19 bytes written]
[INFO] [1791450628.001640558] [serial_twistctl_node]: [TWIST_RX] Received Twist message - linear.x=0.000, angular.z=0.000, scaled_angular.z=0.000
[INFO] [1791450628.001686915] [serial_twistctl_node]: [SERIAL_TX] Timestamp: 1791450628001679179, Sending command (1/1): vcx=0.000,wc=0.000
 [19 bytes written]
[INFO] [1791450628.051614557] [serial_twistctl_node]: [TWIST_RX] Received Twist message - linear.x=0.000, angular.z=0.000, scaled_angular.z=0.000
[INFO] [1791450628.051650456] [serial_twistctl_node]: [SERIAL_TX] Timestamp: 1791450628051642902, Sending command (1/1): vcx=0.000,wc=0.000
 [19 bytes written]
[INFO] [1791450628.101792308] [serial_twistctl_node]: [TWIST_RX] Received Twist message - linear.x=0.000, angular.z=0.000, scaled_angular.z=0.000
[INFO] [1791450628.101831670] [serial_twistctl_node]: [SERIAL_TX] Timestamp: 1791450628101823389, Sending command (1/1): vcx=0.000,wc=0.000
 [19 bytes written]
[INFO] [1791450628.151728205] [serial_twistctl_node]: [TWIST_RX] Received Twist message - linear.x=0.000, angular.z=0.000, scaled_angular.z=0.000
[INFO] [1791450628.151772973] [serial_twistctl_node]: [SERIAL_TX] Timestamp: 1791450628151764064, Sending command (1/1): vcx=0.000,wc=0.000
 [19 bytes written]
[INFO] [1791450628.201780247] [serial_twistctl_node]: [TWIST_RX] Received Twist message - linear.x=0.000, angular.z=0.000, scaled_angular.z=0.000
[INFO] [1791450628.201818552] [serial_twistctl_node]: [SERIAL_TX] Timestamp: 1791450628201810515, Sending command (1/1): vcx=0.000,wc=0.000
 [19 bytes written]
[INFO] [1791450628.251840489] [serial_twistctl_node]: [TWIST_RX] Received Twist message - linear.x=0.000, angular.z=0.000, scaled_angular.z=0.000
[INFO] [1791450628.251884588] [serial_twistctl_node]: [SERIAL_TX] Timestamp: 1791450628251875193, Sending command (1/1): vcx=0.000,wc=0.000
 [19 bytes written]
[INFO] [1791450628.301662243] [serial_twistctl_node]: [TWIST_RX] Received Twist message - linear.x=0.000, angular.z=0.000, scaled_angular.z=0.000
[INFO] [1791450628.301702530] [serial_twistctl_node]: [SERIAL_TX] Timestamp: 1791450628301694176, Sending command (1/1): vcx=0.000,wc=0.000
 [19 bytes written]
[INFO] [1791450628.351705322] [serial_twistctl_node]: [TWIST_RX] Received Twist message - linear.x=0.000, angular.z=0.000, scaled_angular.z=0.000
[INFO] [1791450628.351738784] [serial_twistctl_node]: [SERIAL_TX] Timestamp: 1791450628351732001, Sending command (1/1): vcx=0.000,wc=0.000
 [19 bytes written]
[INFO] [1791450628.401749252] [serial_twistctl_node]: [TWIST_RX] Received Twist message - linear.x=0.000, angular.z=0.000, scaled_angular.z=0.000
[INFO] [1791450628.401790598] [serial_twistctl_node]: [SERIAL_TX] Timestamp: 1791450628401782390, Sending command (1/1): vcx=0.000,wc=0.000
 [19 bytes written]
[INFO] [1791450628.451744860] [serial_twistctl_node]: [TWIST_RX] Received Twist message - linear.x=0.000, angular.z=0.000, scaled_angular.z=0.000
[INFO] [1791450628.451782960] [serial_twistctl_node]: [SERIAL_TX] Timestamp: 1791450628451771788, Sending command (1/1): vcx=0.000,wc=0.000
 [19 bytes written]
[INFO] [1791450628.501904673] [serial_twistctl_node]: [TWIST_RX] Received Twist message - linear.x=0.000, angular.z=0.000, scaled_angular.z=0.000
[INFO] [1791450628.501944672] [serial_twistctl_node]: [SERIAL_TX] Timestamp: 1791450628501935452, Sending command (1/1): vcx=0.000,wc=0.000
 [19 bytes written]
[INFO] [1791450628.551760494] [serial_twistctl_node]: [TWIST_RX] Received Twist message - linear.x=0.000, angular.z=0.000, scaled_angular.z=0.000
[INFO] [1791450628.551805047] [serial_twistctl_node]: [SERIAL_TX] Timestamp: 1791450628551796626, Sending command (1/1): vcx=0.000,wc=0.000
 [19 bytes written]
[INFO] [1791450628.601779680] [serial_twistctl_node]: [TWIST_RX] Received Twist message - linear.x=0.000, angular.z=0.000, scaled_angular.z=0.000
[INFO] [1791450628.601815356] [serial_twistctl_node]: [SERIAL_TX] Timestamp: 1791450628601808475, Sending command (1/1): vcx=0.000,wc=0.000
 [19 bytes written]
[INFO] [1791450628.651904515] [serial_twistctl_node]: [TWIST_RX] Received Twist message - linear.x=0.000, angular.z=0.000, scaled_angular.z=0.000
[INFO] [1791450628.651938051] [serial_twistctl_node]: [SERIAL_TX] Timestamp: 1791450628651931119, Sending command (1/1): vcx=0.000,wc=0.000
 [19 bytes written]
[INFO] [1791450628.701642741] [serial_twistctl_node]: [TWIST_RX] Received Twist message - linear.x=0.000, angular.z=0.000, scaled_angular.z=0.000
[INFO] [1791450628.701681637] [serial_twistctl_node]: [SERIAL_TX] Timestamp: 1791450628701671711, Sending command (1/1): vcx=0.000,wc=0.000
 [19 bytes written]
[INFO] [1791450628.751665780] [serial_twistctl_node]: [TWIST_RX] Received Twist message - linear.x=0.000, angular.z=0.000, scaled_angular.z=0.000
[INFO] [1791450628.751707848] [serial_twistctl_node]: [SERIAL_TX] Timestamp: 1791450628751700861, Sending command (1/1): vcx=0.000,wc=0.000
 [19 bytes written]
[INFO] [1791450628.801689442] [serial_twistctl_node]: [TWIST_RX] Received Twist message - linear.x=0.000, angular.z=0.000, scaled_angular.z=0.000
[INFO] [1791450628.801725878] [serial_twistctl_node]: [SERIAL_TX] Timestamp: 1791450628801718125, Sending command (1/1): vcx=0.000,wc=0.000
 [19 bytes written]
[INFO] [1791450628.851743969] [serial_twistctl_node]: [TWIST_RX] Received Twist message - linear.x=0.000, angular.z=0.000, scaled_angular.z=0.000
[INFO] [1791450628.851786907] [serial_twistctl_node]: [SERIAL_TX] Timestamp: 1791450628851779248, Sending command (1/1): vcx=0.000,wc=0.000
 [19 bytes written]
[INFO] [1791450628.901749836] [serial_twistctl_node]: [TWIST_RX] Received Twist message - linear.x=0.000, angular.z=0.000, scaled_angular.z=0.000
[INFO] [1791450628.901791838] [serial_twistctl_node]: [SERIAL_TX] Timestamp: 1791450628901783088, Sending command (1/1): vcx=0.000,wc=0.000
 [19 bytes written]
[INFO] [1791450628.951793789] [serial_twistctl_node]: [TWIST_RX] Received Twist message - linear.x=0.000, angular.z=0.000, scaled_angular.z=0.000
[INFO] [1791450628.951829281] [serial_twistctl_node]: [SERIAL_TX] Timestamp: 1791450628951821964, Sending command (1/1): vcx=0.000,wc=0.000
 [19 bytes written]
[INFO] [1791450629.001836485] [serial_twistctl_node]: [TWIST_RX] Received Twist message - linear.x=0.000, angular.z=0.000, scaled_angular.z=0.000
[INFO] [1791450629.001877048] [serial_twistctl_node]: [SERIAL_TX] Timestamp: 1791450629001869468, Sending command (1/1): vcx=0.000,wc=0.000
 [19 bytes written]
[INFO] [1791450629.051757800] [serial_twistctl_node]: [TWIST_RX] Received Twist message - linear.x=0.000, angular.z=0.000, scaled_angular.z=0.000
[INFO] [1791450629.051794319] [serial_twistctl_node]: [SERIAL_TX] Timestamp: 1791450629051786739, Sending command (1/1): vcx=0.000,wc=0.000
 [19 bytes written]
[INFO] [1791450629.101780539] [serial_twistctl_node]: [TWIST_RX] Received Twist message - linear.x=0.000, angular.z=0.000, scaled_angular.z=0.000
[INFO] [1791450629.101818490] [serial_twistctl_node]: [SERIAL_TX] Timestamp: 1791450629101811313, Sending command (1/1): vcx=0.000,wc=0.000
 [19 bytes written]
[INFO] [1791450629.151831949] [serial_twistctl_node]: [TWIST_RX] Received Twist message - linear.x=0.000, angular.z=0.000, scaled_angular.z=0.000
[INFO] [1791450629.151867667] [serial_twistctl_node]: [SERIAL_TX] Timestamp: 1791450629151860488, Sending command (1/1): vcx=0.000,wc=0.000
 [19 bytes written]
[INFO] [1791450629.201755910] [serial_twistctl_node]: [TWIST_RX] Received Twist message - linear.x=0.000, angular.z=0.000, scaled_angular.z=0.000
[INFO] [1791450629.201799182] [serial_twistctl_node]: [SERIAL_TX] Timestamp: 1791450629201790026, Sending command (1/1): vcx=0.000,wc=0.000
 [19 bytes written]
[INFO] [1791450629.251721662] [serial_twistctl_node]: [TWIST_RX] Received Twist message - linear.x=0.000, angular.z=0.000, scaled_angular.z=0.000
[INFO] [1791450629.251759739] [serial_twistctl_node]: [SERIAL_TX] Timestamp: 1791450629251751803, Sending command (1/1): vcx=0.000,wc=0.000
 [19 bytes written]
[INFO] [1791450629.301775238] [serial_twistctl_node]: [TWIST_RX] Received Twist message - linear.x=0.000, angular.z=0.000, scaled_angular.z=0.000
[INFO] [1791450629.301818367] [serial_twistctl_node]: [SERIAL_TX] Timestamp: 1791450629301808955, Sending command (1/1): vcx=0.000,wc=0.000
 [19 bytes written]
[INFO] [1791450629.351765618] [serial_twistctl_node]: [TWIST_RX] Received Twist message - linear.x=0.000, angular.z=0.000, scaled_angular.z=0.000
[INFO] [1791450629.351802878] [serial_twistctl_node]: [SERIAL_TX] Timestamp: 1791450629351794939, Sending command (1/1): vcx=0.000,wc=0.000
 [19 bytes written]
[INFO] [1791450629.401757817] [serial_twistctl_node]: [TWIST_RX] Received Twist message - linear.x=0.000, angular.z=0.000, scaled_angular.z=0.000
[INFO] [1791450629.401801792] [serial_twistctl_node]: [SERIAL_TX] Timestamp: 1791450629401788461, Sending command (1/1): vcx=0.000,wc=0.000
 [19 bytes written]
[INFO] [1791450629.451774327] [serial_twistctl_node]: [TWIST_RX] Received Twist message - linear.x=0.000, angular.z=0.000, scaled_angular.z=0.000
[INFO] [1791450629.451819878] [serial_twistctl_node]: [SERIAL_TX] Timestamp: 1791450629451808127, Sending command (1/1): vcx=0.000,wc=0.000
 [19 bytes written]
[INFO] [1791450629.501786192] [serial_twistctl_node]: [TWIST_RX] Received Twist message - linear.x=0.000, angular.z=0.000, scaled_angular.z=0.000
[INFO] [1791450629.501829200] [serial_twistctl_node]: [SERIAL_TX] Timestamp: 1791450629501821656, Sending command (1/1): vcx=0.000,wc=0.000
 [19 bytes written]
[INFO] [1791450629.551860966] [serial_twistctl_node]: [TWIST_RX] Received Twist message - linear.x=0.000, angular.z=0.000, scaled_angular.z=0.000
[INFO] [1791450629.551897760] [serial_twistctl_node]: [SERIAL_TX] Timestamp: 1791450629551889726, Sending command (1/1): vcx=0.000,wc=0.000
 [19 bytes written]
[INFO] [1791450629.601798144] [serial_twistctl_node]: [TWIST_RX] Received Twist message - linear.x=0.000, angular.z=0.000, scaled_angular.z=0.000
[INFO] [1791450629.601833921] [serial_twistctl_node]: [SERIAL_TX] Timestamp: 1791450629601826266, Sending command (1/1): vcx=0.000,wc=0.000
 [19 bytes written]
[INFO] [1791450629.651597093] [serial_twistctl_node]: [TWIST_RX] Received Twist message - linear.x=0.000, angular.z=0.000, scaled_angular.z=0.000
[INFO] [1791450629.651637529] [serial_twistctl_node]: [SERIAL_TX] Timestamp: 1791450629651629375, Sending command (1/1): vcx=0.000,wc=0.000
 [19 bytes written]
[INFO] [1791450629.701788483] [serial_twistctl_node]: [TWIST_RX] Received Twist message - linear.x=0.021, angular.z=0.000, scaled_angular.z=0.000
[INFO] [1791450629.701824710] [serial_twistctl_node]: [SERIAL_TX] Timestamp: 1791450629701815273, Sending command (1/1): vcx=0.021,wc=0.000
 [19 bytes written]
[INFO] [1791450629.751821129] [serial_twistctl_node]: [TWIST_RX] Received Twist message - linear.x=0.043, angular.z=0.000, scaled_angular.z=0.000
[INFO] [1791450629.751856443] [serial_twistctl_node]: [SERIAL_TX] Timestamp: 1791450629751847987, Sending command (1/1): vcx=0.043,wc=0.000
 [19 bytes written]
[INFO] [1791450629.801668123] [serial_twistctl_node]: [TWIST_RX] Received Twist message - linear.x=0.064, angular.z=0.000, scaled_angular.z=0.000
[INFO] [1791450629.801709873] [serial_twistctl_node]: [SERIAL_TX] Timestamp: 1791450629801700770, Sending command (1/1): vcx=0.064,wc=0.000
 [19 bytes written]
[INFO] [1791450629.851816534] [serial_twistctl_node]: [TWIST_RX] Received Twist message - linear.x=0.085, angular.z=0.000, scaled_angular.z=0.000
[INFO] [1791450629.851854566] [serial_twistctl_node]: [SERIAL_TX] Timestamp: 1791450629851846595, Sending command (1/1): vcx=0.085,wc=0.000
 [19 bytes written]
[INFO] [1791450629.901881391] [serial_twistctl_node]: [TWIST_RX] Received Twist message - linear.x=0.106, angular.z=0.000, scaled_angular.z=0.000
[INFO] [1791450629.901921860] [serial_twistctl_node]: [SERIAL_TX] Timestamp: 1791450629901913363, Sending command (1/1): vcx=0.106,wc=0.000
 [19 bytes written]
[INFO] [1791450629.951731467] [serial_twistctl_node]: [TWIST_RX] Received Twist message - linear.x=0.128, angular.z=0.000, scaled_angular.z=0.000
[INFO] [1791450629.951772991] [serial_twistctl_node]: [SERIAL_TX] Timestamp: 1791450629951764698, Sending command (1/1): vcx=0.128,wc=0.000
 [19 bytes written]
[INFO] [1791450630.001748328] [serial_twistctl_node]: [TWIST_RX] Received Twist message - linear.x=0.149, angular.z=0.000, scaled_angular.z=0.000
[INFO] [1791450630.001788101] [serial_twistctl_node]: [SERIAL_TX] Timestamp: 1791450630001780314, Sending command (1/1): vcx=0.149,wc=0.000
 [19 bytes written]
[INFO] [1791450630.051829474] [serial_twistctl_node]: [TWIST_RX] Received Twist message - linear.x=0.170, angular.z=0.000, scaled_angular.z=0.000
[INFO] [1791450630.051867987] [serial_twistctl_node]: [SERIAL_TX] Timestamp: 1791450630051860121, Sending command (1/1): vcx=0.170,wc=0.000
 [19 bytes written]
[INFO] [1791450630.101811738] [serial_twistctl_node]: [TWIST_RX] Received Twist message - linear.x=0.191, angular.z=0.000, scaled_angular.z=0.000
[INFO] [1791450630.101852321] [serial_twistctl_node]: [SERIAL_TX] Timestamp: 1791450630101843899, Sending command (1/1): vcx=0.191,wc=0.000
 [19 bytes written]
[INFO] [1791450630.151818818] [serial_twistctl_node]: [TWIST_RX] Received Twist message - linear.x=0.213, angular.z=0.000, scaled_angular.z=0.000
[INFO] [1791450630.151860652] [serial_twistctl_node]: [SERIAL_TX] Timestamp: 1791450630151851970, Sending command (1/1): vcx=0.213,wc=0.000
 [19 bytes written]
[INFO] [1791450630.201819168] [serial_twistctl_node]: [TWIST_RX] Received Twist message - linear.x=0.219, angular.z=0.000, scaled_angular.z=0.000
[INFO] [1791450630.201871829] [serial_twistctl_node]: [SERIAL_TX] Timestamp: 1791450630201863075, Sending command (1/1): vcx=0.219,wc=0.000
 [19 bytes written]
[INFO] [1791450630.251843077] [serial_twistctl_node]: [TWIST_RX] Received Twist message - linear.x=0.217, angular.z=0.000, scaled_angular.z=0.000
[INFO] [1791450630.251886275] [serial_twistctl_node]: [SERIAL_TX] Timestamp: 1791450630251877318, Sending command (1/1): vcx=0.217,wc=0.000
 [19 bytes written]
[INFO] [1791450630.301586880] [serial_twistctl_node]: [TWIST_RX] Received Twist message - linear.x=0.219, angular.z=0.000, scaled_angular.z=0.000
[INFO] [1791450630.301629982] [serial_twistctl_node]: [SERIAL_TX] Timestamp: 1791450630301620264, Sending command (1/1): vcx=0.219,wc=0.000
 [19 bytes written]
[INFO] [1791450630.351797552] [serial_twistctl_node]: [TWIST_RX] Received Twist message - linear.x=0.216, angular.z=0.000, scaled_angular.z=0.000
[INFO] [1791450630.351832465] [serial_twistctl_node]: [SERIAL_TX] Timestamp: 1791450630351825551, Sending command (1/1): vcx=0.216,wc=0.000
 [19 bytes written]
[INFO] [1791450630.401864820] [serial_twistctl_node]: [TWIST_RX] Received Twist message - linear.x=0.218, angular.z=0.000, scaled_angular.z=0.000
[INFO] [1791450630.401902825] [serial_twistctl_node]: [SERIAL_TX] Timestamp: 1791450630401894020, Sending command (1/1): vcx=0.218,wc=0.000
 [19 bytes written]
[INFO] [1791450630.451748195] [serial_twistctl_node]: [TWIST_RX] Received Twist message - linear.x=0.221, angular.z=0.000, scaled_angular.z=0.000
[INFO] [1791450630.451782619] [serial_twistctl_node]: [SERIAL_TX] Timestamp: 1791450630451775292, Sending command (1/1): vcx=0.221,wc=0.000
 [19 bytes written]
[INFO] [1791450630.501940554] [serial_twistctl_node]: [TWIST_RX] Received Twist message - linear.x=0.218, angular.z=0.000, scaled_angular.z=0.000
[INFO] [1791450630.501984358] [serial_twistctl_node]: [SERIAL_TX] Timestamp: 1791450630501975881, Sending command (1/1): vcx=0.218,wc=0.000
 [19 bytes written]
[INFO] [1791450630.551865370] [serial_twistctl_node]: [TWIST_RX] Received Twist message - linear.x=0.220, angular.z=0.000, scaled_angular.z=0.000
[INFO] [1791450630.551902805] [serial_twistctl_node]: [SERIAL_TX] Timestamp: 1791450630551894935, Sending command (1/1): vcx=0.220,wc=0.000
 [19 bytes written]
[INFO] [1791450630.601820710] [serial_twistctl_node]: [TWIST_RX] Received Twist message - linear.x=0.218, angular.z=0.000, scaled_angular.z=0.000
[INFO] [1791450630.601857448] [serial_twistctl_node]: [SERIAL_TX] Timestamp: 1791450630601849247, Sending command (1/1): vcx=0.218,wc=0.000
 [19 bytes written]
[INFO] [1791450630.651865295] [serial_twistctl_node]: [TWIST_RX] Received Twist message - linear.x=0.220, angular.z=0.000, scaled_angular.z=0.000
[INFO] [1791450630.651901532] [serial_twistctl_node]: [SERIAL_TX] Timestamp: 1791450630651893695, Sending command (1/1): vcx=0.220,wc=0.000
 [19 bytes written]
[INFO] [1791450630.701862206] [serial_twistctl_node]: [TWIST_RX] Received Twist message - linear.x=0.218, angular.z=0.000, scaled_angular.z=0.000
[INFO] [1791450630.701898344] [serial_twistctl_node]: [SERIAL_TX] Timestamp: 1791450630701890417, Sending command (1/1): vcx=0.218,wc=0.000
 [19 bytes written]
[INFO] [1791450630.751708148] [serial_twistctl_node]: [TWIST_RX] Received Twist message - linear.x=0.219, angular.z=0.000, scaled_angular.z=0.000
[INFO] [1791450630.751745444] [serial_twistctl_node]: [SERIAL_TX] Timestamp: 1791450630751737082, Sending command (1/1): vcx=0.219,wc=0.000
 [19 bytes written]
[INFO] [1791450630.801826774] [serial_twistctl_node]: [TWIST_RX] Received Twist message - linear.x=0.217, angular.z=0.000, scaled_angular.z=0.000
[INFO] [1791450630.801865741] [serial_twistctl_node]: [SERIAL_TX] Timestamp: 1791450630801856458, Sending command (1/1): vcx=0.217,wc=0.000
 [19 bytes written]
[INFO] [1791450630.851854876] [serial_twistctl_node]: [TWIST_RX] Received Twist message - linear.x=0.219, angular.z=0.000, scaled_angular.z=0.000
[INFO] [1791450630.851899144] [serial_twistctl_node]: [SERIAL_TX] Timestamp: 1791450630851890800, Sending command (1/1): vcx=0.219,wc=0.000
 [19 bytes written]
[INFO] [1791450630.901840360] [serial_twistctl_node]: [TWIST_RX] Received Twist message - linear.x=0.216, angular.z=0.000, scaled_angular.z=0.000
[INFO] [1791450630.901885643] [serial_twistctl_node]: [SERIAL_TX] Timestamp: 1791450630901876404, Sending command (1/1): vcx=0.216,wc=0.000
 [19 bytes written]
[INFO] [1791450630.951798450] [serial_twistctl_node]: [TWIST_RX] Received Twist message - linear.x=0.218, angular.z=0.000, scaled_angular.z=0.000
[INFO] [1791450630.951831789] [serial_twistctl_node]: [SERIAL_TX] Timestamp: 1791450630951824324, Sending command (1/1): vcx=0.218,wc=0.000
 [19 bytes written]
[INFO] [1791450631.001903941] [serial_twistctl_node]: [TWIST_RX] Received Twist message - linear.x=0.221, angular.z=0.000, scaled_angular.z=0.000
[INFO] [1791450631.001950066] [serial_twistctl_node]: [SERIAL_TX] Timestamp: 1791450631001940917, Sending command (1/1): vcx=0.221,wc=0.000
 [19 bytes written]
[INFO] [1791450631.051913523] [serial_twistctl_node]: [TWIST_RX] Received Twist message - linear.x=0.218, angular.z=0.000, scaled_angular.z=0.000
[INFO] [1791450631.051949231] [serial_twistctl_node]: [SERIAL_TX] Timestamp: 1791450631051941150, Sending command (1/1): vcx=0.218,wc=0.000
 [19 bytes written]
[INFO] [1791450631.101843933] [serial_twistctl_node]: [TWIST_RX] Received Twist message - linear.x=0.220, angular.z=0.000, scaled_angular.z=0.000
[INFO] [1791450631.101884100] [serial_twistctl_node]: [SERIAL_TX] Timestamp: 1791450631101875227, Sending command (1/1): vcx=0.220,wc=0.000
 [19 bytes written]
[INFO] [1791450631.151869444] [serial_twistctl_node]: [TWIST_RX] Received Twist message - linear.x=0.218, angular.z=0.000, scaled_angular.z=0.000
[INFO] [1791450631.151907385] [serial_twistctl_node]: [SERIAL_TX] Timestamp: 1791450631151899755, Sending command (1/1): vcx=0.218,wc=0.000
 [19 bytes written]
[INFO] [1791450631.201680888] [serial_twistctl_node]: [TWIST_RX] Received Twist message - linear.x=0.220, angular.z=0.000, scaled_angular.z=0.000
[INFO] [1791450631.201718750] [serial_twistctl_node]: [SERIAL_TX] Timestamp: 1791450631201709806, Sending command (1/1): vcx=0.220,wc=0.000
 [19 bytes written]
[INFO] [1791450631.251827361] [serial_twistctl_node]: [TWIST_RX] Received Twist message - linear.x=0.217, angular.z=0.000, scaled_angular.z=0.000
[INFO] [1791450631.251871943] [serial_twistctl_node]: [SERIAL_TX] Timestamp: 1791450631251863318, Sending command (1/1): vcx=0.217,wc=0.000
 [19 bytes written]
[INFO] [1791450631.301862098] [serial_twistctl_node]: [TWIST_RX] Received Twist message - linear.x=0.219, angular.z=0.000, scaled_angular.z=0.000
[INFO] [1791450631.301899543] [serial_twistctl_node]: [SERIAL_TX] Timestamp: 1791450631301891633, Sending command (1/1): vcx=0.219,wc=0.000
 [19 bytes written]
[INFO] [1791450631.351833501] [serial_twistctl_node]: [TWIST_RX] Received Twist message - linear.x=0.221, angular.z=0.000, scaled_angular.z=0.000
[INFO] [1791450631.351867703] [serial_twistctl_node]: [SERIAL_TX] Timestamp: 1791450631351860826, Sending command (1/1): vcx=0.221,wc=0.000
 [19 bytes written]
[INFO] [1791450631.401889923] [serial_twistctl_node]: [TWIST_RX] Received Twist message - linear.x=0.218, angular.z=0.000, scaled_angular.z=0.000
[INFO] [1791450631.401926245] [serial_twistctl_node]: [SERIAL_TX] Timestamp: 1791450631401918358, Sending command (1/1): vcx=0.218,wc=0.000
 [19 bytes written]
[INFO] [1791450631.451827555] [serial_twistctl_node]: [TWIST_RX] Received Twist message - linear.x=0.220, angular.z=0.000, scaled_angular.z=0.000
[INFO] [1791450631.451859670] [serial_twistctl_node]: [SERIAL_TX] Timestamp: 1791450631451852992, Sending command (1/1): vcx=0.220,wc=0.000
 [19 bytes written]
[INFO] [1791450631.501956002] [serial_twistctl_node]: [TWIST_RX] Received Twist message - linear.x=0.216, angular.z=0.000, scaled_angular.z=0.000
[INFO] [1791450631.501993282] [serial_twistctl_node]: [SERIAL_TX] Timestamp: 1791450631501985669, Sending command (1/1): vcx=0.216,wc=0.000
 [19 bytes written]
[INFO] [1791450631.551974173] [serial_twistctl_node]: [TWIST_RX] Received Twist message - linear.x=0.219, angular.z=0.000, scaled_angular.z=0.000
[INFO] [1791450631.552006876] [serial_twistctl_node]: [SERIAL_TX] Timestamp: 1791450631552000103, Sending command (1/1): vcx=0.219,wc=0.000
 [19 bytes written]
[INFO] [1791450631.601933595] [serial_twistctl_node]: [TWIST_RX] Received Twist message - linear.x=0.221, angular.z=0.000, scaled_angular.z=0.000
[INFO] [1791450631.601969677] [serial_twistctl_node]: [SERIAL_TX] Timestamp: 1791450631601961262, Sending command (1/1): vcx=0.221,wc=0.000
 [19 bytes written]
[INFO] [1791450631.651724313] [serial_twistctl_node]: [TWIST_RX] Received Twist message - linear.x=0.217, angular.z=0.000, scaled_angular.z=0.000
[INFO] [1791450631.651756601] [serial_twistctl_node]: [SERIAL_TX] Timestamp: 1791450631651749614, Sending command (1/1): vcx=0.217,wc=0.000
 [19 bytes written]
[INFO] [1791450631.701761737] [serial_twistctl_node]: [TWIST_RX] Received Twist message - linear.x=0.000, angular.z=0.000, scaled_angular.z=0.000
[INFO] [1791450631.701810513] [serial_twistctl_node]: [SERIAL_TX] Timestamp: 1791450631701800282, Sending command (1/1): vcx=0.000,wc=0.000
 [19 bytes written]
[INFO] [1791450631.751840044] [serial_twistctl_node]: [TWIST_RX] Received Twist message - linear.x=0.000, angular.z=0.000, scaled_angular.z=0.000
[INFO] [1791450631.751871634] [serial_twistctl_node]: [SERIAL_TX] Timestamp: 1791450631751864742, Sending command (1/1): vcx=0.000,wc=0.000
 [19 bytes written]
[INFO] [1791450631.801656153] [serial_twistctl_node]: [TWIST_RX] Received Twist message - linear.x=0.000, angular.z=0.000, scaled_angular.z=0.000
[INFO] [1791450631.801699556] [serial_twistctl_node]: [SERIAL_TX] Timestamp: 1791450631801690897, Sending command (1/1): vcx=0.000,wc=0.000
 [19 bytes written]
[INFO] [1791450631.851726733] [serial_twistctl_node]: [TWIST_RX] Received Twist message - linear.x=0.000, angular.z=0.000, scaled_angular.z=0.000
[INFO] [1791450631.851765007] [serial_twistctl_node]: [SERIAL_TX] Timestamp: 1791450631851757802, Sending command (1/1): vcx=0.000,wc=0.000
 [19 bytes written]
[INFO] [1791450631.901701370] [serial_twistctl_node]: [TWIST_RX] Received Twist message - linear.x=0.000, angular.z=0.000, scaled_angular.z=0.000
[INFO] [1791450631.901738999] [serial_twistctl_node]: [SERIAL_TX] Timestamp: 1791450631901727812, Sending command (1/1): vcx=0.000,wc=0.000
 [19 bytes written]
[INFO] [1791450631.951717350] [serial_twistctl_node]: [TWIST_RX] Received Twist message - linear.x=0.000, angular.z=0.000, scaled_angular.z=0.000
[INFO] [1791450631.951752360] [serial_twistctl_node]: [SERIAL_TX] Timestamp: 1791450631951741836, Sending command (1/1): vcx=0.000,wc=0.000
 [19 bytes written]
[INFO] [1791450632.001730419] [serial_twistctl_node]: [TWIST_RX] Received Twist message - linear.x=0.000, angular.z=0.000, scaled_angular.z=0.000
[INFO] [1791450632.001775812] [serial_twistctl_node]: [SERIAL_TX] Timestamp: 1791450632001763413, Sending command (1/1): vcx=0.000,wc=0.000
 [19 bytes written]
[INFO] [1791450632.051597300] [serial_twistctl_node]: [TWIST_RX] Received Twist message - linear.x=0.000, angular.z=0.000, scaled_angular.z=0.000
[INFO] [1791450632.051631406] [serial_twistctl_node]: [SERIAL_TX] Timestamp: 1791450632051623778, Sending command (1/1): vcx=0.000,wc=0.000
 [19 bytes written]
[INFO] [1791450632.101616388] [serial_twistctl_node]: [TWIST_RX] Received Twist message - linear.x=0.000, angular.z=0.000, scaled_angular.z=0.000
[INFO] [1791450632.101652816] [serial_twistctl_node]: [SERIAL_TX] Timestamp: 1791450632101644115, Sending command (1/1): vcx=0.000,wc=0.000
 [19 bytes written]
[INFO] [1791450632.151747966] [serial_twistctl_node]: [TWIST_RX] Received Twist message - linear.x=0.000, angular.z=0.000, scaled_angular.z=0.000
[INFO] [1791450632.151797395] [serial_twistctl_node]: [SERIAL_TX] Timestamp: 1791450632151787093, Sending command (1/1): vcx=0.000,wc=0.000
 [19 bytes written]
[INFO] [1791450632.201768056] [serial_twistctl_node]: [TWIST_RX] Received Twist message - linear.x=0.000, angular.z=0.000, scaled_angular.z=0.000
[INFO] [1791450632.201814693] [serial_twistctl_node]: [SERIAL_TX] Timestamp: 1791450632201805478, Sending command (1/1): vcx=0.000,wc=0.000
 [19 bytes written]
[INFO] [1791450632.251582631] [serial_twistctl_node]: [TWIST_RX] Received Twist message - linear.x=0.000, angular.z=0.000, scaled_angular.z=0.000
[INFO] [1791450632.251636908] [serial_twistctl_node]: [SERIAL_TX] Timestamp: 1791450632251623858, Sending command (1/1): vcx=0.000,wc=0.000
 [19 bytes written]
[INFO] [1791450632.301901040] [serial_twistctl_node]: [TWIST_RX] Received Twist message - linear.x=0.000, angular.z=0.000, scaled_angular.z=0.000
[INFO] [1791450632.303848749] [serial_twistctl_node]: [SERIAL_TX] Timestamp: 1791450632301954595, Sending command (1/1): vcx=0.000,wc=0.000
 [19 bytes written]
[INFO] [1791450632.351555736] [serial_twistctl_node]: [TWIST_RX] Received Twist message - linear.x=0.000, angular.z=0.000, scaled_angular.z=0.000
[INFO] [1791450632.351613246] [serial_twistctl_node]: [SERIAL_TX] Timestamp: 1791450632351594344, Sending command (1/1): vcx=0.000,wc=0.000
 [19 bytes written]
[INFO] [1791450632.401639218] [serial_twistctl_node]: [TWIST_RX] Received Twist message - linear.x=0.000, angular.z=0.000, scaled_angular.z=0.000
[INFO] [1791450632.401691402] [serial_twistctl_node]: [SERIAL_TX] Timestamp: 1791450632401679353, Sending command (1/1): vcx=0.000,wc=0.000
 [19 bytes written]
[INFO] [1791450632.451631090] [serial_twistctl_node]: [TWIST_RX] Received Twist message - linear.x=0.000, angular.z=0.000, scaled_angular.z=0.000
[INFO] [1791450632.451688923] [serial_twistctl_node]: [SERIAL_TX] Timestamp: 1791450632451676641, Sending command (1/1): vcx=0.000,wc=0.000
 [19 bytes written]
[INFO] [1791450632.501651073] [serial_twistctl_node]: [TWIST_RX] Received Twist message - linear.x=0.000, angular.z=0.000, scaled_angular.z=0.000
[INFO] [1791450632.501708426] [serial_twistctl_node]: [SERIAL_TX] Timestamp: 1791450632501695548, Sending command (1/1): vcx=0.000,wc=0.000
 [19 bytes written]
[INFO] [1791450632.551703446] [serial_twistctl_node]: [TWIST_RX] Received Twist message - linear.x=0.000, angular.z=0.000, scaled_angular.z=0.000
[INFO] [1791450632.551760666] [serial_twistctl_node]: [SERIAL_TX] Timestamp: 1791450632551748773, Sending command (1/1): vcx=0.000,wc=0.000
 [19 bytes written]
[INFO] [1791450632.601710856] [serial_twistctl_node]: [TWIST_RX] Received Twist message - linear.x=0.000, angular.z=0.000, scaled_angular.z=0.000
[INFO] [1791450632.601765038] [serial_twistctl_node]: [SERIAL_TX] Timestamp: 1791450632601753362, Sending command (1/1): vcx=0.000,wc=0.000
 [19 bytes written]
[INFO] [1791450632.651843291] [serial_twistctl_node]: [TWIST_RX] Received Twist message - linear.x=0.000, angular.z=0.000, scaled_angular.z=0.000
[INFO] [1791450632.651901061] [serial_twistctl_node]: [SERIAL_TX] Timestamp: 1791450632651888185, Sending command (1/1): vcx=0.000,wc=0.000
 [19 bytes written]
[INFO] [1791450632.701885951] [serial_twistctl_node]: [TWIST_RX] Received Twist message - linear.x=0.000, angular.z=0.000, scaled_angular.z=0.000
[INFO] [1791450632.701944393] [serial_twistctl_node]: [SERIAL_TX] Timestamp: 1791450632701931228, Sending command (1/1): vcx=0.000,wc=0.000
 [19 bytes written]
[INFO] [1791450632.752032734] [serial_twistctl_node]: [TWIST_RX] Received Twist message - linear.x=0.000, angular.z=0.000, scaled_angular.z=0.000
[INFO] [1791450632.752094402] [serial_twistctl_node]: [SERIAL_TX] Timestamp: 1791450632752084348, Sending command (1/1): vcx=0.000,wc=0.000
 [19 bytes written]
[INFO] [1791450632.801822792] [serial_twistctl_node]: [TWIST_RX] Received Twist message - linear.x=0.000, angular.z=0.000, scaled_angular.z=0.000
[INFO] [1791450632.801876176] [serial_twistctl_node]: [SERIAL_TX] Timestamp: 1791450632801864798, Sending command (1/1): vcx=0.000,wc=0.000
 [19 bytes written]
[INFO] [1791450632.851813187] [serial_twistctl_node]: [TWIST_RX] Received Twist message - linear.x=0.000, angular.z=0.000, scaled_angular.z=0.000
[INFO] [1791450632.851875748] [serial_twistctl_node]: [SERIAL_TX] Timestamp: 1791450632851864157, Sending command (1/1): vcx=0.000,wc=0.000
 [19 bytes written]
[INFO] [1791450632.901695421] [serial_twistctl_node]: [TWIST_RX] Received Twist message - linear.x=0.000, angular.z=0.000, scaled_angular.z=0.000
[INFO] [1791450632.901766395] [serial_twistctl_node]: [SERIAL_TX] Timestamp: 1791450632901739610, Sending command (1/1): vcx=0.000,wc=0.000
 [19 bytes written]
[INFO] [1791450632.951712804] [serial_twistctl_node]: [TWIST_RX] Received Twist message - linear.x=0.000, angular.z=0.000, scaled_angular.z=0.000
[INFO] [1791450632.951770444] [serial_twistctl_node]: [SERIAL_TX] Timestamp: 1791450632951757843, Sending command (1/1): vcx=0.000,wc=0.000
 [19 bytes written]
[INFO] [1791450633.001699207] [serial_twistctl_node]: [TWIST_RX] Received Twist message - linear.x=0.000, angular.z=0.000, scaled_angular.z=0.000
[INFO] [1791450633.001764184] [serial_twistctl_node]: [SERIAL_TX] Timestamp: 1791450633001751374, Sending command (1/1): vcx=0.000,wc=0.000
 [19 bytes written]
[INFO] [1791450633.051705652] [serial_twistctl_node]: [TWIST_RX] Received Twist message - linear.x=0.000, angular.z=0.000, scaled_angular.z=0.000
[INFO] [1791450633.051761142] [serial_twistctl_node]: [SERIAL_TX] Timestamp: 1791450633051748947, Sending command (1/1): vcx=0.000,wc=0.000
 [19 bytes written]
[INFO] [1791450633.101843770] [serial_twistctl_node]: [TWIST_RX] Received Twist message - linear.x=0.000, angular.z=0.000, scaled_angular.z=0.000
[INFO] [1791450633.101900603] [serial_twistctl_node]: [SERIAL_TX] Timestamp: 1791450633101888418, Sending command (1/1): vcx=0.000,wc=0.000
 [19 bytes written]
[INFO] [1791450633.151799746] [serial_twistctl_node]: [TWIST_RX] Received Twist message - linear.x=0.000, angular.z=0.000, scaled_angular.z=0.000
[INFO] [1791450633.151854452] [serial_twistctl_node]: [SERIAL_TX] Timestamp: 1791450633151841096, Sending command (1/1): vcx=0.000,wc=0.000
 [19 bytes written]
[INFO] [1791450633.201734548] [serial_twistctl_node]: [TWIST_RX] Received Twist message - linear.x=0.000, angular.z=0.000, scaled_angular.z=0.000
[INFO] [1791450633.201796617] [serial_twistctl_node]: [SERIAL_TX] Timestamp: 1791450633201782482, Sending command (1/1): vcx=0.000,wc=0.000
 [19 bytes written]
[INFO] [1791450633.251850459] [serial_twistctl_node]: [TWIST_RX] Received Twist message - linear.x=0.000, angular.z=0.000, scaled_angular.z=0.000
[INFO] [1791450633.251910245] [serial_twistctl_node]: [SERIAL_TX] Timestamp: 1791450633251895809, Sending command (1/1): vcx=0.000,wc=0.000
 [19 bytes written]
[INFO] [1791450633.301753859] [serial_twistctl_node]: [TWIST_RX] Received Twist message - linear.x=0.000, angular.z=0.000, scaled_angular.z=0.000
[INFO] [1791450633.301817871] [serial_twistctl_node]: [SERIAL_TX] Timestamp: 1791450633301804622, Sending command (1/1): vcx=0.000,wc=0.000
 [19 bytes written]
[INFO] [1791450633.351903518] [serial_twistctl_node]: [TWIST_RX] Received Twist message - linear.x=0.000, angular.z=0.000, scaled_angular.z=0.000
[INFO] [1791450633.351958453] [serial_twistctl_node]: [SERIAL_TX] Timestamp: 1791450633351946040, Sending command (1/1): vcx=0.000,wc=0.000
 [19 bytes written]
[INFO] [1791450633.401745368] [serial_twistctl_node]: [TWIST_RX] Received Twist message - linear.x=0.000, angular.z=0.000, scaled_angular.z=0.000
[INFO] [1791450633.401802929] [serial_twistctl_node]: [SERIAL_TX] Timestamp: 1791450633401789071, Sending command (1/1): vcx=0.000,wc=0.000
 [19 bytes written]
[INFO] [1791450633.451749126] [serial_twistctl_node]: [TWIST_RX] Received Twist message - linear.x=0.000, angular.z=0.000, scaled_angular.z=0.000
[INFO] [1791450633.451805075] [serial_twistctl_node]: [SERIAL_TX] Timestamp: 1791450633451791471, Sending command (1/1): vcx=0.000,wc=0.000
 [19 bytes written]
[INFO] [1791450633.501794229] [serial_twistctl_node]: [TWIST_RX] Received Twist message - linear.x=0.000, angular.z=0.000, scaled_angular.z=0.000
[INFO] [1791450633.501848971] [serial_twistctl_node]: [SERIAL_TX] Timestamp: 1791450633501836040, Sending command (1/1): vcx=0.000,wc=0.000
 [19 bytes written]
[INFO] [1791450633.551880728] [serial_twistctl_node]: [TWIST_RX] Received Twist message - linear.x=0.000, angular.z=0.000, scaled_angular.z=0.000
[INFO] [1791450633.551950472] [serial_twistctl_node]: [SERIAL_TX] Timestamp: 1791450633551937356, Sending command (1/1): vcx=0.000,wc=0.000
 [19 bytes written]
[INFO] [1791450633.601852245] [serial_twistctl_node]: [TWIST_RX] Received Twist message - linear.x=0.000, angular.z=0.000, scaled_angular.z=0.000
[INFO] [1791450633.601908706] [serial_twistctl_node]: [SERIAL_TX] Timestamp: 1791450633601895445, Sending command (1/1): vcx=0.000,wc=0.000
 [19 bytes written]
[INFO] [1791450633.651791987] [serial_twistctl_node]: [TWIST_RX] Received Twist message - linear.x=0.000, angular.z=0.000, scaled_angular.z=0.000
[INFO] [1791450633.651849591] [serial_twistctl_node]: [SERIAL_TX] Timestamp: 1791450633651837288, Sending command (1/1): vcx=0.000,wc=0.000
 [19 bytes written]
[INFO] [1791450633.701898304] [serial_twistctl_node]: [TWIST_RX] Received Twist message - linear.x=0.000, angular.z=0.000, scaled_angular.z=0.000
[INFO] [1791450633.701952124] [serial_twistctl_node]: [SERIAL_TX] Timestamp: 1791450633701939495, Sending command (1/1): vcx=0.000,wc=0.000
 [19 bytes written]
[INFO] [1791450633.751890241] [serial_twistctl_node]: [TWIST_RX] Received Twist message - linear.x=0.000, angular.z=0.000, scaled_angular.z=0.000
[INFO] [1791450633.751944547] [serial_twistctl_node]: [SERIAL_TX] Timestamp: 1791450633751931957, Sending command (1/1): vcx=0.000,wc=0.000
 [19 bytes written]
[INFO] [1791450633.801917092] [serial_twistctl_node]: [TWIST_RX] Received Twist message - linear.x=0.000, angular.z=0.000, scaled_angular.z=0.000
[INFO] [1791450633.801972048] [serial_twistctl_node]: [SERIAL_TX] Timestamp: 1791450633801959592, Sending command (1/1): vcx=0.000,wc=0.000
 [19 bytes written]
[INFO] [1791450633.851925117] [serial_twistctl_node]: [TWIST_RX] Received Twist message - linear.x=0.000, angular.z=0.000, scaled_angular.z=0.000
[INFO] [1791450633.851986114] [serial_twistctl_node]: [SERIAL_TX] Timestamp: 1791450633851972108, Sending command (1/1): vcx=0.000,wc=0.000
 [19 bytes written]
[INFO] [1791450633.901785039] [serial_twistctl_node]: [TWIST_RX] Received Twist message - linear.x=0.000, angular.z=0.000, scaled_angular.z=0.000
[INFO] [1791450633.901852970] [serial_twistctl_node]: [SERIAL_TX] Timestamp: 1791450633901839227, Sending command (1/1): vcx=0.000,wc=0.000
 [19 bytes written]
[INFO] [1791450633.951848557] [serial_twistctl_node]: [TWIST_RX] Received Twist message - linear.x=0.000, angular.z=0.000, scaled_angular.z=0.000
[INFO] [1791450633.951904074] [serial_twistctl_node]: [SERIAL_TX] Timestamp: 1791450633951890755, Sending command (1/1): vcx=0.000,wc=0.000
 [19 bytes written]
[INFO] [1791450634.001751523] [serial_twistctl_node]: [TWIST_RX] Received Twist message - linear.x=0.000, angular.z=0.000, scaled_angular.z=0.000
[INFO] [1791450634.001811526] [serial_twistctl_node]: [SERIAL_TX] Timestamp: 1791450634001798878, Sending command (1/1): vcx=0.000,wc=0.000
 [19 bytes written]
[INFO] [1791450634.051870359] [serial_twistctl_node]: [TWIST_RX] Received Twist message - linear.x=0.000, angular.z=0.000, scaled_angular.z=0.000
[INFO] [1791450634.051925967] [serial_twistctl_node]: [SERIAL_TX] Timestamp: 1791450634051913601, Sending command (1/1): vcx=0.000,wc=0.000
 [19 bytes written]
[INFO] [1791450634.101722317] [serial_twistctl_node]: [TWIST_RX] Received Twist message - linear.x=0.000, angular.z=0.000, scaled_angular.z=0.000
[INFO] [1791450634.101775790] [serial_twistctl_node]: [SERIAL_TX] Timestamp: 1791450634101763924, Sending command (1/1): vcx=0.000,wc=0.000
 [19 bytes written]
[INFO] [1791450634.151845263] [serial_twistctl_node]: [TWIST_RX] Received Twist message - linear.x=0.000, angular.z=0.000, scaled_angular.z=0.000
[INFO] [1791450634.151904413] [serial_twistctl_node]: [SERIAL_TX] Timestamp: 1791450634151892070, Sending command (1/1): vcx=0.000,wc=0.000
 [19 bytes written]
[INFO] [1791450634.201848395] [serial_twistctl_node]: [TWIST_RX] Received Twist message - linear.x=0.000, angular.z=0.000, scaled_angular.z=0.000
[INFO] [1791450634.201918113] [serial_twistctl_node]: [SERIAL_TX] Timestamp: 1791450634201906151, Sending command (1/1): vcx=0.000,wc=0.000
 [19 bytes written]
[INFO] [1791450634.251827432] [serial_twistctl_node]: [TWIST_RX] Received Twist message - linear.x=0.000, angular.z=0.000, scaled_angular.z=0.000
[INFO] [1791450634.251882205] [serial_twistctl_node]: [SERIAL_TX] Timestamp: 1791450634251870177, Sending command (1/1): vcx=0.000,wc=0.000
 [19 bytes written]
[INFO] [1791450634.301844530] [serial_twistctl_node]: [TWIST_RX] Received Twist message - linear.x=0.000, angular.z=0.000, scaled_angular.z=0.000
[INFO] [1791450634.301899618] [serial_twistctl_node]: [SERIAL_TX] Timestamp: 1791450634301887313, Sending command (1/1): vcx=0.000,wc=0.000
 [19 bytes written]
[INFO] [1791450634.351718476] [serial_twistctl_node]: [TWIST_RX] Received Twist message - linear.x=0.000, angular.z=0.000, scaled_angular.z=0.000
[INFO] [1791450634.351781138] [serial_twistctl_node]: [SERIAL_TX] Timestamp: 1791450634351767638, Sending command (1/1): vcx=0.000,wc=0.000
 [19 bytes written]
[INFO] [1791450634.401788221] [serial_twistctl_node]: [TWIST_RX] Received Twist message - linear.x=0.000, angular.z=0.000, scaled_angular.z=0.000
[INFO] [1791450634.401843935] [serial_twistctl_node]: [SERIAL_TX] Timestamp: 1791450634401830579, Sending command (1/1): vcx=0.000,wc=0.000
 [19 bytes written]
[INFO] [1791450634.451749129] [serial_twistctl_node]: [TWIST_RX] Received Twist message - linear.x=0.000, angular.z=0.000, scaled_angular.z=0.000
[INFO] [1791450634.451804407] [serial_twistctl_node]: [SERIAL_TX] Timestamp: 1791450634451791276, Sending command (1/1): vcx=0.000,wc=0.000
 [19 bytes written]
[INFO] [1791450634.501657753] [serial_twistctl_node]: [TWIST_RX] Received Twist message - linear.x=0.000, angular.z=0.000, scaled_angular.z=0.000
[INFO] [1791450634.501712587] [serial_twistctl_node]: [SERIAL_TX] Timestamp: 1791450634501700590, Sending command (1/1): vcx=0.000,wc=0.000
 [19 bytes written]
[INFO] [1791450634.551775248] [serial_twistctl_node]: [TWIST_RX] Received Twist message - linear.x=0.000, angular.z=0.000, scaled_angular.z=0.000
[INFO] [1791450634.551830065] [serial_twistctl_node]: [SERIAL_TX] Timestamp: 1791450634551817611, Sending command (1/1): vcx=0.000,wc=0.000
 [19 bytes written]
[INFO] [1791450634.601825968] [serial_twistctl_node]: [TWIST_RX] Received Twist message - linear.x=0.000, angular.z=0.000, scaled_angular.z=0.000
[INFO] [1791450634.601884732] [serial_twistctl_node]: [SERIAL_TX] Timestamp: 1791450634601870781, Sending command (1/1): vcx=0.000,wc=0.000
 [19 bytes written]
[INFO] [1791450634.651774281] [serial_twistctl_node]: [TWIST_RX] Received Twist message - linear.x=0.000, angular.z=0.000, scaled_angular.z=0.000
[INFO] [1791450634.651830093] [serial_twistctl_node]: [SERIAL_TX] Timestamp: 1791450634651817150, Sending command (1/1): vcx=0.000,wc=0.000
 [19 bytes written]
[INFO] [1791450634.701691537] [serial_twistctl_node]: [TWIST_RX] Received Twist message - linear.x=0.000, angular.z=0.000, scaled_angular.z=0.000
[INFO] [1791450634.701754568] [serial_twistctl_node]: [SERIAL_TX] Timestamp: 1791450634701740941, Sending command (1/1): vcx=0.000,wc=0.000
 [19 bytes written]
[INFO] [1791450634.751670268] [serial_twistctl_node]: [TWIST_RX] Received Twist message - linear.x=0.000, angular.z=0.000, scaled_angular.z=0.000
[INFO] [1791450634.751726048] [serial_twistctl_node]: [SERIAL_TX] Timestamp: 1791450634751708089, Sending command (1/1): vcx=0.000,wc=0.000
 [19 bytes written]
[INFO] [1791450634.801850572] [serial_twistctl_node]: [TWIST_RX] Received Twist message - linear.x=0.000, angular.z=0.000, scaled_angular.z=0.000
[INFO] [1791450634.801904410] [serial_twistctl_node]: [SERIAL_TX] Timestamp: 1791450634801891984, Sending command (1/1): vcx=0.000,wc=0.000
 [19 bytes written]
[INFO] [1791450634.852039897] [serial_twistctl_node]: [TWIST_RX] Received Twist message - linear.x=0.000, angular.z=0.000, scaled_angular.z=0.000
[INFO] [1791450634.852116929] [serial_twistctl_node]: [SERIAL_TX] Timestamp: 1791450634852106838, Sending command (1/1): vcx=0.000,wc=0.000
 [19 bytes written]
[INFO] [1791450634.901744931] [serial_twistctl_node]: [TWIST_RX] Received Twist message - linear.x=0.000, angular.z=0.000, scaled_angular.z=0.000
[INFO] [1791450634.901806940] [serial_twistctl_node]: [SERIAL_TX] Timestamp: 1791450634901793440, Sending command (1/1): vcx=0.000,wc=0.000
 [19 bytes written]
[INFO] [1791450634.951622141] [serial_twistctl_node]: [TWIST_RX] Received Twist message - linear.x=0.000, angular.z=0.000, scaled_angular.z=0.000
[INFO] [1791450634.951676214] [serial_twistctl_node]: [SERIAL_TX] Timestamp: 1791450634951663647, Sending command (1/1): vcx=0.000,wc=0.000
 [19 bytes written]
[INFO] [1791450635.001675452] [serial_twistctl_node]: [TWIST_RX] Received Twist message - linear.x=0.000, angular.z=0.000, scaled_angular.z=0.000
[INFO] [1791450635.001734678] [serial_twistctl_node]: [SERIAL_TX] Timestamp: 1791450635001721966, Sending command (1/1): vcx=0.000,wc=0.000
 [19 bytes written]
[INFO] [1791450635.051610725] [serial_twistctl_node]: [TWIST_RX] Received Twist message - linear.x=0.000, angular.z=0.000, scaled_angular.z=0.000
[INFO] [1791450635.051667616] [serial_twistctl_node]: [SERIAL_TX] Timestamp: 1791450635051652286, Sending command (1/1): vcx=0.000,wc=0.000
 [19 bytes written]
[INFO] [1791450635.101937253] [serial_twistctl_node]: [TWIST_RX] Received Twist message - linear.x=0.000, angular.z=0.000, scaled_angular.z=0.000
[INFO] [1791450635.101994143] [serial_twistctl_node]: [SERIAL_TX] Timestamp: 1791450635101981017, Sending command (1/1): vcx=0.000,wc=0.000
 [19 bytes written]
[INFO] [1791450635.151718935] [serial_twistctl_node]: [TWIST_RX] Received Twist message - linear.x=0.000, angular.z=0.000, scaled_angular.z=0.000
[INFO] [1791450635.151773532] [serial_twistctl_node]: [SERIAL_TX] Timestamp: 1791450635151761421, Sending command (1/1): vcx=0.000,wc=0.000
 [19 bytes written]
[INFO] [1791450635.201754472] [serial_twistctl_node]: [TWIST_RX] Received Twist message - linear.x=0.021, angular.z=0.000, scaled_angular.z=0.000
[INFO] [1791450635.201811465] [serial_twistctl_node]: [SERIAL_TX] Timestamp: 1791450635201799010, Sending command (1/1): vcx=0.021,wc=0.000
 [19 bytes written]
[INFO] [1791450635.251633814] [serial_twistctl_node]: [TWIST_RX] Received Twist message - linear.x=0.042, angular.z=0.000, scaled_angular.z=0.000
[INFO] [1791450635.251696297] [serial_twistctl_node]: [SERIAL_TX] Timestamp: 1791450635251682575, Sending command (1/1): vcx=0.042,wc=0.000
 [19 bytes written]
[INFO] [1791450635.301732091] [serial_twistctl_node]: [TWIST_RX] Received Twist message - linear.x=0.064, angular.z=0.000, scaled_angular.z=0.000
[INFO] [1791450635.301791881] [serial_twistctl_node]: [SERIAL_TX] Timestamp: 1791450635301775001, Sending command (1/1): vcx=0.064,wc=0.000
 [19 bytes written]
[INFO] [1791450635.351725806] [serial_twistctl_node]: [TWIST_RX] Received Twist message - linear.x=0.085, angular.z=0.000, scaled_angular.z=0.000
[INFO] [1791450635.351778121] [serial_twistctl_node]: [SERIAL_TX] Timestamp: 1791450635351767263, Sending command (1/1): vcx=0.085,wc=0.000
 [19 bytes written]
[INFO] [1791450635.401708775] [serial_twistctl_node]: [TWIST_RX] Received Twist message - linear.x=0.106, angular.z=0.000, scaled_angular.z=0.000
[INFO] [1791450635.401765135] [serial_twistctl_node]: [SERIAL_TX] Timestamp: 1791450635401751959, Sending command (1/1): vcx=0.106,wc=0.000
 [19 bytes written]
[INFO] [1791450635.451734210] [serial_twistctl_node]: [TWIST_RX] Received Twist message - linear.x=0.127, angular.z=0.000, scaled_angular.z=0.000
[INFO] [1791450635.451794292] [serial_twistctl_node]: [SERIAL_TX] Timestamp: 1791450635451780224, Sending command (1/1): vcx=0.127,wc=0.000
 [19 bytes written]
[INFO] [1791450635.501724065] [serial_twistctl_node]: [TWIST_RX] Received Twist message - linear.x=0.149, angular.z=0.000, scaled_angular.z=0.000
[INFO] [1791450635.501779965] [serial_twistctl_node]: [SERIAL_TX] Timestamp: 1791450635501766893, Sending command (1/1): vcx=0.149,wc=0.000
 [19 bytes written]
[INFO] [1791450635.551625610] [serial_twistctl_node]: [TWIST_RX] Received Twist message - linear.x=0.170, angular.z=0.000, scaled_angular.z=0.000
[INFO] [1791450635.551691523] [serial_twistctl_node]: [SERIAL_TX] Timestamp: 1791450635551679116, Sending command (1/1): vcx=0.170,wc=0.000
 [19 bytes written]
[INFO] [1791450635.601626748] [serial_twistctl_node]: [TWIST_RX] Received Twist message - linear.x=0.191, angular.z=0.000, scaled_angular.z=0.000
[INFO] [1791450635.601683415] [serial_twistctl_node]: [SERIAL_TX] Timestamp: 1791450635601670120, Sending command (1/1): vcx=0.191,wc=0.000
 [19 bytes written]
[INFO] [1791450635.651621671] [serial_twistctl_node]: [TWIST_RX] Received Twist message - linear.x=0.212, angular.z=0.000, scaled_angular.z=0.000
[INFO] [1791450635.651676300] [serial_twistctl_node]: [SERIAL_TX] Timestamp: 1791450635651663437, Sending command (1/1): vcx=0.212,wc=0.000
 [19 bytes written]
[INFO] [1791450635.701645163] [serial_twistctl_node]: [TWIST_RX] Received Twist message - linear.x=0.219, angular.z=0.000, scaled_angular.z=0.000
[INFO] [1791450635.701701091] [serial_twistctl_node]: [SERIAL_TX] Timestamp: 1791450635701688176, Sending command (1/1): vcx=0.219,wc=0.000
 [19 bytes written]
[INFO] [1791450635.751604262] [serial_twistctl_node]: [TWIST_RX] Received Twist message - linear.x=0.216, angular.z=0.000, scaled_angular.z=0.000
[INFO] [1791450635.751660836] [serial_twistctl_node]: [SERIAL_TX] Timestamp: 1791450635751648724, Sending command (1/1): vcx=0.216,wc=0.000
 [19 bytes written]
[INFO] [1791450635.801757187] [serial_twistctl_node]: [TWIST_RX] Received Twist message - linear.x=0.218, angular.z=0.000, scaled_angular.z=0.000
[INFO] [1791450635.801815637] [serial_twistctl_node]: [SERIAL_TX] Timestamp: 1791450635801803200, Sending command (1/1): vcx=0.218,wc=0.000
 [19 bytes written]
[INFO] [1791450635.851622067] [serial_twistctl_node]: [TWIST_RX] Received Twist message - linear.x=0.221, angular.z=0.000, scaled_angular.z=0.000
[INFO] [1791450635.851675108] [serial_twistctl_node]: [SERIAL_TX] Timestamp: 1791450635851664036, Sending command (1/1): vcx=0.221,wc=0.000
 [19 bytes written]
[INFO] [1791450635.901600516] [serial_twistctl_node]: [TWIST_RX] Received Twist message - linear.x=0.218, angular.z=0.000, scaled_angular.z=0.000
[INFO] [1791450635.901650236] [serial_twistctl_node]: [SERIAL_TX] Timestamp: 1791450635901639480, Sending command (1/1): vcx=0.218,wc=0.000
 [19 bytes written]
[INFO] [1791450635.951624301] [serial_twistctl_node]: [TWIST_RX] Received Twist message - linear.x=0.220, angular.z=0.000, scaled_angular.z=0.000
[INFO] [1791450635.951674411] [serial_twistctl_node]: [SERIAL_TX] Timestamp: 1791450635951663457, Sending command (1/1): vcx=0.220,wc=0.000
 [19 bytes written]
[INFO] [1791450636.001592835] [serial_twistctl_node]: [TWIST_RX] Received Twist message - linear.x=0.218, angular.z=0.000, scaled_angular.z=0.000
[INFO] [1791450636.001654263] [serial_twistctl_node]: [SERIAL_TX] Timestamp: 1791450636001641913, Sending command (1/1): vcx=0.218,wc=0.000
 [19 bytes written]
[INFO] [1791450636.051627938] [serial_twistctl_node]: [TWIST_RX] Received Twist message - linear.x=0.220, angular.z=0.000, scaled_angular.z=0.000
[INFO] [1791450636.051685790] [serial_twistctl_node]: [SERIAL_TX] Timestamp: 1791450636051674985, Sending command (1/1): vcx=0.220,wc=0.000
 [19 bytes written]
[INFO] [1791450636.101596224] [serial_twistctl_node]: [TWIST_RX] Received Twist message - linear.x=0.217, angular.z=0.000, scaled_angular.z=0.000
[INFO] [1791450636.101656443] [serial_twistctl_node]: [SERIAL_TX] Timestamp: 1791450636101643083, Sending command (1/1): vcx=0.217,wc=0.000
 [19 bytes written]
[INFO] [1791450636.151753327] [serial_twistctl_node]: [TWIST_RX] Received Twist message - linear.x=0.219, angular.z=0.000, scaled_angular.z=0.000
[INFO] [1791450636.151799670] [serial_twistctl_node]: [SERIAL_TX] Timestamp: 1791450636151789485, Sending command (1/1): vcx=0.219,wc=0.000
 [19 bytes written]
[INFO] [1791450636.201620875] [serial_twistctl_node]: [TWIST_RX] Received Twist message - linear.x=0.216, angular.z=0.000, scaled_angular.z=0.000
[INFO] [1791450636.201681786] [serial_twistctl_node]: [SERIAL_TX] Timestamp: 1791450636201669772, Sending command (1/1): vcx=0.216,wc=0.000
 [19 bytes written]
[INFO] [1791450636.251779311] [serial_twistctl_node]: [TWIST_RX] Received Twist message - linear.x=0.218, angular.z=0.000, scaled_angular.z=0.000
[INFO] [1791450636.251840431] [serial_twistctl_node]: [SERIAL_TX] Timestamp: 1791450636251828241, Sending command (1/1): vcx=0.218,wc=0.000
 [19 bytes written]
[INFO] [1791450636.301634920] [serial_twistctl_node]: [TWIST_RX] Received Twist message - linear.x=0.221, angular.z=0.000, scaled_angular.z=0.000
[INFO] [1791450636.301689254] [serial_twistctl_node]: [SERIAL_TX] Timestamp: 1791450636301677746, Sending command (1/1): vcx=0.221,wc=0.000
 [19 bytes written]
[INFO] [1791450636.351825507] [serial_twistctl_node]: [TWIST_RX] Received Twist message - linear.x=0.218, angular.z=0.000, scaled_angular.z=0.000
[INFO] [1791450636.351881047] [serial_twistctl_node]: [SERIAL_TX] Timestamp: 1791450636351867962, Sending command (1/1): vcx=0.218,wc=0.000
 [19 bytes written]
[INFO] [1791450636.401771113] [serial_twistctl_node]: [TWIST_RX] Received Twist message - linear.x=0.221, angular.z=0.000, scaled_angular.z=0.000
[INFO] [1791450636.401834617] [serial_twistctl_node]: [SERIAL_TX] Timestamp: 1791450636401821194, Sending command (1/1): vcx=0.221,wc=0.000
 [19 bytes written]
[INFO] [1791450636.451640308] [serial_twistctl_node]: [TWIST_RX] Received Twist message - linear.x=0.218, angular.z=0.000, scaled_angular.z=0.000
[INFO] [1791450636.451695688] [serial_twistctl_node]: [SERIAL_TX] Timestamp: 1791450636451683283, Sending command (1/1): vcx=0.218,wc=0.000
 [19 bytes written]
[INFO] [1791450636.501700892] [serial_twistctl_node]: [TWIST_RX] Received Twist message - linear.x=0.220, angular.z=0.000, scaled_angular.z=0.000
[INFO] [1791450636.501760529] [serial_twistctl_node]: [SERIAL_TX] Timestamp: 1791450636501748172, Sending command (1/1): vcx=0.220,wc=0.000
 [19 bytes written]
[INFO] [1791450636.551719533] [serial_twistctl_node]: [TWIST_RX] Received Twist message - linear.x=0.217, angular.z=0.000, scaled_angular.z=0.000
[INFO] [1791450636.551779484] [serial_twistctl_node]: [SERIAL_TX] Timestamp: 1791450636551767820, Sending command (1/1): vcx=0.217,wc=0.000
 [19 bytes written]
[INFO] [1791450636.601831874] [serial_twistctl_node]: [TWIST_RX] Received Twist message - linear.x=0.219, angular.z=0.000, scaled_angular.z=0.000
[INFO] [1791450636.601916293] [serial_twistctl_node]: [SERIAL_TX] Timestamp: 1791450636601902989, Sending command (1/1): vcx=0.219,wc=0.000
 [19 bytes written]
[INFO] [1791450636.651821665] [serial_twistctl_node]: [TWIST_RX] Received Twist message - linear.x=0.216, angular.z=0.000, scaled_angular.z=0.000
[INFO] [1791450636.651876195] [serial_twistctl_node]: [SERIAL_TX] Timestamp: 1791450636651864170, Sending command (1/1): vcx=0.216,wc=0.000
 [19 bytes written]
[INFO] [1791450636.701933234] [serial_twistctl_node]: [TWIST_RX] Received Twist message - linear.x=0.218, angular.z=0.000, scaled_angular.z=0.000
[INFO] [1791450636.702008223] [serial_twistctl_node]: [SERIAL_TX] Timestamp: 1791450636701995806, Sending command (1/1): vcx=0.218,wc=0.000
 [19 bytes written]
[INFO] [1791450636.751855919] [serial_twistctl_node]: [TWIST_RX] Received Twist message - linear.x=0.221, angular.z=0.000, scaled_angular.z=0.000
[INFO] [1791450636.751929016] [serial_twistctl_node]: [SERIAL_TX] Timestamp: 1791450636751916454, Sending command (1/1): vcx=0.221,wc=0.000
 [19 bytes written]
[INFO] [1791450636.801634248] [serial_twistctl_node]: [TWIST_RX] Received Twist message - linear.x=0.217, angular.z=0.000, scaled_angular.z=0.000
[INFO] [1791450636.801689325] [serial_twistctl_node]: [SERIAL_TX] Timestamp: 1791450636801677302, Sending command (1/1): vcx=0.217,wc=0.000
 [19 bytes written]
[INFO] [1791450636.851649958] [serial_twistctl_node]: [TWIST_RX] Received Twist message - linear.x=0.220, angular.z=0.000, scaled_angular.z=0.000
[INFO] [1791450636.851705442] [serial_twistctl_node]: [SERIAL_TX] Timestamp: 1791450636851695023, Sending command (1/1): vcx=0.220,wc=0.000
 [19 bytes written]
[INFO] [1791450636.901771978] [serial_twistctl_node]: [TWIST_RX] Received Twist message - linear.x=0.222, angular.z=0.000, scaled_angular.z=0.000
[INFO] [1791450636.901828313] [serial_twistctl_node]: [SERIAL_TX] Timestamp: 1791450636901816003, Sending command (1/1): vcx=0.222,wc=0.000
 [19 bytes written]
[INFO] [1791450636.951748212] [serial_twistctl_node]: [TWIST_RX] Received Twist message - linear.x=0.218, angular.z=0.000, scaled_angular.z=0.000
[INFO] [1791450636.951804118] [serial_twistctl_node]: [SERIAL_TX] Timestamp: 1791450636951792274, Sending command (1/1): vcx=0.218,wc=0.000
 [19 bytes written]
[INFO] [1791450637.001707843] [serial_twistctl_node]: [TWIST_RX] Received Twist message - linear.x=0.221, angular.z=0.000, scaled_angular.z=0.000
[INFO] [1791450637.001768717] [serial_twistctl_node]: [SERIAL_TX] Timestamp: 1791450637001756849, Sending command (1/1): vcx=0.221,wc=0.000
 [19 bytes written]
[INFO] [1791450637.051706999] [serial_twistctl_node]: [TWIST_RX] Received Twist message - linear.x=0.217, angular.z=0.000, scaled_angular.z=0.000
[INFO] [1791450637.051761543] [serial_twistctl_node]: [SERIAL_TX] Timestamp: 1791450637051749387, Sending command (1/1): vcx=0.217,wc=0.000
 [19 bytes written]
[INFO] [1791450637.101795558] [serial_twistctl_node]: [TWIST_RX] Received Twist message - linear.x=0.219, angular.z=0.000, scaled_angular.z=0.000
[INFO] [1791450637.101851248] [serial_twistctl_node]: [SERIAL_TX] Timestamp: 1791450637101839313, Sending command (1/1): vcx=0.219,wc=0.000
 [19 bytes written]
[INFO] [1791450637.151822634] [serial_twistctl_node]: [TWIST_RX] Received Twist message - linear.x=0.222, angular.z=0.000, scaled_angular.z=0.000
[INFO] [1791450637.151876685] [serial_twistctl_node]: [SERIAL_TX] Timestamp: 1791450637151864907, Sending command (1/1): vcx=0.222,wc=0.000
 [19 bytes written]
[INFO] [1791450637.201870737] [serial_twistctl_node]: [TWIST_RX] Received Twist message - linear.x=0.000, angular.z=0.000, scaled_angular.z=0.000
[INFO] [1791450637.201929593] [serial_twistctl_node]: [SERIAL_TX] Timestamp: 1791450637201916217, Sending command (1/1): vcx=0.000,wc=0.000
 [19 bytes written]
[INFO] [1791450637.251571209] [serial_twistctl_node]: [TWIST_RX] Received Twist message - linear.x=0.000, angular.z=0.000, scaled_angular.z=0.000
[INFO] [1791450637.251626749] [serial_twistctl_node]: [SERIAL_TX] Timestamp: 1791450637251614625, Sending command (1/1): vcx=0.000,wc=0.000
 [19 bytes written]
[INFO] [1791450637.301552542] [serial_twistctl_node]: [TWIST_RX] Received Twist message - linear.x=0.000, angular.z=0.000, scaled_angular.z=0.000
[INFO] [1791450637.301626981] [serial_twistctl_node]: [SERIAL_TX] Timestamp: 1791450637301599807, Sending command (1/1): vcx=0.000,wc=0.000
 [19 bytes written]
[INFO] [1791450637.351568337] [serial_twistctl_node]: [TWIST_RX] Received Twist message - linear.x=0.000, angular.z=0.000, scaled_angular.z=0.000
[INFO] [1791450637.351617491] [serial_twistctl_node]: [SERIAL_TX] Timestamp: 1791450637351606020, Sending command (1/1): vcx=0.000,wc=0.000
 [19 bytes written]
[INFO] [1791450637.401568930] [serial_twistctl_node]: [TWIST_RX] Received Twist message - linear.x=0.000, angular.z=0.000, scaled_angular.z=0.000
[INFO] [1791450637.401625935] [serial_twistctl_node]: [SERIAL_TX] Timestamp: 1791450637401610831, Sending command (1/1): vcx=0.000,wc=0.000
 [19 bytes written]
[INFO] [1791450637.451577495] [serial_twistctl_node]: [TWIST_RX] Received Twist message - linear.x=0.000, angular.z=0.000, scaled_angular.z=0.000
[INFO] [1791450637.451645710] [serial_twistctl_node]: [SERIAL_TX] Timestamp: 1791450637451630588, Sending command (1/1): vcx=0.000,wc=0.000
 [19 bytes written]
[INFO] [1791450637.501690404] [serial_twistctl_node]: [TWIST_RX] Received Twist message - linear.x=0.000, angular.z=0.000, scaled_angular.z=0.000
[INFO] [1791450637.501748557] [serial_twistctl_node]: [SERIAL_TX] Timestamp: 1791450637501735813, Sending command (1/1): vcx=0.000,wc=0.000
 [19 bytes written]
[INFO] [1791450637.551829203] [serial_twistctl_node]: [TWIST_RX] Received Twist message - linear.x=0.000, angular.z=0.000, scaled_angular.z=0.000
[INFO] [1791450637.551893591] [serial_twistctl_node]: [SERIAL_TX] Timestamp: 1791450637551881695, Sending command (1/1): vcx=0.000,wc=0.000
 [19 bytes written]
[INFO] [1791450637.601568876] [serial_twistctl_node]: [TWIST_RX] Received Twist message - linear.x=0.000, angular.z=0.000, scaled_angular.z=0.000
[INFO] [1791450637.601622610] [serial_twistctl_node]: [SERIAL_TX] Timestamp: 1791450637601611630, Sending command (1/1): vcx=0.000,wc=0.000
 [19 bytes written]
[INFO] [1791450637.651530871] [serial_twistctl_node]: [TWIST_RX] Received Twist message - linear.x=0.000, angular.z=0.000, scaled_angular.z=0.000
[INFO] [1791450637.651582032] [serial_twistctl_node]: [SERIAL_TX] Timestamp: 1791450637651569712, Sending command (1/1): vcx=0.000,wc=0.000
 [19 bytes written]
[INFO] [1791450637.701694532] [serial_twistctl_node]: [TWIST_RX] Received Twist message - linear.x=0.000, angular.z=0.000, scaled_angular.z=0.000
[INFO] [1791450637.701748786] [serial_twistctl_node]: [SERIAL_TX] Timestamp: 1791450637701737302, Sending command (1/1): vcx=0.000,wc=0.000
 [19 bytes written]
[INFO] [1791450637.751589972] [serial_twistctl_node]: [TWIST_RX] Received Twist message - linear.x=0.000, angular.z=0.000, scaled_angular.z=0.000
[INFO] [1791450637.751655477] [serial_twistctl_node]: [SERIAL_TX] Timestamp: 1791450637751638623, Sending command (1/1): vcx=0.000,wc=0.000
 [19 bytes written]
[INFO] [1791450637.801562282] [serial_twistctl_node]: [TWIST_RX] Received Twist message - linear.x=0.000, angular.z=0.000, scaled_angular.z=0.000
[INFO] [1791450637.801612267] [serial_twistctl_node]: [SERIAL_TX] Timestamp: 1791450637801598181, Sending command (1/1): vcx=0.000,wc=0.000
 [19 bytes written]
[INFO] [1791450637.851750589] [serial_twistctl_node]: [TWIST_RX] Received Twist message - linear.x=0.000, angular.z=0.000, scaled_angular.z=0.000
[INFO] [1791450637.851804965] [serial_twistctl_node]: [SERIAL_TX] Timestamp: 1791450637851790802, Sending command (1/1): vcx=0.000,wc=0.000
 [19 bytes written]
[INFO] [1791450637.901636063] [serial_twistctl_node]: [TWIST_RX] Received Twist message - linear.x=0.000, angular.z=0.000, scaled_angular.z=0.000
[INFO] [1791450637.901697138] [serial_twistctl_node]: [SERIAL_TX] Timestamp: 1791450637901684707, Sending command (1/1): vcx=0.000,wc=0.000
 [19 bytes written]
[INFO] [1791450637.951739980] [serial_twistctl_node]: [TWIST_RX] Received Twist message - linear.x=0.000, angular.z=0.000, scaled_angular.z=0.000
[INFO] [1791450637.951793803] [serial_twistctl_node]: [SERIAL_TX] Timestamp: 1791450637951783262, Sending command (1/1): vcx=0.000,wc=0.000
 [19 bytes written]
[INFO] [1791450638.001611046] [serial_twistctl_node]: [TWIST_RX] Received Twist message - linear.x=0.000, angular.z=0.000, scaled_angular.z=0.000
[INFO] [1791450638.001661032] [serial_twistctl_node]: [SERIAL_TX] Timestamp: 1791450638001651450, Sending command (1/1): vcx=0.000,wc=0.000
 [19 bytes written]
[INFO] [1791450638.051562788] [serial_twistctl_node]: [TWIST_RX] Received Twist message - linear.x=0.000, angular.z=0.000, scaled_angular.z=0.000
[INFO] [1791450638.051593374] [serial_twistctl_node]: [SERIAL_TX] Timestamp: 1791450638051586005, Sending command (1/1): vcx=0.000,wc=0.000
 [19 bytes written]
[INFO] [1791450638.101824450] [serial_twistctl_node]: [TWIST_RX] Received Twist message - linear.x=0.000, angular.z=0.000, scaled_angular.z=0.000
[INFO] [1791450638.101862616] [serial_twistctl_node]: [SERIAL_TX] Timestamp: 1791450638101854198, Sending command (1/1): vcx=0.000,wc=0.000
 [19 bytes written]
[INFO] [1791450638.151739058] [serial_twistctl_node]: [TWIST_RX] Received Twist message - linear.x=0.000, angular.z=0.000, scaled_angular.z=0.000
[INFO] [1791450638.151785590] [serial_twistctl_node]: [SERIAL_TX] Timestamp: 1791450638151776948, Sending command (1/1): vcx=0.000,wc=0.000
 [19 bytes written]
[INFO] [1791450638.201747633] [serial_twistctl_node]: [TWIST_RX] Received Twist message - linear.x=0.000, angular.z=0.000, scaled_angular.z=0.000
[INFO] [1791450638.201796611] [serial_twistctl_node]: [SERIAL_TX] Timestamp: 1791450638201789053, Sending command (1/1): vcx=0.000,wc=0.000
 [19 bytes written]
[INFO] [1791450638.251750901] [serial_twistctl_node]: [TWIST_RX] Received Twist message - linear.x=0.000, angular.z=0.000, scaled_angular.z=0.000
[INFO] [1791450638.251798510] [serial_twistctl_node]: [SERIAL_TX] Timestamp: 1791450638251789815, Sending command (1/1): vcx=0.000,wc=0.000
 [19 bytes written]
[INFO] [1791450638.301747888] [serial_twistctl_node]: [TWIST_RX] Received Twist message - linear.x=0.000, angular.z=0.000, scaled_angular.z=0.000
[INFO] [1791450638.301795294] [serial_twistctl_node]: [SERIAL_TX] Timestamp: 1791450638301786763, Sending command (1/1): vcx=0.000,wc=0.000
 [19 bytes written]
[INFO] [1791450638.351812097] [serial_twistctl_node]: [TWIST_RX] Received Twist message - linear.x=0.000, angular.z=0.000, scaled_angular.z=0.000
[INFO] [1791450638.351848412] [serial_twistctl_node]: [SERIAL_TX] Timestamp: 1791450638351840295, Sending command (1/1): vcx=0.000,wc=0.000
 [19 bytes written]
[INFO] [1791450638.401784605] [serial_twistctl_node]: [TWIST_RX] Received Twist message - linear.x=0.000, angular.z=0.000, scaled_angular.z=0.000
[INFO] [1791450638.401828254] [serial_twistctl_node]: [SERIAL_TX] Timestamp: 1791450638401819082, Sending command (1/1): vcx=0.000,wc=0.000
 [19 bytes written]
[INFO] [1791450638.451668413] [serial_twistctl_node]: [TWIST_RX] Received Twist message - linear.x=0.000, angular.z=0.000, scaled_angular.z=0.000
[INFO] [1791450638.451703019] [serial_twistctl_node]: [SERIAL_TX] Timestamp: 1791450638451695095, Sending command (1/1): vcx=0.000,wc=0.000
 [19 bytes written]
[INFO] [1791450638.501821502] [serial_twistctl_node]: [TWIST_RX] Received Twist message - linear.x=0.000, angular.z=0.000, scaled_angular.z=0.000
[INFO] [1791450638.501861934] [serial_twistctl_node]: [SERIAL_TX] Timestamp: 1791450638501852883, Sending command (1/1): vcx=0.000,wc=0.000
 [19 bytes written]
[INFO] [1791450638.551778743] [serial_twistctl_node]: [TWIST_RX] Received Twist message - linear.x=0.000, angular.z=0.000, scaled_angular.z=0.000
[INFO] [1791450638.551813748] [serial_twistctl_node]: [SERIAL_TX] Timestamp: 1791450638551806121, Sending command (1/1): vcx=0.000,wc=0.000
 [19 bytes written]
[INFO] [1791450638.601848755] [serial_twistctl_node]: [TWIST_RX] Received Twist message - linear.x=0.000, angular.z=0.000, scaled_angular.z=0.000
[INFO] [1791450638.601886746] [serial_twistctl_node]: [SERIAL_TX] Timestamp: 1791450638601878481, Sending command (1/1): vcx=0.000,wc=0.000
 [19 bytes written]
[INFO] [1791450638.651795631] [serial_twistctl_node]: [TWIST_RX] Received Twist message - linear.x=0.000, angular.z=0.000, scaled_angular.z=0.000
[INFO] [1791450638.651830807] [serial_twistctl_node]: [SERIAL_TX] Timestamp: 1791450638651823157, Sending command (1/1): vcx=0.000,wc=0.000
 [19 bytes written]
[INFO] [1791450638.701781045] [serial_twistctl_node]: [TWIST_RX] Received Twist message - linear.x=0.000, angular.z=0.000, scaled_angular.z=0.000
[INFO] [1791450638.701817591] [serial_twistctl_node]: [SERIAL_TX] Timestamp: 1791450638701808977, Sending command (1/1): vcx=0.000,wc=0.000
 [19 bytes written]
[INFO] [1791450638.751616790] [serial_twistctl_node]: [TWIST_RX] Received Twist message - linear.x=0.000, angular.z=0.000, scaled_angular.z=0.000
[INFO] [1791450638.751653848] [serial_twistctl_node]: [SERIAL_TX] Timestamp: 1791450638751645251, Sending command (1/1): vcx=0.000,wc=0.000
 [19 bytes written]
[INFO] [1791450638.801619824] [serial_twistctl_node]: [TWIST_RX] Received Twist message - linear.x=0.000, angular.z=0.000, scaled_angular.z=0.000
[INFO] [1791450638.801660472] [serial_twistctl_node]: [SERIAL_TX] Timestamp: 1791450638801651059, Sending command (1/1): vcx=0.000,wc=0.000
 [19 bytes written]
[INFO] [1791450638.851789899] [serial_twistctl_node]: [TWIST_RX] Received Twist message - linear.x=0.000, angular.z=0.000, scaled_angular.z=0.000
[INFO] [1791450638.851830855] [serial_twistctl_node]: [SERIAL_TX] Timestamp: 1791450638851822454, Sending command (1/1): vcx=0.000,wc=0.000
 [19 bytes written]
[INFO] [1791450638.901696675] [serial_twistctl_node]: [TWIST_RX] Received Twist message - linear.x=0.000, angular.z=0.000, scaled_angular.z=0.000
[INFO] [1791450638.901763688] [serial_twistctl_node]: [SERIAL_TX] Timestamp: 1791450638901751688, Sending command (1/1): vcx=0.000,wc=0.000
 [19 bytes written]
[INFO] [1791450638.951767201] [serial_twistctl_node]: [TWIST_RX] Received Twist message - linear.x=0.000, angular.z=0.000, scaled_angular.z=0.000
[INFO] [1791450638.951816921] [serial_twistctl_node]: [SERIAL_TX] Timestamp: 1791450638951805988, Sending command (1/1): vcx=0.000,wc=0.000
 [19 bytes written]
[INFO] [1791450639.001731746] [serial_twistctl_node]: [TWIST_RX] Received Twist message - linear.x=0.000, angular.z=0.000, scaled_angular.z=0.000
[INFO] [1791450639.001795985] [serial_twistctl_node]: [SERIAL_TX] Timestamp: 1791450639001783308, Sending command (1/1): vcx=0.000,wc=0.000
 [19 bytes written]
[INFO] [1791450639.051701814] [serial_twistctl_node]: [TWIST_RX] Received Twist message - linear.x=0.000, angular.z=0.000, scaled_angular.z=0.000
[INFO] [1791450639.051758166] [serial_twistctl_node]: [SERIAL_TX] Timestamp: 1791450639051745378, Sending command (1/1): vcx=0.000,wc=0.000
 [19 bytes written]
[INFO] [1791450639.101877434] [serial_twistctl_node]: [TWIST_RX] Received Twist message - linear.x=0.000, angular.z=0.000, scaled_angular.z=0.000
[INFO] [1791450639.101935967] [serial_twistctl_node]: [SERIAL_TX] Timestamp: 1791450639101918840, Sending command (1/1): vcx=0.000,wc=0.000
 [19 bytes written]
[INFO] [1791450639.151773483] [serial_twistctl_node]: [TWIST_RX] Received Twist message - linear.x=0.000, angular.z=0.000, scaled_angular.z=0.000
[INFO] [1791450639.151827933] [serial_twistctl_node]: [SERIAL_TX] Timestamp: 1791450639151815357, Sending command (1/1): vcx=0.000,wc=0.000
 [19 bytes written]
[INFO] [1791450639.201767827] [serial_twistctl_node]: [TWIST_RX] Received Twist message - linear.x=0.000, angular.z=0.000, scaled_angular.z=0.000
[INFO] [1791450639.201823380] [serial_twistctl_node]: [SERIAL_TX] Timestamp: 1791450639201810933, Sending command (1/1): vcx=0.000,wc=0.000
 [19 bytes written]
[INFO] [1791450639.251706690] [serial_twistctl_node]: [TWIST_RX] Received Twist message - linear.x=0.000, angular.z=0.000, scaled_angular.z=0.000
[INFO] [1791450639.251765383] [serial_twistctl_node]: [SERIAL_TX] Timestamp: 1791450639251752495, Sending command (1/1): vcx=0.000,wc=0.000
 [19 bytes written]
[INFO] [1791450639.301922143] [serial_twistctl_node]: [TWIST_RX] Received Twist message - linear.x=0.000, angular.z=0.000, scaled_angular.z=0.000
[INFO] [1791450639.301976628] [serial_twistctl_node]: [SERIAL_TX] Timestamp: 1791450639301964875, Sending command (1/1): vcx=0.000,wc=0.000
 [19 bytes written]
[INFO] [1791450639.351879890] [serial_twistctl_node]: [TWIST_RX] Received Twist message - linear.x=0.000, angular.z=0.000, scaled_angular.z=0.000
[INFO] [1791450639.351934822] [serial_twistctl_node]: [SERIAL_TX] Timestamp: 1791450639351922530, Sending command (1/1): vcx=0.000,wc=0.000
 [19 bytes written]
[INFO] [1791450639.401819160] [serial_twistctl_node]: [TWIST_RX] Received Twist message - linear.x=0.000, angular.z=0.000, scaled_angular.z=0.000
[INFO] [1791450639.401871173] [serial_twistctl_node]: [SERIAL_TX] Timestamp: 1791450639401858769, Sending command (1/1): vcx=0.000,wc=0.000
 [19 bytes written]
[INFO] [1791450639.451662038] [serial_twistctl_node]: [TWIST_RX] Received Twist message - linear.x=0.000, angular.z=0.000, scaled_angular.z=0.000
[INFO] [1791450639.451718433] [serial_twistctl_node]: [SERIAL_TX] Timestamp: 1791450639451706034, Sending command (1/1): vcx=0.000,wc=0.000
 [19 bytes written]
[INFO] [1791450639.501736080] [serial_twistctl_node]: [TWIST_RX] Received Twist message - linear.x=0.000, angular.z=0.000, scaled_angular.z=0.000
[INFO] [1791450639.501790837] [serial_twistctl_node]: [SERIAL_TX] Timestamp: 1791450639501778914, Sending command (1/1): vcx=0.000,wc=0.000
 [19 bytes written]
[INFO] [1791450639.551775171] [serial_twistctl_node]: [TWIST_RX] Received Twist message - linear.x=0.000, angular.z=0.000, scaled_angular.z=0.000
[INFO] [1791450639.551845113] [serial_twistctl_node]: [SERIAL_TX] Timestamp: 1791450639551831796, Sending command (1/1): vcx=0.000,wc=0.000
 [19 bytes written]
[INFO] [1791450639.601711142] [serial_twistctl_node]: [TWIST_RX] Received Twist message - linear.x=0.000, angular.z=0.000, scaled_angular.z=0.000
[INFO] [1791450639.601768172] [serial_twistctl_node]: [SERIAL_TX] Timestamp: 1791450639601754863, Sending command (1/1): vcx=0.000,wc=0.000
 [19 bytes written]
[INFO] [1791450639.651860951] [serial_twistctl_node]: [TWIST_RX] Received Twist message - linear.x=0.000, angular.z=0.000, scaled_angular.z=0.000
[INFO] [1791450639.651915988] [serial_twistctl_node]: [SERIAL_TX] Timestamp: 1791450639651903545, Sending command (1/1): vcx=0.000,wc=0.000
 [19 bytes written]
[INFO] [1791450639.701809185] [serial_twistctl_node]: [TWIST_RX] Received Twist message - linear.x=0.000, angular.z=0.000, scaled_angular.z=0.000
[INFO] [1791450639.701866428] [serial_twistctl_node]: [SERIAL_TX] Timestamp: 1791450639701853430, Sending command (1/1): vcx=0.000,wc=0.000
 [19 bytes written]
[INFO] [1791450639.751778506] [serial_twistctl_node]: [TWIST_RX] Received Twist message - linear.x=0.000, angular.z=0.000, scaled_angular.z=0.000
[INFO] [1791450639.751829494] [serial_twistctl_node]: [SERIAL_TX] Timestamp: 1791450639751817373, Sending command (1/1): vcx=0.000,wc=0.000
 [19 bytes written]
[INFO] [1791450639.801720744] [serial_twistctl_node]: [TWIST_RX] Received Twist message - linear.x=0.000, angular.z=0.000, scaled_angular.z=0.000
[INFO] [1791450639.801775413] [serial_twistctl_node]: [SERIAL_TX] Timestamp: 1791450639801762748, Sending command (1/1): vcx=0.000,wc=0.000
 [19 bytes written]
[INFO] [1791450639.851882755] [serial_twistctl_node]: [TWIST_RX] Received Twist message - linear.x=0.000, angular.z=0.000, scaled_angular.z=0.000
[INFO] [1791450639.851936917] [serial_twistctl_node]: [SERIAL_TX] Timestamp: 1791450639851924178, Sending command (1/1): vcx=0.000,wc=0.000
 [19 bytes written]
[INFO] [1791450639.901835703] [serial_twistctl_node]: [TWIST_RX] Received Twist message - linear.x=0.000, angular.z=0.000, scaled_angular.z=0.000
[INFO] [1791450639.901892754] [serial_twistctl_node]: [SERIAL_TX] Timestamp: 1791450639901878816, Sending command (1/1): vcx=0.000,wc=0.000
 [19 bytes written]
[INFO] [1791450639.951740725] [serial_twistctl_node]: [TWIST_RX] Received Twist message - linear.x=0.000, angular.z=0.000, scaled_angular.z=0.000
[INFO] [1791450639.951796235] [serial_twistctl_node]: [SERIAL_TX] Timestamp: 1791450639951783546, Sending command (1/1): vcx=0.000,wc=0.000
 [19 bytes written]
[INFO] [1791450640.001753836] [serial_twistctl_node]: [TWIST_RX] Received Twist message - linear.x=0.000, angular.z=0.000, scaled_angular.z=0.000
[INFO] [1791450640.001815459] [serial_twistctl_node]: [SERIAL_TX] Timestamp: 1791450640001802231, Sending command (1/1): vcx=0.000,wc=0.000
 [19 bytes written]
[INFO] [1791450640.051884723] [serial_twistctl_node]: [TWIST_RX] Received Twist message - linear.x=0.000, angular.z=0.000, scaled_angular.z=0.000
[INFO] [1791450640.051941638] [serial_twistctl_node]: [SERIAL_TX] Timestamp: 1791450640051927318, Sending command (1/1): vcx=0.000,wc=0.000
 [19 bytes written]
[INFO] [1791450640.101841712] [serial_twistctl_node]: [TWIST_RX] Received Twist message - linear.x=0.000, angular.z=0.000, scaled_angular.z=0.000
[INFO] [1791450640.101900458] [serial_twistctl_node]: [SERIAL_TX] Timestamp: 1791450640101883129, Sending command (1/1): vcx=0.000,wc=0.000
 [19 bytes written]
[INFO] [1791450640.151733997] [serial_twistctl_node]: [TWIST_RX] Received Twist message - linear.x=0.000, angular.z=0.000, scaled_angular.z=0.000
[INFO] [1791450640.151783487] [serial_twistctl_node]: [SERIAL_TX] Timestamp: 1791450640151772685, Sending command (1/1): vcx=0.000,wc=0.000
 [19 bytes written]
[INFO] [1791450640.201794194] [serial_twistctl_node]: [TWIST_RX] Received Twist message - linear.x=0.000, angular.z=0.000, scaled_angular.z=0.000
[INFO] [1791450640.201847738] [serial_twistctl_node]: [SERIAL_TX] Timestamp: 1791450640201836261, Sending command (1/1): vcx=0.000,wc=0.000
 [19 bytes written]
[INFO] [1791450640.251806164] [serial_twistctl_node]: [TWIST_RX] Received Twist message - linear.x=0.000, angular.z=0.000, scaled_angular.z=0.000
[INFO] [1791450640.251866053] [serial_twistctl_node]: [SERIAL_TX] Timestamp: 1791450640251851441, Sending command (1/1): vcx=0.000,wc=0.000
 [19 bytes written]
[INFO] [1791450640.301773295] [serial_twistctl_node]: [TWIST_RX] Received Twist message - linear.x=0.000, angular.z=0.000, scaled_angular.z=0.000
[INFO] [1791450640.301826906] [serial_twistctl_node]: [SERIAL_TX] Timestamp: 1791450640301814691, Sending command (1/1): vcx=0.000,wc=0.000
 [19 bytes written]
[INFO] [1791450640.351815997] [serial_twistctl_node]: [TWIST_RX] Received Twist message - linear.x=0.000, angular.z=0.000, scaled_angular.z=0.000
[INFO] [1791450640.351874113] [serial_twistctl_node]: [SERIAL_TX] Timestamp: 1791450640351862389, Sending command (1/1): vcx=0.000,wc=0.000
 [19 bytes written]
[INFO] [1791450640.401804665] [serial_twistctl_node]: [TWIST_RX] Received Twist message - linear.x=0.000, angular.z=0.000, scaled_angular.z=0.000
[INFO] [1791450640.401861353] [serial_twistctl_node]: [SERIAL_TX] Timestamp: 1791450640401847516, Sending command (1/1): vcx=0.000,wc=0.000
 [19 bytes written]
[INFO] [1791450640.451689143] [serial_twistctl_node]: [TWIST_RX] Received Twist message - linear.x=0.000, angular.z=0.000, scaled_angular.z=0.000
[INFO] [1791450640.451745534] [serial_twistctl_node]: [SERIAL_TX] Timestamp: 1791450640451733338, Sending command (1/1): vcx=0.000,wc=0.000
 [19 bytes written]
[INFO] [1791450640.501824845] [serial_twistctl_node]: [TWIST_RX] Received Twist message - linear.x=0.000, angular.z=0.000, scaled_angular.z=0.000
[INFO] [1791450640.501879330] [serial_twistctl_node]: [SERIAL_TX] Timestamp: 1791450640501867190, Sending command (1/1): vcx=0.000,wc=0.000
 [19 bytes written]
[INFO] [1791450640.551777381] [serial_twistctl_node]: [TWIST_RX] Received Twist message - linear.x=0.000, angular.z=0.000, scaled_angular.z=0.000
[INFO] [1791450640.551831382] [serial_twistctl_node]: [SERIAL_TX] Timestamp: 1791450640551819386, Sending command (1/1): vcx=0.000,wc=0.000
 [19 bytes written]
[INFO] [1791450640.601759164] [serial_twistctl_node]: [TWIST_RX] Received Twist message - linear.x=0.000, angular.z=0.000, scaled_angular.z=0.000
[INFO] [1791450640.601813644] [serial_twistctl_node]: [SERIAL_TX] Timestamp: 1791450640601801027, Sending command (1/1): vcx=0.000,wc=0.000
 [19 bytes written]
[INFO] [1791450640.651743858] [serial_twistctl_node]: [TWIST_RX] Received Twist message - linear.x=0.000, angular.z=0.000, scaled_angular.z=0.000
[INFO] [1791450640.651797599] [serial_twistctl_node]: [SERIAL_TX] Timestamp: 1791450640651784621, Sending command (1/1): vcx=0.000,wc=0.000
 [19 bytes written]
[INFO] [1791450640.701728928] [serial_twistctl_node]: [TWIST_RX] Received Twist message - linear.x=0.021, angular.z=0.000, scaled_angular.z=0.000
[INFO] [1791450640.701780878] [serial_twistctl_node]: [SERIAL_TX] Timestamp: 1791450640701769108, Sending command (1/1): vcx=0.021,wc=0.000
 [19 bytes written]
[INFO] [1791450640.751800230] [serial_twistctl_node]: [TWIST_RX] Received Twist message - linear.x=0.042, angular.z=0.000, scaled_angular.z=0.000
[INFO] [1791450640.751853881] [serial_twistctl_node]: [SERIAL_TX] Timestamp: 1791450640751841949, Sending command (1/1): vcx=0.042,wc=0.000
 [19 bytes written]
[INFO] [1791450640.801784512] [serial_twistctl_node]: [TWIST_RX] Received Twist message - linear.x=0.064, angular.z=0.000, scaled_angular.z=0.000
[INFO] [1791450640.801841456] [serial_twistctl_node]: [SERIAL_TX] Timestamp: 1791450640801828646, Sending command (1/1): vcx=0.064,wc=0.000
 [19 bytes written]
[INFO] [1791450640.851758854] [serial_twistctl_node]: [TWIST_RX] Received Twist message - linear.x=0.085, angular.z=0.000, scaled_angular.z=0.000
[INFO] [1791450640.851816703] [serial_twistctl_node]: [SERIAL_TX] Timestamp: 1791450640851805919, Sending command (1/1): vcx=0.085,wc=0.000
 [19 bytes written]
[INFO] [1791450640.901721817] [serial_twistctl_node]: [TWIST_RX] Received Twist message - linear.x=0.106, angular.z=0.000, scaled_angular.z=0.000
[INFO] [1791450640.901786612] [serial_twistctl_node]: [SERIAL_TX] Timestamp: 1791450640901775004, Sending command (1/1): vcx=0.106,wc=0.000
 [19 bytes written]
[INFO] [1791450640.951799459] [serial_twistctl_node]: [TWIST_RX] Received Twist message - linear.x=0.128, angular.z=0.000, scaled_angular.z=0.000
[INFO] [1791450640.951854517] [serial_twistctl_node]: [SERIAL_TX] Timestamp: 1791450640951842195, Sending command (1/1): vcx=0.128,wc=0.000
 [19 bytes written]
[INFO] [1791450641.001833230] [serial_twistctl_node]: [TWIST_RX] Received Twist message - linear.x=0.149, angular.z=0.000, scaled_angular.z=0.000
[INFO] [1791450641.001893590] [serial_twistctl_node]: [SERIAL_TX] Timestamp: 1791450641001881065, Sending command (1/1): vcx=0.149,wc=0.000
 [19 bytes written]
[INFO] [1791450641.051754161] [serial_twistctl_node]: [TWIST_RX] Received Twist message - linear.x=0.170, angular.z=0.000, scaled_angular.z=0.000
[INFO] [1791450641.051809113] [serial_twistctl_node]: [SERIAL_TX] Timestamp: 1791450641051796748, Sending command (1/1): vcx=0.170,wc=0.000
 [19 bytes written]
[INFO] [1791450641.101687372] [serial_twistctl_node]: [TWIST_RX] Received Twist message - linear.x=0.191, angular.z=0.000, scaled_angular.z=0.000
[INFO] [1791450641.101767328] [serial_twistctl_node]: [SERIAL_TX] Timestamp: 1791450641101754744, Sending command (1/1): vcx=0.191,wc=0.000
 [19 bytes written]
[INFO] [1791450641.151812582] [serial_twistctl_node]: [TWIST_RX] Received Twist message - linear.x=0.213, angular.z=0.000, scaled_angular.z=0.000
[INFO] [1791450641.151853300] [serial_twistctl_node]: [SERIAL_TX] Timestamp: 1791450641151843828, Sending command (1/1): vcx=0.213,wc=0.000
 [19 bytes written]
[INFO] [1791450641.201815153] [serial_twistctl_node]: [TWIST_RX] Received Twist message - linear.x=0.221, angular.z=0.000, scaled_angular.z=0.000
[INFO] [1791450641.201847436] [serial_twistctl_node]: [SERIAL_TX] Timestamp: 1791450641201839621, Sending command (1/1): vcx=0.221,wc=0.000
 [19 bytes written]
[INFO] [1791450641.251952591] [serial_twistctl_node]: [TWIST_RX] Received Twist message - linear.x=0.217, angular.z=0.000, scaled_angular.z=0.000
[INFO] [1791450641.251998852] [serial_twistctl_node]: [SERIAL_TX] Timestamp: 1791450641251989041, Sending command (1/1): vcx=0.217,wc=0.000
 [19 bytes written]
[INFO] [1791450641.301692788] [serial_twistctl_node]: [TWIST_RX] Received Twist message - linear.x=0.220, angular.z=0.000, scaled_angular.z=0.000
[INFO] [1791450641.301736694] [serial_twistctl_node]: [SERIAL_TX] Timestamp: 1791450641301726169, Sending command (1/1): vcx=0.220,wc=0.000
 [19 bytes written]
[INFO] [1791450641.351743425] [serial_twistctl_node]: [TWIST_RX] Received Twist message - linear.x=0.217, angular.z=0.000, scaled_angular.z=0.000
[INFO] [1791450641.351801566] [serial_twistctl_node]: [SERIAL_TX] Timestamp: 1791450641351788860, Sending command (1/1): vcx=0.217,wc=0.000
 [19 bytes written]
[INFO] [1791450641.401733246] [serial_twistctl_node]: [TWIST_RX] Received Twist message - linear.x=0.220, angular.z=0.000, scaled_angular.z=0.000
[INFO] [1791450641.401791460] [serial_twistctl_node]: [SERIAL_TX] Timestamp: 1791450641401778425, Sending command (1/1): vcx=0.220,wc=0.000
 [19 bytes written]
[INFO] [1791450641.451824077] [serial_twistctl_node]: [TWIST_RX] Received Twist message - linear.x=0.222, angular.z=0.000, scaled_angular.z=0.000
[INFO] [1791450641.451871070] [serial_twistctl_node]: [SERIAL_TX] Timestamp: 1791450641451861231, Sending command (1/1): vcx=0.222,wc=0.000
 [19 bytes written]
[INFO] [1791450641.501810929] [serial_twistctl_node]: [TWIST_RX] Received Twist message - linear.x=0.219, angular.z=0.000, scaled_angular.z=0.000
[INFO] [1791450641.501870832] [serial_twistctl_node]: [SERIAL_TX] Timestamp: 1791450641501858043, Sending command (1/1): vcx=0.219,wc=0.000
 [19 bytes written]
[INFO] [1791450641.551869271] [serial_twistctl_node]: [TWIST_RX] Received Twist message - linear.x=0.221, angular.z=0.000, scaled_angular.z=0.000
[INFO] [1791450641.551937437] [serial_twistctl_node]: [SERIAL_TX] Timestamp: 1791450641551925031, Sending command (1/1): vcx=0.221,wc=0.000
 [19 bytes written]
[INFO] [1791450641.601752894] [serial_twistctl_node]: [TWIST_RX] Received Twist message - linear.x=0.217, angular.z=0.000, scaled_angular.z=0.000
[INFO] [1791450641.601809389] [serial_twistctl_node]: [SERIAL_TX] Timestamp: 1791450641601796365, Sending command (1/1): vcx=0.217,wc=0.000
 [19 bytes written]
[INFO] [1791450641.651747678] [serial_twistctl_node]: [TWIST_RX] Received Twist message - linear.x=0.220, angular.z=0.000, scaled_angular.z=0.000
[INFO] [1791450641.651783002] [serial_twistctl_node]: [SERIAL_TX] Timestamp: 1791450641651774264, Sending command (1/1): vcx=0.220,wc=0.000
 [19 bytes written]
[INFO] [1791450641.701829199] [serial_twistctl_node]: [TWIST_RX] Received Twist message - linear.x=0.217, angular.z=0.000, scaled_angular.z=0.000
[INFO] [1791450641.701875281] [serial_twistctl_node]: [SERIAL_TX] Timestamp: 1791450641701860979, Sending command (1/1): vcx=0.217,wc=0.000
 [19 bytes written]
[INFO] [1791450641.751774144] [serial_twistctl_node]: [TWIST_RX] Received Twist message - linear.x=0.220, angular.z=0.000, scaled_angular.z=0.000
[INFO] [1791450641.751829935] [serial_twistctl_node]: [SERIAL_TX] Timestamp: 1791450641751817014, Sending command (1/1): vcx=0.220,wc=0.000
 [19 bytes written]
[INFO] [1791450641.801744332] [serial_twistctl_node]: [TWIST_RX] Received Twist message - linear.x=0.222, angular.z=0.000, scaled_angular.z=0.000
[INFO] [1791450641.801799410] [serial_twistctl_node]: [SERIAL_TX] Timestamp: 1791450641801787046, Sending command (1/1): vcx=0.222,wc=0.000
 [19 bytes written]
[INFO] [1791450641.851887113] [serial_twistctl_node]: [TWIST_RX] Received Twist message - linear.x=0.219, angular.z=0.000, scaled_angular.z=0.000
[INFO] [1791450641.851942269] [serial_twistctl_node]: [SERIAL_TX] Timestamp: 1791450641851929663, Sending command (1/1): vcx=0.219,wc=0.000
 [19 bytes written]
[INFO] [1791450641.901630667] [serial_twistctl_node]: [TWIST_RX] Received Twist message - linear.x=0.222, angular.z=0.000, scaled_angular.z=0.000
[INFO] [1791450641.901686660] [serial_twistctl_node]: [SERIAL_TX] Timestamp: 1791450641901673343, Sending command (1/1): vcx=0.222,wc=0.000
 [19 bytes written]
[INFO] [1791450641.951815718] [serial_twistctl_node]: [TWIST_RX] Received Twist message - linear.x=0.218, angular.z=0.000, scaled_angular.z=0.000
[INFO] [1791450641.951863088] [serial_twistctl_node]: [SERIAL_TX] Timestamp: 1791450641951852776, Sending command (1/1): vcx=0.218,wc=0.000
 [19 bytes written]
[INFO] [1791450642.001757354] [serial_twistctl_node]: [TWIST_RX] Received Twist message - linear.x=0.221, angular.z=0.000, scaled_angular.z=0.000
[INFO] [1791450642.001800357] [serial_twistctl_node]: [SERIAL_TX] Timestamp: 1791450642001791606, Sending command (1/1): vcx=0.221,wc=0.000
 [19 bytes written]
[INFO] [1791450642.051814661] [serial_twistctl_node]: [TWIST_RX] Received Twist message - linear.x=0.217, angular.z=0.000, scaled_angular.z=0.000
[INFO] [1791450642.051858124] [serial_twistctl_node]: [SERIAL_TX] Timestamp: 1791450642051848170, Sending command (1/1): vcx=0.217,wc=0.000
 [19 bytes written]
[INFO] [1791450642.101740809] [serial_twistctl_node]: [TWIST_RX] Received Twist message - linear.x=0.220, angular.z=0.000, scaled_angular.z=0.000
[INFO] [1791450642.101783723] [serial_twistctl_node]: [SERIAL_TX] Timestamp: 1791450642101773774, Sending command (1/1): vcx=0.220,wc=0.000
 [19 bytes written]
[INFO] [1791450642.151862671] [serial_twistctl_node]: [TWIST_RX] Received Twist message - linear.x=0.216, angular.z=0.000, scaled_angular.z=0.000
[INFO] [1791450642.151919311] [serial_twistctl_node]: [SERIAL_TX] Timestamp: 1791450642151907057, Sending command (1/1): vcx=0.216,wc=0.000
 [19 bytes written]
[INFO] [1791450642.201695027] [serial_twistctl_node]: [TWIST_RX] Received Twist message - linear.x=0.219, angular.z=0.000, scaled_angular.z=0.000
[INFO] [1791450642.201725420] [serial_twistctl_node]: [SERIAL_TX] Timestamp: 1791450642201718823, Sending command (1/1): vcx=0.219,wc=0.000
 [19 bytes written]
[INFO] [1791450642.251814544] [serial_twistctl_node]: [TWIST_RX] Received Twist message - linear.x=0.221, angular.z=0.000, scaled_angular.z=0.000
[INFO] [1791450642.251883377] [serial_twistctl_node]: [SERIAL_TX] Timestamp: 1791450642251869299, Sending command (1/1): vcx=0.221,wc=0.000
 [19 bytes written]
[INFO] [1791450642.301685973] [serial_twistctl_node]: [TWIST_RX] Received Twist message - linear.x=0.217, angular.z=0.000, scaled_angular.z=0.000
[INFO] [1791450642.301743233] [serial_twistctl_node]: [SERIAL_TX] Timestamp: 1791450642301731115, Sending command (1/1): vcx=0.217,wc=0.000
 [19 bytes written]
[INFO] [1791450642.351752706] [serial_twistctl_node]: [TWIST_RX] Received Twist message - linear.x=0.219, angular.z=0.000, scaled_angular.z=0.000
[INFO] [1791450642.351794493] [serial_twistctl_node]: [SERIAL_TX] Timestamp: 1791450642351785576, Sending command (1/1): vcx=0.219,wc=0.000
 [19 bytes written]
[INFO] [1791450642.402076931] [serial_twistctl_node]: [TWIST_RX] Received Twist message - linear.x=0.221, angular.z=0.000, scaled_angular.z=0.000
[INFO] [1791450642.402128914] [serial_twistctl_node]: [SERIAL_TX] Timestamp: 1791450642402119532, Sending command (1/1): vcx=0.221,wc=0.000
 [19 bytes written]
[INFO] [1791450642.451837998] [serial_twistctl_node]: [TWIST_RX] Received Twist message - linear.x=0.218, angular.z=0.000, scaled_angular.z=0.000
[INFO] [1791450642.451873973] [serial_twistctl_node]: [SERIAL_TX] Timestamp: 1791450642451865679, Sending command (1/1): vcx=0.218,wc=0.000
 [19 bytes written]
[INFO] [1791450642.501726542] [serial_twistctl_node]: [TWIST_RX] Received Twist message - linear.x=0.220, angular.z=0.000, scaled_angular.z=0.000
[INFO] [1791450642.501765512] [serial_twistctl_node]: [SERIAL_TX] Timestamp: 1791450642501756779, Sending command (1/1): vcx=0.220,wc=0.000
 [19 bytes written]
[INFO] [1791450642.551744779] [serial_twistctl_node]: [TWIST_RX] Received Twist message - linear.x=0.216, angular.z=0.000, scaled_angular.z=0.000
[INFO] [1791450642.551777831] [serial_twistctl_node]: [SERIAL_TX] Timestamp: 1791450642551770865, Sending command (1/1): vcx=0.216,wc=0.000
 [19 bytes written]
[INFO] [1791450642.601905212] [serial_twistctl_node]: [TWIST_RX] Received Twist message - linear.x=0.000, angular.z=0.000, scaled_angular.z=0.000
[INFO] [1791450642.601943084] [serial_twistctl_node]: [SERIAL_TX] Timestamp: 1791450642601934057, Sending command (1/1): vcx=0.000,wc=0.000
 [19 bytes written]
[INFO] [1791450642.651841855] [serial_twistctl_node]: [TWIST_RX] Received Twist message - linear.x=0.000, angular.z=0.000, scaled_angular.z=0.000
[INFO] [1791450642.651877951] [serial_twistctl_node]: [SERIAL_TX] Timestamp: 1791450642651870121, Sending command (1/1): vcx=0.000,wc=0.000
 [19 bytes written]
[INFO] [1791450642.701916357] [serial_twistctl_node]: [TWIST_RX] Received Twist message - linear.x=0.000, angular.z=0.000, scaled_angular.z=0.000
[INFO] [1791450642.701960359] [serial_twistctl_node]: [SERIAL_TX] Timestamp: 1791450642701952025, Sending command (1/1): vcx=0.000,wc=0.000
 [19 bytes written]
[INFO] [1791450642.751643215] [serial_twistctl_node]: [TWIST_RX] Received Twist message - linear.x=0.000, angular.z=0.000, scaled_angular.z=0.000
[INFO] [1791450642.751673352] [serial_twistctl_node]: [SERIAL_TX] Timestamp: 1791450642751666304, Sending command (1/1): vcx=0.000,wc=0.000
 [19 bytes written]
[INFO] [1791450642.801794754] [serial_twistctl_node]: [TWIST_RX] Received Twist message - linear.x=0.000, angular.z=0.000, scaled_angular.z=0.000
[INFO] [1791450642.801832742] [serial_twistctl_node]: [SERIAL_TX] Timestamp: 1791450642801824164, Sending command (1/1): vcx=0.000,wc=0.000
 [19 bytes written]
[INFO] [1791450642.851782254] [serial_twistctl_node]: [TWIST_RX] Received Twist message - linear.x=0.000, angular.z=0.000, scaled_angular.z=0.000
[INFO] [1791450642.851817491] [serial_twistctl_node]: [SERIAL_TX] Timestamp: 1791450642851809625, Sending command (1/1): vcx=0.000,wc=0.000
 [19 bytes written]
[INFO] [1791450642.901836747] [serial_twistctl_node]: [TWIST_RX] Received Twist message - linear.x=0.000, angular.z=0.000, scaled_angular.z=0.000
[INFO] [1791450642.901881876] [serial_twistctl_node]: [SERIAL_TX] Timestamp: 1791450642901874396, Sending command (1/1): vcx=0.000,wc=0.000
 [19 bytes written]
[INFO] [1791450642.951892388] [serial_twistctl_node]: [TWIST_RX] Received Twist message - linear.x=0.000, angular.z=0.000, scaled_angular.z=0.000
[INFO] [1791450642.951927053] [serial_twistctl_node]: [SERIAL_TX] Timestamp: 1791450642951919975, Sending command (1/1): vcx=0.000,wc=0.000
 [19 bytes written]
[INFO] [1791450643.001854721] [serial_twistctl_node]: [TWIST_RX] Received Twist message - linear.x=0.000, angular.z=0.000, scaled_angular.z=0.000
[INFO] [1791450643.001895033] [serial_twistctl_node]: [SERIAL_TX] Timestamp: 1791450643001887584, Sending command (1/1): vcx=0.000,wc=0.000
 [19 bytes written]
[INFO] [1791450643.051931583] [serial_twistctl_node]: [TWIST_RX] Received Twist message - linear.x=0.000, angular.z=0.000, scaled_angular.z=0.000
[INFO] [1791450643.051979476] [serial_twistctl_node]: [SERIAL_TX] Timestamp: 1791450643051968808, Sending command (1/1): vcx=0.000,wc=0.000
 [19 bytes written]
[INFO] [1791450643.101964440] [serial_twistctl_node]: [TWIST_RX] Received Twist message - linear.x=0.000, angular.z=0.000, scaled_angular.z=0.000
[INFO] [1791450643.102007909] [serial_twistctl_node]: [SERIAL_TX] Timestamp: 1791450643101999117, Sending command (1/1): vcx=0.000,wc=0.000
 [19 bytes written]
[INFO] [1791450643.151741492] [serial_twistctl_node]: [TWIST_RX] Received Twist message - linear.x=0.000, angular.z=0.000, scaled_angular.z=0.000
[INFO] [1791450643.151778386] [serial_twistctl_node]: [SERIAL_TX] Timestamp: 1791450643151768644, Sending command (1/1): vcx=0.000,wc=0.000
 [19 bytes written]
[INFO] [1791450643.201796462] [serial_twistctl_node]: [TWIST_RX] Received Twist message - linear.x=0.000, angular.z=0.000, scaled_angular.z=0.000
[INFO] [1791450643.201830745] [serial_twistctl_node]: [SERIAL_TX] Timestamp: 1791450643201821900, Sending command (1/1): vcx=0.000,wc=0.000
 [19 bytes written]
[INFO] [1791450643.251827540] [serial_twistctl_node]: [TWIST_RX] Received Twist message - linear.x=0.000, angular.z=0.000, scaled_angular.z=0.000
[INFO] [1791450643.251866157] [serial_twistctl_node]: [SERIAL_TX] Timestamp: 1791450643251857052, Sending command (1/1): vcx=0.000,wc=0.000
 [19 bytes written]
[INFO] [1791450643.281800370] [rclcpp]: signal_handler(SIGINT/SIGTERM)
[INFO] [1791450643.281969948] [serial_twistctl_node]: Serial port closed.
