[INFO] [1791448793.301536071] [serial_twistctl_node]: Node 文件运行成功
Error reading log config: bad file: /home/badger/XJTLU-autonomous-vehicle/runtime-data/config/log_switch.yaml
[INFO] [1791448793.303464378] [serial_twistctl_node]: Serial port /dev/pts/0 opened successfully.
[INFO] [1791448793.307328915] [serial_twistctl_node]: serial_twistctl_node node has started and subscribed to topic...
[INFO] [1791448793.645572674] [serial_twistctl_node]: [TWIST_RX] Received Twist message - linear.x=0.000, angular.z=0.000, scaled_angular.z=0.000
[INFO] [1791448793.645614656] [serial_twistctl_node]: [SERIAL_TX] Timestamp: 1791448793645598937, Sending command (1/1): vcx=0.000,wc=0.000
 [19 bytes written]
[INFO] [1791448793.690177759] [serial_twistctl_node]: [TWIST_RX] Received Twist message - linear.x=0.000, angular.z=0.000, scaled_angular.z=0.000
[INFO] [1791448793.690213488] [serial_twistctl_node]: [SERIAL_TX] Timestamp: 1791448793690204218, Sending command (1/1): vcx=0.000,wc=0.000
 [19 bytes written]
[INFO] [1791448793.740523227] [serial_twistctl_node]: [TWIST_RX] Received Twist message - linear.x=0.000, angular.z=0.000, scaled_angular.z=0.000
[INFO] [1791448793.740561515] [serial_twistctl_node]: [SERIAL_TX] Timestamp: 1791448793740553290, Sending command (1/1): vcx=0.000,wc=0.000
 [19 bytes written]
[INFO] [1791448793.790466375] [serial_twistctl_node]: [TWIST_RX] Received Twist message - linear.x=0.000, angular.z=0.000, scaled_angular.z=0.000
[INFO] [1791448793.790502613] [serial_twistctl_node]: [SERIAL_TX] Timestamp: 1791448793790495195, Sending command (1/1): vcx=0.000,wc=0.000
 [19 bytes written]
[INFO] [1791448793.840434865] [serial_twistctl_node]: [TWIST_RX] Received Twist message - linear.x=0.000, angular.z=0.000, scaled_angular.z=0.000
[INFO] [1791448793.840467391] [serial_twistctl_node]: [SERIAL_TX] Timestamp: 1791448793840458704, Sending command (1/1): vcx=0.000,wc=0.000
 [19 bytes written]
[INFO] [1791448793.890604463] [serial_twistctl_node]: [TWIST_RX] Received Twist message - linear.x=0.000, angular.z=0.000, scaled_angular.z=0.000
[INFO] [1791448793.890642089] [serial_twistctl_node]: [SERIAL_TX] Timestamp: 1791448793890634050, Sending command (1/1): vcx=0.000,wc=0.000
 [19 bytes written]
[INFO] [1791448793.940580111] [serial_twistctl_node]: [TWIST_RX] Received Twist message - linear.x=0.000, angular.z=0.000, scaled_angular.z=0.000
[INFO] [1791448793.940616212] [serial_twistctl_node]: [SERIAL_TX] Timestamp: 1791448793940608117, Sending command (1/1): vcx=0.000,wc=0.000
 [19 bytes written]
[INFO] [1791448793.990465055] [serial_twistctl_node]: [TWIST_RX] Received Twist message - linear.x=0.000, angular.z=0.000, scaled_angular.z=0.000
[INFO] [1791448793.990501145] [serial_twistctl_node]: [SERIAL_TX] Timestamp: 1791448793990493563, Sending command (1/1): vcx=0.000,wc=0.000
 [19 bytes written]
[INFO] [1791448794.040508168] [serial_twistctl_node]: [TWIST_RX] Received Twist message - linear.x=0.000, angular.z=0.000, scaled_angular.z=0.000
[INFO] [1791448794.040542916] [serial_twistctl_node]: [SERIAL_TX] Timestamp: 1791448794040536207, Sending command (1/1): vcx=0.000,wc=0.000
 [19 bytes written]
[INFO] [1791448794.090340336] [serial_twistctl_node]: [TWIST_RX] Received Twist message - linear.x=0.000, angular.z=0.000, scaled_angular.z=0.000
[INFO] [1791448794.090379242] [serial_twistctl_node]: [SERIAL_TX] Timestamp: 1791448794090370838, Sending command (1/1): vcx=0.000,wc=0.000
 [19 bytes written]
[INFO] [1791448794.140531569] [serial_twistctl_node]: [TWIST_RX] Received Twist message - linear.x=0.000, angular.z=0.000, scaled_angular.z=0.000
[INFO] [1791448794.140571280] [serial_twistctl_node]: [SERIAL_TX] Timestamp: 1791448794140564051, Sending command (1/1): vcx=0.000,wc=0.000
 [19 bytes written]
[INFO] [1791448794.190471284] [serial_twistctl_node]: [TWIST_RX] Received Twist message - linear.x=0.000, angular.z=0.000, scaled_angular.z=0.000
[INFO] [1791448794.190513382] [serial_twistctl_node]: [SERIAL_TX] Timestamp: 1791448794190504366, Sending command (1/1): vcx=0.000,wc=0.000
 [19 bytes written]
[INFO] [1791448794.240462176] [serial_twistctl_node]: [TWIST_RX] Received Twist message - linear.x=0.000, angular.z=0.000, scaled_angular.z=0.000
[INFO] [1791448794.240516536] [serial_twistctl_node]: [SERIAL_TX] Timestamp: 1791448794240508012, Sending command (1/1): vcx=0.000,wc=0.000
 [19 bytes written]
[INFO] [1791448794.290395656] [serial_twistctl_node]: [TWIST_RX] Received Twist message - linear.x=0.000, angular.z=0.000, scaled_angular.z=0.000
[INFO] [1791448794.290437732] [serial_twistctl_node]: [SERIAL_TX] Timestamp: 1791448794290429837, Sending command (1/1): vcx=0.000,wc=0.000
 [19 bytes written]
[INFO] [1791448794.340764437] [serial_twistctl_node]: [TWIST_RX] Received Twist message - linear.x=0.000, angular.z=0.000, scaled_angular.z=0.000
[INFO] [1791448794.340802453] [serial_twistctl_node]: [SERIAL_TX] Timestamp: 1791448794340794938, Sending command (1/1): vcx=0.000,wc=0.000
 [19 bytes written]
[INFO] [1791448794.390550074] [serial_twistctl_node]: [TWIST_RX] Received Twist message - linear.x=0.000, angular.z=0.000, scaled_angular.z=0.000
[INFO] [1791448794.390590406] [serial_twistctl_node]: [SERIAL_TX] Timestamp: 1791448794390582043, Sending command (1/1): vcx=0.000,wc=0.000
 [19 bytes written]
[INFO] [1791448794.440609594] [serial_twistctl_node]: [TWIST_RX] Received Twist message - linear.x=0.000, angular.z=0.000, scaled_angular.z=0.000
[INFO] [1791448794.440655383] [serial_twistctl_node]: [SERIAL_TX] Timestamp: 1791448794440646934, Sending command (1/1): vcx=0.000,wc=0.000
 [19 bytes written]
[INFO] [1791448794.490401123] [serial_twistctl_node]: [TWIST_RX] Received Twist message - linear.x=0.000, angular.z=0.000, scaled_angular.z=0.000
[INFO] [1791448794.490440156] [serial_twistctl_node]: [SERIAL_TX] Timestamp: 1791448794490431958, Sending command (1/1): vcx=0.000,wc=0.000
 [19 bytes written]
[INFO] [1791448794.540521629] [serial_twistctl_node]: [TWIST_RX] Received Twist message - linear.x=0.000, angular.z=0.000, scaled_angular.z=0.000
[INFO] [1791448794.540555400] [serial_twistctl_node]: [SERIAL_TX] Timestamp: 1791448794540548444, Sending command (1/1): vcx=0.000,wc=0.000
 [19 bytes written]
[INFO] [1791448794.590142730] [serial_twistctl_node]: [TWIST_RX] Received Twist message - linear.x=0.000, angular.z=0.000, scaled_angular.z=0.000
[INFO] [1791448794.590182549] [serial_twistctl_node]: [SERIAL_TX] Timestamp: 1791448794590173904, Sending command (1/1): vcx=0.000,wc=0.000
 [19 bytes written]
[INFO] [1791448794.640573904] [serial_twistctl_node]: [TWIST_RX] Received Twist message - linear.x=0.000, angular.z=0.000, scaled_angular.z=0.000
[INFO] [1791448794.640613727] [serial_twistctl_node]: [SERIAL_TX] Timestamp: 1791448794640605609, Sending command (1/1): vcx=0.000,wc=0.000
 [19 bytes written]
[INFO] [1791448794.690535658] [serial_twistctl_node]: [TWIST_RX] Received Twist message - linear.x=0.000, angular.z=0.000, scaled_angular.z=0.000
[INFO] [1791448794.690569973] [serial_twistctl_node]: [SERIAL_TX] Timestamp: 1791448794690562648, Sending command (1/1): vcx=0.000,wc=0.000
 [19 bytes written]
[INFO] [1791448794.740652146] [serial_twistctl_node]: [TWIST_RX] Received Twist message - linear.x=0.000, angular.z=0.000, scaled_angular.z=0.000
[INFO] [1791448794.740689184] [serial_twistctl_node]: [SERIAL_TX] Timestamp: 1791448794740681529, Sending command (1/1): vcx=0.000,wc=0.000
 [19 bytes written]
[INFO] [1791448794.790592805] [serial_twistctl_node]: [TWIST_RX] Received Twist message - linear.x=0.000, angular.z=0.000, scaled_angular.z=0.000
[INFO] [1791448794.790628635] [serial_twistctl_node]: [SERIAL_TX] Timestamp: 1791448794790621068, Sending command (1/1): vcx=0.000,wc=0.000
 [19 bytes written]
[INFO] [1791448794.840629688] [serial_twistctl_node]: [TWIST_RX] Received Twist message - linear.x=0.000, angular.z=0.000, scaled_angular.z=0.000
[INFO] [1791448794.840668147] [serial_twistctl_node]: [SERIAL_TX] Timestamp: 1791448794840660772, Sending command (1/1): vcx=0.000,wc=0.000
 [19 bytes written]
[INFO] [1791448794.890451008] [serial_twistctl_node]: [TWIST_RX] Received Twist message - linear.x=0.000, angular.z=0.000, scaled_angular.z=0.000
[INFO] [1791448794.890497841] [serial_twistctl_node]: [SERIAL_TX] Timestamp: 1791448794890490098, Sending command (1/1): vcx=0.000,wc=0.000
 [19 bytes written]
[INFO] [1791448794.940586024] [serial_twistctl_node]: [TWIST_RX] Received Twist message - linear.x=0.000, angular.z=0.000, scaled_angular.z=0.000
[INFO] [1791448794.940622005] [serial_twistctl_node]: [SERIAL_TX] Timestamp: 1791448794940613614, Sending command (1/1): vcx=0.000,wc=0.000
 [19 bytes written]
[INFO] [1791448794.990491276] [serial_twistctl_node]: [TWIST_RX] Received Twist message - linear.x=0.000, angular.z=0.000, scaled_angular.z=0.000
[INFO] [1791448794.990527819] [serial_twistctl_node]: [SERIAL_TX] Timestamp: 1791448794990520100, Sending command (1/1): vcx=0.000,wc=0.000
 [19 bytes written]
[INFO] [1791448795.040549540] [serial_twistctl_node]: [TWIST_RX] Received Twist message - linear.x=0.000, angular.z=0.000, scaled_angular.z=0.000
[INFO] [1791448795.040590305] [serial_twistctl_node]: [SERIAL_TX] Timestamp: 1791448795040582446, Sending command (1/1): vcx=0.000,wc=0.000
 [19 bytes written]
[INFO] [1791448795.090608594] [serial_twistctl_node]: [TWIST_RX] Received Twist message - linear.x=0.000, angular.z=0.000, scaled_angular.z=0.000
[INFO] [1791448795.090654944] [serial_twistctl_node]: [SERIAL_TX] Timestamp: 1791448795090647355, Sending command (1/1): vcx=0.000,wc=0.000
 [19 bytes written]
[INFO] [1791448795.140342909] [serial_twistctl_node]: [TWIST_RX] Received Twist message - linear.x=0.000, angular.z=0.000, scaled_angular.z=0.000
[INFO] [1791448795.140393851] [serial_twistctl_node]: [SERIAL_TX] Timestamp: 1791448795140382593, Sending command (1/1): vcx=0.000,wc=0.000
 [19 bytes written]
[INFO] [1791448795.190597003] [serial_twistctl_node]: [TWIST_RX] Received Twist message - linear.x=0.000, angular.z=0.000, scaled_angular.z=0.000
[INFO] [1791448795.190632185] [serial_twistctl_node]: [SERIAL_TX] Timestamp: 1791448795190624927, Sending command (1/1): vcx=0.000,wc=0.000
 [19 bytes written]
[INFO] [1791448795.240510564] [serial_twistctl_node]: [TWIST_RX] Received Twist message - linear.x=0.000, angular.z=0.000, scaled_angular.z=0.000
[INFO] [1791448795.240549411] [serial_twistctl_node]: [SERIAL_TX] Timestamp: 1791448795240540426, Sending command (1/1): vcx=0.000,wc=0.000
 [19 bytes written]
[INFO] [1791448795.290512518] [serial_twistctl_node]: [TWIST_RX] Received Twist message - linear.x=0.000, angular.z=0.000, scaled_angular.z=0.000
[INFO] [1791448795.290552779] [serial_twistctl_node]: [SERIAL_TX] Timestamp: 1791448795290544780, Sending command (1/1): vcx=0.000,wc=0.000
 [19 bytes written]
[INFO] [1791448795.340580056] [serial_twistctl_node]: [TWIST_RX] Received Twist message - linear.x=0.000, angular.z=0.000, scaled_angular.z=0.000
[INFO] [1791448795.340609392] [serial_twistctl_node]: [SERIAL_TX] Timestamp: 1791448795340602832, Sending command (1/1): vcx=0.000,wc=0.000
 [19 bytes written]
[INFO] [1791448795.390581416] [serial_twistctl_node]: [TWIST_RX] Received Twist message - linear.x=0.000, angular.z=0.000, scaled_angular.z=0.000
[INFO] [1791448795.390621882] [serial_twistctl_node]: [SERIAL_TX] Timestamp: 1791448795390614634, Sending command (1/1): vcx=0.000,wc=0.000
 [19 bytes written]
[INFO] [1791448795.440527337] [serial_twistctl_node]: [TWIST_RX] Received Twist message - linear.x=0.000, angular.z=0.000, scaled_angular.z=0.000
[INFO] [1791448795.440558084] [serial_twistctl_node]: [SERIAL_TX] Timestamp: 1791448795440551663, Sending command (1/1): vcx=0.000,wc=0.000
 [19 bytes written]
[INFO] [1791448795.490386202] [serial_twistctl_node]: [TWIST_RX] Received Twist message - linear.x=0.000, angular.z=0.000, scaled_angular.z=0.000
[INFO] [1791448795.490418592] [serial_twistctl_node]: [SERIAL_TX] Timestamp: 1791448795490411427, Sending command (1/1): vcx=0.000,wc=0.000
 [19 bytes written]
[INFO] [1791448795.540700443] [serial_twistctl_node]: [TWIST_RX] Received Twist message - linear.x=0.000, angular.z=0.000, scaled_angular.z=0.000
[INFO] [1791448795.540731835] [serial_twistctl_node]: [SERIAL_TX] Timestamp: 1791448795540724856, Sending command (1/1): vcx=0.000,wc=0.000
 [19 bytes written]
[INFO] [1791448795.590648531] [serial_twistctl_node]: [TWIST_RX] Received Twist message - linear.x=0.000, angular.z=0.000, scaled_angular.z=0.000
[INFO] [1791448795.590688894] [serial_twistctl_node]: [SERIAL_TX] Timestamp: 1791448795590682318, Sending command (1/1): vcx=0.000,wc=0.000
 [19 bytes written]
[INFO] [1791448795.640746821] [serial_twistctl_node]: [TWIST_RX] Received Twist message - linear.x=0.000, angular.z=0.000, scaled_angular.z=0.000
[INFO] [1791448795.640789344] [serial_twistctl_node]: [SERIAL_TX] Timestamp: 1791448795640780303, Sending command (1/1): vcx=0.000,wc=0.000
 [19 bytes written]
[INFO] [1791448795.690386444] [serial_twistctl_node]: [TWIST_RX] Received Twist message - linear.x=0.000, angular.z=0.000, scaled_angular.z=0.000
[INFO] [1791448795.690435222] [serial_twistctl_node]: [SERIAL_TX] Timestamp: 1791448795690427037, Sending command (1/1): vcx=0.000,wc=0.000
 [19 bytes written]
[INFO] [1791448795.740509528] [serial_twistctl_node]: [TWIST_RX] Received Twist message - linear.x=0.000, angular.z=0.000, scaled_angular.z=0.000
[INFO] [1791448795.740548427] [serial_twistctl_node]: [SERIAL_TX] Timestamp: 1791448795740541135, Sending command (1/1): vcx=0.000,wc=0.000
 [19 bytes written]
[INFO] [1791448795.790588091] [serial_twistctl_node]: [TWIST_RX] Received Twist message - linear.x=0.000, angular.z=0.000, scaled_angular.z=0.000
[INFO] [1791448795.790624259] [serial_twistctl_node]: [SERIAL_TX] Timestamp: 1791448795790616793, Sending command (1/1): vcx=0.000,wc=0.000
 [19 bytes written]
[INFO] [1791448795.840544033] [serial_twistctl_node]: [TWIST_RX] Received Twist message - linear.x=0.000, angular.z=0.000, scaled_angular.z=0.000
[INFO] [1791448795.840575424] [serial_twistctl_node]: [SERIAL_TX] Timestamp: 1791448795840569056, Sending command (1/1): vcx=0.000,wc=0.000
 [19 bytes written]
[INFO] [1791448795.890614686] [serial_twistctl_node]: [TWIST_RX] Received Twist message - linear.x=0.000, angular.z=0.000, scaled_angular.z=0.000
[INFO] [1791448795.890655163] [serial_twistctl_node]: [SERIAL_TX] Timestamp: 1791448795890646994, Sending command (1/1): vcx=0.000,wc=0.000
 [19 bytes written]
[INFO] [1791448795.940483703] [serial_twistctl_node]: [TWIST_RX] Received Twist message - linear.x=0.000, angular.z=0.000, scaled_angular.z=0.000
[INFO] [1791448795.940518854] [serial_twistctl_node]: [SERIAL_TX] Timestamp: 1791448795940511022, Sending command (1/1): vcx=0.000,wc=0.000
 [19 bytes written]
[INFO] [1791448795.990442614] [serial_twistctl_node]: [TWIST_RX] Received Twist message - linear.x=0.000, angular.z=0.000, scaled_angular.z=0.000
[INFO] [1791448795.990478684] [serial_twistctl_node]: [SERIAL_TX] Timestamp: 1791448795990471223, Sending command (1/1): vcx=0.000,wc=0.000
 [19 bytes written]
[INFO] [1791448796.040585936] [serial_twistctl_node]: [TWIST_RX] Received Twist message - linear.x=0.000, angular.z=0.000, scaled_angular.z=0.000
[INFO] [1791448796.040630520] [serial_twistctl_node]: [SERIAL_TX] Timestamp: 1791448796040623037, Sending command (1/1): vcx=0.000,wc=0.000
 [19 bytes written]
[INFO] [1791448796.090621538] [serial_twistctl_node]: [TWIST_RX] Received Twist message - linear.x=0.000, angular.z=0.000, scaled_angular.z=0.000
[INFO] [1791448796.090665629] [serial_twistctl_node]: [SERIAL_TX] Timestamp: 1791448796090658456, Sending command (1/1): vcx=0.000,wc=0.000
 [19 bytes written]
[INFO] [1791448796.140341670] [serial_twistctl_node]: [TWIST_RX] Received Twist message - linear.x=0.000, angular.z=0.000, scaled_angular.z=0.000
[INFO] [1791448796.140384448] [serial_twistctl_node]: [SERIAL_TX] Timestamp: 1791448796140375786, Sending command (1/1): vcx=0.000,wc=0.000
 [19 bytes written]
[INFO] [1791448796.190658440] [serial_twistctl_node]: [TWIST_RX] Received Twist message - linear.x=0.000, angular.z=0.000, scaled_angular.z=0.000
[INFO] [1791448796.190698227] [serial_twistctl_node]: [SERIAL_TX] Timestamp: 1791448796190689046, Sending command (1/1): vcx=0.000,wc=0.000
 [19 bytes written]
[INFO] [1791448796.240490967] [serial_twistctl_node]: [TWIST_RX] Received Twist message - linear.x=0.000, angular.z=0.000, scaled_angular.z=0.000
[INFO] [1791448796.240536394] [serial_twistctl_node]: [SERIAL_TX] Timestamp: 1791448796240527770, Sending command (1/1): vcx=0.000,wc=0.000
 [19 bytes written]
[INFO] [1791448796.290608785] [serial_twistctl_node]: [TWIST_RX] Received Twist message - linear.x=0.000, angular.z=0.000, scaled_angular.z=0.000
[INFO] [1791448796.290652528] [serial_twistctl_node]: [SERIAL_TX] Timestamp: 1791448796290643102, Sending command (1/1): vcx=0.000,wc=0.000
 [19 bytes written]
[INFO] [1791448796.340319013] [serial_twistctl_node]: [TWIST_RX] Received Twist message - linear.x=0.000, angular.z=0.000, scaled_angular.z=0.000
[INFO] [1791448796.340360968] [serial_twistctl_node]: [SERIAL_TX] Timestamp: 1791448796340352045, Sending command (1/1): vcx=0.000,wc=0.000
 [19 bytes written]
[INFO] [1791448796.390547835] [serial_twistctl_node]: [TWIST_RX] Received Twist message - linear.x=0.000, angular.z=0.000, scaled_angular.z=0.000
[INFO] [1791448796.390585796] [serial_twistctl_node]: [SERIAL_TX] Timestamp: 1791448796390576764, Sending command (1/1): vcx=0.000,wc=0.000
 [19 bytes written]
[INFO] [1791448796.440496214] [serial_twistctl_node]: [TWIST_RX] Received Twist message - linear.x=0.000, angular.z=0.000, scaled_angular.z=0.000
[INFO] [1791448796.440533439] [serial_twistctl_node]: [SERIAL_TX] Timestamp: 1791448796440525409, Sending command (1/1): vcx=0.000,wc=0.000
 [19 bytes written]
[INFO] [1791448796.490385747] [serial_twistctl_node]: [TWIST_RX] Received Twist message - linear.x=0.000, angular.z=0.000, scaled_angular.z=0.000
[INFO] [1791448796.490421358] [serial_twistctl_node]: [SERIAL_TX] Timestamp: 1791448796490413397, Sending command (1/1): vcx=0.000,wc=0.000
 [19 bytes written]
[INFO] [1791448796.540665224] [serial_twistctl_node]: [TWIST_RX] Received Twist message - linear.x=0.000, angular.z=0.000, scaled_angular.z=0.000
[INFO] [1791448796.540702396] [serial_twistctl_node]: [SERIAL_TX] Timestamp: 1791448796540694275, Sending command (1/1): vcx=0.000,wc=0.000
 [19 bytes written]
[INFO] [1791448796.590645635] [serial_twistctl_node]: [TWIST_RX] Received Twist message - linear.x=0.000, angular.z=0.000, scaled_angular.z=0.000
[INFO] [1791448796.590680797] [serial_twistctl_node]: [SERIAL_TX] Timestamp: 1791448796590672812, Sending command (1/1): vcx=0.000,wc=0.000
 [19 bytes written]
[INFO] [1791448796.640500670] [serial_twistctl_node]: [TWIST_RX] Received Twist message - linear.x=0.000, angular.z=0.000, scaled_angular.z=0.000
[INFO] [1791448796.640533020] [serial_twistctl_node]: [SERIAL_TX] Timestamp: 1791448796640524664, Sending command (1/1): vcx=0.000,wc=0.000
 [19 bytes written]
[INFO] [1791448796.690352002] [serial_twistctl_node]: [TWIST_RX] Received Twist message - linear.x=0.000, angular.z=0.000, scaled_angular.z=0.000
[INFO] [1791448796.690414660] [serial_twistctl_node]: [SERIAL_TX] Timestamp: 1791448796690406488, Sending command (1/1): vcx=0.000,wc=0.000
 [19 bytes written]
[INFO] [1791448796.740325240] [serial_twistctl_node]: [TWIST_RX] Received Twist message - linear.x=0.000, angular.z=0.000, scaled_angular.z=0.000
[INFO] [1791448796.740359697] [serial_twistctl_node]: [SERIAL_TX] Timestamp: 1791448796740352165, Sending command (1/1): vcx=0.000,wc=0.000
 [19 bytes written]
[INFO] [1791448796.790452372] [serial_twistctl_node]: [TWIST_RX] Received Twist message - linear.x=0.000, angular.z=0.000, scaled_angular.z=0.000
[INFO] [1791448796.790489334] [serial_twistctl_node]: [SERIAL_TX] Timestamp: 1791448796790481030, Sending command (1/1): vcx=0.000,wc=0.000
 [19 bytes written]
[INFO] [1791448796.840359864] [serial_twistctl_node]: [TWIST_RX] Received Twist message - linear.x=0.000, angular.z=0.000, scaled_angular.z=0.000
[INFO] [1791448796.840393068] [serial_twistctl_node]: [SERIAL_TX] Timestamp: 1791448796840385597, Sending command (1/1): vcx=0.000,wc=0.000
 [19 bytes written]
[INFO] [1791448796.890369010] [serial_twistctl_node]: [TWIST_RX] Received Twist message - linear.x=0.000, angular.z=0.000, scaled_angular.z=0.000
[INFO] [1791448796.890405520] [serial_twistctl_node]: [SERIAL_TX] Timestamp: 1791448796890397438, Sending command (1/1): vcx=0.000,wc=0.000
 [19 bytes written]
[INFO] [1791448796.940588158] [serial_twistctl_node]: [TWIST_RX] Received Twist message - linear.x=0.000, angular.z=0.000, scaled_angular.z=0.000
[INFO] [1791448796.940634522] [serial_twistctl_node]: [SERIAL_TX] Timestamp: 1791448796940625826, Sending command (1/1): vcx=0.000,wc=0.000
 [19 bytes written]
[INFO] [1791448796.990603879] [serial_twistctl_node]: [TWIST_RX] Received Twist message - linear.x=0.000, angular.z=0.000, scaled_angular.z=0.000
[INFO] [1791448796.990640875] [serial_twistctl_node]: [SERIAL_TX] Timestamp: 1791448796990632145, Sending command (1/1): vcx=0.000,wc=0.000
 [19 bytes written]
[INFO] [1791448797.040668848] [serial_twistctl_node]: [TWIST_RX] Received Twist message - linear.x=0.000, angular.z=0.000, scaled_angular.z=0.000
[INFO] [1791448797.040703527] [serial_twistctl_node]: [SERIAL_TX] Timestamp: 1791448797040696601, Sending command (1/1): vcx=0.000,wc=0.000
 [19 bytes written]
[INFO] [1791448797.090586580] [serial_twistctl_node]: [TWIST_RX] Received Twist message - linear.x=0.000, angular.z=0.000, scaled_angular.z=0.000
[INFO] [1791448797.090628958] [serial_twistctl_node]: [SERIAL_TX] Timestamp: 1791448797090618744, Sending command (1/1): vcx=0.000,wc=0.000
 [19 bytes written]
[INFO] [1791448797.140451583] [serial_twistctl_node]: [TWIST_RX] Received Twist message - linear.x=0.000, angular.z=0.000, scaled_angular.z=0.000
[INFO] [1791448797.140499298] [serial_twistctl_node]: [SERIAL_TX] Timestamp: 1791448797140488700, Sending command (1/1): vcx=0.000,wc=0.000
 [19 bytes written]
[INFO] [1791448797.190320468] [serial_twistctl_node]: [TWIST_RX] Received Twist message - linear.x=0.000, angular.z=0.000, scaled_angular.z=0.000
[INFO] [1791448797.190369014] [serial_twistctl_node]: [SERIAL_TX] Timestamp: 1791448797190359562, Sending command (1/1): vcx=0.000,wc=0.000
 [19 bytes written]
[INFO] [1791448797.240358741] [serial_twistctl_node]: [TWIST_RX] Received Twist message - linear.x=0.000, angular.z=0.000, scaled_angular.z=0.000
[INFO] [1791448797.240405644] [serial_twistctl_node]: [SERIAL_TX] Timestamp: 1791448797240394305, Sending command (1/1): vcx=0.000,wc=0.000
 [19 bytes written]
[INFO] [1791448797.290448351] [serial_twistctl_node]: [TWIST_RX] Received Twist message - linear.x=0.000, angular.z=0.000, scaled_angular.z=0.000
[INFO] [1791448797.290492715] [serial_twistctl_node]: [SERIAL_TX] Timestamp: 1791448797290482854, Sending command (1/1): vcx=0.000,wc=0.000
 [19 bytes written]
[INFO] [1791448797.340549842] [serial_twistctl_node]: [TWIST_RX] Received Twist message - linear.x=0.000, angular.z=0.000, scaled_angular.z=0.000
[INFO] [1791448797.340587651] [serial_twistctl_node]: [SERIAL_TX] Timestamp: 1791448797340579310, Sending command (1/1): vcx=0.000,wc=0.000
 [19 bytes written]
[INFO] [1791448797.390598376] [serial_twistctl_node]: [TWIST_RX] Received Twist message - linear.x=0.000, angular.z=0.000, scaled_angular.z=0.000
[INFO] [1791448797.390636193] [serial_twistctl_node]: [SERIAL_TX] Timestamp: 1791448797390627365, Sending command (1/1): vcx=0.000,wc=0.000
 [19 bytes written]
[INFO] [1791448797.440443413] [serial_twistctl_node]: [TWIST_RX] Received Twist message - linear.x=0.000, angular.z=0.000, scaled_angular.z=0.000
[INFO] [1791448797.440483522] [serial_twistctl_node]: [SERIAL_TX] Timestamp: 1791448797440474351, Sending command (1/1): vcx=0.000,wc=0.000
 [19 bytes written]
[INFO] [1791448797.490379072] [serial_twistctl_node]: [TWIST_RX] Received Twist message - linear.x=0.000, angular.z=0.000, scaled_angular.z=0.000
[INFO] [1791448797.490419260] [serial_twistctl_node]: [SERIAL_TX] Timestamp: 1791448797490409730, Sending command (1/1): vcx=0.000,wc=0.000
 [19 bytes written]
[INFO] [1791448797.540550031] [serial_twistctl_node]: [TWIST_RX] Received Twist message - linear.x=0.000, angular.z=0.000, scaled_angular.z=0.000
[INFO] [1791448797.540592405] [serial_twistctl_node]: [SERIAL_TX] Timestamp: 1791448797540584374, Sending command (1/1): vcx=0.000,wc=0.000
 [19 bytes written]
[INFO] [1791448797.590469453] [serial_twistctl_node]: [TWIST_RX] Received Twist message - linear.x=0.000, angular.z=0.000, scaled_angular.z=0.000
[INFO] [1791448797.590515807] [serial_twistctl_node]: [SERIAL_TX] Timestamp: 1791448797590506677, Sending command (1/1): vcx=0.000,wc=0.000
 [19 bytes written]
[INFO] [1791448797.640486953] [serial_twistctl_node]: [TWIST_RX] Received Twist message - linear.x=0.000, angular.z=0.000, scaled_angular.z=0.000
[INFO] [1791448797.640519912] [serial_twistctl_node]: [SERIAL_TX] Timestamp: 1791448797640512461, Sending command (1/1): vcx=0.000,wc=0.000
 [19 bytes written]
[INFO] [1791448797.690305833] [serial_twistctl_node]: [TWIST_RX] Received Twist message - linear.x=0.000, angular.z=0.000, scaled_angular.z=0.000
[INFO] [1791448797.690359360] [serial_twistctl_node]: [SERIAL_TX] Timestamp: 1791448797690347661, Sending command (1/1): vcx=0.000,wc=0.000
 [19 bytes written]
[INFO] [1791448797.740453677] [serial_twistctl_node]: [TWIST_RX] Received Twist message - linear.x=0.000, angular.z=0.000, scaled_angular.z=0.000
[INFO] [1791448797.740508693] [serial_twistctl_node]: [SERIAL_TX] Timestamp: 1791448797740497339, Sending command (1/1): vcx=0.000,wc=0.000
 [19 bytes written]
[INFO] [1791448797.790486153] [serial_twistctl_node]: [TWIST_RX] Received Twist message - linear.x=0.000, angular.z=0.000, scaled_angular.z=0.000
[INFO] [1791448797.790540404] [serial_twistctl_node]: [SERIAL_TX] Timestamp: 1791448797790529685, Sending command (1/1): vcx=0.000,wc=0.000
 [19 bytes written]
[INFO] [1791448797.840618757] [serial_twistctl_node]: [TWIST_RX] Received Twist message - linear.x=0.000, angular.z=0.000, scaled_angular.z=0.000
[INFO] [1791448797.840672257] [serial_twistctl_node]: [SERIAL_TX] Timestamp: 1791448797840660007, Sending command (1/1): vcx=0.000,wc=0.000
 [19 bytes written]
[INFO] [1791448797.890566946] [serial_twistctl_node]: [TWIST_RX] Received Twist message - linear.x=0.000, angular.z=0.000, scaled_angular.z=0.000
[INFO] [1791448797.890624841] [serial_twistctl_node]: [SERIAL_TX] Timestamp: 1791448797890612228, Sending command (1/1): vcx=0.000,wc=0.000
 [19 bytes written]
[INFO] [1791448797.940541473] [serial_twistctl_node]: [TWIST_RX] Received Twist message - linear.x=0.000, angular.z=0.000, scaled_angular.z=0.000
[INFO] [1791448797.940595563] [serial_twistctl_node]: [SERIAL_TX] Timestamp: 1791448797940583856, Sending command (1/1): vcx=0.000,wc=0.000
 [19 bytes written]
[INFO] [1791448797.990365401] [serial_twistctl_node]: [TWIST_RX] Received Twist message - linear.x=0.000, angular.z=0.000, scaled_angular.z=0.000
[INFO] [1791448797.990436268] [serial_twistctl_node]: [SERIAL_TX] Timestamp: 1791448797990425156, Sending command (1/1): vcx=0.000,wc=0.000
 [19 bytes written]
[INFO] [1791448798.040571715] [serial_twistctl_node]: [TWIST_RX] Received Twist message - linear.x=0.000, angular.z=0.000, scaled_angular.z=0.000
[INFO] [1791448798.040634312] [serial_twistctl_node]: [SERIAL_TX] Timestamp: 1791448798040621283, Sending command (1/1): vcx=0.000,wc=0.000
 [19 bytes written]
[INFO] [1791448798.090413979] [serial_twistctl_node]: [TWIST_RX] Received Twist message - linear.x=0.000, angular.z=0.000, scaled_angular.z=0.000
[INFO] [1791448798.090472147] [serial_twistctl_node]: [SERIAL_TX] Timestamp: 1791448798090461010, Sending command (1/1): vcx=0.000,wc=0.000
 [19 bytes written]
[INFO] [1791448798.140679192] [serial_twistctl_node]: [TWIST_RX] Received Twist message - linear.x=0.000, angular.z=0.000, scaled_angular.z=0.000
[INFO] [1791448798.140734503] [serial_twistctl_node]: [SERIAL_TX] Timestamp: 1791448798140723057, Sending command (1/1): vcx=0.000,wc=0.000
 [19 bytes written]
[INFO] [1791448798.190366020] [serial_twistctl_node]: [TWIST_RX] Received Twist message - linear.x=0.000, angular.z=0.000, scaled_angular.z=0.000
[INFO] [1791448798.190421943] [serial_twistctl_node]: [SERIAL_TX] Timestamp: 1791448798190409350, Sending command (1/1): vcx=0.000,wc=0.000
 [19 bytes written]
[INFO] [1791448798.240380397] [serial_twistctl_node]: [TWIST_RX] Received Twist message - linear.x=0.000, angular.z=0.000, scaled_angular.z=0.000
[INFO] [1791448798.240450176] [serial_twistctl_node]: [SERIAL_TX] Timestamp: 1791448798240436815, Sending command (1/1): vcx=0.000,wc=0.000
 [19 bytes written]
[INFO] [1791448798.290544804] [serial_twistctl_node]: [TWIST_RX] Received Twist message - linear.x=0.000, angular.z=0.000, scaled_angular.z=0.000
[INFO] [1791448798.290609776] [serial_twistctl_node]: [SERIAL_TX] Timestamp: 1791448798290597343, Sending command (1/1): vcx=0.000,wc=0.000
 [19 bytes written]
[INFO] [1791448798.340475833] [serial_twistctl_node]: [TWIST_RX] Received Twist message - linear.x=0.000, angular.z=0.000, scaled_angular.z=0.000
[INFO] [1791448798.340532999] [serial_twistctl_node]: [SERIAL_TX] Timestamp: 1791448798340521402, Sending command (1/1): vcx=0.000,wc=0.000
 [19 bytes written]
[INFO] [1791448798.390524195] [serial_twistctl_node]: [TWIST_RX] Received Twist message - linear.x=0.000, angular.z=0.000, scaled_angular.z=0.000
[INFO] [1791448798.390583397] [serial_twistctl_node]: [SERIAL_TX] Timestamp: 1791448798390570743, Sending command (1/1): vcx=0.000,wc=0.000
 [19 bytes written]
[INFO] [1791448798.440315619] [serial_twistctl_node]: [TWIST_RX] Received Twist message - linear.x=0.000, angular.z=0.000, scaled_angular.z=0.000
[INFO] [1791448798.440371576] [serial_twistctl_node]: [SERIAL_TX] Timestamp: 1791448798440360540, Sending command (1/1): vcx=0.000,wc=0.000
 [19 bytes written]
[INFO] [1791448798.490342883] [serial_twistctl_node]: [TWIST_RX] Received Twist message - linear.x=0.000, angular.z=0.000, scaled_angular.z=0.000
[INFO] [1791448798.490410255] [serial_twistctl_node]: [SERIAL_TX] Timestamp: 1791448798490399169, Sending command (1/1): vcx=0.000,wc=0.000
 [19 bytes written]
[INFO] [1791448798.540415343] [serial_twistctl_node]: [TWIST_RX] Received Twist message - linear.x=0.000, angular.z=0.000, scaled_angular.z=0.000
[INFO] [1791448798.540473616] [serial_twistctl_node]: [SERIAL_TX] Timestamp: 1791448798540461437, Sending command (1/1): vcx=0.000,wc=0.000
 [19 bytes written]
[INFO] [1791448798.590662859] [serial_twistctl_node]: [TWIST_RX] Received Twist message - linear.x=0.000, angular.z=0.000, scaled_angular.z=0.000
[INFO] [1791448798.590723448] [serial_twistctl_node]: [SERIAL_TX] Timestamp: 1791448798590710634, Sending command (1/1): vcx=0.000,wc=0.000
 [19 bytes written]
[INFO] [1791448798.640548108] [serial_twistctl_node]: [TWIST_RX] Received Twist message - linear.x=0.000, angular.z=0.000, scaled_angular.z=0.000
[INFO] [1791448798.640609393] [serial_twistctl_node]: [SERIAL_TX] Timestamp: 1791448798640592977, Sending command (1/1): vcx=0.000,wc=0.000
 [19 bytes written]
[INFO] [1791448798.690323854] [serial_twistctl_node]: [TWIST_RX] Received Twist message - linear.x=0.000, angular.z=0.000, scaled_angular.z=0.000
[INFO] [1791448798.690384924] [serial_twistctl_node]: [SERIAL_TX] Timestamp: 1791448798690372524, Sending command (1/1): vcx=0.000,wc=0.000
 [19 bytes written]
[INFO] [1791448798.740301015] [serial_twistctl_node]: [TWIST_RX] Received Twist message - linear.x=0.000, angular.z=0.000, scaled_angular.z=0.000
[INFO] [1791448798.740364172] [serial_twistctl_node]: [SERIAL_TX] Timestamp: 1791448798740351521, Sending command (1/1): vcx=0.000,wc=0.000
 [19 bytes written]
[INFO] [1791448798.790424654] [serial_twistctl_node]: [TWIST_RX] Received Twist message - linear.x=0.000, angular.z=0.000, scaled_angular.z=0.000
[INFO] [1791448798.790476513] [serial_twistctl_node]: [SERIAL_TX] Timestamp: 1791448798790464847, Sending command (1/1): vcx=0.000,wc=0.000
 [19 bytes written]
[INFO] [1791448798.840511737] [serial_twistctl_node]: [TWIST_RX] Received Twist message - linear.x=0.000, angular.z=0.000, scaled_angular.z=0.000
[INFO] [1791448798.840570342] [serial_twistctl_node]: [SERIAL_TX] Timestamp: 1791448798840557922, Sending command (1/1): vcx=0.000,wc=0.000
 [19 bytes written]
[INFO] [1791448798.890457611] [serial_twistctl_node]: [TWIST_RX] Received Twist message - linear.x=0.000, angular.z=0.000, scaled_angular.z=0.000
[INFO] [1791448798.890516944] [serial_twistctl_node]: [SERIAL_TX] Timestamp: 1791448798890504996, Sending command (1/1): vcx=0.000,wc=0.000
 [19 bytes written]
[INFO] [1791448798.940484419] [serial_twistctl_node]: [TWIST_RX] Received Twist message - linear.x=0.000, angular.z=0.000, scaled_angular.z=0.000
[INFO] [1791448798.940555903] [serial_twistctl_node]: [SERIAL_TX] Timestamp: 1791448798940543507, Sending command (1/1): vcx=0.000,wc=0.000
 [19 bytes written]
[INFO] [1791448798.990534908] [serial_twistctl_node]: [TWIST_RX] Received Twist message - linear.x=0.000, angular.z=0.000, scaled_angular.z=0.000
[INFO] [1791448798.990593064] [serial_twistctl_node]: [SERIAL_TX] Timestamp: 1791448798990580721, Sending command (1/1): vcx=0.000,wc=0.000
 [19 bytes written]
[INFO] [1791448799.040501137] [serial_twistctl_node]: [TWIST_RX] Received Twist message - linear.x=0.000, angular.z=0.000, scaled_angular.z=0.000
[INFO] [1791448799.040570874] [serial_twistctl_node]: [SERIAL_TX] Timestamp: 1791448799040558341, Sending command (1/1): vcx=0.000,wc=0.000
 [19 bytes written]
[INFO] [1791448799.090503047] [serial_twistctl_node]: [TWIST_RX] Received Twist message - linear.x=0.000, angular.z=0.000, scaled_angular.z=0.000
[INFO] [1791448799.090562412] [serial_twistctl_node]: [SERIAL_TX] Timestamp: 1791448799090549673, Sending command (1/1): vcx=0.000,wc=0.000
 [19 bytes written]
[INFO] [1791448799.140431886] [serial_twistctl_node]: [TWIST_RX] Received Twist message - linear.x=0.000, angular.z=0.000, scaled_angular.z=0.000
[INFO] [1791448799.140484146] [serial_twistctl_node]: [SERIAL_TX] Timestamp: 1791448799140473931, Sending command (1/1): vcx=0.000,wc=0.000
 [19 bytes written]
[INFO] [1791448799.190347574] [serial_twistctl_node]: [TWIST_RX] Received Twist message - linear.x=0.000, angular.z=0.000, scaled_angular.z=0.000
[INFO] [1791448799.190401659] [serial_twistctl_node]: [SERIAL_TX] Timestamp: 1791448799190390346, Sending command (1/1): vcx=0.000,wc=0.000
 [19 bytes written]
[INFO] [1791448799.240511689] [serial_twistctl_node]: [TWIST_RX] Received Twist message - linear.x=0.000, angular.z=0.000, scaled_angular.z=0.000
[INFO] [1791448799.240586423] [serial_twistctl_node]: [SERIAL_TX] Timestamp: 1791448799240573497, Sending command (1/1): vcx=0.000,wc=0.000
 [19 bytes written]
[INFO] [1791448799.290387825] [serial_twistctl_node]: [TWIST_RX] Received Twist message - linear.x=0.000, angular.z=0.000, scaled_angular.z=0.000
[INFO] [1791448799.290454567] [serial_twistctl_node]: [SERIAL_TX] Timestamp: 1791448799290440871, Sending command (1/1): vcx=0.000,wc=0.000
 [19 bytes written]
[INFO] [1791448799.340338993] [serial_twistctl_node]: [TWIST_RX] Received Twist message - linear.x=0.000, angular.z=0.000, scaled_angular.z=0.000
[INFO] [1791448799.340402224] [serial_twistctl_node]: [SERIAL_TX] Timestamp: 1791448799340389835, Sending command (1/1): vcx=0.000,wc=0.000
 [19 bytes written]
[INFO] [1791448799.390420863] [serial_twistctl_node]: [TWIST_RX] Received Twist message - linear.x=0.000, angular.z=0.000, scaled_angular.z=0.000
[INFO] [1791448799.390484950] [serial_twistctl_node]: [SERIAL_TX] Timestamp: 1791448799390471747, Sending command (1/1): vcx=0.000,wc=0.000
 [19 bytes written]
[INFO] [1791448799.440607694] [serial_twistctl_node]: [TWIST_RX] Received Twist message - linear.x=0.000, angular.z=0.000, scaled_angular.z=0.000
[INFO] [1791448799.440667758] [serial_twistctl_node]: [SERIAL_TX] Timestamp: 1791448799440653860, Sending command (1/1): vcx=0.000,wc=0.000
 [19 bytes written]
[INFO] [1791448799.490379303] [serial_twistctl_node]: [TWIST_RX] Received Twist message - linear.x=0.000, angular.z=0.000, scaled_angular.z=0.000
[INFO] [1791448799.490437427] [serial_twistctl_node]: [SERIAL_TX] Timestamp: 1791448799490424475, Sending command (1/1): vcx=0.000,wc=0.000
 [19 bytes written]
[INFO] [1791448799.540616367] [serial_twistctl_node]: [TWIST_RX] Received Twist message - linear.x=0.000, angular.z=0.000, scaled_angular.z=0.000
[INFO] [1791448799.540678377] [serial_twistctl_node]: [SERIAL_TX] Timestamp: 1791448799540664455, Sending command (1/1): vcx=0.000,wc=0.000
 [19 bytes written]
[INFO] [1791448799.590494625] [serial_twistctl_node]: [TWIST_RX] Received Twist message - linear.x=0.000, angular.z=0.000, scaled_angular.z=0.000
[INFO] [1791448799.590581815] [serial_twistctl_node]: [SERIAL_TX] Timestamp: 1791448799590568615, Sending command (1/1): vcx=0.000,wc=0.000
 [19 bytes written]
[INFO] [1791448799.640617547] [serial_twistctl_node]: [TWIST_RX] Received Twist message - linear.x=0.000, angular.z=0.000, scaled_angular.z=0.000
[INFO] [1791448799.640677146] [serial_twistctl_node]: [SERIAL_TX] Timestamp: 1791448799640664837, Sending command (1/1): vcx=0.000,wc=0.000
 [19 bytes written]
[INFO] [1791448799.690386141] [serial_twistctl_node]: [TWIST_RX] Received Twist message - linear.x=0.000, angular.z=0.000, scaled_angular.z=0.000
[INFO] [1791448799.690443949] [serial_twistctl_node]: [SERIAL_TX] Timestamp: 1791448799690432566, Sending command (1/1): vcx=0.000,wc=0.000
 [19 bytes written]
[INFO] [1791448799.740425383] [serial_twistctl_node]: [TWIST_RX] Received Twist message - linear.x=0.000, angular.z=0.000, scaled_angular.z=0.000
[INFO] [1791448799.740481013] [serial_twistctl_node]: [SERIAL_TX] Timestamp: 1791448799740468831, Sending command (1/1): vcx=0.000,wc=0.000
 [19 bytes written]
[INFO] [1791448799.791520313] [serial_twistctl_node]: [TWIST_RX] Received Twist message - linear.x=0.000, angular.z=0.000, scaled_angular.z=0.000
[INFO] [1791448799.791566842] [serial_twistctl_node]: [SERIAL_TX] Timestamp: 1791448799791556270, Sending command (1/1): vcx=0.000,wc=0.000
 [19 bytes written]
[INFO] [1791448799.840594523] [serial_twistctl_node]: [TWIST_RX] Received Twist message - linear.x=0.000, angular.z=0.000, scaled_angular.z=0.000
[INFO] [1791448799.840625304] [serial_twistctl_node]: [SERIAL_TX] Timestamp: 1791448799840617650, Sending command (1/1): vcx=0.000,wc=0.000
 [19 bytes written]
[INFO] [1791448799.890553348] [serial_twistctl_node]: [TWIST_RX] Received Twist message - linear.x=0.000, angular.z=0.000, scaled_angular.z=0.000
[INFO] [1791448799.890588160] [serial_twistctl_node]: [SERIAL_TX] Timestamp: 1791448799890579836, Sending command (1/1): vcx=0.000,wc=0.000
 [19 bytes written]
[INFO] [1791448799.940421983] [serial_twistctl_node]: [TWIST_RX] Received Twist message - linear.x=0.000, angular.z=0.000, scaled_angular.z=0.000
[INFO] [1791448799.940459928] [serial_twistctl_node]: [SERIAL_TX] Timestamp: 1791448799940450738, Sending command (1/1): vcx=0.000,wc=0.000
 [19 bytes written]
[INFO] [1791448799.990395951] [serial_twistctl_node]: [TWIST_RX] Received Twist message - linear.x=0.000, angular.z=0.000, scaled_angular.z=0.000
[INFO] [1791448799.990437321] [serial_twistctl_node]: [SERIAL_TX] Timestamp: 1791448799990428992, Sending command (1/1): vcx=0.000,wc=0.000
 [19 bytes written]
[INFO] [1791448800.040490367] [serial_twistctl_node]: [TWIST_RX] Received Twist message - linear.x=0.000, angular.z=0.000, scaled_angular.z=0.000
[INFO] [1791448800.040529949] [serial_twistctl_node]: [SERIAL_TX] Timestamp: 1791448800040521495, Sending command (1/1): vcx=0.000,wc=0.000
 [19 bytes written]
[INFO] [1791448800.090375473] [serial_twistctl_node]: [TWIST_RX] Received Twist message - linear.x=0.000, angular.z=0.000, scaled_angular.z=0.000
[INFO] [1791448800.090410448] [serial_twistctl_node]: [SERIAL_TX] Timestamp: 1791448800090402388, Sending command (1/1): vcx=0.000,wc=0.000
 [19 bytes written]
[INFO] [1791448800.140591025] [serial_twistctl_node]: [TWIST_RX] Received Twist message - linear.x=0.000, angular.z=0.000, scaled_angular.z=0.000
[INFO] [1791448800.140632503] [serial_twistctl_node]: [SERIAL_TX] Timestamp: 1791448800140623430, Sending command (1/1): vcx=0.000,wc=0.000
 [19 bytes written]
[INFO] [1791448800.190463816] [serial_twistctl_node]: [TWIST_RX] Received Twist message - linear.x=0.000, angular.z=0.000, scaled_angular.z=0.000
[INFO] [1791448800.190519055] [serial_twistctl_node]: [SERIAL_TX] Timestamp: 1791448800190509042, Sending command (1/1): vcx=0.000,wc=0.000
 [19 bytes written]
[INFO] [1791448800.240479598] [serial_twistctl_node]: [TWIST_RX] Received Twist message - linear.x=0.000, angular.z=0.000, scaled_angular.z=0.000
[INFO] [1791448800.240520413] [serial_twistctl_node]: [SERIAL_TX] Timestamp: 1791448800240511321, Sending command (1/1): vcx=0.000,wc=0.000
 [19 bytes written]
[INFO] [1791448800.290492188] [serial_twistctl_node]: [TWIST_RX] Received Twist message - linear.x=0.000, angular.z=0.000, scaled_angular.z=0.000
[INFO] [1791448800.290533669] [serial_twistctl_node]: [SERIAL_TX] Timestamp: 1791448800290523438, Sending command (1/1): vcx=0.000,wc=0.000
 [19 bytes written]
[INFO] [1791448800.340612795] [serial_twistctl_node]: [TWIST_RX] Received Twist message - linear.x=0.000, angular.z=0.000, scaled_angular.z=0.000
[INFO] [1791448800.340646518] [serial_twistctl_node]: [SERIAL_TX] Timestamp: 1791448800340637351, Sending command (1/1): vcx=0.000,wc=0.000
 [19 bytes written]
[INFO] [1791448800.390521465] [serial_twistctl_node]: [TWIST_RX] Received Twist message - linear.x=0.000, angular.z=0.000, scaled_angular.z=0.000
[INFO] [1791448800.390559126] [serial_twistctl_node]: [SERIAL_TX] Timestamp: 1791448800390550542, Sending command (1/1): vcx=0.000,wc=0.000
 [19 bytes written]
[INFO] [1791448800.440470122] [serial_twistctl_node]: [TWIST_RX] Received Twist message - linear.x=0.000, angular.z=0.000, scaled_angular.z=0.000
[INFO] [1791448800.440503749] [serial_twistctl_node]: [SERIAL_TX] Timestamp: 1791448800440495352, Sending command (1/1): vcx=0.000,wc=0.000
 [19 bytes written]
[INFO] [1791448800.490318787] [serial_twistctl_node]: [TWIST_RX] Received Twist message - linear.x=0.000, angular.z=0.000, scaled_angular.z=0.000
[INFO] [1791448800.490359357] [serial_twistctl_node]: [SERIAL_TX] Timestamp: 1791448800490351054, Sending command (1/1): vcx=0.000,wc=0.000
 [19 bytes written]
[INFO] [1791448800.540548652] [serial_twistctl_node]: [TWIST_RX] Received Twist message - linear.x=0.000, angular.z=0.000, scaled_angular.z=0.000
[INFO] [1791448800.540596563] [serial_twistctl_node]: [SERIAL_TX] Timestamp: 1791448800540587428, Sending command (1/1): vcx=0.000,wc=0.000
 [19 bytes written]
[INFO] [1791448800.590323424] [serial_twistctl_node]: [TWIST_RX] Received Twist message - linear.x=0.000, angular.z=0.000, scaled_angular.z=0.000
[INFO] [1791448800.590374424] [serial_twistctl_node]: [SERIAL_TX] Timestamp: 1791448800590363540, Sending command (1/1): vcx=0.000,wc=0.000
 [19 bytes written]
[INFO] [1791448800.640575603] [serial_twistctl_node]: [TWIST_RX] Received Twist message - linear.x=0.000, angular.z=0.000, scaled_angular.z=0.000
[INFO] [1791448800.640636222] [serial_twistctl_node]: [SERIAL_TX] Timestamp: 1791448800640624232, Sending command (1/1): vcx=0.000,wc=0.000
 [19 bytes written]
[INFO] [1791448800.690655004] [serial_twistctl_node]: [TWIST_RX] Received Twist message - linear.x=0.000, angular.z=0.000, scaled_angular.z=0.000
[INFO] [1791448800.690728247] [serial_twistctl_node]: [SERIAL_TX] Timestamp: 1791448800690715593, Sending command (1/1): vcx=0.000,wc=0.000
 [19 bytes written]
[INFO] [1791448800.740394566] [serial_twistctl_node]: [TWIST_RX] Received Twist message - linear.x=0.000, angular.z=0.000, scaled_angular.z=0.000
[INFO] [1791448800.740448510] [serial_twistctl_node]: [SERIAL_TX] Timestamp: 1791448800740436904, Sending command (1/1): vcx=0.000,wc=0.000
 [19 bytes written]
[INFO] [1791448800.790334736] [serial_twistctl_node]: [TWIST_RX] Received Twist message - linear.x=0.000, angular.z=0.000, scaled_angular.z=0.000
[INFO] [1791448800.790386502] [serial_twistctl_node]: [SERIAL_TX] Timestamp: 1791448800790374378, Sending command (1/1): vcx=0.000,wc=0.000
 [19 bytes written]
[INFO] [1791448800.840401066] [serial_twistctl_node]: [TWIST_RX] Received Twist message - linear.x=0.000, angular.z=0.000, scaled_angular.z=0.000
[INFO] [1791448800.840466581] [serial_twistctl_node]: [SERIAL_TX] Timestamp: 1791448800840454223, Sending command (1/1): vcx=0.000,wc=0.000
 [19 bytes written]
[INFO] [1791448800.890488476] [serial_twistctl_node]: [TWIST_RX] Received Twist message - linear.x=0.000, angular.z=0.000, scaled_angular.z=0.000
[INFO] [1791448800.890548640] [serial_twistctl_node]: [SERIAL_TX] Timestamp: 1791448800890535598, Sending command (1/1): vcx=0.000,wc=0.000
 [19 bytes written]
[INFO] [1791448800.940420049] [serial_twistctl_node]: [TWIST_RX] Received Twist message - linear.x=0.000, angular.z=0.000, scaled_angular.z=0.000
[INFO] [1791448800.940491511] [serial_twistctl_node]: [SERIAL_TX] Timestamp: 1791448800940478010, Sending command (1/1): vcx=0.000,wc=0.000
 [19 bytes written]
[INFO] [1791448800.990617204] [serial_twistctl_node]: [TWIST_RX] Received Twist message - linear.x=0.000, angular.z=0.000, scaled_angular.z=0.000
[INFO] [1791448800.990676379] [serial_twistctl_node]: [SERIAL_TX] Timestamp: 1791448800990663314, Sending command (1/1): vcx=0.000,wc=0.000
 [19 bytes written]
[INFO] [1791448801.040183173] [serial_twistctl_node]: [TWIST_RX] Received Twist message - linear.x=0.000, angular.z=0.000, scaled_angular.z=0.000
[INFO] [1791448801.040248298] [serial_twistctl_node]: [SERIAL_TX] Timestamp: 1791448801040236299, Sending command (1/1): vcx=0.000,wc=0.000
 [19 bytes written]
[INFO] [1791448801.090496289] [serial_twistctl_node]: [TWIST_RX] Received Twist message - linear.x=0.000, angular.z=0.000, scaled_angular.z=0.000
[INFO] [1791448801.090556980] [serial_twistctl_node]: [SERIAL_TX] Timestamp: 1791448801090543802, Sending command (1/1): vcx=0.000,wc=0.000
 [19 bytes written]
[INFO] [1791448801.140526905] [serial_twistctl_node]: [TWIST_RX] Received Twist message - linear.x=0.000, angular.z=0.000, scaled_angular.z=0.000
[INFO] [1791448801.140592053] [serial_twistctl_node]: [SERIAL_TX] Timestamp: 1791448801140578274, Sending command (1/1): vcx=0.000,wc=0.000
 [19 bytes written]
[INFO] [1791448801.190591244] [serial_twistctl_node]: [TWIST_RX] Received Twist message - linear.x=0.000, angular.z=0.000, scaled_angular.z=0.000
[INFO] [1791448801.190652738] [serial_twistctl_node]: [SERIAL_TX] Timestamp: 1791448801190638924, Sending command (1/1): vcx=0.000,wc=0.000
 [19 bytes written]
[INFO] [1791448801.240389689] [serial_twistctl_node]: [TWIST_RX] Received Twist message - linear.x=0.000, angular.z=0.000, scaled_angular.z=0.000
[INFO] [1791448801.240446229] [serial_twistctl_node]: [SERIAL_TX] Timestamp: 1791448801240433556, Sending command (1/1): vcx=0.000,wc=0.000
 [19 bytes written]
[INFO] [1791448801.290318170] [serial_twistctl_node]: [TWIST_RX] Received Twist message - linear.x=0.000, angular.z=0.000, scaled_angular.z=0.000
[INFO] [1791448801.290377868] [serial_twistctl_node]: [SERIAL_TX] Timestamp: 1791448801290366202, Sending command (1/1): vcx=0.000,wc=0.000
 [19 bytes written]
[INFO] [1791448801.340442679] [serial_twistctl_node]: [TWIST_RX] Received Twist message - linear.x=0.000, angular.z=0.000, scaled_angular.z=0.000
[INFO] [1791448801.340497007] [serial_twistctl_node]: [SERIAL_TX] Timestamp: 1791448801340484846, Sending command (1/1): vcx=0.000,wc=0.000
 [19 bytes written]
[INFO] [1791448801.390344239] [serial_twistctl_node]: [TWIST_RX] Received Twist message - linear.x=0.000, angular.z=0.000, scaled_angular.z=0.000
[INFO] [1791448801.390404625] [serial_twistctl_node]: [SERIAL_TX] Timestamp: 1791448801390391311, Sending command (1/1): vcx=0.000,wc=0.000
 [19 bytes written]
[INFO] [1791448801.440403874] [serial_twistctl_node]: [TWIST_RX] Received Twist message - linear.x=0.000, angular.z=0.000, scaled_angular.z=0.000
[INFO] [1791448801.440463026] [serial_twistctl_node]: [SERIAL_TX] Timestamp: 1791448801440449962, Sending command (1/1): vcx=0.000,wc=0.000
 [19 bytes written]
[INFO] [1791448801.490337124] [serial_twistctl_node]: [TWIST_RX] Received Twist message - linear.x=0.000, angular.z=0.000, scaled_angular.z=0.000
[INFO] [1791448801.490387763] [serial_twistctl_node]: [SERIAL_TX] Timestamp: 1791448801490375823, Sending command (1/1): vcx=0.000,wc=0.000
 [19 bytes written]
[INFO] [1791448801.540440686] [serial_twistctl_node]: [TWIST_RX] Received Twist message - linear.x=0.000, angular.z=0.000, scaled_angular.z=0.000
[INFO] [1791448801.540498374] [serial_twistctl_node]: [SERIAL_TX] Timestamp: 1791448801540486396, Sending command (1/1): vcx=0.000,wc=0.000
 [19 bytes written]
[INFO] [1791448801.590536972] [serial_twistctl_node]: [TWIST_RX] Received Twist message - linear.x=0.000, angular.z=0.000, scaled_angular.z=0.000
[INFO] [1791448801.590604418] [serial_twistctl_node]: [SERIAL_TX] Timestamp: 1791448801590593042, Sending command (1/1): vcx=0.000,wc=0.000
 [19 bytes written]
[INFO] [1791448801.640308940] [serial_twistctl_node]: [TWIST_RX] Received Twist message - linear.x=0.000, angular.z=0.000, scaled_angular.z=0.000
[INFO] [1791448801.640466298] [serial_twistctl_node]: [SERIAL_TX] Timestamp: 1791448801640454300, Sending command (1/1): vcx=0.000,wc=0.000
 [19 bytes written]
[INFO] [1791448801.690405999] [serial_twistctl_node]: [TWIST_RX] Received Twist message - linear.x=0.000, angular.z=0.000, scaled_angular.z=0.000
[INFO] [1791448801.690442898] [serial_twistctl_node]: [SERIAL_TX] Timestamp: 1791448801690434273, Sending command (1/1): vcx=0.000,wc=0.000
 [19 bytes written]
[INFO] [1791448801.740437673] [serial_twistctl_node]: [TWIST_RX] Received Twist message - linear.x=0.000, angular.z=0.000, scaled_angular.z=0.000
[INFO] [1791448801.740478945] [serial_twistctl_node]: [SERIAL_TX] Timestamp: 1791448801740470412, Sending command (1/1): vcx=0.000,wc=0.000
 [19 bytes written]
[INFO] [1791448801.790610933] [serial_twistctl_node]: [TWIST_RX] Received Twist message - linear.x=0.000, angular.z=0.000, scaled_angular.z=0.000
[INFO] [1791448801.790647860] [serial_twistctl_node]: [SERIAL_TX] Timestamp: 1791448801790640039, Sending command (1/1): vcx=0.000,wc=0.000
 [19 bytes written]
[INFO] [1791448801.840376060] [serial_twistctl_node]: [TWIST_RX] Received Twist message - linear.x=0.000, angular.z=0.000, scaled_angular.z=0.000
[INFO] [1791448801.840409588] [serial_twistctl_node]: [SERIAL_TX] Timestamp: 1791448801840402510, Sending command (1/1): vcx=0.000,wc=0.000
 [19 bytes written]
[INFO] [1791448801.890455047] [serial_twistctl_node]: [TWIST_RX] Received Twist message - linear.x=0.000, angular.z=0.000, scaled_angular.z=0.000
[INFO] [1791448801.890494131] [serial_twistctl_node]: [SERIAL_TX] Timestamp: 1791448801890485005, Sending command (1/1): vcx=0.000,wc=0.000
 [19 bytes written]
[INFO] [1791448801.940475025] [serial_twistctl_node]: [TWIST_RX] Received Twist message - linear.x=0.000, angular.z=0.000, scaled_angular.z=0.000
[INFO] [1791448801.940526053] [serial_twistctl_node]: [SERIAL_TX] Timestamp: 1791448801940514556, Sending command (1/1): vcx=0.000,wc=0.000
 [19 bytes written]
[INFO] [1791448801.990414089] [serial_twistctl_node]: [TWIST_RX] Received Twist message - linear.x=0.000, angular.z=0.000, scaled_angular.z=0.000
[INFO] [1791448801.990490478] [serial_twistctl_node]: [SERIAL_TX] Timestamp: 1791448801990477982, Sending command (1/1): vcx=0.000,wc=0.000
 [19 bytes written]
[INFO] [1791448802.040243028] [serial_twistctl_node]: [TWIST_RX] Received Twist message - linear.x=0.000, angular.z=0.000, scaled_angular.z=0.000
[INFO] [1791448802.040306293] [serial_twistctl_node]: [SERIAL_TX] Timestamp: 1791448802040293288, Sending command (1/1): vcx=0.000,wc=0.000
 [19 bytes written]
[INFO] [1791448802.090403066] [serial_twistctl_node]: [TWIST_RX] Received Twist message - linear.x=0.000, angular.z=0.000, scaled_angular.z=0.000
[INFO] [1791448802.090464222] [serial_twistctl_node]: [SERIAL_TX] Timestamp: 1791448802090452730, Sending command (1/1): vcx=0.000,wc=0.000
 [19 bytes written]
[INFO] [1791448802.140514125] [serial_twistctl_node]: [TWIST_RX] Received Twist message - linear.x=0.000, angular.z=0.000, scaled_angular.z=0.000
[INFO] [1791448802.140573814] [serial_twistctl_node]: [SERIAL_TX] Timestamp: 1791448802140562328, Sending command (1/1): vcx=0.000,wc=0.000
 [19 bytes written]
[INFO] [1791448802.190465326] [serial_twistctl_node]: [TWIST_RX] Received Twist message - linear.x=0.000, angular.z=0.000, scaled_angular.z=0.000
[INFO] [1791448802.190524094] [serial_twistctl_node]: [SERIAL_TX] Timestamp: 1791448802190512411, Sending command (1/1): vcx=0.000,wc=0.000
 [19 bytes written]
[INFO] [1791448802.240598747] [serial_twistctl_node]: [TWIST_RX] Received Twist message - linear.x=0.000, angular.z=0.000, scaled_angular.z=0.000
[INFO] [1791448802.240657710] [serial_twistctl_node]: [SERIAL_TX] Timestamp: 1791448802240646109, Sending command (1/1): vcx=0.000,wc=0.000
 [19 bytes written]
[INFO] [1791448802.290349885] [serial_twistctl_node]: [TWIST_RX] Received Twist message - linear.x=0.000, angular.z=0.000, scaled_angular.z=0.000
[INFO] [1791448802.290424250] [serial_twistctl_node]: [SERIAL_TX] Timestamp: 1791448802290412393, Sending command (1/1): vcx=0.000,wc=0.000
 [19 bytes written]
[INFO] [1791448802.340633978] [serial_twistctl_node]: [TWIST_RX] Received Twist message - linear.x=0.000, angular.z=0.000, scaled_angular.z=0.000
[INFO] [1791448802.340693749] [serial_twistctl_node]: [SERIAL_TX] Timestamp: 1791448802340682434, Sending command (1/1): vcx=0.000,wc=0.000
 [19 bytes written]
[INFO] [1791448802.390525596] [serial_twistctl_node]: [TWIST_RX] Received Twist message - linear.x=0.000, angular.z=0.000, scaled_angular.z=0.000
[INFO] [1791448802.390586365] [serial_twistctl_node]: [SERIAL_TX] Timestamp: 1791448802390574001, Sending command (1/1): vcx=0.000,wc=0.000
 [19 bytes written]
[INFO] [1791448802.440510719] [serial_twistctl_node]: [TWIST_RX] Received Twist message - linear.x=0.000, angular.z=0.000, scaled_angular.z=0.000
[INFO] [1791448802.440565515] [serial_twistctl_node]: [SERIAL_TX] Timestamp: 1791448802440554038, Sending command (1/1): vcx=0.000,wc=0.000
 [19 bytes written]
[INFO] [1791448802.490452528] [serial_twistctl_node]: [TWIST_RX] Received Twist message - linear.x=0.000, angular.z=0.000, scaled_angular.z=0.000
[INFO] [1791448802.490526390] [serial_twistctl_node]: [SERIAL_TX] Timestamp: 1791448802490509952, Sending command (1/1): vcx=0.000,wc=0.000
 [19 bytes written]
[INFO] [1791448802.540443637] [serial_twistctl_node]: [TWIST_RX] Received Twist message - linear.x=0.000, angular.z=0.000, scaled_angular.z=0.000
[INFO] [1791448802.540501412] [serial_twistctl_node]: [SERIAL_TX] Timestamp: 1791448802540489165, Sending command (1/1): vcx=0.000,wc=0.000
 [19 bytes written]
[INFO] [1791448802.590420142] [serial_twistctl_node]: [TWIST_RX] Received Twist message - linear.x=0.000, angular.z=0.000, scaled_angular.z=0.000
[INFO] [1791448802.590488432] [serial_twistctl_node]: [SERIAL_TX] Timestamp: 1791448802590475072, Sending command (1/1): vcx=0.000,wc=0.000
 [19 bytes written]
[INFO] [1791448802.640273192] [serial_twistctl_node]: [TWIST_RX] Received Twist message - linear.x=0.000, angular.z=0.000, scaled_angular.z=0.000
[INFO] [1791448802.640331532] [serial_twistctl_node]: [SERIAL_TX] Timestamp: 1791448802640319270, Sending command (1/1): vcx=0.000,wc=0.000
 [19 bytes written]
[INFO] [1791448802.690500598] [serial_twistctl_node]: [TWIST_RX] Received Twist message - linear.x=0.000, angular.z=0.000, scaled_angular.z=0.000
[INFO] [1791448802.690559993] [serial_twistctl_node]: [SERIAL_TX] Timestamp: 1791448802690547000, Sending command (1/1): vcx=0.000,wc=0.000
 [19 bytes written]
[INFO] [1791448802.740518632] [serial_twistctl_node]: [TWIST_RX] Received Twist message - linear.x=0.000, angular.z=0.000, scaled_angular.z=0.000
[INFO] [1791448802.740575931] [serial_twistctl_node]: [SERIAL_TX] Timestamp: 1791448802740563110, Sending command (1/1): vcx=0.000,wc=0.000
 [19 bytes written]
[INFO] [1791448802.790386187] [serial_twistctl_node]: [TWIST_RX] Received Twist message - linear.x=0.000, angular.z=0.000, scaled_angular.z=0.000
[INFO] [1791448802.790445110] [serial_twistctl_node]: [SERIAL_TX] Timestamp: 1791448802790432142, Sending command (1/1): vcx=0.000,wc=0.000
 [19 bytes written]
[INFO] [1791448802.840434063] [serial_twistctl_node]: [TWIST_RX] Received Twist message - linear.x=0.000, angular.z=0.000, scaled_angular.z=0.000
[INFO] [1791448802.840491504] [serial_twistctl_node]: [SERIAL_TX] Timestamp: 1791448802840478932, Sending command (1/1): vcx=0.000,wc=0.000
 [19 bytes written]
[INFO] [1791448802.890424731] [serial_twistctl_node]: [TWIST_RX] Received Twist message - linear.x=0.000, angular.z=0.000, scaled_angular.z=0.000
[INFO] [1791448802.890480296] [serial_twistctl_node]: [SERIAL_TX] Timestamp: 1791448802890467791, Sending command (1/1): vcx=0.000,wc=0.000
 [19 bytes written]
[INFO] [1791448802.940378255] [serial_twistctl_node]: [TWIST_RX] Received Twist message - linear.x=0.000, angular.z=0.000, scaled_angular.z=0.000
[INFO] [1791448802.940433248] [serial_twistctl_node]: [SERIAL_TX] Timestamp: 1791448802940425576, Sending command (1/1): vcx=0.000,wc=0.000
 [19 bytes written]
[INFO] [1791448802.990343350] [serial_twistctl_node]: [TWIST_RX] Received Twist message - linear.x=0.000, angular.z=0.000, scaled_angular.z=0.000
[INFO] [1791448802.990400837] [serial_twistctl_node]: [SERIAL_TX] Timestamp: 1791448802990389432, Sending command (1/1): vcx=0.000,wc=0.000
 [19 bytes written]
[INFO] [1791448803.040223384] [serial_twistctl_node]: [TWIST_RX] Received Twist message - linear.x=0.000, angular.z=0.000, scaled_angular.z=0.000
[INFO] [1791448803.040287977] [serial_twistctl_node]: [SERIAL_TX] Timestamp: 1791448803040276796, Sending command (1/1): vcx=0.000,wc=0.000
 [19 bytes written]
[INFO] [1791448803.090363616] [serial_twistctl_node]: [TWIST_RX] Received Twist message - linear.x=0.000, angular.z=0.000, scaled_angular.z=0.000
[INFO] [1791448803.090430539] [serial_twistctl_node]: [SERIAL_TX] Timestamp: 1791448803090417583, Sending command (1/1): vcx=0.000,wc=0.000
 [19 bytes written]
[INFO] [1791448803.140485040] [serial_twistctl_node]: [TWIST_RX] Received Twist message - linear.x=0.000, angular.z=0.000, scaled_angular.z=0.000
[INFO] [1791448803.140548216] [serial_twistctl_node]: [SERIAL_TX] Timestamp: 1791448803140536533, Sending command (1/1): vcx=0.000,wc=0.000
 [19 bytes written]
[INFO] [1791448803.190387869] [serial_twistctl_node]: [TWIST_RX] Received Twist message - linear.x=0.000, angular.z=0.000, scaled_angular.z=0.000
[INFO] [1791448803.190444261] [serial_twistctl_node]: [SERIAL_TX] Timestamp: 1791448803190432684, Sending command (1/1): vcx=0.000,wc=0.000
 [19 bytes written]
[INFO] [1791448803.240399692] [serial_twistctl_node]: [TWIST_RX] Received Twist message - linear.x=0.000, angular.z=0.000, scaled_angular.z=0.000
[INFO] [1791448803.240457019] [serial_twistctl_node]: [SERIAL_TX] Timestamp: 1791448803240445166, Sending command (1/1): vcx=0.000,wc=0.000
 [19 bytes written]
[INFO] [1791448803.290570219] [serial_twistctl_node]: [TWIST_RX] Received Twist message - linear.x=0.000, angular.z=0.000, scaled_angular.z=0.000
[INFO] [1791448803.290626618] [serial_twistctl_node]: [SERIAL_TX] Timestamp: 1791448803290614785, Sending command (1/1): vcx=0.000,wc=0.000
 [19 bytes written]
[INFO] [1791448803.340300910] [serial_twistctl_node]: [TWIST_RX] Received Twist message - linear.x=0.000, angular.z=0.000, scaled_angular.z=0.000
[INFO] [1791448803.340364925] [serial_twistctl_node]: [SERIAL_TX] Timestamp: 1791448803340354021, Sending command (1/1): vcx=0.000,wc=0.000
 [19 bytes written]
[INFO] [1791448803.390505628] [serial_twistctl_node]: [TWIST_RX] Received Twist message - linear.x=0.000, angular.z=0.000, scaled_angular.z=0.000
[INFO] [1791448803.390562444] [serial_twistctl_node]: [SERIAL_TX] Timestamp: 1791448803390550212, Sending command (1/1): vcx=0.000,wc=0.000
 [19 bytes written]
[INFO] [1791448803.440230347] [serial_twistctl_node]: [TWIST_RX] Received Twist message - linear.x=0.000, angular.z=0.000, scaled_angular.z=0.000
[INFO] [1791448803.440286202] [serial_twistctl_node]: [SERIAL_TX] Timestamp: 1791448803440274553, Sending command (1/1): vcx=0.000,wc=0.000
 [19 bytes written]
[INFO] [1791448803.490254757] [serial_twistctl_node]: [TWIST_RX] Received Twist message - linear.x=0.000, angular.z=0.000, scaled_angular.z=0.000
[INFO] [1791448803.490315159] [serial_twistctl_node]: [SERIAL_TX] Timestamp: 1791448803490299003, Sending command (1/1): vcx=0.000,wc=0.000
 [19 bytes written]
[INFO] [1791448803.540410898] [serial_twistctl_node]: [TWIST_RX] Received Twist message - linear.x=0.000, angular.z=0.000, scaled_angular.z=0.000
[INFO] [1791448803.540472952] [serial_twistctl_node]: [SERIAL_TX] Timestamp: 1791448803540460782, Sending command (1/1): vcx=0.000,wc=0.000
 [19 bytes written]
[INFO] [1791448803.590327627] [serial_twistctl_node]: [TWIST_RX] Received Twist message - linear.x=0.000, angular.z=0.000, scaled_angular.z=0.000
[INFO] [1791448803.590393145] [serial_twistctl_node]: [SERIAL_TX] Timestamp: 1791448803590380650, Sending command (1/1): vcx=0.000,wc=0.000
 [19 bytes written]
[INFO] [1791448803.640469904] [serial_twistctl_node]: [TWIST_RX] Received Twist message - linear.x=0.000, angular.z=0.000, scaled_angular.z=0.000
[INFO] [1791448803.640536047] [serial_twistctl_node]: [SERIAL_TX] Timestamp: 1791448803640524667, Sending command (1/1): vcx=0.000,wc=0.000
 [19 bytes written]
[INFO] [1791448803.690334326] [serial_twistctl_node]: [TWIST_RX] Received Twist message - linear.x=0.000, angular.z=0.000, scaled_angular.z=0.000
[INFO] [1791448803.690387612] [serial_twistctl_node]: [SERIAL_TX] Timestamp: 1791448803690376255, Sending command (1/1): vcx=0.000,wc=0.000
 [19 bytes written]
[INFO] [1791448803.740561041] [serial_twistctl_node]: [TWIST_RX] Received Twist message - linear.x=0.000, angular.z=0.000, scaled_angular.z=0.000
[INFO] [1791448803.740612203] [serial_twistctl_node]: [SERIAL_TX] Timestamp: 1791448803740601496, Sending command (1/1): vcx=0.000,wc=0.000
 [19 bytes written]
[INFO] [1791448803.790316402] [serial_twistctl_node]: [TWIST_RX] Received Twist message - linear.x=0.000, angular.z=0.000, scaled_angular.z=0.000
[INFO] [1791448803.790374486] [serial_twistctl_node]: [SERIAL_TX] Timestamp: 1791448803790363517, Sending command (1/1): vcx=0.000,wc=0.000
 [19 bytes written]
[INFO] [1791448803.840461763] [serial_twistctl_node]: [TWIST_RX] Received Twist message - linear.x=0.000, angular.z=0.000, scaled_angular.z=0.000
[INFO] [1791448803.840516503] [serial_twistctl_node]: [SERIAL_TX] Timestamp: 1791448803840504667, Sending command (1/1): vcx=0.000,wc=0.000
 [19 bytes written]
[INFO] [1791448803.890505064] [serial_twistctl_node]: [TWIST_RX] Received Twist message - linear.x=0.000, angular.z=0.000, scaled_angular.z=0.000
[INFO] [1791448803.890569293] [serial_twistctl_node]: [SERIAL_TX] Timestamp: 1791448803890553908, Sending command (1/1): vcx=0.000,wc=0.000
 [19 bytes written]
[INFO] [1791448803.940383315] [serial_twistctl_node]: [TWIST_RX] Received Twist message - linear.x=0.000, angular.z=0.000, scaled_angular.z=0.000
[INFO] [1791448803.940441856] [serial_twistctl_node]: [SERIAL_TX] Timestamp: 1791448803940426634, Sending command (1/1): vcx=0.000,wc=0.000
 [19 bytes written]
[INFO] [1791448803.990378421] [serial_twistctl_node]: [TWIST_RX] Received Twist message - linear.x=0.000, angular.z=0.000, scaled_angular.z=0.000
[INFO] [1791448803.990434224] [serial_twistctl_node]: [SERIAL_TX] Timestamp: 1791448803990421806, Sending command (1/1): vcx=0.000,wc=0.000
 [19 bytes written]
[INFO] [1791448804.040295585] [serial_twistctl_node]: [TWIST_RX] Received Twist message - linear.x=0.000, angular.z=0.000, scaled_angular.z=0.000
[INFO] [1791448804.040353745] [serial_twistctl_node]: [SERIAL_TX] Timestamp: 1791448804040342257, Sending command (1/1): vcx=0.000,wc=0.000
 [19 bytes written]
[INFO] [1791448804.090452454] [serial_twistctl_node]: [TWIST_RX] Received Twist message - linear.x=0.000, angular.z=0.000, scaled_angular.z=0.000
[INFO] [1791448804.090507572] [serial_twistctl_node]: [SERIAL_TX] Timestamp: 1791448804090495648, Sending command (1/1): vcx=0.000,wc=0.000
 [19 bytes written]
[INFO] [1791448804.140727140] [serial_twistctl_node]: [TWIST_RX] Received Twist message - linear.x=0.000, angular.z=0.000, scaled_angular.z=0.000
[INFO] [1791448804.140780130] [serial_twistctl_node]: [SERIAL_TX] Timestamp: 1791448804140769030, Sending command (1/1): vcx=0.000,wc=0.000
 [19 bytes written]
[INFO] [1791448804.190499609] [serial_twistctl_node]: [TWIST_RX] Received Twist message - linear.x=0.000, angular.z=0.000, scaled_angular.z=0.000
[INFO] [1791448804.190555565] [serial_twistctl_node]: [SERIAL_TX] Timestamp: 1791448804190542549, Sending command (1/1): vcx=0.000,wc=0.000
 [19 bytes written]
[INFO] [1791448804.240554089] [serial_twistctl_node]: [TWIST_RX] Received Twist message - linear.x=0.000, angular.z=0.000, scaled_angular.z=0.000
[INFO] [1791448804.240608918] [serial_twistctl_node]: [SERIAL_TX] Timestamp: 1791448804240597492, Sending command (1/1): vcx=0.000,wc=0.000
 [19 bytes written]
[INFO] [1791448804.290328958] [serial_twistctl_node]: [TWIST_RX] Received Twist message - linear.x=0.000, angular.z=0.000, scaled_angular.z=0.000
[INFO] [1791448804.290395810] [serial_twistctl_node]: [SERIAL_TX] Timestamp: 1791448804290384050, Sending command (1/1): vcx=0.000,wc=0.000
 [19 bytes written]
[INFO] [1791448804.340537485] [serial_twistctl_node]: [TWIST_RX] Received Twist message - linear.x=0.000, angular.z=0.000, scaled_angular.z=0.000
[INFO] [1791448804.340591011] [serial_twistctl_node]: [SERIAL_TX] Timestamp: 1791448804340580129, Sending command (1/1): vcx=0.000,wc=0.000
 [19 bytes written]
[INFO] [1791448804.390580858] [serial_twistctl_node]: [TWIST_RX] Received Twist message - linear.x=0.000, angular.z=0.000, scaled_angular.z=0.000
[INFO] [1791448804.390635059] [serial_twistctl_node]: [SERIAL_TX] Timestamp: 1791448804390623519, Sending command (1/1): vcx=0.000,wc=0.000
 [19 bytes written]
[INFO] [1791448804.440383005] [serial_twistctl_node]: [TWIST_RX] Received Twist message - linear.x=0.000, angular.z=0.000, scaled_angular.z=0.000
[INFO] [1791448804.440439135] [serial_twistctl_node]: [SERIAL_TX] Timestamp: 1791448804440428505, Sending command (1/1): vcx=0.000,wc=0.000
 [19 bytes written]
[INFO] [1791448804.490416617] [serial_twistctl_node]: [TWIST_RX] Received Twist message - linear.x=0.000, angular.z=0.000, scaled_angular.z=0.000
[INFO] [1791448804.490467907] [serial_twistctl_node]: [SERIAL_TX] Timestamp: 1791448804490457096, Sending command (1/1): vcx=0.000,wc=0.000
 [19 bytes written]
[INFO] [1791448804.540378110] [serial_twistctl_node]: [TWIST_RX] Received Twist message - linear.x=0.000, angular.z=0.000, scaled_angular.z=0.000
[INFO] [1791448804.540432482] [serial_twistctl_node]: [SERIAL_TX] Timestamp: 1791448804540420235, Sending command (1/1): vcx=0.000,wc=0.000
 [19 bytes written]
[INFO] [1791448804.590422413] [serial_twistctl_node]: [TWIST_RX] Received Twist message - linear.x=0.000, angular.z=0.000, scaled_angular.z=0.000
[INFO] [1791448804.590476200] [serial_twistctl_node]: [SERIAL_TX] Timestamp: 1791448804590464255, Sending command (1/1): vcx=0.000,wc=0.000
 [19 bytes written]
[INFO] [1791448804.640365391] [serial_twistctl_node]: [TWIST_RX] Received Twist message - linear.x=0.000, angular.z=0.000, scaled_angular.z=0.000
[INFO] [1791448804.640419147] [serial_twistctl_node]: [SERIAL_TX] Timestamp: 1791448804640407500, Sending command (1/1): vcx=0.000,wc=0.000
 [19 bytes written]
[INFO] [1791448804.690422533] [serial_twistctl_node]: [TWIST_RX] Received Twist message - linear.x=0.000, angular.z=0.000, scaled_angular.z=0.000
[INFO] [1791448804.690475877] [serial_twistctl_node]: [SERIAL_TX] Timestamp: 1791448804690464176, Sending command (1/1): vcx=0.000,wc=0.000
 [19 bytes written]
[INFO] [1791448804.740433173] [serial_twistctl_node]: [TWIST_RX] Received Twist message - linear.x=0.000, angular.z=0.000, scaled_angular.z=0.000
[INFO] [1791448804.740492447] [serial_twistctl_node]: [SERIAL_TX] Timestamp: 1791448804740479604, Sending command (1/1): vcx=0.000,wc=0.000
 [19 bytes written]
[INFO] [1791448804.790327683] [serial_twistctl_node]: [TWIST_RX] Received Twist message - linear.x=0.000, angular.z=0.000, scaled_angular.z=0.000
[INFO] [1791448804.790380933] [serial_twistctl_node]: [SERIAL_TX] Timestamp: 1791448804790368407, Sending command (1/1): vcx=0.000,wc=0.000
 [19 bytes written]
[INFO] [1791448804.840330170] [serial_twistctl_node]: [TWIST_RX] Received Twist message - linear.x=0.000, angular.z=0.000, scaled_angular.z=0.000
[INFO] [1791448804.840383701] [serial_twistctl_node]: [SERIAL_TX] Timestamp: 1791448804840371819, Sending command (1/1): vcx=0.000,wc=0.000
 [19 bytes written]
[INFO] [1791448804.890340956] [serial_twistctl_node]: [TWIST_RX] Received Twist message - linear.x=0.000, angular.z=0.000, scaled_angular.z=0.000
[INFO] [1791448804.890397564] [serial_twistctl_node]: [SERIAL_TX] Timestamp: 1791448804890384284, Sending command (1/1): vcx=0.000,wc=0.000
 [19 bytes written]
[INFO] [1791448804.940309730] [serial_twistctl_node]: [TWIST_RX] Received Twist message - linear.x=0.000, angular.z=0.000, scaled_angular.z=0.000
[INFO] [1791448804.940378072] [serial_twistctl_node]: [SERIAL_TX] Timestamp: 1791448804940366118, Sending command (1/1): vcx=0.000,wc=0.000
 [19 bytes written]
[INFO] [1791448804.990330079] [serial_twistctl_node]: [TWIST_RX] Received Twist message - linear.x=0.000, angular.z=0.000, scaled_angular.z=0.000
[INFO] [1791448804.990387556] [serial_twistctl_node]: [SERIAL_TX] Timestamp: 1791448804990374814, Sending command (1/1): vcx=0.000,wc=0.000
 [19 bytes written]
[INFO] [1791448805.040441825] [serial_twistctl_node]: [TWIST_RX] Received Twist message - linear.x=0.000, angular.z=0.000, scaled_angular.z=0.000
[INFO] [1791448805.040502475] [serial_twistctl_node]: [SERIAL_TX] Timestamp: 1791448805040491020, Sending command (1/1): vcx=0.000,wc=0.000
 [19 bytes written]
[INFO] [1791448805.090295761] [serial_twistctl_node]: [TWIST_RX] Received Twist message - linear.x=0.000, angular.z=0.000, scaled_angular.z=0.000
[INFO] [1791448805.090350293] [serial_twistctl_node]: [SERIAL_TX] Timestamp: 1791448805090338633, Sending command (1/1): vcx=0.000,wc=0.000
 [19 bytes written]
[INFO] [1791448805.140410543] [serial_twistctl_node]: [TWIST_RX] Received Twist message - linear.x=0.000, angular.z=0.000, scaled_angular.z=0.000
[INFO] [1791448805.140463712] [serial_twistctl_node]: [SERIAL_TX] Timestamp: 1791448805140452651, Sending command (1/1): vcx=0.000,wc=0.000
 [19 bytes written]
[INFO] [1791448805.190600908] [serial_twistctl_node]: [TWIST_RX] Received Twist message - linear.x=0.000, angular.z=0.000, scaled_angular.z=0.000
[INFO] [1791448805.190655388] [serial_twistctl_node]: [SERIAL_TX] Timestamp: 1791448805190644116, Sending command (1/1): vcx=0.000,wc=0.000
 [19 bytes written]
[INFO] [1791448805.240421889] [serial_twistctl_node]: [TWIST_RX] Received Twist message - linear.x=0.000, angular.z=0.000, scaled_angular.z=0.000
[INFO] [1791448805.240476520] [serial_twistctl_node]: [SERIAL_TX] Timestamp: 1791448805240465127, Sending command (1/1): vcx=0.000,wc=0.000
 [19 bytes written]
[INFO] [1791448805.290473651] [serial_twistctl_node]: [TWIST_RX] Received Twist message - linear.x=0.000, angular.z=0.000, scaled_angular.z=0.000
[INFO] [1791448805.290527639] [serial_twistctl_node]: [SERIAL_TX] Timestamp: 1791448805290517047, Sending command (1/1): vcx=0.000,wc=0.000
 [19 bytes written]
[INFO] [1791448805.340293622] [serial_twistctl_node]: [TWIST_RX] Received Twist message - linear.x=0.021, angular.z=0.000, scaled_angular.z=0.000
[INFO] [1791448805.340343155] [serial_twistctl_node]: [SERIAL_TX] Timestamp: 1791448805340331070, Sending command (1/1): vcx=0.021,wc=0.000
 [19 bytes written]
[INFO] [1791448805.390392939] [serial_twistctl_node]: [TWIST_RX] Received Twist message - linear.x=0.042, angular.z=0.000, scaled_angular.z=0.000
[INFO] [1791448805.390453267] [serial_twistctl_node]: [SERIAL_TX] Timestamp: 1791448805390441397, Sending command (1/1): vcx=0.042,wc=0.000
 [19 bytes written]
[INFO] [1791448805.440572567] [serial_twistctl_node]: [TWIST_RX] Received Twist message - linear.x=0.064, angular.z=0.000, scaled_angular.z=0.000
[INFO] [1791448805.440626913] [serial_twistctl_node]: [SERIAL_TX] Timestamp: 1791448805440615321, Sending command (1/1): vcx=0.064,wc=0.000
 [19 bytes written]
[INFO] [1791448805.490422779] [serial_twistctl_node]: [TWIST_RX] Received Twist message - linear.x=0.085, angular.z=0.000, scaled_angular.z=0.000
[INFO] [1791448805.490478205] [serial_twistctl_node]: [SERIAL_TX] Timestamp: 1791448805490466012, Sending command (1/1): vcx=0.085,wc=0.000
 [19 bytes written]
[INFO] [1791448805.540545569] [serial_twistctl_node]: [TWIST_RX] Received Twist message - linear.x=0.106, angular.z=0.000, scaled_angular.z=0.000
[INFO] [1791448805.540605103] [serial_twistctl_node]: [SERIAL_TX] Timestamp: 1791448805540593913, Sending command (1/1): vcx=0.106,wc=0.000
 [19 bytes written]
[INFO] [1791448805.590428149] [serial_twistctl_node]: [TWIST_RX] Received Twist message - linear.x=0.127, angular.z=0.000, scaled_angular.z=0.000
[INFO] [1791448805.590486724] [serial_twistctl_node]: [SERIAL_TX] Timestamp: 1791448805590475594, Sending command (1/1): vcx=0.127,wc=0.000
 [19 bytes written]
[INFO] [1791448805.640357723] [serial_twistctl_node]: [TWIST_RX] Received Twist message - linear.x=0.149, angular.z=0.000, scaled_angular.z=0.000
[INFO] [1791448805.640413084] [serial_twistctl_node]: [SERIAL_TX] Timestamp: 1791448805640401597, Sending command (1/1): vcx=0.149,wc=0.000
 [19 bytes written]
[INFO] [1791448805.690438093] [serial_twistctl_node]: [TWIST_RX] Received Twist message - linear.x=0.170, angular.z=0.000, scaled_angular.z=0.000
[INFO] [1791448805.690494952] [serial_twistctl_node]: [SERIAL_TX] Timestamp: 1791448805690483829, Sending command (1/1): vcx=0.170,wc=0.000
 [19 bytes written]
[INFO] [1791448805.740331329] [serial_twistctl_node]: [TWIST_RX] Received Twist message - linear.x=0.191, angular.z=0.000, scaled_angular.z=0.000
[INFO] [1791448805.740385018] [serial_twistctl_node]: [SERIAL_TX] Timestamp: 1791448805740372706, Sending command (1/1): vcx=0.191,wc=0.000
 [19 bytes written]
[INFO] [1791448805.790233804] [serial_twistctl_node]: [TWIST_RX] Received Twist message - linear.x=0.212, angular.z=0.000, scaled_angular.z=0.000
[INFO] [1791448805.790280276] [serial_twistctl_node]: [SERIAL_TX] Timestamp: 1791448805790269444, Sending command (1/1): vcx=0.212,wc=0.000
 [19 bytes written]
[INFO] [1791448805.840174819] [serial_twistctl_node]: [TWIST_RX] Received Twist message - linear.x=0.217, angular.z=0.000, scaled_angular.z=0.000
[INFO] [1791448805.840211751] [serial_twistctl_node]: [SERIAL_TX] Timestamp: 1791448805840203395, Sending command (1/1): vcx=0.217,wc=0.000
 [19 bytes written]
[INFO] [1791448805.890310598] [serial_twistctl_node]: [TWIST_RX] Received Twist message - linear.x=0.220, angular.z=0.000, scaled_angular.z=0.000
[INFO] [1791448805.890365789] [serial_twistctl_node]: [SERIAL_TX] Timestamp: 1791448805890355535, Sending command (1/1): vcx=0.220,wc=0.000
 [19 bytes written]
[INFO] [1791448805.940276012] [serial_twistctl_node]: [TWIST_RX] Received Twist message - linear.x=0.216, angular.z=0.000, scaled_angular.z=0.000
[INFO] [1791448805.940314333] [serial_twistctl_node]: [SERIAL_TX] Timestamp: 1791448805940306357, Sending command (1/1): vcx=0.216,wc=0.000
 [19 bytes written]
[INFO] [1791448805.990247357] [serial_twistctl_node]: [TWIST_RX] Received Twist message - linear.x=0.219, angular.z=0.000, scaled_angular.z=0.000
[INFO] [1791448805.990287642] [serial_twistctl_node]: [SERIAL_TX] Timestamp: 1791448805990279018, Sending command (1/1): vcx=0.219,wc=0.000
 [19 bytes written]
[INFO] [1791448806.040397336] [serial_twistctl_node]: [TWIST_RX] Received Twist message - linear.x=0.221, angular.z=0.000, scaled_angular.z=0.000
[INFO] [1791448806.040446737] [serial_twistctl_node]: [SERIAL_TX] Timestamp: 1791448806040438828, Sending command (1/1): vcx=0.221,wc=0.000
 [19 bytes written]
[INFO] [1791448806.090386087] [serial_twistctl_node]: [TWIST_RX] Received Twist message - linear.x=0.218, angular.z=0.000, scaled_angular.z=0.000
[INFO] [1791448806.090424388] [serial_twistctl_node]: [SERIAL_TX] Timestamp: 1791448806090415908, Sending command (1/1): vcx=0.218,wc=0.000
 [19 bytes written]
[INFO] [1791448806.140282628] [serial_twistctl_node]: [TWIST_RX] Received Twist message - linear.x=0.221, angular.z=0.000, scaled_angular.z=0.000
[INFO] [1791448806.140325685] [serial_twistctl_node]: [SERIAL_TX] Timestamp: 1791448806140316673, Sending command (1/1): vcx=0.221,wc=0.000
 [19 bytes written]
[INFO] [1791448806.190438294] [serial_twistctl_node]: [TWIST_RX] Received Twist message - linear.x=0.218, angular.z=0.000, scaled_angular.z=0.000
[INFO] [1791448806.190484305] [serial_twistctl_node]: [SERIAL_TX] Timestamp: 1791448806190475425, Sending command (1/1): vcx=0.218,wc=0.000
 [19 bytes written]
[INFO] [1791448806.240275022] [serial_twistctl_node]: [TWIST_RX] Received Twist message - linear.x=0.220, angular.z=0.000, scaled_angular.z=0.000
[INFO] [1791448806.240329888] [serial_twistctl_node]: [SERIAL_TX] Timestamp: 1791448806240317259, Sending command (1/1): vcx=0.220,wc=0.000
 [19 bytes written]
[INFO] [1791448806.290403553] [serial_twistctl_node]: [TWIST_RX] Received Twist message - linear.x=0.217, angular.z=0.000, scaled_angular.z=0.000
[INFO] [1791448806.290473569] [serial_twistctl_node]: [SERIAL_TX] Timestamp: 1791448806290461511, Sending command (1/1): vcx=0.217,wc=0.000
 [19 bytes written]
[INFO] [1791448806.340382821] [serial_twistctl_node]: [TWIST_RX] Received Twist message - linear.x=0.220, angular.z=0.000, scaled_angular.z=0.000
[INFO] [1791448806.340436423] [serial_twistctl_node]: [SERIAL_TX] Timestamp: 1791448806340425096, Sending command (1/1): vcx=0.220,wc=0.000
 [19 bytes written]
[INFO] [1791448806.390403778] [serial_twistctl_node]: [TWIST_RX] Received Twist message - linear.x=0.216, angular.z=0.000, scaled_angular.z=0.000
[INFO] [1791448806.390459219] [serial_twistctl_node]: [SERIAL_TX] Timestamp: 1791448806390448337, Sending command (1/1): vcx=0.216,wc=0.000
 [19 bytes written]
[INFO] [1791448806.440307888] [serial_twistctl_node]: [TWIST_RX] Received Twist message - linear.x=0.219, angular.z=0.000, scaled_angular.z=0.000
[INFO] [1791448806.440361855] [serial_twistctl_node]: [SERIAL_TX] Timestamp: 1791448806440350335, Sending command (1/1): vcx=0.219,wc=0.000
 [19 bytes written]
[INFO] [1791448806.490310109] [serial_twistctl_node]: [TWIST_RX] Received Twist message - linear.x=0.221, angular.z=0.000, scaled_angular.z=0.000
[INFO] [1791448806.490365387] [serial_twistctl_node]: [SERIAL_TX] Timestamp: 1791448806490354321, Sending command (1/1): vcx=0.221,wc=0.000
 [19 bytes written]
[INFO] [1791448806.540380232] [serial_twistctl_node]: [TWIST_RX] Received Twist message - linear.x=0.218, angular.z=0.000, scaled_angular.z=0.000
[INFO] [1791448806.540438445] [serial_twistctl_node]: [SERIAL_TX] Timestamp: 1791448806540423096, Sending command (1/1): vcx=0.218,wc=0.000
 [19 bytes written]
[INFO] [1791448806.590316833] [serial_twistctl_node]: [TWIST_RX] Received Twist message - linear.x=0.221, angular.z=0.000, scaled_angular.z=0.000
[INFO] [1791448806.590371923] [serial_twistctl_node]: [SERIAL_TX] Timestamp: 1791448806590360247, Sending command (1/1): vcx=0.221,wc=0.000
 [19 bytes written]
[INFO] [1791448806.640308824] [serial_twistctl_node]: [TWIST_RX] Received Twist message - linear.x=0.218, angular.z=0.000, scaled_angular.z=0.000
[INFO] [1791448806.640364979] [serial_twistctl_node]: [SERIAL_TX] Timestamp: 1791448806640352334, Sending command (1/1): vcx=0.218,wc=0.000
 [19 bytes written]
[INFO] [1791448806.690325806] [serial_twistctl_node]: [TWIST_RX] Received Twist message - linear.x=0.220, angular.z=0.000, scaled_angular.z=0.000
[INFO] [1791448806.690371094] [serial_twistctl_node]: [SERIAL_TX] Timestamp: 1791448806690361023, Sending command (1/1): vcx=0.220,wc=0.000
 [19 bytes written]
[INFO] [1791448806.740316325] [serial_twistctl_node]: [TWIST_RX] Received Twist message - linear.x=0.217, angular.z=0.000, scaled_angular.z=0.000
[INFO] [1791448806.740358683] [serial_twistctl_node]: [SERIAL_TX] Timestamp: 1791448806740350326, Sending command (1/1): vcx=0.217,wc=0.000
 [19 bytes written]
[INFO] [1791448806.790205284] [serial_twistctl_node]: [TWIST_RX] Received Twist message - linear.x=0.220, angular.z=0.000, scaled_angular.z=0.000
[INFO] [1791448806.790238157] [serial_twistctl_node]: [SERIAL_TX] Timestamp: 1791448806790231244, Sending command (1/1): vcx=0.220,wc=0.000
 [19 bytes written]
[INFO] [1791448806.840213204] [serial_twistctl_node]: [TWIST_RX] Received Twist message - linear.x=0.000, angular.z=0.000, scaled_angular.z=0.000
[INFO] [1791448806.840248353] [serial_twistctl_node]: [SERIAL_TX] Timestamp: 1791448806840240793, Sending command (1/1): vcx=0.000,wc=0.000
 [19 bytes written]
[INFO] [1791448806.890203463] [serial_twistctl_node]: [TWIST_RX] Received Twist message - linear.x=0.000, angular.z=0.000, scaled_angular.z=0.000
[INFO] [1791448806.890237788] [serial_twistctl_node]: [SERIAL_TX] Timestamp: 1791448806890229774, Sending command (1/1): vcx=0.000,wc=0.000
 [19 bytes written]
[INFO] [1791448806.940195471] [serial_twistctl_node]: [TWIST_RX] Received Twist message - linear.x=0.000, angular.z=0.000, scaled_angular.z=0.000
[INFO] [1791448806.940247581] [serial_twistctl_node]: [SERIAL_TX] Timestamp: 1791448806940239330, Sending command (1/1): vcx=0.000,wc=0.000
 [19 bytes written]
[INFO] [1791448806.990331392] [serial_twistctl_node]: [TWIST_RX] Received Twist message - linear.x=0.000, angular.z=0.000, scaled_angular.z=0.000
[INFO] [1791448806.990370757] [serial_twistctl_node]: [SERIAL_TX] Timestamp: 1791448806990363040, Sending command (1/1): vcx=0.000,wc=0.000
 [19 bytes written]
[INFO] [1791448807.040199402] [serial_twistctl_node]: [TWIST_RX] Received Twist message - linear.x=0.000, angular.z=0.000, scaled_angular.z=0.000
[INFO] [1791448807.040235711] [serial_twistctl_node]: [SERIAL_TX] Timestamp: 1791448807040229146, Sending command (1/1): vcx=0.000,wc=0.000
 [19 bytes written]
[INFO] [1791448807.090392851] [serial_twistctl_node]: [TWIST_RX] Received Twist message - linear.x=0.000, angular.z=0.000, scaled_angular.z=0.000
[INFO] [1791448807.090440985] [serial_twistctl_node]: [SERIAL_TX] Timestamp: 1791448807090432314, Sending command (1/1): vcx=0.000,wc=0.000
 [19 bytes written]
[INFO] [1791448807.140353560] [serial_twistctl_node]: [TWIST_RX] Received Twist message - linear.x=0.000, angular.z=0.000, scaled_angular.z=0.000
[INFO] [1791448807.140400647] [serial_twistctl_node]: [SERIAL_TX] Timestamp: 1791448807140390766, Sending command (1/1): vcx=0.000,wc=0.000
 [19 bytes written]
[INFO] [1791448807.190319787] [serial_twistctl_node]: [TWIST_RX] Received Twist message - linear.x=0.000, angular.z=0.000, scaled_angular.z=0.000
[INFO] [1791448807.190357834] [serial_twistctl_node]: [SERIAL_TX] Timestamp: 1791448807190349931, Sending command (1/1): vcx=0.000,wc=0.000
 [19 bytes written]
[INFO] [1791448807.240211743] [serial_twistctl_node]: [TWIST_RX] Received Twist message - linear.x=0.000, angular.z=0.000, scaled_angular.z=0.000
[INFO] [1791448807.240251826] [serial_twistctl_node]: [SERIAL_TX] Timestamp: 1791448807240243433, Sending command (1/1): vcx=0.000,wc=0.000
 [19 bytes written]
[INFO] [1791448807.290467681] [serial_twistctl_node]: [TWIST_RX] Received Twist message - linear.x=0.000, angular.z=0.000, scaled_angular.z=0.000
[INFO] [1791448807.290510607] [serial_twistctl_node]: [SERIAL_TX] Timestamp: 1791448807290502128, Sending command (1/1): vcx=0.000,wc=0.000
 [19 bytes written]
[INFO] [1791448807.340188889] [serial_twistctl_node]: [TWIST_RX] Received Twist message - linear.x=0.000, angular.z=0.000, scaled_angular.z=0.000
[INFO] [1791448807.340224520] [serial_twistctl_node]: [SERIAL_TX] Timestamp: 1791448807340216781, Sending command (1/1): vcx=0.000,wc=0.000
 [19 bytes written]
[INFO] [1791448807.390096033] [serial_twistctl_node]: [TWIST_RX] Received Twist message - linear.x=0.000, angular.z=0.000, scaled_angular.z=0.000
[INFO] [1791448807.390133733] [serial_twistctl_node]: [SERIAL_TX] Timestamp: 1791448807390125362, Sending command (1/1): vcx=0.000,wc=0.000
 [19 bytes written]
[INFO] [1791448807.440220322] [serial_twistctl_node]: [TWIST_RX] Received Twist message - linear.x=0.000, angular.z=0.000, scaled_angular.z=0.000
[INFO] [1791448807.440258780] [serial_twistctl_node]: [SERIAL_TX] Timestamp: 1791448807440249795, Sending command (1/1): vcx=0.000,wc=0.000
 [19 bytes written]
[INFO] [1791448807.490259856] [serial_twistctl_node]: [TWIST_RX] Received Twist message - linear.x=0.000, angular.z=0.000, scaled_angular.z=0.000
[INFO] [1791448807.490297976] [serial_twistctl_node]: [SERIAL_TX] Timestamp: 1791448807490289130, Sending command (1/1): vcx=0.000,wc=0.000
 [19 bytes written]
[INFO] [1791448807.540385940] [serial_twistctl_node]: [TWIST_RX] Received Twist message - linear.x=0.000, angular.z=0.000, scaled_angular.z=0.000
[INFO] [1791448807.540429396] [serial_twistctl_node]: [SERIAL_TX] Timestamp: 1791448807540421929, Sending command (1/1): vcx=0.000,wc=0.000
 [19 bytes written]
[INFO] [1791448807.590266728] [serial_twistctl_node]: [TWIST_RX] Received Twist message - linear.x=0.000, angular.z=0.000, scaled_angular.z=0.000
[INFO] [1791448807.590308145] [serial_twistctl_node]: [SERIAL_TX] Timestamp: 1791448807590295709, Sending command (1/1): vcx=0.000,wc=0.000
 [19 bytes written]
[INFO] [1791448807.640192304] [serial_twistctl_node]: [TWIST_RX] Received Twist message - linear.x=0.000, angular.z=0.000, scaled_angular.z=0.000
[INFO] [1791448807.640234133] [serial_twistctl_node]: [SERIAL_TX] Timestamp: 1791448807640226507, Sending command (1/1): vcx=0.000,wc=0.000
 [19 bytes written]
[INFO] [1791448807.690407029] [serial_twistctl_node]: [TWIST_RX] Received Twist message - linear.x=0.000, angular.z=0.000, scaled_angular.z=0.000
[INFO] [1791448807.690445293] [serial_twistctl_node]: [SERIAL_TX] Timestamp: 1791448807690436070, Sending command (1/1): vcx=0.000,wc=0.000
 [19 bytes written]
[INFO] [1791448807.740460233] [serial_twistctl_node]: [TWIST_RX] Received Twist message - linear.x=0.000, angular.z=0.000, scaled_angular.z=0.000
[INFO] [1791448807.740496792] [serial_twistctl_node]: [SERIAL_TX] Timestamp: 1791448807740488207, Sending command (1/1): vcx=0.000,wc=0.000
 [19 bytes written]
[INFO] [1791448807.790422127] [serial_twistctl_node]: [TWIST_RX] Received Twist message - linear.x=0.000, angular.z=0.000, scaled_angular.z=0.000
[INFO] [1791448807.790458740] [serial_twistctl_node]: [SERIAL_TX] Timestamp: 1791448807790450059, Sending command (1/1): vcx=0.000,wc=0.000
 [19 bytes written]
[INFO] [1791448807.840433027] [serial_twistctl_node]: [TWIST_RX] Received Twist message - linear.x=0.000, angular.z=0.000, scaled_angular.z=0.000
[INFO] [1791448807.840479976] [serial_twistctl_node]: [SERIAL_TX] Timestamp: 1791448807840470129, Sending command (1/1): vcx=0.000,wc=0.000
 [19 bytes written]
[INFO] [1791448807.890483222] [serial_twistctl_node]: [TWIST_RX] Received Twist message - linear.x=0.000, angular.z=0.000, scaled_angular.z=0.000
[INFO] [1791448807.890525408] [serial_twistctl_node]: [SERIAL_TX] Timestamp: 1791448807890515813, Sending command (1/1): vcx=0.000,wc=0.000
 [19 bytes written]
[INFO] [1791448807.940384681] [serial_twistctl_node]: [TWIST_RX] Received Twist message - linear.x=0.000, angular.z=0.000, scaled_angular.z=0.000
[INFO] [1791448807.940424936] [serial_twistctl_node]: [SERIAL_TX] Timestamp: 1791448807940415238, Sending command (1/1): vcx=0.000,wc=0.000
 [19 bytes written]
[INFO] [1791448807.990424424] [serial_twistctl_node]: [TWIST_RX] Received Twist message - linear.x=0.000, angular.z=0.000, scaled_angular.z=0.000
[INFO] [1791448807.990466091] [serial_twistctl_node]: [SERIAL_TX] Timestamp: 1791448807990457296, Sending command (1/1): vcx=0.000,wc=0.000
 [19 bytes written]
[INFO] [1791448808.040285520] [serial_twistctl_node]: [TWIST_RX] Received Twist message - linear.x=0.000, angular.z=0.000, scaled_angular.z=0.000
[INFO] [1791448808.040323534] [serial_twistctl_node]: [SERIAL_TX] Timestamp: 1791448808040316303, Sending command (1/1): vcx=0.000,wc=0.000
 [19 bytes written]
[INFO] [1791448808.090407559] [serial_twistctl_node]: [TWIST_RX] Received Twist message - linear.x=0.000, angular.z=0.000, scaled_angular.z=0.000
[INFO] [1791448808.090445887] [serial_twistctl_node]: [SERIAL_TX] Timestamp: 1791448808090437918, Sending command (1/1): vcx=0.000,wc=0.000
 [19 bytes written]
[INFO] [1791448808.140393072] [serial_twistctl_node]: [TWIST_RX] Received Twist message - linear.x=0.000, angular.z=0.000, scaled_angular.z=0.000
[INFO] [1791448808.140434933] [serial_twistctl_node]: [SERIAL_TX] Timestamp: 1791448808140425636, Sending command (1/1): vcx=0.000,wc=0.000
 [19 bytes written]
[INFO] [1791448808.190317608] [serial_twistctl_node]: [TWIST_RX] Received Twist message - linear.x=0.000, angular.z=0.000, scaled_angular.z=0.000
[INFO] [1791448808.190356493] [serial_twistctl_node]: [SERIAL_TX] Timestamp: 1791448808190348118, Sending command (1/1): vcx=0.000,wc=0.000
 [19 bytes written]
[INFO] [1791448808.240313583] [serial_twistctl_node]: [TWIST_RX] Received Twist message - linear.x=0.000, angular.z=0.000, scaled_angular.z=0.000
[INFO] [1791448808.240356038] [serial_twistctl_node]: [SERIAL_TX] Timestamp: 1791448808240346462, Sending command (1/1): vcx=0.000,wc=0.000
 [19 bytes written]
[INFO] [1791448808.290377870] [serial_twistctl_node]: [TWIST_RX] Received Twist message - linear.x=0.000, angular.z=0.000, scaled_angular.z=0.000
[INFO] [1791448808.290433801] [serial_twistctl_node]: [SERIAL_TX] Timestamp: 1791448808290424234, Sending command (1/1): vcx=0.000,wc=0.000
 [19 bytes written]
[INFO] [1791448808.340223519] [serial_twistctl_node]: [TWIST_RX] Received Twist message - linear.x=0.000, angular.z=0.000, scaled_angular.z=0.000
[INFO] [1791448808.340273531] [serial_twistctl_node]: [SERIAL_TX] Timestamp: 1791448808340256469, Sending command (1/1): vcx=0.000,wc=0.000
 [19 bytes written]
[INFO] [1791448808.390400526] [serial_twistctl_node]: [TWIST_RX] Received Twist message - linear.x=0.000, angular.z=0.000, scaled_angular.z=0.000
[INFO] [1791448808.390440283] [serial_twistctl_node]: [SERIAL_TX] Timestamp: 1791448808390428169, Sending command (1/1): vcx=0.000,wc=0.000
 [19 bytes written]
[INFO] [1791448808.440186178] [serial_twistctl_node]: [TWIST_RX] Received Twist message - linear.x=0.000, angular.z=0.000, scaled_angular.z=0.000
[INFO] [1791448808.440228765] [serial_twistctl_node]: [SERIAL_TX] Timestamp: 1791448808440219461, Sending command (1/1): vcx=0.000,wc=0.000
 [19 bytes written]
[INFO] [1791448808.490227089] [serial_twistctl_node]: [TWIST_RX] Received Twist message - linear.x=0.000, angular.z=0.000, scaled_angular.z=0.000
[INFO] [1791448808.490272332] [serial_twistctl_node]: [SERIAL_TX] Timestamp: 1791448808490261727, Sending command (1/1): vcx=0.000,wc=0.000
 [19 bytes written]
[INFO] [1791448808.540285721] [serial_twistctl_node]: [TWIST_RX] Received Twist message - linear.x=0.000, angular.z=0.000, scaled_angular.z=0.000
[INFO] [1791448808.540328648] [serial_twistctl_node]: [SERIAL_TX] Timestamp: 1791448808540320272, Sending command (1/1): vcx=0.000,wc=0.000
 [19 bytes written]
[INFO] [1791448808.590386106] [serial_twistctl_node]: [TWIST_RX] Received Twist message - linear.x=0.000, angular.z=0.000, scaled_angular.z=0.000
[INFO] [1791448808.590421610] [serial_twistctl_node]: [SERIAL_TX] Timestamp: 1791448808590413911, Sending command (1/1): vcx=0.000,wc=0.000
 [19 bytes written]
[INFO] [1791448808.640303239] [serial_twistctl_node]: [TWIST_RX] Received Twist message - linear.x=0.000, angular.z=0.000, scaled_angular.z=0.000
[INFO] [1791448808.640343895] [serial_twistctl_node]: [SERIAL_TX] Timestamp: 1791448808640335214, Sending command (1/1): vcx=0.000,wc=0.000
 [19 bytes written]
[INFO] [1791448808.690426585] [serial_twistctl_node]: [TWIST_RX] Received Twist message - linear.x=0.000, angular.z=0.000, scaled_angular.z=0.000
[INFO] [1791448808.690474100] [serial_twistctl_node]: [SERIAL_TX] Timestamp: 1791448808690464426, Sending command (1/1): vcx=0.000,wc=0.000
 [19 bytes written]
[INFO] [1791448808.740288288] [serial_twistctl_node]: [TWIST_RX] Received Twist message - linear.x=0.000, angular.z=0.000, scaled_angular.z=0.000
[INFO] [1791448808.740325400] [serial_twistctl_node]: [SERIAL_TX] Timestamp: 1791448808740316461, Sending command (1/1): vcx=0.000,wc=0.000
 [19 bytes written]
[INFO] [1791448808.790490164] [serial_twistctl_node]: [TWIST_RX] Received Twist message - linear.x=0.000, angular.z=0.000, scaled_angular.z=0.000
[INFO] [1791448808.790534148] [serial_twistctl_node]: [SERIAL_TX] Timestamp: 1791448808790524779, Sending command (1/1): vcx=0.000,wc=0.000
 [19 bytes written]
[INFO] [1791448808.840330774] [serial_twistctl_node]: [TWIST_RX] Received Twist message - linear.x=0.000, angular.z=0.000, scaled_angular.z=0.000
[INFO] [1791448808.840369875] [serial_twistctl_node]: [SERIAL_TX] Timestamp: 1791448808840362574, Sending command (1/1): vcx=0.000,wc=0.000
 [19 bytes written]
[INFO] [1791448808.890299653] [serial_twistctl_node]: [TWIST_RX] Received Twist message - linear.x=0.000, angular.z=0.000, scaled_angular.z=0.000
[INFO] [1791448808.890341330] [serial_twistctl_node]: [SERIAL_TX] Timestamp: 1791448808890331989, Sending command (1/1): vcx=0.000,wc=0.000
 [19 bytes written]
[INFO] [1791448808.940262506] [serial_twistctl_node]: [TWIST_RX] Received Twist message - linear.x=0.000, angular.z=0.000, scaled_angular.z=0.000
[INFO] [1791448808.940305543] [serial_twistctl_node]: [SERIAL_TX] Timestamp: 1791448808940296693, Sending command (1/1): vcx=0.000,wc=0.000
 [19 bytes written]
[INFO] [1791448808.990252684] [serial_twistctl_node]: [TWIST_RX] Received Twist message - linear.x=0.000, angular.z=0.000, scaled_angular.z=0.000
[INFO] [1791448808.990298775] [serial_twistctl_node]: [SERIAL_TX] Timestamp: 1791448808990288493, Sending command (1/1): vcx=0.000,wc=0.000
 [19 bytes written]
[INFO] [1791448809.040227251] [serial_twistctl_node]: [TWIST_RX] Received Twist message - linear.x=0.000, angular.z=0.000, scaled_angular.z=0.000
[INFO] [1791448809.040277811] [serial_twistctl_node]: [SERIAL_TX] Timestamp: 1791448809040267973, Sending command (1/1): vcx=0.000,wc=0.000
 [19 bytes written]
[INFO] [1791448809.090257069] [serial_twistctl_node]: [TWIST_RX] Received Twist message - linear.x=0.000, angular.z=0.000, scaled_angular.z=0.000
[INFO] [1791448809.090306401] [serial_twistctl_node]: [SERIAL_TX] Timestamp: 1791448809090296145, Sending command (1/1): vcx=0.000,wc=0.000
 [19 bytes written]
[INFO] [1791448809.140304607] [serial_twistctl_node]: [TWIST_RX] Received Twist message - linear.x=0.000, angular.z=0.000, scaled_angular.z=0.000
[INFO] [1791448809.140347188] [serial_twistctl_node]: [SERIAL_TX] Timestamp: 1791448809140337949, Sending command (1/1): vcx=0.000,wc=0.000
 [19 bytes written]
[INFO] [1791448809.190310842] [serial_twistctl_node]: [TWIST_RX] Received Twist message - linear.x=0.000, angular.z=0.000, scaled_angular.z=0.000
[INFO] [1791448809.190348802] [serial_twistctl_node]: [SERIAL_TX] Timestamp: 1791448809190339787, Sending command (1/1): vcx=0.000,wc=0.000
 [19 bytes written]
[INFO] [1791448809.240686135] [serial_twistctl_node]: [TWIST_RX] Received Twist message - linear.x=0.000, angular.z=0.000, scaled_angular.z=0.000
[INFO] [1791448809.240729691] [serial_twistctl_node]: [SERIAL_TX] Timestamp: 1791448809240718178, Sending command (1/1): vcx=0.000,wc=0.000
 [19 bytes written]
[INFO] [1791448809.290409573] [serial_twistctl_node]: [TWIST_RX] Received Twist message - linear.x=0.000, angular.z=0.000, scaled_angular.z=0.000
[INFO] [1791448809.290449881] [serial_twistctl_node]: [SERIAL_TX] Timestamp: 1791448809290441801, Sending command (1/1): vcx=0.000,wc=0.000
 [19 bytes written]
[INFO] [1791448809.340289740] [serial_twistctl_node]: [TWIST_RX] Received Twist message - linear.x=0.000, angular.z=0.000, scaled_angular.z=0.000
[INFO] [1791448809.340326540] [serial_twistctl_node]: [SERIAL_TX] Timestamp: 1791448809340318734, Sending command (1/1): vcx=0.000,wc=0.000
 [19 bytes written]
[INFO] [1791448809.390444301] [serial_twistctl_node]: [TWIST_RX] Received Twist message - linear.x=0.000, angular.z=0.000, scaled_angular.z=0.000
[INFO] [1791448809.390487697] [serial_twistctl_node]: [SERIAL_TX] Timestamp: 1791448809390479129, Sending command (1/1): vcx=0.000,wc=0.000
 [19 bytes written]
[INFO] [1791448809.440095781] [serial_twistctl_node]: [TWIST_RX] Received Twist message - linear.x=0.000, angular.z=0.000, scaled_angular.z=0.000
[INFO] [1791448809.440133581] [serial_twistctl_node]: [SERIAL_TX] Timestamp: 1791448809440125976, Sending command (1/1): vcx=0.000,wc=0.000
 [19 bytes written]
[INFO] [1791448809.490336253] [serial_twistctl_node]: [TWIST_RX] Received Twist message - linear.x=0.000, angular.z=0.000, scaled_angular.z=0.000
[INFO] [1791448809.490376271] [serial_twistctl_node]: [SERIAL_TX] Timestamp: 1791448809490367506, Sending command (1/1): vcx=0.000,wc=0.000
 [19 bytes written]
[INFO] [1791448809.540562693] [serial_twistctl_node]: [TWIST_RX] Received Twist message - linear.x=0.000, angular.z=0.000, scaled_angular.z=0.000
[INFO] [1791448809.540607993] [serial_twistctl_node]: [SERIAL_TX] Timestamp: 1791448809540598113, Sending command (1/1): vcx=0.000,wc=0.000
 [19 bytes written]
[INFO] [1791448809.590426526] [serial_twistctl_node]: [TWIST_RX] Received Twist message - linear.x=0.000, angular.z=0.000, scaled_angular.z=0.000
[INFO] [1791448809.590466866] [serial_twistctl_node]: [SERIAL_TX] Timestamp: 1791448809590459172, Sending command (1/1): vcx=0.000,wc=0.000
 [19 bytes written]
[INFO] [1791448809.640237571] [serial_twistctl_node]: [TWIST_RX] Received Twist message - linear.x=0.000, angular.z=0.000, scaled_angular.z=0.000
[INFO] [1791448809.640287723] [serial_twistctl_node]: [SERIAL_TX] Timestamp: 1791448809640278513, Sending command (1/1): vcx=0.000,wc=0.000
 [19 bytes written]
[INFO] [1791448809.690463229] [serial_twistctl_node]: [TWIST_RX] Received Twist message - linear.x=0.000, angular.z=0.000, scaled_angular.z=0.000
[INFO] [1791448809.690500729] [serial_twistctl_node]: [SERIAL_TX] Timestamp: 1791448809690491572, Sending command (1/1): vcx=0.000,wc=0.000
 [19 bytes written]
[INFO] [1791448809.740231427] [serial_twistctl_node]: [TWIST_RX] Received Twist message - linear.x=0.021, angular.z=0.000, scaled_angular.z=0.000
[INFO] [1791448809.740276004] [serial_twistctl_node]: [SERIAL_TX] Timestamp: 1791448809740265561, Sending command (1/1): vcx=0.021,wc=0.000
 [19 bytes written]
[INFO] [1791448809.790230620] [serial_twistctl_node]: [TWIST_RX] Received Twist message - linear.x=0.043, angular.z=0.000, scaled_angular.z=0.000
[INFO] [1791448809.790278946] [serial_twistctl_node]: [SERIAL_TX] Timestamp: 1791448809790269740, Sending command (1/1): vcx=0.043,wc=0.000
 [19 bytes written]
[INFO] [1791448809.840245949] [serial_twistctl_node]: [TWIST_RX] Received Twist message - linear.x=0.064, angular.z=0.000, scaled_angular.z=0.000
[INFO] [1791448809.840291470] [serial_twistctl_node]: [SERIAL_TX] Timestamp: 1791448809840281608, Sending command (1/1): vcx=0.064,wc=0.000
 [19 bytes written]
[INFO] [1791448809.890407835] [serial_twistctl_node]: [TWIST_RX] Received Twist message - linear.x=0.085, angular.z=0.000, scaled_angular.z=0.000
[INFO] [1791448809.890448868] [serial_twistctl_node]: [SERIAL_TX] Timestamp: 1791448809890440469, Sending command (1/1): vcx=0.085,wc=0.000
 [19 bytes written]
[INFO] [1791448809.940410647] [serial_twistctl_node]: [TWIST_RX] Received Twist message - linear.x=0.106, angular.z=0.000, scaled_angular.z=0.000
[INFO] [1791448809.940456867] [serial_twistctl_node]: [SERIAL_TX] Timestamp: 1791448809940443417, Sending command (1/1): vcx=0.106,wc=0.000
 [19 bytes written]
[INFO] [1791448809.990478865] [serial_twistctl_node]: [TWIST_RX] Received Twist message - linear.x=0.128, angular.z=0.000, scaled_angular.z=0.000
[INFO] [1791448809.990523106] [serial_twistctl_node]: [SERIAL_TX] Timestamp: 1791448809990513193, Sending command (1/1): vcx=0.128,wc=0.000
 [19 bytes written]
[INFO] [1791448810.040257428] [serial_twistctl_node]: [TWIST_RX] Received Twist message - linear.x=0.149, angular.z=0.000, scaled_angular.z=0.000
[INFO] [1791448810.040304806] [serial_twistctl_node]: [SERIAL_TX] Timestamp: 1791448810040296852, Sending command (1/1): vcx=0.149,wc=0.000
 [19 bytes written]
[INFO] [1791448810.090394954] [serial_twistctl_node]: [TWIST_RX] Received Twist message - linear.x=0.170, angular.z=0.000, scaled_angular.z=0.000
[INFO] [1791448810.090428672] [serial_twistctl_node]: [SERIAL_TX] Timestamp: 1791448810090419948, Sending command (1/1): vcx=0.170,wc=0.000
 [19 bytes written]
[INFO] [1791448810.140417979] [serial_twistctl_node]: [TWIST_RX] Received Twist message - linear.x=0.191, angular.z=0.000, scaled_angular.z=0.000
[INFO] [1791448810.140458564] [serial_twistctl_node]: [SERIAL_TX] Timestamp: 1791448810140450389, Sending command (1/1): vcx=0.191,wc=0.000
 [19 bytes written]
[INFO] [1791448810.190406710] [serial_twistctl_node]: [TWIST_RX] Received Twist message - linear.x=0.213, angular.z=0.000, scaled_angular.z=0.000
[INFO] [1791448810.190442331] [serial_twistctl_node]: [SERIAL_TX] Timestamp: 1791448810190435275, Sending command (1/1): vcx=0.213,wc=0.000
 [19 bytes written]
[INFO] [1791448810.240399487] [serial_twistctl_node]: [TWIST_RX] Received Twist message - linear.x=0.221, angular.z=0.000, scaled_angular.z=0.000
[INFO] [1791448810.240438555] [serial_twistctl_node]: [SERIAL_TX] Timestamp: 1791448810240429844, Sending command (1/1): vcx=0.221,wc=0.000
 [19 bytes written]
[INFO] [1791448810.290390785] [serial_twistctl_node]: [TWIST_RX] Received Twist message - linear.x=0.218, angular.z=0.000, scaled_angular.z=0.000
[INFO] [1791448810.290444166] [serial_twistctl_node]: [SERIAL_TX] Timestamp: 1791448810290434733, Sending command (1/1): vcx=0.218,wc=0.000
 [19 bytes written]
[INFO] [1791448810.340416660] [serial_twistctl_node]: [TWIST_RX] Received Twist message - linear.x=0.220, angular.z=0.000, scaled_angular.z=0.000
[INFO] [1791448810.340454504] [serial_twistctl_node]: [SERIAL_TX] Timestamp: 1791448810340447517, Sending command (1/1): vcx=0.220,wc=0.000
 [19 bytes written]
[INFO] [1791448810.390292804] [serial_twistctl_node]: [TWIST_RX] Received Twist message - linear.x=0.218, angular.z=0.000, scaled_angular.z=0.000
[INFO] [1791448810.390329648] [serial_twistctl_node]: [SERIAL_TX] Timestamp: 1791448810390321599, Sending command (1/1): vcx=0.218,wc=0.000
 [19 bytes written]
[INFO] [1791448810.440107702] [serial_twistctl_node]: [TWIST_RX] Received Twist message - linear.x=0.220, angular.z=0.000, scaled_angular.z=0.000
[INFO] [1791448810.440156731] [serial_twistctl_node]: [SERIAL_TX] Timestamp: 1791448810440146680, Sending command (1/1): vcx=0.220,wc=0.000
 [19 bytes written]
[INFO] [1791448810.490344533] [serial_twistctl_node]: [TWIST_RX] Received Twist message - linear.x=0.217, angular.z=0.000, scaled_angular.z=0.000
[INFO] [1791448810.490400148] [serial_twistctl_node]: [SERIAL_TX] Timestamp: 1791448810490388278, Sending command (1/1): vcx=0.217,wc=0.000
 [19 bytes written]
[INFO] [1791448810.540699618] [serial_twistctl_node]: [TWIST_RX] Received Twist message - linear.x=0.220, angular.z=0.000, scaled_angular.z=0.000
[INFO] [1791448810.540757171] [serial_twistctl_node]: [SERIAL_TX] Timestamp: 1791448810540743762, Sending command (1/1): vcx=0.220,wc=0.000
 [19 bytes written]
[INFO] [1791448810.590409269] [serial_twistctl_node]: [TWIST_RX] Received Twist message - linear.x=0.216, angular.z=0.000, scaled_angular.z=0.000
[INFO] [1791448810.590468006] [serial_twistctl_node]: [SERIAL_TX] Timestamp: 1791448810590456392, Sending command (1/1): vcx=0.216,wc=0.000
 [19 bytes written]
[INFO] [1791448810.640607034] [serial_twistctl_node]: [TWIST_RX] Received Twist message - linear.x=0.219, angular.z=0.000, scaled_angular.z=0.000
[INFO] [1791448810.640671545] [serial_twistctl_node]: [SERIAL_TX] Timestamp: 1791448810640659042, Sending command (1/1): vcx=0.219,wc=0.000
 [19 bytes written]
[INFO] [1791448810.690537047] [serial_twistctl_node]: [TWIST_RX] Received Twist message - linear.x=0.221, angular.z=0.000, scaled_angular.z=0.000
[INFO] [1791448810.690596043] [serial_twistctl_node]: [SERIAL_TX] Timestamp: 1791448810690582817, Sending command (1/1): vcx=0.221,wc=0.000
 [19 bytes written]
[INFO] [1791448810.740565767] [serial_twistctl_node]: [TWIST_RX] Received Twist message - linear.x=0.219, angular.z=0.000, scaled_angular.z=0.000
[INFO] [1791448810.740621818] [serial_twistctl_node]: [SERIAL_TX] Timestamp: 1791448810740608623, Sending command (1/1): vcx=0.219,wc=0.000
 [19 bytes written]
[INFO] [1791448810.790400346] [serial_twistctl_node]: [TWIST_RX] Received Twist message - linear.x=0.221, angular.z=0.000, scaled_angular.z=0.000
[INFO] [1791448810.790460080] [serial_twistctl_node]: [SERIAL_TX] Timestamp: 1791448810790447093, Sending command (1/1): vcx=0.221,wc=0.000
 [19 bytes written]
[INFO] [1791448810.840251505] [serial_twistctl_node]: [TWIST_RX] Received Twist message - linear.x=0.218, angular.z=0.000, scaled_angular.z=0.000
[INFO] [1791448810.840306614] [serial_twistctl_node]: [SERIAL_TX] Timestamp: 1791448810840294724, Sending command (1/1): vcx=0.218,wc=0.000
 [19 bytes written]
[INFO] [1791448810.890345111] [serial_twistctl_node]: [TWIST_RX] Received Twist message - linear.x=0.220, angular.z=0.000, scaled_angular.z=0.000
[INFO] [1791448810.890401453] [serial_twistctl_node]: [SERIAL_TX] Timestamp: 1791448810890388795, Sending command (1/1): vcx=0.220,wc=0.000
 [19 bytes written]
[INFO] [1791448810.940313167] [serial_twistctl_node]: [TWIST_RX] Received Twist message - linear.x=0.217, angular.z=0.000, scaled_angular.z=0.000
[INFO] [1791448810.940371515] [serial_twistctl_node]: [SERIAL_TX] Timestamp: 1791448810940358632, Sending command (1/1): vcx=0.217,wc=0.000
 [19 bytes written]
[INFO] [1791448810.990504848] [serial_twistctl_node]: [TWIST_RX] Received Twist message - linear.x=0.220, angular.z=0.000, scaled_angular.z=0.000
[INFO] [1791448810.990575110] [serial_twistctl_node]: [SERIAL_TX] Timestamp: 1791448810990561760, Sending command (1/1): vcx=0.220,wc=0.000
 [19 bytes written]
[INFO] [1791448811.040375870] [serial_twistctl_node]: [TWIST_RX] Received Twist message - linear.x=0.222, angular.z=0.000, scaled_angular.z=0.000
[INFO] [1791448811.040436439] [serial_twistctl_node]: [SERIAL_TX] Timestamp: 1791448811040424460, Sending command (1/1): vcx=0.222,wc=0.000
 [19 bytes written]
[INFO] [1791448811.090495985] [serial_twistctl_node]: [TWIST_RX] Received Twist message - linear.x=0.219, angular.z=0.000, scaled_angular.z=0.000
[INFO] [1791448811.090555667] [serial_twistctl_node]: [SERIAL_TX] Timestamp: 1791448811090543013, Sending command (1/1): vcx=0.219,wc=0.000
 [19 bytes written]
[INFO] [1791448811.140336731] [serial_twistctl_node]: [TWIST_RX] Received Twist message - linear.x=0.221, angular.z=0.000, scaled_angular.z=0.000
[INFO] [1791448811.140392377] [serial_twistctl_node]: [SERIAL_TX] Timestamp: 1791448811140380767, Sending command (1/1): vcx=0.221,wc=0.000
 [19 bytes written]
[INFO] [1791448811.190617130] [serial_twistctl_node]: [TWIST_RX] Received Twist message - linear.x=0.000, angular.z=0.000, scaled_angular.z=0.000
[INFO] [1791448811.190670005] [serial_twistctl_node]: [SERIAL_TX] Timestamp: 1791448811190658939, Sending command (1/1): vcx=0.000,wc=0.000
 [19 bytes written]
[INFO] [1791448811.240276574] [serial_twistctl_node]: [TWIST_RX] Received Twist message - linear.x=0.000, angular.z=0.000, scaled_angular.z=0.000
[INFO] [1791448811.240329456] [serial_twistctl_node]: [SERIAL_TX] Timestamp: 1791448811240317817, Sending command (1/1): vcx=0.000,wc=0.000
 [19 bytes written]
[INFO] [1791448811.290431418] [serial_twistctl_node]: [TWIST_RX] Received Twist message - linear.x=0.000, angular.z=0.000, scaled_angular.z=0.000
[INFO] [1791448811.290486954] [serial_twistctl_node]: [SERIAL_TX] Timestamp: 1791448811290474467, Sending command (1/1): vcx=0.000,wc=0.000
 [19 bytes written]
[INFO] [1791448811.340561669] [serial_twistctl_node]: [TWIST_RX] Received Twist message - linear.x=0.000, angular.z=0.000, scaled_angular.z=0.000
[INFO] [1791448811.340615306] [serial_twistctl_node]: [SERIAL_TX] Timestamp: 1791448811340603465, Sending command (1/1): vcx=0.000,wc=0.000
 [19 bytes written]
[INFO] [1791448811.390531744] [serial_twistctl_node]: [TWIST_RX] Received Twist message - linear.x=0.000, angular.z=0.000, scaled_angular.z=0.000
[INFO] [1791448811.390603975] [serial_twistctl_node]: [SERIAL_TX] Timestamp: 1791448811390592120, Sending command (1/1): vcx=0.000,wc=0.000
 [19 bytes written]
[INFO] [1791448811.440387049] [serial_twistctl_node]: [TWIST_RX] Received Twist message - linear.x=0.000, angular.z=0.000, scaled_angular.z=0.000
[INFO] [1791448811.440445261] [serial_twistctl_node]: [SERIAL_TX] Timestamp: 1791448811440432792, Sending command (1/1): vcx=0.000,wc=0.000
 [19 bytes written]
[INFO] [1791448811.490410692] [serial_twistctl_node]: [TWIST_RX] Received Twist message - linear.x=0.000, angular.z=0.000, scaled_angular.z=0.000
[INFO] [1791448811.490473742] [serial_twistctl_node]: [SERIAL_TX] Timestamp: 1791448811490460153, Sending command (1/1): vcx=0.000,wc=0.000
 [19 bytes written]
[INFO] [1791448811.540464479] [serial_twistctl_node]: [TWIST_RX] Received Twist message - linear.x=0.000, angular.z=0.000, scaled_angular.z=0.000
[INFO] [1791448811.540518788] [serial_twistctl_node]: [SERIAL_TX] Timestamp: 1791448811540507190, Sending command (1/1): vcx=0.000,wc=0.000
 [19 bytes written]
[INFO] [1791448811.590387791] [serial_twistctl_node]: [TWIST_RX] Received Twist message - linear.x=0.000, angular.z=0.000, scaled_angular.z=0.000
[INFO] [1791448811.590443846] [serial_twistctl_node]: [SERIAL_TX] Timestamp: 1791448811590432575, Sending command (1/1): vcx=0.000,wc=0.000
 [19 bytes written]
[INFO] [1791448811.640195623] [serial_twistctl_node]: [TWIST_RX] Received Twist message - linear.x=0.000, angular.z=0.000, scaled_angular.z=0.000
[INFO] [1791448811.640274544] [serial_twistctl_node]: [SERIAL_TX] Timestamp: 1791448811640263087, Sending command (1/1): vcx=0.000,wc=0.000
 [19 bytes written]
[INFO] [1791448811.690278402] [serial_twistctl_node]: [TWIST_RX] Received Twist message - linear.x=0.000, angular.z=0.000, scaled_angular.z=0.000
[INFO] [1791448811.690338856] [serial_twistctl_node]: [SERIAL_TX] Timestamp: 1791448811690325487, Sending command (1/1): vcx=0.000,wc=0.000
 [19 bytes written]
[INFO] [1791448811.740426588] [serial_twistctl_node]: [TWIST_RX] Received Twist message - linear.x=0.000, angular.z=0.000, scaled_angular.z=0.000
[INFO] [1791448811.740486592] [serial_twistctl_node]: [SERIAL_TX] Timestamp: 1791448811740474340, Sending command (1/1): vcx=0.000,wc=0.000
 [19 bytes written]
[INFO] [1791448811.790401499] [serial_twistctl_node]: [TWIST_RX] Received Twist message - linear.x=0.000, angular.z=0.000, scaled_angular.z=0.000
[INFO] [1791448811.790456745] [serial_twistctl_node]: [SERIAL_TX] Timestamp: 1791448811790444285, Sending command (1/1): vcx=0.000,wc=0.000
 [19 bytes written]
[INFO] [1791448811.840278647] [serial_twistctl_node]: [TWIST_RX] Received Twist message - linear.x=0.000, angular.z=0.000, scaled_angular.z=0.000
[INFO] [1791448811.840332959] [serial_twistctl_node]: [SERIAL_TX] Timestamp: 1791448811840321892, Sending command (1/1): vcx=0.000,wc=0.000
 [19 bytes written]
[INFO] [1791448811.890318005] [serial_twistctl_node]: [TWIST_RX] Received Twist message - linear.x=0.000, angular.z=0.000, scaled_angular.z=0.000
[INFO] [1791448811.890373702] [serial_twistctl_node]: [SERIAL_TX] Timestamp: 1791448811890361410, Sending command (1/1): vcx=0.000,wc=0.000
 [19 bytes written]
[INFO] [1791448811.940375660] [serial_twistctl_node]: [TWIST_RX] Received Twist message - linear.x=0.000, angular.z=0.000, scaled_angular.z=0.000
[INFO] [1791448811.940434547] [serial_twistctl_node]: [SERIAL_TX] Timestamp: 1791448811940421378, Sending command (1/1): vcx=0.000,wc=0.000
 [19 bytes written]
[INFO] [1791448811.990357989] [serial_twistctl_node]: [TWIST_RX] Received Twist message - linear.x=0.000, angular.z=0.000, scaled_angular.z=0.000
[INFO] [1791448811.990415819] [serial_twistctl_node]: [SERIAL_TX] Timestamp: 1791448811990403440, Sending command (1/1): vcx=0.000,wc=0.000
 [19 bytes written]
[INFO] [1791448812.040261143] [serial_twistctl_node]: [TWIST_RX] Received Twist message - linear.x=0.000, angular.z=0.000, scaled_angular.z=0.000
[INFO] [1791448812.040327031] [serial_twistctl_node]: [SERIAL_TX] Timestamp: 1791448812040312001, Sending command (1/1): vcx=0.000,wc=0.000
 [19 bytes written]
[INFO] [1791448812.090441768] [serial_twistctl_node]: [TWIST_RX] Received Twist message - linear.x=0.000, angular.z=0.000, scaled_angular.z=0.000
[INFO] [1791448812.090498360] [serial_twistctl_node]: [SERIAL_TX] Timestamp: 1791448812090486760, Sending command (1/1): vcx=0.000,wc=0.000
 [19 bytes written]
[INFO] [1791448812.140474599] [serial_twistctl_node]: [TWIST_RX] Received Twist message - linear.x=0.000, angular.z=0.000, scaled_angular.z=0.000
[INFO] [1791448812.140534428] [serial_twistctl_node]: [SERIAL_TX] Timestamp: 1791448812140521472, Sending command (1/1): vcx=0.000,wc=0.000
 [19 bytes written]
[INFO] [1791448812.190384603] [serial_twistctl_node]: [TWIST_RX] Received Twist message - linear.x=0.000, angular.z=0.000, scaled_angular.z=0.000
[INFO] [1791448812.190442405] [serial_twistctl_node]: [SERIAL_TX] Timestamp: 1791448812190429772, Sending command (1/1): vcx=0.000,wc=0.000
 [19 bytes written]
[INFO] [1791448812.240423454] [serial_twistctl_node]: [TWIST_RX] Received Twist message - linear.x=0.000, angular.z=0.000, scaled_angular.z=0.000
[INFO] [1791448812.240481882] [serial_twistctl_node]: [SERIAL_TX] Timestamp: 1791448812240469261, Sending command (1/1): vcx=0.000,wc=0.000
 [19 bytes written]
[INFO] [1791448812.290399278] [serial_twistctl_node]: [TWIST_RX] Received Twist message - linear.x=0.000, angular.z=0.000, scaled_angular.z=0.000
[INFO] [1791448812.290467183] [serial_twistctl_node]: [SERIAL_TX] Timestamp: 1791448812290455125, Sending command (1/1): vcx=0.000,wc=0.000
 [19 bytes written]
[INFO] [1791448812.340496802] [serial_twistctl_node]: [TWIST_RX] Received Twist message - linear.x=0.000, angular.z=0.000, scaled_angular.z=0.000
[INFO] [1791448812.340550771] [serial_twistctl_node]: [SERIAL_TX] Timestamp: 1791448812340540313, Sending command (1/1): vcx=0.000,wc=0.000
 [19 bytes written]
[INFO] [1791448812.390498087] [serial_twistctl_node]: [TWIST_RX] Received Twist message - linear.x=0.000, angular.z=0.000, scaled_angular.z=0.000
[INFO] [1791448812.390552366] [serial_twistctl_node]: [SERIAL_TX] Timestamp: 1791448812390541734, Sending command (1/1): vcx=0.000,wc=0.000
 [19 bytes written]
[INFO] [1791448812.440255347] [serial_twistctl_node]: [TWIST_RX] Received Twist message - linear.x=0.000, angular.z=0.000, scaled_angular.z=0.000
[INFO] [1791448812.440321338] [serial_twistctl_node]: [SERIAL_TX] Timestamp: 1791448812440309801, Sending command (1/1): vcx=0.000,wc=0.000
 [19 bytes written]
[INFO] [1791448812.490344059] [serial_twistctl_node]: [TWIST_RX] Received Twist message - linear.x=0.000, angular.z=0.000, scaled_angular.z=0.000
[INFO] [1791448812.490397031] [serial_twistctl_node]: [SERIAL_TX] Timestamp: 1791448812490386002, Sending command (1/1): vcx=0.000,wc=0.000
 [19 bytes written]
[INFO] [1791448812.540302024] [serial_twistctl_node]: [TWIST_RX] Received Twist message - linear.x=0.000, angular.z=0.000, scaled_angular.z=0.000
[INFO] [1791448812.540352525] [serial_twistctl_node]: [SERIAL_TX] Timestamp: 1791448812540341739, Sending command (1/1): vcx=0.000,wc=0.000
 [19 bytes written]
[INFO] [1791448812.590355793] [serial_twistctl_node]: [TWIST_RX] Received Twist message - linear.x=0.000, angular.z=0.000, scaled_angular.z=0.000
[INFO] [1791448812.590413196] [serial_twistctl_node]: [SERIAL_TX] Timestamp: 1791448812590401502, Sending command (1/1): vcx=0.000,wc=0.000
 [19 bytes written]
[INFO] [1791448812.640369858] [serial_twistctl_node]: [TWIST_RX] Received Twist message - linear.x=0.000, angular.z=0.000, scaled_angular.z=0.000
[INFO] [1791448812.640425386] [serial_twistctl_node]: [SERIAL_TX] Timestamp: 1791448812640414298, Sending command (1/1): vcx=0.000,wc=0.000
 [19 bytes written]
[INFO] [1791448812.690449039] [serial_twistctl_node]: [TWIST_RX] Received Twist message - linear.x=0.000, angular.z=0.000, scaled_angular.z=0.000
[INFO] [1791448812.690511136] [serial_twistctl_node]: [SERIAL_TX] Timestamp: 1791448812690498350, Sending command (1/1): vcx=0.000,wc=0.000
 [19 bytes written]
[INFO] [1791448812.740449122] [serial_twistctl_node]: [TWIST_RX] Received Twist message - linear.x=0.000, angular.z=0.000, scaled_angular.z=0.000
[INFO] [1791448812.740505246] [serial_twistctl_node]: [SERIAL_TX] Timestamp: 1791448812740492312, Sending command (1/1): vcx=0.000,wc=0.000
 [19 bytes written]
[INFO] [1791448812.790425624] [serial_twistctl_node]: [TWIST_RX] Received Twist message - linear.x=0.000, angular.z=0.000, scaled_angular.z=0.000
[INFO] [1791448812.790481547] [serial_twistctl_node]: [SERIAL_TX] Timestamp: 1791448812790468536, Sending command (1/1): vcx=0.000,wc=0.000
 [19 bytes written]
[INFO] [1791448812.840332510] [serial_twistctl_node]: [TWIST_RX] Received Twist message - linear.x=0.000, angular.z=0.000, scaled_angular.z=0.000
[INFO] [1791448812.840393407] [serial_twistctl_node]: [SERIAL_TX] Timestamp: 1791448812840379856, Sending command (1/1): vcx=0.000,wc=0.000
 [19 bytes written]
[INFO] [1791448812.890415650] [serial_twistctl_node]: [TWIST_RX] Received Twist message - linear.x=0.000, angular.z=0.000, scaled_angular.z=0.000
[INFO] [1791448812.890471828] [serial_twistctl_node]: [SERIAL_TX] Timestamp: 1791448812890459103, Sending command (1/1): vcx=0.000,wc=0.000
 [19 bytes written]
[INFO] [1791448812.940237184] [serial_twistctl_node]: [TWIST_RX] Received Twist message - linear.x=0.000, angular.z=0.000, scaled_angular.z=0.000
[INFO] [1791448812.940290608] [serial_twistctl_node]: [SERIAL_TX] Timestamp: 1791448812940279578, Sending command (1/1): vcx=0.000,wc=0.000
 [19 bytes written]
[INFO] [1791448812.990370758] [serial_twistctl_node]: [TWIST_RX] Received Twist message - linear.x=0.000, angular.z=0.000, scaled_angular.z=0.000
[INFO] [1791448812.990435354] [serial_twistctl_node]: [SERIAL_TX] Timestamp: 1791448812990424431, Sending command (1/1): vcx=0.000,wc=0.000
 [19 bytes written]
[INFO] [1791448813.040260357] [serial_twistctl_node]: [TWIST_RX] Received Twist message - linear.x=0.000, angular.z=0.000, scaled_angular.z=0.000
[INFO] [1791448813.040321429] [serial_twistctl_node]: [SERIAL_TX] Timestamp: 1791448813040309767, Sending command (1/1): vcx=0.000,wc=0.000
 [19 bytes written]
[INFO] [1791448813.090501319] [serial_twistctl_node]: [TWIST_RX] Received Twist message - linear.x=0.000, angular.z=0.000, scaled_angular.z=0.000
[INFO] [1791448813.090556278] [serial_twistctl_node]: [SERIAL_TX] Timestamp: 1791448813090544637, Sending command (1/1): vcx=0.000,wc=0.000
 [19 bytes written]
[INFO] [1791448813.140477975] [serial_twistctl_node]: [TWIST_RX] Received Twist message - linear.x=0.000, angular.z=0.000, scaled_angular.z=0.000
[INFO] [1791448813.140536284] [serial_twistctl_node]: [SERIAL_TX] Timestamp: 1791448813140523465, Sending command (1/1): vcx=0.000,wc=0.000
 [19 bytes written]
[INFO] [1791448813.190348949] [serial_twistctl_node]: [TWIST_RX] Received Twist message - linear.x=0.000, angular.z=0.000, scaled_angular.z=0.000
[INFO] [1791448813.190406848] [serial_twistctl_node]: [SERIAL_TX] Timestamp: 1791448813190395000, Sending command (1/1): vcx=0.000,wc=0.000
 [19 bytes written]
[INFO] [1791448813.240358971] [serial_twistctl_node]: [TWIST_RX] Received Twist message - linear.x=0.000, angular.z=0.000, scaled_angular.z=0.000
[INFO] [1791448813.240416171] [serial_twistctl_node]: [SERIAL_TX] Timestamp: 1791448813240404172, Sending command (1/1): vcx=0.000,wc=0.000
 [19 bytes written]
[INFO] [1791448813.290284833] [serial_twistctl_node]: [TWIST_RX] Received Twist message - linear.x=0.000, angular.z=0.000, scaled_angular.z=0.000
[INFO] [1791448813.290340411] [serial_twistctl_node]: [SERIAL_TX] Timestamp: 1791448813290328682, Sending command (1/1): vcx=0.000,wc=0.000
 [19 bytes written]
[INFO] [1791448813.340404078] [serial_twistctl_node]: [TWIST_RX] Received Twist message - linear.x=0.000, angular.z=0.000, scaled_angular.z=0.000
[INFO] [1791448813.340455144] [serial_twistctl_node]: [SERIAL_TX] Timestamp: 1791448813340443722, Sending command (1/1): vcx=0.000,wc=0.000
 [19 bytes written]
[INFO] [1791448813.390433507] [serial_twistctl_node]: [TWIST_RX] Received Twist message - linear.x=0.000, angular.z=0.000, scaled_angular.z=0.000
[INFO] [1791448813.390489714] [serial_twistctl_node]: [SERIAL_TX] Timestamp: 1791448813390477752, Sending command (1/1): vcx=0.000,wc=0.000
 [19 bytes written]
[INFO] [1791448813.440337149] [serial_twistctl_node]: [TWIST_RX] Received Twist message - linear.x=0.000, angular.z=0.000, scaled_angular.z=0.000
[INFO] [1791448813.440393074] [serial_twistctl_node]: [SERIAL_TX] Timestamp: 1791448813440381724, Sending command (1/1): vcx=0.000,wc=0.000
 [19 bytes written]
[INFO] [1791448813.490349929] [serial_twistctl_node]: [TWIST_RX] Received Twist message - linear.x=0.000, angular.z=0.000, scaled_angular.z=0.000
[INFO] [1791448813.490406311] [serial_twistctl_node]: [SERIAL_TX] Timestamp: 1791448813490393975, Sending command (1/1): vcx=0.000,wc=0.000
 [19 bytes written]
[INFO] [1791448813.540470614] [serial_twistctl_node]: [TWIST_RX] Received Twist message - linear.x=0.000, angular.z=0.000, scaled_angular.z=0.000
[INFO] [1791448813.540515312] [serial_twistctl_node]: [SERIAL_TX] Timestamp: 1791448813540505717, Sending command (1/1): vcx=0.000,wc=0.000
 [19 bytes written]
[INFO] [1791448813.590356076] [serial_twistctl_node]: [TWIST_RX] Received Twist message - linear.x=0.000, angular.z=0.000, scaled_angular.z=0.000
[INFO] [1791448813.590414562] [serial_twistctl_node]: [SERIAL_TX] Timestamp: 1791448813590402084, Sending command (1/1): vcx=0.000,wc=0.000
 [19 bytes written]
[INFO] [1791448813.640387632] [serial_twistctl_node]: [TWIST_RX] Received Twist message - linear.x=0.000, angular.z=0.000, scaled_angular.z=0.000
[INFO] [1791448813.640456655] [serial_twistctl_node]: [SERIAL_TX] Timestamp: 1791448813640444985, Sending command (1/1): vcx=0.000,wc=0.000
 [19 bytes written]
[INFO] [1791448813.690401791] [serial_twistctl_node]: [TWIST_RX] Received Twist message - linear.x=0.000, angular.z=0.000, scaled_angular.z=0.000
[INFO] [1791448813.690459574] [serial_twistctl_node]: [SERIAL_TX] Timestamp: 1791448813690448180, Sending command (1/1): vcx=0.000,wc=0.000
 [19 bytes written]
[INFO] [1791448813.740529748] [serial_twistctl_node]: [TWIST_RX] Received Twist message - linear.x=0.000, angular.z=0.000, scaled_angular.z=0.000
[INFO] [1791448813.740586636] [serial_twistctl_node]: [SERIAL_TX] Timestamp: 1791448813740574136, Sending command (1/1): vcx=0.000,wc=0.000
 [19 bytes written]
[INFO] [1791448813.790304233] [serial_twistctl_node]: [TWIST_RX] Received Twist message - linear.x=0.000, angular.z=0.000, scaled_angular.z=0.000
[INFO] [1791448813.790361196] [serial_twistctl_node]: [SERIAL_TX] Timestamp: 1791448813790348514, Sending command (1/1): vcx=0.000,wc=0.000
 [19 bytes written]
[INFO] [1791448813.840616857] [serial_twistctl_node]: [TWIST_RX] Received Twist message - linear.x=0.000, angular.z=0.000, scaled_angular.z=0.000
[INFO] [1791448813.840674865] [serial_twistctl_node]: [SERIAL_TX] Timestamp: 1791448813840660960, Sending command (1/1): vcx=0.000,wc=0.000
 [19 bytes written]
[INFO] [1791448813.890379545] [serial_twistctl_node]: [TWIST_RX] Received Twist message - linear.x=0.000, angular.z=0.000, scaled_angular.z=0.000
[INFO] [1791448813.890437351] [serial_twistctl_node]: [SERIAL_TX] Timestamp: 1791448813890424015, Sending command (1/1): vcx=0.000,wc=0.000
 [19 bytes written]
[INFO] [1791448813.940378376] [serial_twistctl_node]: [TWIST_RX] Received Twist message - linear.x=0.000, angular.z=0.000, scaled_angular.z=0.000
[INFO] [1791448813.940436431] [serial_twistctl_node]: [SERIAL_TX] Timestamp: 1791448813940423443, Sending command (1/1): vcx=0.000,wc=0.000
 [19 bytes written]
[INFO] [1791448813.990341811] [serial_twistctl_node]: [TWIST_RX] Received Twist message - linear.x=0.000, angular.z=0.000, scaled_angular.z=0.000
[INFO] [1791448813.990398996] [serial_twistctl_node]: [SERIAL_TX] Timestamp: 1791448813990388138, Sending command (1/1): vcx=0.000,wc=0.000
 [19 bytes written]
[INFO] [1791448814.040431562] [serial_twistctl_node]: [TWIST_RX] Received Twist message - linear.x=0.021, angular.z=0.000, scaled_angular.z=0.000
[INFO] [1791448814.040487845] [serial_twistctl_node]: [SERIAL_TX] Timestamp: 1791448814040475196, Sending command (1/1): vcx=0.021,wc=0.000
 [19 bytes written]
[INFO] [1791448814.090578585] [serial_twistctl_node]: [TWIST_RX] Received Twist message - linear.x=0.043, angular.z=0.000, scaled_angular.z=0.000
[INFO] [1791448814.090633351] [serial_twistctl_node]: [SERIAL_TX] Timestamp: 1791448814090620097, Sending command (1/1): vcx=0.043,wc=0.000
 [19 bytes written]
[INFO] [1791448814.140455589] [serial_twistctl_node]: [TWIST_RX] Received Twist message - linear.x=0.064, angular.z=0.000, scaled_angular.z=0.000
[INFO] [1791448814.140511262] [serial_twistctl_node]: [SERIAL_TX] Timestamp: 1791448814140498684, Sending command (1/1): vcx=0.064,wc=0.000
 [19 bytes written]
[INFO] [1791448814.190403834] [serial_twistctl_node]: [TWIST_RX] Received Twist message - linear.x=0.085, angular.z=0.000, scaled_angular.z=0.000
[INFO] [1791448814.190454505] [serial_twistctl_node]: [SERIAL_TX] Timestamp: 1791448814190442521, Sending command (1/1): vcx=0.085,wc=0.000
 [19 bytes written]
[INFO] [1791448814.240546135] [serial_twistctl_node]: [TWIST_RX] Received Twist message - linear.x=0.106, angular.z=0.000, scaled_angular.z=0.000
[INFO] [1791448814.240606289] [serial_twistctl_node]: [SERIAL_TX] Timestamp: 1791448814240592511, Sending command (1/1): vcx=0.106,wc=0.000
 [19 bytes written]
[INFO] [1791448814.290541150] [serial_twistctl_node]: [TWIST_RX] Received Twist message - linear.x=0.128, angular.z=0.000, scaled_angular.z=0.000
[INFO] [1791448814.290597854] [serial_twistctl_node]: [SERIAL_TX] Timestamp: 1791448814290585425, Sending command (1/1): vcx=0.128,wc=0.000
 [19 bytes written]
[INFO] [1791448814.340657182] [serial_twistctl_node]: [TWIST_RX] Received Twist message - linear.x=0.149, angular.z=0.000, scaled_angular.z=0.000
[INFO] [1791448814.340713087] [serial_twistctl_node]: [SERIAL_TX] Timestamp: 1791448814340701341, Sending command (1/1): vcx=0.149,wc=0.000
 [19 bytes written]
[INFO] [1791448814.390603227] [serial_twistctl_node]: [TWIST_RX] Received Twist message - linear.x=0.170, angular.z=0.000, scaled_angular.z=0.000
[INFO] [1791448814.390661341] [serial_twistctl_node]: [SERIAL_TX] Timestamp: 1791448814390650436, Sending command (1/1): vcx=0.170,wc=0.000
 [19 bytes written]
[INFO] [1791448814.440436760] [serial_twistctl_node]: [TWIST_RX] Received Twist message - linear.x=0.191, angular.z=0.000, scaled_angular.z=0.000
[INFO] [1791448814.440488309] [serial_twistctl_node]: [SERIAL_TX] Timestamp: 1791448814440475672, Sending command (1/1): vcx=0.191,wc=0.000
 [19 bytes written]
[INFO] [1791448814.490434484] [serial_twistctl_node]: [TWIST_RX] Received Twist message - linear.x=0.213, angular.z=0.000, scaled_angular.z=0.000
[INFO] [1791448814.490488176] [serial_twistctl_node]: [SERIAL_TX] Timestamp: 1791448814490476657, Sending command (1/1): vcx=0.213,wc=0.000
 [19 bytes written]
[INFO] [1791448814.540365488] [serial_twistctl_node]: [TWIST_RX] Received Twist message - linear.x=0.221, angular.z=0.000, scaled_angular.z=0.000
[INFO] [1791448814.540418222] [serial_twistctl_node]: [SERIAL_TX] Timestamp: 1791448814540406639, Sending command (1/1): vcx=0.221,wc=0.000
 [19 bytes written]
[INFO] [1791448814.590353195] [serial_twistctl_node]: [TWIST_RX] Received Twist message - linear.x=0.218, angular.z=0.000, scaled_angular.z=0.000
[INFO] [1791448814.590411668] [serial_twistctl_node]: [SERIAL_TX] Timestamp: 1791448814590399933, Sending command (1/1): vcx=0.218,wc=0.000
 [19 bytes written]
[INFO] [1791448814.640402252] [serial_twistctl_node]: [TWIST_RX] Received Twist message - linear.x=0.220, angular.z=0.000, scaled_angular.z=0.000
[INFO] [1791448814.640460742] [serial_twistctl_node]: [SERIAL_TX] Timestamp: 1791448814640448210, Sending command (1/1): vcx=0.220,wc=0.000
 [19 bytes written]
[INFO] [1791448814.690404334] [serial_twistctl_node]: [TWIST_RX] Received Twist message - linear.x=0.218, angular.z=0.000, scaled_angular.z=0.000
[INFO] [1791448814.690459120] [serial_twistctl_node]: [SERIAL_TX] Timestamp: 1791448814690446736, Sending command (1/1): vcx=0.218,wc=0.000
 [19 bytes written]
[INFO] [1791448814.740314073] [serial_twistctl_node]: [TWIST_RX] Received Twist message - linear.x=0.220, angular.z=0.000, scaled_angular.z=0.000
[INFO] [1791448814.740359672] [serial_twistctl_node]: [SERIAL_TX] Timestamp: 1791448814740348495, Sending command (1/1): vcx=0.220,wc=0.000
 [19 bytes written]
[INFO] [1791448814.790373609] [serial_twistctl_node]: [TWIST_RX] Received Twist message - linear.x=0.216, angular.z=0.000, scaled_angular.z=0.000
[INFO] [1791448814.790435960] [serial_twistctl_node]: [SERIAL_TX] Timestamp: 1791448814790422354, Sending command (1/1): vcx=0.216,wc=0.000
 [19 bytes written]
[INFO] [1791448814.840388419] [serial_twistctl_node]: [TWIST_RX] Received Twist message - linear.x=0.219, angular.z=0.000, scaled_angular.z=0.000
[INFO] [1791448814.840436513] [serial_twistctl_node]: [SERIAL_TX] Timestamp: 1791448814840425013, Sending command (1/1): vcx=0.219,wc=0.000
 [19 bytes written]
[INFO] [1791448814.890377360] [serial_twistctl_node]: [TWIST_RX] Received Twist message - linear.x=0.221, angular.z=0.000, scaled_angular.z=0.000
[INFO] [1791448814.890431915] [serial_twistctl_node]: [SERIAL_TX] Timestamp: 1791448814890419635, Sending command (1/1): vcx=0.221,wc=0.000
 [19 bytes written]
[INFO] [1791448814.940406537] [serial_twistctl_node]: [TWIST_RX] Received Twist message - linear.x=0.218, angular.z=0.000, scaled_angular.z=0.000
[INFO] [1791448814.940465716] [serial_twistctl_node]: [SERIAL_TX] Timestamp: 1791448814940453410, Sending command (1/1): vcx=0.218,wc=0.000
 [19 bytes written]
[INFO] [1791448814.990378850] [serial_twistctl_node]: [TWIST_RX] Received Twist message - linear.x=0.220, angular.z=0.000, scaled_angular.z=0.000
[INFO] [1791448814.990452183] [serial_twistctl_node]: [SERIAL_TX] Timestamp: 1791448814990438990, Sending command (1/1): vcx=0.220,wc=0.000
 [19 bytes written]
[INFO] [1791448815.040626413] [serial_twistctl_node]: [TWIST_RX] Received Twist message - linear.x=0.218, angular.z=0.000, scaled_angular.z=0.000
[INFO] [1791448815.040690472] [serial_twistctl_node]: [SERIAL_TX] Timestamp: 1791448815040677681, Sending command (1/1): vcx=0.218,wc=0.000
 [19 bytes written]
[INFO] [1791448815.090262011] [serial_twistctl_node]: [TWIST_RX] Received Twist message - linear.x=0.220, angular.z=0.000, scaled_angular.z=0.000
[INFO] [1791448815.090326200] [serial_twistctl_node]: [SERIAL_TX] Timestamp: 1791448815090314095, Sending command (1/1): vcx=0.220,wc=0.000
 [19 bytes written]
[INFO] [1791448815.140540732] [serial_twistctl_node]: [TWIST_RX] Received Twist message - linear.x=0.217, angular.z=0.000, scaled_angular.z=0.000
[INFO] [1791448815.140599885] [serial_twistctl_node]: [SERIAL_TX] Timestamp: 1791448815140585828, Sending command (1/1): vcx=0.217,wc=0.000
 [19 bytes written]
[INFO] [1791448815.190577735] [serial_twistctl_node]: [TWIST_RX] Received Twist message - linear.x=0.220, angular.z=0.000, scaled_angular.z=0.000
[INFO] [1791448815.190635790] [serial_twistctl_node]: [SERIAL_TX] Timestamp: 1791448815190623233, Sending command (1/1): vcx=0.220,wc=0.000
 [19 bytes written]
[INFO] [1791448815.240450705] [serial_twistctl_node]: [TWIST_RX] Received Twist message - linear.x=0.216, angular.z=0.000, scaled_angular.z=0.000
[INFO] [1791448815.240509775] [serial_twistctl_node]: [SERIAL_TX] Timestamp: 1791448815240497034, Sending command (1/1): vcx=0.216,wc=0.000
 [19 bytes written]
[INFO] [1791448815.290508673] [serial_twistctl_node]: [TWIST_RX] Received Twist message - linear.x=0.219, angular.z=0.000, scaled_angular.z=0.000
[INFO] [1791448815.290568936] [serial_twistctl_node]: [SERIAL_TX] Timestamp: 1791448815290555420, Sending command (1/1): vcx=0.219,wc=0.000
 [19 bytes written]
[INFO] [1791448815.340291883] [serial_twistctl_node]: [TWIST_RX] Received Twist message - linear.x=0.221, angular.z=0.000, scaled_angular.z=0.000
[INFO] [1791448815.340350993] [serial_twistctl_node]: [SERIAL_TX] Timestamp: 1791448815340339589, Sending command (1/1): vcx=0.221,wc=0.000
 [19 bytes written]
[INFO] [1791448815.390683952] [serial_twistctl_node]: [TWIST_RX] Received Twist message - linear.x=0.218, angular.z=0.000, scaled_angular.z=0.000
[INFO] [1791448815.390740802] [serial_twistctl_node]: [SERIAL_TX] Timestamp: 1791448815390728419, Sending command (1/1): vcx=0.218,wc=0.000
 [19 bytes written]
[INFO] [1791448815.440531819] [serial_twistctl_node]: [TWIST_RX] Received Twist message - linear.x=0.220, angular.z=0.000, scaled_angular.z=0.000
[INFO] [1791448815.440590869] [serial_twistctl_node]: [SERIAL_TX] Timestamp: 1791448815440578584, Sending command (1/1): vcx=0.220,wc=0.000
 [19 bytes written]
[INFO] [1791448815.490384559] [serial_twistctl_node]: [TWIST_RX] Received Twist message - linear.x=0.000, angular.z=0.000, scaled_angular.z=0.000
[INFO] [1791448815.490442020] [serial_twistctl_node]: [SERIAL_TX] Timestamp: 1791448815490430149, Sending command (1/1): vcx=0.000,wc=0.000
 [19 bytes written]
[INFO] [1791448815.540521570] [serial_twistctl_node]: [TWIST_RX] Received Twist message - linear.x=0.000, angular.z=0.000, scaled_angular.z=0.000
[INFO] [1791448815.540572237] [serial_twistctl_node]: [SERIAL_TX] Timestamp: 1791448815540559953, Sending command (1/1): vcx=0.000,wc=0.000
 [19 bytes written]
[INFO] [1791448815.590420328] [serial_twistctl_node]: [TWIST_RX] Received Twist message - linear.x=0.000, angular.z=0.000, scaled_angular.z=0.000
[INFO] [1791448815.590481697] [serial_twistctl_node]: [SERIAL_TX] Timestamp: 1791448815590469301, Sending command (1/1): vcx=0.000,wc=0.000
 [19 bytes written]
[INFO] [1791448815.640215207] [serial_twistctl_node]: [TWIST_RX] Received Twist message - linear.x=0.000, angular.z=0.000, scaled_angular.z=0.000
[INFO] [1791448815.640284923] [serial_twistctl_node]: [SERIAL_TX] Timestamp: 1791448815640273312, Sending command (1/1): vcx=0.000,wc=0.000
 [19 bytes written]
[INFO] [1791448815.690459005] [serial_twistctl_node]: [TWIST_RX] Received Twist message - linear.x=0.000, angular.z=0.000, scaled_angular.z=0.000
[INFO] [1791448815.690517317] [serial_twistctl_node]: [SERIAL_TX] Timestamp: 1791448815690505111, Sending command (1/1): vcx=0.000,wc=0.000
 [19 bytes written]
[INFO] [1791448815.740270952] [serial_twistctl_node]: [TWIST_RX] Received Twist message - linear.x=0.000, angular.z=0.000, scaled_angular.z=0.000
[INFO] [1791448815.740328517] [serial_twistctl_node]: [SERIAL_TX] Timestamp: 1791448815740315392, Sending command (1/1): vcx=0.000,wc=0.000
 [19 bytes written]
[INFO] [1791448815.790333928] [serial_twistctl_node]: [TWIST_RX] Received Twist message - linear.x=0.000, angular.z=0.000, scaled_angular.z=0.000
[INFO] [1791448815.790391752] [serial_twistctl_node]: [SERIAL_TX] Timestamp: 1791448815790378333, Sending command (1/1): vcx=0.000,wc=0.000
 [19 bytes written]
[INFO] [1791448815.840380501] [serial_twistctl_node]: [TWIST_RX] Received Twist message - linear.x=0.000, angular.z=0.000, scaled_angular.z=0.000
[INFO] [1791448815.840437746] [serial_twistctl_node]: [SERIAL_TX] Timestamp: 1791448815840424449, Sending command (1/1): vcx=0.000,wc=0.000
 [19 bytes written]
[INFO] [1791448815.890496018] [serial_twistctl_node]: [TWIST_RX] Received Twist message - linear.x=0.000, angular.z=0.000, scaled_angular.z=0.000
[INFO] [1791448815.890550581] [serial_twistctl_node]: [SERIAL_TX] Timestamp: 1791448815890539251, Sending command (1/1): vcx=0.000,wc=0.000
 [19 bytes written]
[INFO] [1791448815.940297573] [serial_twistctl_node]: [TWIST_RX] Received Twist message - linear.x=0.000, angular.z=0.000, scaled_angular.z=0.000
[INFO] [1791448815.940354823] [serial_twistctl_node]: [SERIAL_TX] Timestamp: 1791448815940341882, Sending command (1/1): vcx=0.000,wc=0.000
 [19 bytes written]
[INFO] [1791448815.990330781] [serial_twistctl_node]: [TWIST_RX] Received Twist message - linear.x=0.000, angular.z=0.000, scaled_angular.z=0.000
[INFO] [1791448815.990387090] [serial_twistctl_node]: [SERIAL_TX] Timestamp: 1791448815990371546, Sending command (1/1): vcx=0.000,wc=0.000
 [19 bytes written]
[INFO] [1791448816.040534051] [serial_twistctl_node]: [TWIST_RX] Received Twist message - linear.x=0.000, angular.z=0.000, scaled_angular.z=0.000
[INFO] [1791448816.040591455] [serial_twistctl_node]: [SERIAL_TX] Timestamp: 1791448816040580648, Sending command (1/1): vcx=0.000,wc=0.000
 [19 bytes written]
[INFO] [1791448816.090364175] [serial_twistctl_node]: [TWIST_RX] Received Twist message - linear.x=0.000, angular.z=0.000, scaled_angular.z=0.000
[INFO] [1791448816.090421600] [serial_twistctl_node]: [SERIAL_TX] Timestamp: 1791448816090409519, Sending command (1/1): vcx=0.000,wc=0.000
 [19 bytes written]
[INFO] [1791448816.140328894] [serial_twistctl_node]: [TWIST_RX] Received Twist message - linear.x=0.000, angular.z=0.000, scaled_angular.z=0.000
[INFO] [1791448816.140381746] [serial_twistctl_node]: [SERIAL_TX] Timestamp: 1791448816140370597, Sending command (1/1): vcx=0.000,wc=0.000
 [19 bytes written]
[INFO] [1791448816.190542871] [serial_twistctl_node]: [TWIST_RX] Received Twist message - linear.x=0.000, angular.z=0.000, scaled_angular.z=0.000
[INFO] [1791448816.190599569] [serial_twistctl_node]: [SERIAL_TX] Timestamp: 1791448816190587667, Sending command (1/1): vcx=0.000,wc=0.000
 [19 bytes written]
[INFO] [1791448816.240325633] [serial_twistctl_node]: [TWIST_RX] Received Twist message - linear.x=0.000, angular.z=0.000, scaled_angular.z=0.000
[INFO] [1791448816.240382207] [serial_twistctl_node]: [SERIAL_TX] Timestamp: 1791448816240370338, Sending command (1/1): vcx=0.000,wc=0.000
 [19 bytes written]
[INFO] [1791448816.290525990] [serial_twistctl_node]: [TWIST_RX] Received Twist message - linear.x=0.000, angular.z=0.000, scaled_angular.z=0.000
[INFO] [1791448816.290584450] [serial_twistctl_node]: [SERIAL_TX] Timestamp: 1791448816290571793, Sending command (1/1): vcx=0.000,wc=0.000
 [19 bytes written]
[INFO] [1791448816.340306325] [serial_twistctl_node]: [TWIST_RX] Received Twist message - linear.x=0.000, angular.z=0.000, scaled_angular.z=0.000
[INFO] [1791448816.340372071] [serial_twistctl_node]: [SERIAL_TX] Timestamp: 1791448816340360714, Sending command (1/1): vcx=0.000,wc=0.000
 [19 bytes written]
[INFO] [1791448816.390408006] [serial_twistctl_node]: [TWIST_RX] Received Twist message - linear.x=0.000, angular.z=0.000, scaled_angular.z=0.000
[INFO] [1791448816.390473027] [serial_twistctl_node]: [SERIAL_TX] Timestamp: 1791448816390460469, Sending command (1/1): vcx=0.000,wc=0.000
 [19 bytes written]
[INFO] [1791448816.440263690] [serial_twistctl_node]: [TWIST_RX] Received Twist message - linear.x=0.000, angular.z=0.000, scaled_angular.z=0.000
[INFO] [1791448816.440319924] [serial_twistctl_node]: [SERIAL_TX] Timestamp: 1791448816440307253, Sending command (1/1): vcx=0.000,wc=0.000
 [19 bytes written]
[INFO] [1791448816.490406760] [serial_twistctl_node]: [TWIST_RX] Received Twist message - linear.x=0.000, angular.z=0.000, scaled_angular.z=0.000
[INFO] [1791448816.490459404] [serial_twistctl_node]: [SERIAL_TX] Timestamp: 1791448816490446947, Sending command (1/1): vcx=0.000,wc=0.000
 [19 bytes written]
[INFO] [1791448816.540337335] [serial_twistctl_node]: [TWIST_RX] Received Twist message - linear.x=0.000, angular.z=0.000, scaled_angular.z=0.000
[INFO] [1791448816.540391499] [serial_twistctl_node]: [SERIAL_TX] Timestamp: 1791448816540379805, Sending command (1/1): vcx=0.000,wc=0.000
 [19 bytes written]
[INFO] [1791448816.590348062] [serial_twistctl_node]: [TWIST_RX] Received Twist message - linear.x=0.000, angular.z=0.000, scaled_angular.z=0.000
[INFO] [1791448816.590410430] [serial_twistctl_node]: [SERIAL_TX] Timestamp: 1791448816590398733, Sending command (1/1): vcx=0.000,wc=0.000
 [19 bytes written]
[INFO] [1791448816.640325673] [serial_twistctl_node]: [TWIST_RX] Received Twist message - linear.x=0.000, angular.z=0.000, scaled_angular.z=0.000
[INFO] [1791448816.640377523] [serial_twistctl_node]: [SERIAL_TX] Timestamp: 1791448816640366086, Sending command (1/1): vcx=0.000,wc=0.000
 [19 bytes written]
[INFO] [1791448816.690371488] [serial_twistctl_node]: [TWIST_RX] Received Twist message - linear.x=0.000, angular.z=0.000, scaled_angular.z=0.000
[INFO] [1791448816.690432911] [serial_twistctl_node]: [SERIAL_TX] Timestamp: 1791448816690419744, Sending command (1/1): vcx=0.000,wc=0.000
 [19 bytes written]
[INFO] [1791448816.740383001] [serial_twistctl_node]: [TWIST_RX] Received Twist message - linear.x=0.000, angular.z=0.000, scaled_angular.z=0.000
[INFO] [1791448816.740434698] [serial_twistctl_node]: [SERIAL_TX] Timestamp: 1791448816740423570, Sending command (1/1): vcx=0.000,wc=0.000
 [19 bytes written]
[INFO] [1791448816.790340542] [serial_twistctl_node]: [TWIST_RX] Received Twist message - linear.x=0.000, angular.z=0.000, scaled_angular.z=0.000
[INFO] [1791448816.790396713] [serial_twistctl_node]: [SERIAL_TX] Timestamp: 1791448816790385428, Sending command (1/1): vcx=0.000,wc=0.000
 [19 bytes written]
[INFO] [1791448816.840427554] [serial_twistctl_node]: [TWIST_RX] Received Twist message - linear.x=0.000, angular.z=0.000, scaled_angular.z=0.000
[INFO] [1791448816.840484515] [serial_twistctl_node]: [SERIAL_TX] Timestamp: 1791448816840471796, Sending command (1/1): vcx=0.000,wc=0.000
 [19 bytes written]
[INFO] [1791448816.890357918] [serial_twistctl_node]: [TWIST_RX] Received Twist message - linear.x=0.000, angular.z=0.000, scaled_angular.z=0.000
[INFO] [1791448816.890411965] [serial_twistctl_node]: [SERIAL_TX] Timestamp: 1791448816890399069, Sending command (1/1): vcx=0.000,wc=0.000
 [19 bytes written]
[INFO] [1791448816.940221327] [serial_twistctl_node]: [TWIST_RX] Received Twist message - linear.x=0.000, angular.z=0.000, scaled_angular.z=0.000
[INFO] [1791448816.940292873] [serial_twistctl_node]: [SERIAL_TX] Timestamp: 1791448816940276368, Sending command (1/1): vcx=0.000,wc=0.000
 [19 bytes written]
[INFO] [1791448816.990340330] [serial_twistctl_node]: [TWIST_RX] Received Twist message - linear.x=0.000, angular.z=0.000, scaled_angular.z=0.000
[INFO] [1791448816.990408827] [serial_twistctl_node]: [SERIAL_TX] Timestamp: 1791448816990395801, Sending command (1/1): vcx=0.000,wc=0.000
 [19 bytes written]
[INFO] [1791448817.040237620] [serial_twistctl_node]: [TWIST_RX] Received Twist message - linear.x=0.000, angular.z=0.000, scaled_angular.z=0.000
[INFO] [1791448817.040296424] [serial_twistctl_node]: [SERIAL_TX] Timestamp: 1791448817040282569, Sending command (1/1): vcx=0.000,wc=0.000
 [19 bytes written]
[INFO] [1791448817.090489920] [serial_twistctl_node]: [TWIST_RX] Received Twist message - linear.x=0.000, angular.z=0.000, scaled_angular.z=0.000
[INFO] [1791448817.090546274] [serial_twistctl_node]: [SERIAL_TX] Timestamp: 1791448817090533936, Sending command (1/1): vcx=0.000,wc=0.000
 [19 bytes written]
[INFO] [1791448817.140459808] [serial_twistctl_node]: [TWIST_RX] Received Twist message - linear.x=0.000, angular.z=0.000, scaled_angular.z=0.000
[INFO] [1791448817.140517978] [serial_twistctl_node]: [SERIAL_TX] Timestamp: 1791448817140505369, Sending command (1/1): vcx=0.000,wc=0.000
 [19 bytes written]
[INFO] [1791448817.190410703] [serial_twistctl_node]: [TWIST_RX] Received Twist message - linear.x=0.000, angular.z=0.000, scaled_angular.z=0.000
[INFO] [1791448817.190468295] [serial_twistctl_node]: [SERIAL_TX] Timestamp: 1791448817190455647, Sending command (1/1): vcx=0.000,wc=0.000
 [19 bytes written]
[INFO] [1791448817.240408890] [serial_twistctl_node]: [TWIST_RX] Received Twist message - linear.x=0.000, angular.z=0.000, scaled_angular.z=0.000
[INFO] [1791448817.240465206] [serial_twistctl_node]: [SERIAL_TX] Timestamp: 1791448817240452713, Sending command (1/1): vcx=0.000,wc=0.000
 [19 bytes written]
[INFO] [1791448817.290574321] [serial_twistctl_node]: [TWIST_RX] Received Twist message - linear.x=0.000, angular.z=0.000, scaled_angular.z=0.000
[INFO] [1791448817.290633133] [serial_twistctl_node]: [SERIAL_TX] Timestamp: 1791448817290620083, Sending command (1/1): vcx=0.000,wc=0.000
 [19 bytes written]
[INFO] [1791448817.340463276] [serial_twistctl_node]: [TWIST_RX] Received Twist message - linear.x=0.000, angular.z=0.000, scaled_angular.z=0.000
[INFO] [1791448817.340518196] [serial_twistctl_node]: [SERIAL_TX] Timestamp: 1791448817340506409, Sending command (1/1): vcx=0.000,wc=0.000
 [19 bytes written]
[INFO] [1791448817.390418223] [serial_twistctl_node]: [TWIST_RX] Received Twist message - linear.x=0.000, angular.z=0.000, scaled_angular.z=0.000
[INFO] [1791448817.390473558] [serial_twistctl_node]: [SERIAL_TX] Timestamp: 1791448817390462302, Sending command (1/1): vcx=0.000,wc=0.000
 [19 bytes written]
[INFO] [1791448817.440683586] [serial_twistctl_node]: [TWIST_RX] Received Twist message - linear.x=0.000, angular.z=0.000, scaled_angular.z=0.000
[INFO] [1791448817.440734896] [serial_twistctl_node]: [SERIAL_TX] Timestamp: 1791448817440722419, Sending command (1/1): vcx=0.000,wc=0.000
 [19 bytes written]
[INFO] [1791448817.490267876] [serial_twistctl_node]: [TWIST_RX] Received Twist message - linear.x=0.000, angular.z=0.000, scaled_angular.z=0.000
[INFO] [1791448817.490321969] [serial_twistctl_node]: [SERIAL_TX] Timestamp: 1791448817490310458, Sending command (1/1): vcx=0.000,wc=0.000
 [19 bytes written]
[INFO] [1791448817.540337694] [serial_twistctl_node]: [TWIST_RX] Received Twist message - linear.x=0.000, angular.z=0.000, scaled_angular.z=0.000
[INFO] [1791448817.540396658] [serial_twistctl_node]: [SERIAL_TX] Timestamp: 1791448817540383539, Sending command (1/1): vcx=0.000,wc=0.000
 [19 bytes written]
[INFO] [1791448817.590305347] [serial_twistctl_node]: [TWIST_RX] Received Twist message - linear.x=0.000, angular.z=0.000, scaled_angular.z=0.000
[INFO] [1791448817.590364052] [serial_twistctl_node]: [SERIAL_TX] Timestamp: 1791448817590351769, Sending command (1/1): vcx=0.000,wc=0.000
 [19 bytes written]
[INFO] [1791448817.640416742] [serial_twistctl_node]: [TWIST_RX] Received Twist message - linear.x=0.000, angular.z=0.000, scaled_angular.z=0.000
[INFO] [1791448817.640470261] [serial_twistctl_node]: [SERIAL_TX] Timestamp: 1791448817640458512, Sending command (1/1): vcx=0.000,wc=0.000
 [19 bytes written]
[INFO] [1791448817.690504760] [serial_twistctl_node]: [TWIST_RX] Received Twist message - linear.x=0.000, angular.z=0.000, scaled_angular.z=0.000
[INFO] [1791448817.690563119] [serial_twistctl_node]: [SERIAL_TX] Timestamp: 1791448817690549664, Sending command (1/1): vcx=0.000,wc=0.000
 [19 bytes written]
[INFO] [1791448817.740440118] [serial_twistctl_node]: [TWIST_RX] Received Twist message - linear.x=0.000, angular.z=0.000, scaled_angular.z=0.000
[INFO] [1791448817.740495192] [serial_twistctl_node]: [SERIAL_TX] Timestamp: 1791448817740482211, Sending command (1/1): vcx=0.000,wc=0.000
 [19 bytes written]
[INFO] [1791448817.790321709] [serial_twistctl_node]: [TWIST_RX] Received Twist message - linear.x=0.000, angular.z=0.000, scaled_angular.z=0.000
[INFO] [1791448817.790376280] [serial_twistctl_node]: [SERIAL_TX] Timestamp: 1791448817790364759, Sending command (1/1): vcx=0.000,wc=0.000
 [19 bytes written]
[INFO] [1791448817.840316603] [serial_twistctl_node]: [TWIST_RX] Received Twist message - linear.x=0.000, angular.z=0.000, scaled_angular.z=0.000
[INFO] [1791448817.840369713] [serial_twistctl_node]: [SERIAL_TX] Timestamp: 1791448817840358623, Sending command (1/1): vcx=0.000,wc=0.000
 [19 bytes written]
[INFO] [1791448817.890662213] [serial_twistctl_node]: [TWIST_RX] Received Twist message - linear.x=0.000, angular.z=0.000, scaled_angular.z=0.000
[INFO] [1791448817.890730384] [serial_twistctl_node]: [SERIAL_TX] Timestamp: 1791448817890717236, Sending command (1/1): vcx=0.000,wc=0.000
 [19 bytes written]
[INFO] [1791448817.940344616] [serial_twistctl_node]: [TWIST_RX] Received Twist message - linear.x=0.000, angular.z=0.000, scaled_angular.z=0.000
[INFO] [1791448817.940408737] [serial_twistctl_node]: [SERIAL_TX] Timestamp: 1791448817940394644, Sending command (1/1): vcx=0.000,wc=0.000
 [19 bytes written]
[INFO] [1791448817.990337091] [serial_twistctl_node]: [TWIST_RX] Received Twist message - linear.x=0.000, angular.z=0.000, scaled_angular.z=0.000
[INFO] [1791448817.990394257] [serial_twistctl_node]: [SERIAL_TX] Timestamp: 1791448817990382915, Sending command (1/1): vcx=0.000,wc=0.000
 [19 bytes written]
[INFO] [1791448818.040336287] [serial_twistctl_node]: [TWIST_RX] Received Twist message - linear.x=0.000, angular.z=0.000, scaled_angular.z=0.000
[INFO] [1791448818.040398829] [serial_twistctl_node]: [SERIAL_TX] Timestamp: 1791448818040387026, Sending command (1/1): vcx=0.000,wc=0.000
 [19 bytes written]
[INFO] [1791448818.090360618] [serial_twistctl_node]: [TWIST_RX] Received Twist message - linear.x=0.000, angular.z=0.000, scaled_angular.z=0.000
[INFO] [1791448818.090420814] [serial_twistctl_node]: [SERIAL_TX] Timestamp: 1791448818090408534, Sending command (1/1): vcx=0.000,wc=0.000
 [19 bytes written]
[INFO] [1791448818.140309827] [serial_twistctl_node]: [TWIST_RX] Received Twist message - linear.x=0.000, angular.z=0.000, scaled_angular.z=0.000
[INFO] [1791448818.140367428] [serial_twistctl_node]: [SERIAL_TX] Timestamp: 1791448818140355374, Sending command (1/1): vcx=0.000,wc=0.000
 [19 bytes written]
[INFO] [1791448818.190378726] [serial_twistctl_node]: [TWIST_RX] Received Twist message - linear.x=0.000, angular.z=0.000, scaled_angular.z=0.000
[INFO] [1791448818.190436955] [serial_twistctl_node]: [SERIAL_TX] Timestamp: 1791448818190424283, Sending command (1/1): vcx=0.000,wc=0.000
 [19 bytes written]
[INFO] [1791448818.240316377] [serial_twistctl_node]: [TWIST_RX] Received Twist message - linear.x=0.000, angular.z=0.000, scaled_angular.z=0.000
[INFO] [1791448818.240372913] [serial_twistctl_node]: [SERIAL_TX] Timestamp: 1791448818240360267, Sending command (1/1): vcx=0.000,wc=0.000
 [19 bytes written]
[INFO] [1791448818.290323166] [serial_twistctl_node]: [TWIST_RX] Received Twist message - linear.x=0.000, angular.z=0.000, scaled_angular.z=0.000
[INFO] [1791448818.290381293] [serial_twistctl_node]: [SERIAL_TX] Timestamp: 1791448818290368792, Sending command (1/1): vcx=0.000,wc=0.000
 [19 bytes written]
[INFO] [1791448818.340405588] [serial_twistctl_node]: [TWIST_RX] Received Twist message - linear.x=0.021, angular.z=0.000, scaled_angular.z=0.000
[INFO] [1791448818.340467757] [serial_twistctl_node]: [SERIAL_TX] Timestamp: 1791448818340455209, Sending command (1/1): vcx=0.021,wc=0.000
 [19 bytes written]
[INFO] [1791448818.390582676] [serial_twistctl_node]: [TWIST_RX] Received Twist message - linear.x=0.042, angular.z=0.000, scaled_angular.z=0.000
[INFO] [1791448818.390640326] [serial_twistctl_node]: [SERIAL_TX] Timestamp: 1791448818390627971, Sending command (1/1): vcx=0.042,wc=0.000
 [19 bytes written]
[INFO] [1791448818.440300377] [serial_twistctl_node]: [TWIST_RX] Received Twist message - linear.x=0.064, angular.z=0.000, scaled_angular.z=0.000
[INFO] [1791448818.440358232] [serial_twistctl_node]: [SERIAL_TX] Timestamp: 1791448818440345381, Sending command (1/1): vcx=0.064,wc=0.000
 [19 bytes written]
[INFO] [1791448818.490412526] [serial_twistctl_node]: [TWIST_RX] Received Twist message - linear.x=0.085, angular.z=0.000, scaled_angular.z=0.000
[INFO] [1791448818.490469052] [serial_twistctl_node]: [SERIAL_TX] Timestamp: 1791448818490457116, Sending command (1/1): vcx=0.085,wc=0.000
 [19 bytes written]
[INFO] [1791448818.540458574] [serial_twistctl_node]: [TWIST_RX] Received Twist message - linear.x=0.106, angular.z=0.000, scaled_angular.z=0.000
[INFO] [1791448818.540516205] [serial_twistctl_node]: [SERIAL_TX] Timestamp: 1791448818540504863, Sending command (1/1): vcx=0.106,wc=0.000
 [19 bytes written]
[INFO] [1791448818.590509213] [serial_twistctl_node]: [TWIST_RX] Received Twist message - linear.x=0.127, angular.z=0.000, scaled_angular.z=0.000
[INFO] [1791448818.590566466] [serial_twistctl_node]: [SERIAL_TX] Timestamp: 1791448818590554276, Sending command (1/1): vcx=0.127,wc=0.000
 [19 bytes written]
[INFO] [1791448818.640330926] [serial_twistctl_node]: [TWIST_RX] Received Twist message - linear.x=0.149, angular.z=0.000, scaled_angular.z=0.000
[INFO] [1791448818.640388180] [serial_twistctl_node]: [SERIAL_TX] Timestamp: 1791448818640376735, Sending command (1/1): vcx=0.149,wc=0.000
 [19 bytes written]
[INFO] [1791448818.690483857] [serial_twistctl_node]: [TWIST_RX] Received Twist message - linear.x=0.170, angular.z=0.000, scaled_angular.z=0.000
[INFO] [1791448818.690543380] [serial_twistctl_node]: [SERIAL_TX] Timestamp: 1791448818690530260, Sending command (1/1): vcx=0.170,wc=0.000
 [19 bytes written]
[INFO] [1791448818.740386386] [serial_twistctl_node]: [TWIST_RX] Received Twist message - linear.x=0.191, angular.z=0.000, scaled_angular.z=0.000
[INFO] [1791448818.740443656] [serial_twistctl_node]: [SERIAL_TX] Timestamp: 1791448818740430135, Sending command (1/1): vcx=0.191,wc=0.000
 [19 bytes written]
[INFO] [1791448818.790567850] [serial_twistctl_node]: [TWIST_RX] Received Twist message - linear.x=0.213, angular.z=0.000, scaled_angular.z=0.000
[INFO] [1791448818.790626850] [serial_twistctl_node]: [SERIAL_TX] Timestamp: 1791448818790612661, Sending command (1/1): vcx=0.213,wc=0.000
 [19 bytes written]
[INFO] [1791448818.840369235] [serial_twistctl_node]: [TWIST_RX] Received Twist message - linear.x=0.217, angular.z=0.000, scaled_angular.z=0.000
[INFO] [1791448818.840426478] [serial_twistctl_node]: [SERIAL_TX] Timestamp: 1791448818840413460, Sending command (1/1): vcx=0.217,wc=0.000
 [19 bytes written]
[INFO] [1791448818.890351892] [serial_twistctl_node]: [TWIST_RX] Received Twist message - linear.x=0.220, angular.z=0.000, scaled_angular.z=0.000
[INFO] [1791448818.890411117] [serial_twistctl_node]: [SERIAL_TX] Timestamp: 1791448818890397540, Sending command (1/1): vcx=0.220,wc=0.000
 [19 bytes written]
[INFO] [1791448818.940362822] [serial_twistctl_node]: [TWIST_RX] Received Twist message - linear.x=0.216, angular.z=0.000, scaled_angular.z=0.000
[INFO] [1791448818.940410617] [serial_twistctl_node]: [SERIAL_TX] Timestamp: 1791448818940400465, Sending command (1/1): vcx=0.216,wc=0.000
 [19 bytes written]
[INFO] [1791448818.990375551] [serial_twistctl_node]: [TWIST_RX] Received Twist message - linear.x=0.219, angular.z=0.000, scaled_angular.z=0.000
[INFO] [1791448818.990440036] [serial_twistctl_node]: [SERIAL_TX] Timestamp: 1791448818990428195, Sending command (1/1): vcx=0.219,wc=0.000
 [19 bytes written]
[INFO] [1791448819.040406852] [serial_twistctl_node]: [TWIST_RX] Received Twist message - linear.x=0.221, angular.z=0.000, scaled_angular.z=0.000
[INFO] [1791448819.040467769] [serial_twistctl_node]: [SERIAL_TX] Timestamp: 1791448819040456290, Sending command (1/1): vcx=0.221,wc=0.000
 [19 bytes written]
[INFO] [1791448819.090465263] [serial_twistctl_node]: [TWIST_RX] Received Twist message - linear.x=0.218, angular.z=0.000, scaled_angular.z=0.000
[INFO] [1791448819.090521830] [serial_twistctl_node]: [SERIAL_TX] Timestamp: 1791448819090509874, Sending command (1/1): vcx=0.218,wc=0.000
 [19 bytes written]
[INFO] [1791448819.140466912] [serial_twistctl_node]: [TWIST_RX] Received Twist message - linear.x=0.220, angular.z=0.000, scaled_angular.z=0.000
[INFO] [1791448819.140523929] [serial_twistctl_node]: [SERIAL_TX] Timestamp: 1791448819140511956, Sending command (1/1): vcx=0.220,wc=0.000
 [19 bytes written]
[INFO] [1791448819.190298285] [serial_twistctl_node]: [TWIST_RX] Received Twist message - linear.x=0.218, angular.z=0.000, scaled_angular.z=0.000
[INFO] [1791448819.190351924] [serial_twistctl_node]: [SERIAL_TX] Timestamp: 1791448819190340889, Sending command (1/1): vcx=0.218,wc=0.000
 [19 bytes written]
[INFO] [1791448819.240403112] [serial_twistctl_node]: [TWIST_RX] Received Twist message - linear.x=0.220, angular.z=0.000, scaled_angular.z=0.000
[INFO] [1791448819.240468136] [serial_twistctl_node]: [SERIAL_TX] Timestamp: 1791448819240452574, Sending command (1/1): vcx=0.220,wc=0.000
 [19 bytes written]
[INFO] [1791448819.290560563] [serial_twistctl_node]: [TWIST_RX] Received Twist message - linear.x=0.217, angular.z=0.000, scaled_angular.z=0.000
[INFO] [1791448819.290620215] [serial_twistctl_node]: [SERIAL_TX] Timestamp: 1791448819290607532, Sending command (1/1): vcx=0.217,wc=0.000
 [19 bytes written]
[INFO] [1791448819.340365178] [serial_twistctl_node]: [TWIST_RX] Received Twist message - linear.x=0.220, angular.z=0.000, scaled_angular.z=0.000
[INFO] [1791448819.340423862] [serial_twistctl_node]: [SERIAL_TX] Timestamp: 1791448819340411490, Sending command (1/1): vcx=0.220,wc=0.000
 [19 bytes written]
[INFO] [1791448819.390600125] [serial_twistctl_node]: [TWIST_RX] Received Twist message - linear.x=0.216, angular.z=0.000, scaled_angular.z=0.000
[INFO] [1791448819.390659664] [serial_twistctl_node]: [SERIAL_TX] Timestamp: 1791448819390647533, Sending command (1/1): vcx=0.216,wc=0.000
 [19 bytes written]
[INFO] [1791448819.440456455] [serial_twistctl_node]: [TWIST_RX] Received Twist message - linear.x=0.219, angular.z=0.000, scaled_angular.z=0.000
[INFO] [1791448819.440517028] [serial_twistctl_node]: [SERIAL_TX] Timestamp: 1791448819440504456, Sending command (1/1): vcx=0.219,wc=0.000
 [19 bytes written]
[INFO] [1791448819.490427201] [serial_twistctl_node]: [TWIST_RX] Received Twist message - linear.x=0.221, angular.z=0.000, scaled_angular.z=0.000
[INFO] [1791448819.490488024] [serial_twistctl_node]: [SERIAL_TX] Timestamp: 1791448819490474148, Sending command (1/1): vcx=0.221,wc=0.000
 [19 bytes written]
[INFO] [1791448819.540565755] [serial_twistctl_node]: [TWIST_RX] Received Twist message - linear.x=0.219, angular.z=0.000, scaled_angular.z=0.000
[INFO] [1791448819.540624357] [serial_twistctl_node]: [SERIAL_TX] Timestamp: 1791448819540612593, Sending command (1/1): vcx=0.219,wc=0.000
 [19 bytes written]
[INFO] [1791448819.590371429] [serial_twistctl_node]: [TWIST_RX] Received Twist message - linear.x=0.221, angular.z=0.000, scaled_angular.z=0.000
[INFO] [1791448819.590431345] [serial_twistctl_node]: [SERIAL_TX] Timestamp: 1791448819590418938, Sending command (1/1): vcx=0.221,wc=0.000
 [19 bytes written]
[INFO] [1791448819.640392144] [serial_twistctl_node]: [TWIST_RX] Received Twist message - linear.x=0.218, angular.z=0.000, scaled_angular.z=0.000
[INFO] [1791448819.640449734] [serial_twistctl_node]: [SERIAL_TX] Timestamp: 1791448819640437879, Sending command (1/1): vcx=0.218,wc=0.000
 [19 bytes written]
[INFO] [1791448819.690558824] [serial_twistctl_node]: [TWIST_RX] Received Twist message - linear.x=0.220, angular.z=0.000, scaled_angular.z=0.000
[INFO] [1791448819.690626542] [serial_twistctl_node]: [SERIAL_TX] Timestamp: 1791448819690613949, Sending command (1/1): vcx=0.220,wc=0.000
 [19 bytes written]
[INFO] [1791448819.740447918] [serial_twistctl_node]: [TWIST_RX] Received Twist message - linear.x=0.218, angular.z=0.000, scaled_angular.z=0.000
[INFO] [1791448819.740503274] [serial_twistctl_node]: [SERIAL_TX] Timestamp: 1791448819740491403, Sending command (1/1): vcx=0.218,wc=0.000
 [19 bytes written]
[INFO] [1791448819.790374219] [serial_twistctl_node]: [TWIST_RX] Received Twist message - linear.x=0.220, angular.z=0.000, scaled_angular.z=0.000
[INFO] [1791448819.790430611] [serial_twistctl_node]: [SERIAL_TX] Timestamp: 1791448819790418111, Sending command (1/1): vcx=0.220,wc=0.000
 [19 bytes written]
[INFO] [1791448819.840467600] [serial_twistctl_node]: [TWIST_RX] Received Twist message - linear.x=0.218, angular.z=0.000, scaled_angular.z=0.000
[INFO] [1791448819.840523860] [serial_twistctl_node]: [SERIAL_TX] Timestamp: 1791448819840512596, Sending command (1/1): vcx=0.218,wc=0.000
 [19 bytes written]
[INFO] [1791448819.890501147] [serial_twistctl_node]: [TWIST_RX] Received Twist message - linear.x=0.220, angular.z=0.000, scaled_angular.z=0.000
[INFO] [1791448819.890557573] [serial_twistctl_node]: [SERIAL_TX] Timestamp: 1791448819890546018, Sending command (1/1): vcx=0.220,wc=0.000
 [19 bytes written]
[INFO] [1791448819.940424852] [serial_twistctl_node]: [TWIST_RX] Received Twist message - linear.x=0.218, angular.z=0.000, scaled_angular.z=0.000
[INFO] [1791448819.940479992] [serial_twistctl_node]: [SERIAL_TX] Timestamp: 1791448819940469372, Sending command (1/1): vcx=0.218,wc=0.000
 [19 bytes written]
[INFO] [1791448819.990347539] [serial_twistctl_node]: [TWIST_RX] Received Twist message - linear.x=0.220, angular.z=0.000, scaled_angular.z=0.000
[INFO] [1791448819.990404832] [serial_twistctl_node]: [SERIAL_TX] Timestamp: 1791448819990392709, Sending command (1/1): vcx=0.220,wc=0.000
 [19 bytes written]
[INFO] [1791448820.040485335] [serial_twistctl_node]: [TWIST_RX] Received Twist message - linear.x=0.218, angular.z=0.000, scaled_angular.z=0.000
[INFO] [1791448820.040544595] [serial_twistctl_node]: [SERIAL_TX] Timestamp: 1791448820040533243, Sending command (1/1): vcx=0.218,wc=0.000
 [19 bytes written]
[INFO] [1791448820.090644164] [serial_twistctl_node]: [TWIST_RX] Received Twist message - linear.x=0.220, angular.z=0.000, scaled_angular.z=0.000
[INFO] [1791448820.090702289] [serial_twistctl_node]: [SERIAL_TX] Timestamp: 1791448820090690042, Sending command (1/1): vcx=0.220,wc=0.000
 [19 bytes written]
[INFO] [1791448820.140413430] [serial_twistctl_node]: [TWIST_RX] Received Twist message - linear.x=0.219, angular.z=0.000, scaled_angular.z=0.000
[INFO] [1791448820.140470381] [serial_twistctl_node]: [SERIAL_TX] Timestamp: 1791448820140457961, Sending command (1/1): vcx=0.219,wc=0.000
 [19 bytes written]
[INFO] [1791448820.190400707] [serial_twistctl_node]: [TWIST_RX] Received Twist message - linear.x=0.221, angular.z=0.000, scaled_angular.z=0.000
[INFO] [1791448820.190455847] [serial_twistctl_node]: [SERIAL_TX] Timestamp: 1791448820190445245, Sending command (1/1): vcx=0.221,wc=0.000
 [19 bytes written]
[INFO] [1791448820.240366515] [serial_twistctl_node]: [TWIST_RX] Received Twist message - linear.x=0.219, angular.z=0.000, scaled_angular.z=0.000
[INFO] [1791448820.240422387] [serial_twistctl_node]: [SERIAL_TX] Timestamp: 1791448820240410936, Sending command (1/1): vcx=0.219,wc=0.000
 [19 bytes written]
[INFO] [1791448820.290331751] [serial_twistctl_node]: [TWIST_RX] Received Twist message - linear.x=0.000, angular.z=0.000, scaled_angular.z=0.000
[INFO] [1791448820.290386931] [serial_twistctl_node]: [SERIAL_TX] Timestamp: 1791448820290376220, Sending command (1/1): vcx=0.000,wc=0.000
 [19 bytes written]
[INFO] [1791448820.340312141] [serial_twistctl_node]: [TWIST_RX] Received Twist message - linear.x=0.000, angular.z=0.000, scaled_angular.z=0.000
[INFO] [1791448820.340372514] [serial_twistctl_node]: [SERIAL_TX] Timestamp: 1791448820340361034, Sending command (1/1): vcx=0.000,wc=0.000
 [19 bytes written]
[INFO] [1791448820.390365918] [serial_twistctl_node]: [TWIST_RX] Received Twist message - linear.x=0.000, angular.z=0.000, scaled_angular.z=0.000
[INFO] [1791448820.390418492] [serial_twistctl_node]: [SERIAL_TX] Timestamp: 1791448820390407496, Sending command (1/1): vcx=0.000,wc=0.000
 [19 bytes written]
[INFO] [1791448820.440339991] [serial_twistctl_node]: [TWIST_RX] Received Twist message - linear.x=0.000, angular.z=0.000, scaled_angular.z=0.000
[INFO] [1791448820.440392822] [serial_twistctl_node]: [SERIAL_TX] Timestamp: 1791448820440382153, Sending command (1/1): vcx=0.000,wc=0.000
 [19 bytes written]
[INFO] [1791448820.490555994] [serial_twistctl_node]: [TWIST_RX] Received Twist message - linear.x=0.000, angular.z=0.000, scaled_angular.z=0.000
[INFO] [1791448820.490614010] [serial_twistctl_node]: [SERIAL_TX] Timestamp: 1791448820490602364, Sending command (1/1): vcx=0.000,wc=0.000
 [19 bytes written]
[INFO] [1791448820.540498340] [serial_twistctl_node]: [TWIST_RX] Received Twist message - linear.x=0.000, angular.z=0.000, scaled_angular.z=0.000
[INFO] [1791448820.540552150] [serial_twistctl_node]: [SERIAL_TX] Timestamp: 1791448820540540482, Sending command (1/1): vcx=0.000,wc=0.000
 [19 bytes written]
[INFO] [1791448820.590590350] [serial_twistctl_node]: [TWIST_RX] Received Twist message - linear.x=0.000, angular.z=0.000, scaled_angular.z=0.000
[INFO] [1791448820.590643580] [serial_twistctl_node]: [SERIAL_TX] Timestamp: 1791448820590632315, Sending command (1/1): vcx=0.000,wc=0.000
 [19 bytes written]
[INFO] [1791448820.640503977] [serial_twistctl_node]: [TWIST_RX] Received Twist message - linear.x=0.000, angular.z=0.000, scaled_angular.z=0.000
[INFO] [1791448820.640556731] [serial_twistctl_node]: [SERIAL_TX] Timestamp: 1791448820640545224, Sending command (1/1): vcx=0.000,wc=0.000
 [19 bytes written]
[INFO] [1791448820.690442408] [serial_twistctl_node]: [TWIST_RX] Received Twist message - linear.x=0.000, angular.z=0.000, scaled_angular.z=0.000
[INFO] [1791448820.690498152] [serial_twistctl_node]: [SERIAL_TX] Timestamp: 1791448820690486297, Sending command (1/1): vcx=0.000,wc=0.000
 [19 bytes written]
[INFO] [1791448820.740358818] [serial_twistctl_node]: [TWIST_RX] Received Twist message - linear.x=0.000, angular.z=0.000, scaled_angular.z=0.000
[INFO] [1791448820.740413403] [serial_twistctl_node]: [SERIAL_TX] Timestamp: 1791448820740401106, Sending command (1/1): vcx=0.000,wc=0.000
 [19 bytes written]
[INFO] [1791448820.790311286] [serial_twistctl_node]: [TWIST_RX] Received Twist message - linear.x=0.000, angular.z=0.000, scaled_angular.z=0.000
[INFO] [1791448820.790369429] [serial_twistctl_node]: [SERIAL_TX] Timestamp: 1791448820790356959, Sending command (1/1): vcx=0.000,wc=0.000
 [19 bytes written]
[INFO] [1791448820.840305279] [serial_twistctl_node]: [TWIST_RX] Received Twist message - linear.x=0.000, angular.z=0.000, scaled_angular.z=0.000
[INFO] [1791448820.840361546] [serial_twistctl_node]: [SERIAL_TX] Timestamp: 1791448820840349439, Sending command (1/1): vcx=0.000,wc=0.000
 [19 bytes written]
[INFO] [1791448820.890409438] [serial_twistctl_node]: [TWIST_RX] Received Twist message - linear.x=0.000, angular.z=0.000, scaled_angular.z=0.000
[INFO] [1791448820.890472986] [serial_twistctl_node]: [SERIAL_TX] Timestamp: 1791448820890459924, Sending command (1/1): vcx=0.000,wc=0.000
 [19 bytes written]
[INFO] [1791448820.940324787] [serial_twistctl_node]: [TWIST_RX] Received Twist message - linear.x=0.000, angular.z=0.000, scaled_angular.z=0.000
[INFO] [1791448820.940387659] [serial_twistctl_node]: [SERIAL_TX] Timestamp: 1791448820940372823, Sending command (1/1): vcx=0.000,wc=0.000
 [19 bytes written]
[INFO] [1791448820.990276957] [serial_twistctl_node]: [TWIST_RX] Received Twist message - linear.x=0.000, angular.z=0.000, scaled_angular.z=0.000
[INFO] [1791448820.990333576] [serial_twistctl_node]: [SERIAL_TX] Timestamp: 1791448820990322038, Sending command (1/1): vcx=0.000,wc=0.000
 [19 bytes written]
[INFO] [1791448821.040295794] [serial_twistctl_node]: [TWIST_RX] Received Twist message - linear.x=0.000, angular.z=0.000, scaled_angular.z=0.000
[INFO] [1791448821.040359139] [serial_twistctl_node]: [SERIAL_TX] Timestamp: 1791448821040347332, Sending command (1/1): vcx=0.000,wc=0.000
 [19 bytes written]
[INFO] [1791448821.090244688] [serial_twistctl_node]: [TWIST_RX] Received Twist message - linear.x=0.000, angular.z=0.000, scaled_angular.z=0.000
[INFO] [1791448821.090302828] [serial_twistctl_node]: [SERIAL_TX] Timestamp: 1791448821090289921, Sending command (1/1): vcx=0.000,wc=0.000
 [19 bytes written]
[INFO] [1791448821.140319129] [serial_twistctl_node]: [TWIST_RX] Received Twist message - linear.x=0.000, angular.z=0.000, scaled_angular.z=0.000
[INFO] [1791448821.140380335] [serial_twistctl_node]: [SERIAL_TX] Timestamp: 1791448821140367165, Sending command (1/1): vcx=0.000,wc=0.000
 [19 bytes written]
[INFO] [1791448821.190514277] [serial_twistctl_node]: [TWIST_RX] Received Twist message - linear.x=0.000, angular.z=0.000, scaled_angular.z=0.000
[INFO] [1791448821.190570947] [serial_twistctl_node]: [SERIAL_TX] Timestamp: 1791448821190558922, Sending command (1/1): vcx=0.000,wc=0.000
 [19 bytes written]
[INFO] [1791448821.240401396] [serial_twistctl_node]: [TWIST_RX] Received Twist message - linear.x=0.000, angular.z=0.000, scaled_angular.z=0.000
[INFO] [1791448821.240464284] [serial_twistctl_node]: [SERIAL_TX] Timestamp: 1791448821240451183, Sending command (1/1): vcx=0.000,wc=0.000
 [19 bytes written]
[INFO] [1791448821.290481903] [serial_twistctl_node]: [TWIST_RX] Received Twist message - linear.x=0.000, angular.z=0.000, scaled_angular.z=0.000
[INFO] [1791448821.290539357] [serial_twistctl_node]: [SERIAL_TX] Timestamp: 1791448821290527432, Sending command (1/1): vcx=0.000,wc=0.000
 [19 bytes written]
[INFO] [1791448821.340448089] [serial_twistctl_node]: [TWIST_RX] Received Twist message - linear.x=0.000, angular.z=0.000, scaled_angular.z=0.000
[INFO] [1791448821.340507668] [serial_twistctl_node]: [SERIAL_TX] Timestamp: 1791448821340494462, Sending command (1/1): vcx=0.000,wc=0.000
 [19 bytes written]
[INFO] [1791448821.390296362] [serial_twistctl_node]: [TWIST_RX] Received Twist message - linear.x=0.000, angular.z=0.000, scaled_angular.z=0.000
[INFO] [1791448821.390355324] [serial_twistctl_node]: [SERIAL_TX] Timestamp: 1791448821390343198, Sending command (1/1): vcx=0.000,wc=0.000
 [19 bytes written]
[INFO] [1791448821.440354111] [serial_twistctl_node]: [TWIST_RX] Received Twist message - linear.x=0.000, angular.z=0.000, scaled_angular.z=0.000
[INFO] [1791448821.440413380] [serial_twistctl_node]: [SERIAL_TX] Timestamp: 1791448821440401807, Sending command (1/1): vcx=0.000,wc=0.000
 [19 bytes written]
[INFO] [1791448821.490308246] [serial_twistctl_node]: [TWIST_RX] Received Twist message - linear.x=0.000, angular.z=0.000, scaled_angular.z=0.000
[INFO] [1791448821.490371628] [serial_twistctl_node]: [SERIAL_TX] Timestamp: 1791448821490359423, Sending command (1/1): vcx=0.000,wc=0.000
 [19 bytes written]
[INFO] [1791448821.540250569] [serial_twistctl_node]: [TWIST_RX] Received Twist message - linear.x=0.000, angular.z=0.000, scaled_angular.z=0.000
[INFO] [1791448821.540309952] [serial_twistctl_node]: [SERIAL_TX] Timestamp: 1791448821540294833, Sending command (1/1): vcx=0.000,wc=0.000
 [19 bytes written]
[INFO] [1791448821.590335720] [serial_twistctl_node]: [TWIST_RX] Received Twist message - linear.x=0.000, angular.z=0.000, scaled_angular.z=0.000
[INFO] [1791448821.590398968] [serial_twistctl_node]: [SERIAL_TX] Timestamp: 1791448821590387605, Sending command (1/1): vcx=0.000,wc=0.000
 [19 bytes written]
[INFO] [1791448821.640318453] [serial_twistctl_node]: [TWIST_RX] Received Twist message - linear.x=0.000, angular.z=0.000, scaled_angular.z=0.000
[INFO] [1791448821.640372679] [serial_twistctl_node]: [SERIAL_TX] Timestamp: 1791448821640361465, Sending command (1/1): vcx=0.000,wc=0.000
 [19 bytes written]
[INFO] [1791448821.690314934] [serial_twistctl_node]: [TWIST_RX] Received Twist message - linear.x=0.000, angular.z=0.000, scaled_angular.z=0.000
[INFO] [1791448821.690386862] [serial_twistctl_node]: [SERIAL_TX] Timestamp: 1791448821690374298, Sending command (1/1): vcx=0.000,wc=0.000
 [19 bytes written]
[INFO] [1791448821.740468838] [serial_twistctl_node]: [TWIST_RX] Received Twist message - linear.x=0.000, angular.z=0.000, scaled_angular.z=0.000
[INFO] [1791448821.740525001] [serial_twistctl_node]: [SERIAL_TX] Timestamp: 1791448821740512752, Sending command (1/1): vcx=0.000,wc=0.000
 [19 bytes written]
[INFO] [1791448821.790328184] [serial_twistctl_node]: [TWIST_RX] Received Twist message - linear.x=0.000, angular.z=0.000, scaled_angular.z=0.000
[INFO] [1791448821.790385993] [serial_twistctl_node]: [SERIAL_TX] Timestamp: 1791448821790372544, Sending command (1/1): vcx=0.000,wc=0.000
 [19 bytes written]
[INFO] [1791448821.840495771] [serial_twistctl_node]: [TWIST_RX] Received Twist message - linear.x=0.000, angular.z=0.000, scaled_angular.z=0.000
[INFO] [1791448821.840551378] [serial_twistctl_node]: [SERIAL_TX] Timestamp: 1791448821840535971, Sending command (1/1): vcx=0.000,wc=0.000
 [19 bytes written]
[INFO] [1791448821.890306586] [serial_twistctl_node]: [TWIST_RX] Received Twist message - linear.x=0.000, angular.z=0.000, scaled_angular.z=0.000
[INFO] [1791448821.890365541] [serial_twistctl_node]: [SERIAL_TX] Timestamp: 1791448821890351611, Sending command (1/1): vcx=0.000,wc=0.000
 [19 bytes written]
[INFO] [1791448821.940360196] [serial_twistctl_node]: [TWIST_RX] Received Twist message - linear.x=0.000, angular.z=0.000, scaled_angular.z=0.000
[INFO] [1791448821.940419429] [serial_twistctl_node]: [SERIAL_TX] Timestamp: 1791448821940405849, Sending command (1/1): vcx=0.000,wc=0.000
 [19 bytes written]
[INFO] [1791448821.990291595] [serial_twistctl_node]: [TWIST_RX] Received Twist message - linear.x=0.000, angular.z=0.000, scaled_angular.z=0.000
[INFO] [1791448821.990357963] [serial_twistctl_node]: [SERIAL_TX] Timestamp: 1791448821990345561, Sending command (1/1): vcx=0.000,wc=0.000
 [19 bytes written]
[INFO] [1791448822.040433546] [serial_twistctl_node]: [TWIST_RX] Received Twist message - linear.x=0.000, angular.z=0.000, scaled_angular.z=0.000
[INFO] [1791448822.040490589] [serial_twistctl_node]: [SERIAL_TX] Timestamp: 1791448822040478770, Sending command (1/1): vcx=0.000,wc=0.000
 [19 bytes written]
[INFO] [1791448822.090381318] [serial_twistctl_node]: [TWIST_RX] Received Twist message - linear.x=0.000, angular.z=0.000, scaled_angular.z=0.000
[INFO] [1791448822.090436041] [serial_twistctl_node]: [SERIAL_TX] Timestamp: 1791448822090424423, Sending command (1/1): vcx=0.000,wc=0.000
 [19 bytes written]
[INFO] [1791448822.140439935] [serial_twistctl_node]: [TWIST_RX] Received Twist message - linear.x=0.000, angular.z=0.000, scaled_angular.z=0.000
[INFO] [1791448822.140499177] [serial_twistctl_node]: [SERIAL_TX] Timestamp: 1791448822140487324, Sending command (1/1): vcx=0.000,wc=0.000
 [19 bytes written]
[INFO] [1791448822.190422844] [serial_twistctl_node]: [TWIST_RX] Received Twist message - linear.x=0.000, angular.z=0.000, scaled_angular.z=0.000
[INFO] [1791448822.190481062] [serial_twistctl_node]: [SERIAL_TX] Timestamp: 1791448822190468211, Sending command (1/1): vcx=0.000,wc=0.000
 [19 bytes written]
[INFO] [1791448822.240371254] [serial_twistctl_node]: [TWIST_RX] Received Twist message - linear.x=0.000, angular.z=0.000, scaled_angular.z=0.000
[INFO] [1791448822.240427964] [serial_twistctl_node]: [SERIAL_TX] Timestamp: 1791448822240415643, Sending command (1/1): vcx=0.000,wc=0.000
 [19 bytes written]
[INFO] [1791448822.290396814] [serial_twistctl_node]: [TWIST_RX] Received Twist message - linear.x=0.000, angular.z=0.000, scaled_angular.z=0.000
[INFO] [1791448822.290453344] [serial_twistctl_node]: [SERIAL_TX] Timestamp: 1791448822290441655, Sending command (1/1): vcx=0.000,wc=0.000
 [19 bytes written]
[INFO] [1791448822.340400926] [serial_twistctl_node]: [TWIST_RX] Received Twist message - linear.x=0.000, angular.z=0.000, scaled_angular.z=0.000
[INFO] [1791448822.340460437] [serial_twistctl_node]: [SERIAL_TX] Timestamp: 1791448822340448575, Sending command (1/1): vcx=0.000,wc=0.000
 [19 bytes written]
[INFO] [1791448822.390424285] [serial_twistctl_node]: [TWIST_RX] Received Twist message - linear.x=0.000, angular.z=0.000, scaled_angular.z=0.000
[INFO] [1791448822.390481569] [serial_twistctl_node]: [SERIAL_TX] Timestamp: 1791448822390470001, Sending command (1/1): vcx=0.000,wc=0.000
 [19 bytes written]
[INFO] [1791448822.440142156] [serial_twistctl_node]: [TWIST_RX] Received Twist message - linear.x=0.000, angular.z=0.000, scaled_angular.z=0.000
[INFO] [1791448822.440192711] [serial_twistctl_node]: [SERIAL_TX] Timestamp: 1791448822440180862, Sending command (1/1): vcx=0.000,wc=0.000
 [19 bytes written]
[INFO] [1791448822.490391827] [serial_twistctl_node]: [TWIST_RX] Received Twist message - linear.x=0.000, angular.z=0.000, scaled_angular.z=0.000
[INFO] [1791448822.490454671] [serial_twistctl_node]: [SERIAL_TX] Timestamp: 1791448822490441379, Sending command (1/1): vcx=0.000,wc=0.000
 [19 bytes written]
[INFO] [1791448822.540306187] [serial_twistctl_node]: [TWIST_RX] Received Twist message - linear.x=0.000, angular.z=0.000, scaled_angular.z=0.000
[INFO] [1791448822.540361208] [serial_twistctl_node]: [SERIAL_TX] Timestamp: 1791448822540349938, Sending command (1/1): vcx=0.000,wc=0.000
 [19 bytes written]
[INFO] [1791448822.590330348] [serial_twistctl_node]: [TWIST_RX] Received Twist message - linear.x=0.000, angular.z=0.000, scaled_angular.z=0.000
[INFO] [1791448822.590383195] [serial_twistctl_node]: [SERIAL_TX] Timestamp: 1791448822590372772, Sending command (1/1): vcx=0.000,wc=0.000
 [19 bytes written]
[INFO] [1791448822.640321962] [serial_twistctl_node]: [TWIST_RX] Received Twist message - linear.x=0.000, angular.z=0.000, scaled_angular.z=0.000
[INFO] [1791448822.640394154] [serial_twistctl_node]: [SERIAL_TX] Timestamp: 1791448822640370013, Sending command (1/1): vcx=0.000,wc=0.000
 [19 bytes written]
[INFO] [1791448822.690558383] [serial_twistctl_node]: [TWIST_RX] Received Twist message - linear.x=0.000, angular.z=0.000, scaled_angular.z=0.000
[INFO] [1791448822.690617317] [serial_twistctl_node]: [SERIAL_TX] Timestamp: 1791448822690605520, Sending command (1/1): vcx=0.000,wc=0.000
 [19 bytes written]
[INFO] [1791448822.740374468] [serial_twistctl_node]: [TWIST_RX] Received Twist message - linear.x=0.021, angular.z=0.000, scaled_angular.z=0.000
[INFO] [1791448822.740425388] [serial_twistctl_node]: [SERIAL_TX] Timestamp: 1791448822740413279, Sending command (1/1): vcx=0.021,wc=0.000
 [19 bytes written]
[INFO] [1791448822.790413313] [serial_twistctl_node]: [TWIST_RX] Received Twist message - linear.x=0.042, angular.z=0.000, scaled_angular.z=0.000
[INFO] [1791448822.790470186] [serial_twistctl_node]: [SERIAL_TX] Timestamp: 1791448822790456733, Sending command (1/1): vcx=0.042,wc=0.000
 [19 bytes written]
[INFO] [1791448822.840337728] [serial_twistctl_node]: [TWIST_RX] Received Twist message - linear.x=0.064, angular.z=0.000, scaled_angular.z=0.000
[INFO] [1791448822.840393001] [serial_twistctl_node]: [SERIAL_TX] Timestamp: 1791448822840380659, Sending command (1/1): vcx=0.064,wc=0.000
 [19 bytes written]
[INFO] [1791448822.890295622] [serial_twistctl_node]: [TWIST_RX] Received Twist message - linear.x=0.085, angular.z=0.000, scaled_angular.z=0.000
[INFO] [1791448822.890353506] [serial_twistctl_node]: [SERIAL_TX] Timestamp: 1791448822890340227, Sending command (1/1): vcx=0.085,wc=0.000
 [19 bytes written]
[INFO] [1791448822.940362279] [serial_twistctl_node]: [TWIST_RX] Received Twist message - linear.x=0.106, angular.z=0.000, scaled_angular.z=0.000
[INFO] [1791448822.940413932] [serial_twistctl_node]: [SERIAL_TX] Timestamp: 1791448822940402163, Sending command (1/1): vcx=0.106,wc=0.000
 [19 bytes written]
[INFO] [1791448822.990423783] [serial_twistctl_node]: [TWIST_RX] Received Twist message - linear.x=0.127, angular.z=0.000, scaled_angular.z=0.000
[INFO] [1791448822.990481301] [serial_twistctl_node]: [SERIAL_TX] Timestamp: 1791448822990468793, Sending command (1/1): vcx=0.127,wc=0.000
 [19 bytes written]
[INFO] [1791448823.040333773] [serial_twistctl_node]: [TWIST_RX] Received Twist message - linear.x=0.149, angular.z=0.000, scaled_angular.z=0.000
[INFO] [1791448823.040419637] [serial_twistctl_node]: [SERIAL_TX] Timestamp: 1791448823040407409, Sending command (1/1): vcx=0.149,wc=0.000
 [19 bytes written]
[INFO] [1791448823.090549906] [serial_twistctl_node]: [TWIST_RX] Received Twist message - linear.x=0.170, angular.z=0.000, scaled_angular.z=0.000
[INFO] [1791448823.090607878] [serial_twistctl_node]: [SERIAL_TX] Timestamp: 1791448823090596059, Sending command (1/1): vcx=0.170,wc=0.000
 [19 bytes written]
[INFO] [1791448823.140428210] [serial_twistctl_node]: [TWIST_RX] Received Twist message - linear.x=0.191, angular.z=0.000, scaled_angular.z=0.000
[INFO] [1791448823.140485852] [serial_twistctl_node]: [SERIAL_TX] Timestamp: 1791448823140473849, Sending command (1/1): vcx=0.191,wc=0.000
 [19 bytes written]
[INFO] [1791448823.190405505] [serial_twistctl_node]: [TWIST_RX] Received Twist message - linear.x=0.213, angular.z=0.000, scaled_angular.z=0.000
[INFO] [1791448823.190471742] [serial_twistctl_node]: [SERIAL_TX] Timestamp: 1791448823190459440, Sending command (1/1): vcx=0.213,wc=0.000
 [19 bytes written]
[INFO] [1791448823.240415075] [serial_twistctl_node]: [TWIST_RX] Received Twist message - linear.x=0.220, angular.z=0.000, scaled_angular.z=0.000
[INFO] [1791448823.240473384] [serial_twistctl_node]: [SERIAL_TX] Timestamp: 1791448823240460852, Sending command (1/1): vcx=0.220,wc=0.000
 [19 bytes written]
[INFO] [1791448823.290401615] [serial_twistctl_node]: [TWIST_RX] Received Twist message - linear.x=0.218, angular.z=0.000, scaled_angular.z=0.000
[INFO] [1791448823.290462129] [serial_twistctl_node]: [SERIAL_TX] Timestamp: 1791448823290449453, Sending command (1/1): vcx=0.218,wc=0.000
 [19 bytes written]
[INFO] [1791448823.340620352] [serial_twistctl_node]: [TWIST_RX] Received Twist message - linear.x=0.220, angular.z=0.000, scaled_angular.z=0.000
[INFO] [1791448823.340679122] [serial_twistctl_node]: [SERIAL_TX] Timestamp: 1791448823340667938, Sending command (1/1): vcx=0.220,wc=0.000
 [19 bytes written]
[INFO] [1791448823.390465385] [serial_twistctl_node]: [TWIST_RX] Received Twist message - linear.x=0.217, angular.z=0.000, scaled_angular.z=0.000
[INFO] [1791448823.390531071] [serial_twistctl_node]: [SERIAL_TX] Timestamp: 1791448823390517871, Sending command (1/1): vcx=0.217,wc=0.000
 [19 bytes written]
[INFO] [1791448823.440479817] [serial_twistctl_node]: [TWIST_RX] Received Twist message - linear.x=0.220, angular.z=0.000, scaled_angular.z=0.000
[INFO] [1791448823.440535602] [serial_twistctl_node]: [SERIAL_TX] Timestamp: 1791448823440523493, Sending command (1/1): vcx=0.220,wc=0.000
 [19 bytes written]
[INFO] [1791448823.490485607] [serial_twistctl_node]: [TWIST_RX] Received Twist message - linear.x=0.216, angular.z=0.000, scaled_angular.z=0.000
[INFO] [1791448823.490543132] [serial_twistctl_node]: [SERIAL_TX] Timestamp: 1791448823490530796, Sending command (1/1): vcx=0.216,wc=0.000
 [19 bytes written]
[INFO] [1791448823.540618597] [serial_twistctl_node]: [TWIST_RX] Received Twist message - linear.x=0.219, angular.z=0.000, scaled_angular.z=0.000
[INFO] [1791448823.540674957] [serial_twistctl_node]: [SERIAL_TX] Timestamp: 1791448823540662696, Sending command (1/1): vcx=0.219,wc=0.000
 [19 bytes written]
[INFO] [1791448823.590339792] [serial_twistctl_node]: [TWIST_RX] Received Twist message - linear.x=0.221, angular.z=0.000, scaled_angular.z=0.000
[INFO] [1791448823.590393401] [serial_twistctl_node]: [SERIAL_TX] Timestamp: 1791448823590382106, Sending command (1/1): vcx=0.221,wc=0.000
 [19 bytes written]
[INFO] [1791448823.640480179] [serial_twistctl_node]: [TWIST_RX] Received Twist message - linear.x=0.219, angular.z=0.000, scaled_angular.z=0.000
[INFO] [1791448823.640536494] [serial_twistctl_node]: [SERIAL_TX] Timestamp: 1791448823640524498, Sending command (1/1): vcx=0.219,wc=0.000
 [19 bytes written]
[INFO] [1791448823.690432470] [serial_twistctl_node]: [TWIST_RX] Received Twist message - linear.x=0.221, angular.z=0.000, scaled_angular.z=0.000
[INFO] [1791448823.690504323] [serial_twistctl_node]: [SERIAL_TX] Timestamp: 1791448823690492847, Sending command (1/1): vcx=0.221,wc=0.000
 [19 bytes written]
[INFO] [1791448823.740546675] [serial_twistctl_node]: [TWIST_RX] Received Twist message - linear.x=0.218, angular.z=0.000, scaled_angular.z=0.000
[INFO] [1791448823.740600623] [serial_twistctl_node]: [SERIAL_TX] Timestamp: 1791448823740589099, Sending command (1/1): vcx=0.218,wc=0.000
 [19 bytes written]
[INFO] [1791448823.790462349] [serial_twistctl_node]: [TWIST_RX] Received Twist message - linear.x=0.220, angular.z=0.000, scaled_angular.z=0.000
[INFO] [1791448823.790519651] [serial_twistctl_node]: [SERIAL_TX] Timestamp: 1791448823790506519, Sending command (1/1): vcx=0.220,wc=0.000
 [19 bytes written]
[INFO] [1791448823.840639782] [serial_twistctl_node]: [TWIST_RX] Received Twist message - linear.x=0.218, angular.z=0.000, scaled_angular.z=0.000
[INFO] [1791448823.840695718] [serial_twistctl_node]: [SERIAL_TX] Timestamp: 1791448823840682591, Sending command (1/1): vcx=0.218,wc=0.000
 [19 bytes written]
[INFO] [1791448823.890600280] [serial_twistctl_node]: [TWIST_RX] Received Twist message - linear.x=0.220, angular.z=0.000, scaled_angular.z=0.000
[INFO] [1791448823.890654157] [serial_twistctl_node]: [SERIAL_TX] Timestamp: 1791448823890640943, Sending command (1/1): vcx=0.220,wc=0.000
 [19 bytes written]
[INFO] [1791448823.940420080] [serial_twistctl_node]: [TWIST_RX] Received Twist message - linear.x=0.217, angular.z=0.000, scaled_angular.z=0.000
[INFO] [1791448823.940483024] [serial_twistctl_node]: [SERIAL_TX] Timestamp: 1791448823940468883, Sending command (1/1): vcx=0.217,wc=0.000
 [19 bytes written]
[INFO] [1791448823.990419713] [serial_twistctl_node]: [TWIST_RX] Received Twist message - linear.x=0.220, angular.z=0.000, scaled_angular.z=0.000
[INFO] [1791448823.990477879] [serial_twistctl_node]: [SERIAL_TX] Timestamp: 1791448823990464853, Sending command (1/1): vcx=0.220,wc=0.000
 [19 bytes written]
[INFO] [1791448824.040607319] [serial_twistctl_node]: [TWIST_RX] Received Twist message - linear.x=0.216, angular.z=0.000, scaled_angular.z=0.000
[INFO] [1791448824.040673644] [serial_twistctl_node]: [SERIAL_TX] Timestamp: 1791448824040662068, Sending command (1/1): vcx=0.216,wc=0.000
 [19 bytes written]
[INFO] [1791448824.090344026] [serial_twistctl_node]: [TWIST_RX] Received Twist message - linear.x=0.219, angular.z=0.000, scaled_angular.z=0.000
[INFO] [1791448824.090399986] [serial_twistctl_node]: [SERIAL_TX] Timestamp: 1791448824090387764, Sending command (1/1): vcx=0.219,wc=0.000
 [19 bytes written]
[INFO] [1791448824.140497450] [serial_twistctl_node]: [TWIST_RX] Received Twist message - linear.x=0.221, angular.z=0.000, scaled_angular.z=0.000
[INFO] [1791448824.140553571] [serial_twistctl_node]: [SERIAL_TX] Timestamp: 1791448824140541575, Sending command (1/1): vcx=0.221,wc=0.000
 [19 bytes written]
[INFO] [1791448824.190514648] [serial_twistctl_node]: [TWIST_RX] Received Twist message - linear.x=0.000, angular.z=0.000, scaled_angular.z=0.000
[INFO] [1791448824.190571344] [serial_twistctl_node]: [SERIAL_TX] Timestamp: 1791448824190559537, Sending command (1/1): vcx=0.000,wc=0.000
 [19 bytes written]
[INFO] [1791448824.240526316] [serial_twistctl_node]: [TWIST_RX] Received Twist message - linear.x=0.000, angular.z=0.000, scaled_angular.z=0.000
[INFO] [1791448824.240588495] [serial_twistctl_node]: [SERIAL_TX] Timestamp: 1791448824240575498, Sending command (1/1): vcx=0.000,wc=0.000
 [19 bytes written]
[INFO] [1791448824.290503789] [serial_twistctl_node]: [TWIST_RX] Received Twist message - linear.x=0.000, angular.z=0.000, scaled_angular.z=0.000
[INFO] [1791448824.290561232] [serial_twistctl_node]: [SERIAL_TX] Timestamp: 1791448824290548624, Sending command (1/1): vcx=0.000,wc=0.000
 [19 bytes written]
[INFO] [1791448824.340403638] [serial_twistctl_node]: [TWIST_RX] Received Twist message - linear.x=0.000, angular.z=0.000, scaled_angular.z=0.000
[INFO] [1791448824.340468255] [serial_twistctl_node]: [SERIAL_TX] Timestamp: 1791448824340456352, Sending command (1/1): vcx=0.000,wc=0.000
 [19 bytes written]
[INFO] [1791448824.390549019] [serial_twistctl_node]: [TWIST_RX] Received Twist message - linear.x=0.000, angular.z=0.000, scaled_angular.z=0.000
[INFO] [1791448824.390605606] [serial_twistctl_node]: [SERIAL_TX] Timestamp: 1791448824390593804, Sending command (1/1): vcx=0.000,wc=0.000
 [19 bytes written]
[INFO] [1791448824.440452894] [serial_twistctl_node]: [TWIST_RX] Received Twist message - linear.x=0.000, angular.z=0.000, scaled_angular.z=0.000
[INFO] [1791448824.440507059] [serial_twistctl_node]: [SERIAL_TX] Timestamp: 1791448824440495189, Sending command (1/1): vcx=0.000,wc=0.000
 [19 bytes written]
[INFO] [1791448824.490323845] [serial_twistctl_node]: [TWIST_RX] Received Twist message - linear.x=0.000, angular.z=0.000, scaled_angular.z=0.000
[INFO] [1791448824.490383090] [serial_twistctl_node]: [SERIAL_TX] Timestamp: 1791448824490371425, Sending command (1/1): vcx=0.000,wc=0.000
 [19 bytes written]
[INFO] [1791448824.540318100] [serial_twistctl_node]: [TWIST_RX] Received Twist message - linear.x=0.000, angular.z=0.000, scaled_angular.z=0.000
[INFO] [1791448824.540385642] [serial_twistctl_node]: [SERIAL_TX] Timestamp: 1791448824540361027, Sending command (1/1): vcx=0.000,wc=0.000
 [19 bytes written]
[INFO] [1791448824.590420931] [serial_twistctl_node]: [TWIST_RX] Received Twist message - linear.x=0.000, angular.z=0.000, scaled_angular.z=0.000
[INFO] [1791448824.590478218] [serial_twistctl_node]: [SERIAL_TX] Timestamp: 1791448824590465952, Sending command (1/1): vcx=0.000,wc=0.000
 [19 bytes written]
[INFO] [1791448824.640444723] [serial_twistctl_node]: [TWIST_RX] Received Twist message - linear.x=0.000, angular.z=0.000, scaled_angular.z=0.000
[INFO] [1791448824.640503499] [serial_twistctl_node]: [SERIAL_TX] Timestamp: 1791448824640491501, Sending command (1/1): vcx=0.000,wc=0.000
 [19 bytes written]
[INFO] [1791448824.690430010] [serial_twistctl_node]: [TWIST_RX] Received Twist message - linear.x=0.000, angular.z=0.000, scaled_angular.z=0.000
[INFO] [1791448824.690485004] [serial_twistctl_node]: [SERIAL_TX] Timestamp: 1791448824690473101, Sending command (1/1): vcx=0.000,wc=0.000
 [19 bytes written]
[INFO] [1791448824.740479100] [serial_twistctl_node]: [TWIST_RX] Received Twist message - linear.x=0.000, angular.z=0.000, scaled_angular.z=0.000
[INFO] [1791448824.740550015] [serial_twistctl_node]: [SERIAL_TX] Timestamp: 1791448824740526169, Sending command (1/1): vcx=0.000,wc=0.000
 [19 bytes written]
[INFO] [1791448824.790532380] [serial_twistctl_node]: [TWIST_RX] Received Twist message - linear.x=0.000, angular.z=0.000, scaled_angular.z=0.000
[INFO] [1791448824.790589568] [serial_twistctl_node]: [SERIAL_TX] Timestamp: 1791448824790577576, Sending command (1/1): vcx=0.000,wc=0.000
 [19 bytes written]
[INFO] [1791448824.840361951] [serial_twistctl_node]: [TWIST_RX] Received Twist message - linear.x=0.000, angular.z=0.000, scaled_angular.z=0.000
[INFO] [1791448824.840420694] [serial_twistctl_node]: [SERIAL_TX] Timestamp: 1791448824840407759, Sending command (1/1): vcx=0.000,wc=0.000
 [19 bytes written]
[INFO] [1791448824.890458703] [serial_twistctl_node]: [TWIST_RX] Received Twist message - linear.x=0.000, angular.z=0.000, scaled_angular.z=0.000
[INFO] [1791448824.890519016] [serial_twistctl_node]: [SERIAL_TX] Timestamp: 1791448824890506079, Sending command (1/1): vcx=0.000,wc=0.000
 [19 bytes written]
[INFO] [1791448824.940291123] [serial_twistctl_node]: [TWIST_RX] Received Twist message - linear.x=0.000, angular.z=0.000, scaled_angular.z=0.000
[INFO] [1791448824.940350883] [serial_twistctl_node]: [SERIAL_TX] Timestamp: 1791448824940337907, Sending command (1/1): vcx=0.000,wc=0.000
 [19 bytes written]
[INFO] [1791448824.990466718] [serial_twistctl_node]: [TWIST_RX] Received Twist message - linear.x=0.000, angular.z=0.000, scaled_angular.z=0.000
[INFO] [1791448824.990525975] [serial_twistctl_node]: [SERIAL_TX] Timestamp: 1791448824990512343, Sending command (1/1): vcx=0.000,wc=0.000
 [19 bytes written]
[INFO] [1791448825.040456175] [serial_twistctl_node]: [TWIST_RX] Received Twist message - linear.x=0.000, angular.z=0.000, scaled_angular.z=0.000
[INFO] [1791448825.040527806] [serial_twistctl_node]: [SERIAL_TX] Timestamp: 1791448825040515522, Sending command (1/1): vcx=0.000,wc=0.000
 [19 bytes written]
[INFO] [1791448825.090365131] [serial_twistctl_node]: [TWIST_RX] Received Twist message - linear.x=0.000, angular.z=0.000, scaled_angular.z=0.000
[INFO] [1791448825.090413645] [serial_twistctl_node]: [SERIAL_TX] Timestamp: 1791448825090401657, Sending command (1/1): vcx=0.000,wc=0.000
 [19 bytes written]
[INFO] [1791448825.140319229] [serial_twistctl_node]: [TWIST_RX] Received Twist message - linear.x=0.000, angular.z=0.000, scaled_angular.z=0.000
[INFO] [1791448825.140381462] [serial_twistctl_node]: [SERIAL_TX] Timestamp: 1791448825140367202, Sending command (1/1): vcx=0.000,wc=0.000
 [19 bytes written]
[INFO] [1791448825.190417993] [serial_twistctl_node]: [TWIST_RX] Received Twist message - linear.x=0.000, angular.z=0.000, scaled_angular.z=0.000
[INFO] [1791448825.190475810] [serial_twistctl_node]: [SERIAL_TX] Timestamp: 1791448825190463130, Sending command (1/1): vcx=0.000,wc=0.000
 [19 bytes written]
[INFO] [1791448825.240126179] [serial_twistctl_node]: [TWIST_RX] Received Twist message - linear.x=0.000, angular.z=0.000, scaled_angular.z=0.000
[INFO] [1791448825.240181913] [serial_twistctl_node]: [SERIAL_TX] Timestamp: 1791448825240169868, Sending command (1/1): vcx=0.000,wc=0.000
 [19 bytes written]
[INFO] [1791448825.290305261] [serial_twistctl_node]: [TWIST_RX] Received Twist message - linear.x=0.000, angular.z=0.000, scaled_angular.z=0.000
[INFO] [1791448825.290357559] [serial_twistctl_node]: [SERIAL_TX] Timestamp: 1791448825290347055, Sending command (1/1): vcx=0.000,wc=0.000
 [19 bytes written]
[INFO] [1791448825.340400571] [serial_twistctl_node]: [TWIST_RX] Received Twist message - linear.x=0.000, angular.z=0.000, scaled_angular.z=0.000
[INFO] [1791448825.340457090] [serial_twistctl_node]: [SERIAL_TX] Timestamp: 1791448825340445112, Sending command (1/1): vcx=0.000,wc=0.000
 [19 bytes written]
[INFO] [1791448825.390510698] [serial_twistctl_node]: [TWIST_RX] Received Twist message - linear.x=0.000, angular.z=0.000, scaled_angular.z=0.000
[INFO] [1791448825.390571731] [serial_twistctl_node]: [SERIAL_TX] Timestamp: 1791448825390559243, Sending command (1/1): vcx=0.000,wc=0.000
 [19 bytes written]
[INFO] [1791448825.440484331] [serial_twistctl_node]: [TWIST_RX] Received Twist message - linear.x=0.000, angular.z=0.000, scaled_angular.z=0.000
[INFO] [1791448825.440541520] [serial_twistctl_node]: [SERIAL_TX] Timestamp: 1791448825440528833, Sending command (1/1): vcx=0.000,wc=0.000
 [19 bytes written]
[INFO] [1791448825.490444639] [serial_twistctl_node]: [TWIST_RX] Received Twist message - linear.x=0.000, angular.z=0.000, scaled_angular.z=0.000
[INFO] [1791448825.490497558] [serial_twistctl_node]: [SERIAL_TX] Timestamp: 1791448825490485815, Sending command (1/1): vcx=0.000,wc=0.000
 [19 bytes written]
[INFO] [1791448825.540486530] [serial_twistctl_node]: [TWIST_RX] Received Twist message - linear.x=0.000, angular.z=0.000, scaled_angular.z=0.000
[INFO] [1791448825.540542966] [serial_twistctl_node]: [SERIAL_TX] Timestamp: 1791448825540530865, Sending command (1/1): vcx=0.000,wc=0.000
 [19 bytes written]
[INFO] [1791448825.590465573] [serial_twistctl_node]: [TWIST_RX] Received Twist message - linear.x=0.000, angular.z=0.000, scaled_angular.z=0.000
[INFO] [1791448825.590519977] [serial_twistctl_node]: [SERIAL_TX] Timestamp: 1791448825590508804, Sending command (1/1): vcx=0.000,wc=0.000
 [19 bytes written]
[INFO] [1791448825.640391528] [serial_twistctl_node]: [TWIST_RX] Received Twist message - linear.x=0.000, angular.z=0.000, scaled_angular.z=0.000
[INFO] [1791448825.640449225] [serial_twistctl_node]: [SERIAL_TX] Timestamp: 1791448825640437395, Sending command (1/1): vcx=0.000,wc=0.000
 [19 bytes written]
[INFO] [1791448825.690198528] [serial_twistctl_node]: [TWIST_RX] Received Twist message - linear.x=0.000, angular.z=0.000, scaled_angular.z=0.000
[INFO] [1791448825.690280814] [serial_twistctl_node]: [SERIAL_TX] Timestamp: 1791448825690269341, Sending command (1/1): vcx=0.000,wc=0.000
 [19 bytes written]
[INFO] [1791448825.740457435] [serial_twistctl_node]: [TWIST_RX] Received Twist message - linear.x=0.000, angular.z=0.000, scaled_angular.z=0.000
[INFO] [1791448825.740507245] [serial_twistctl_node]: [SERIAL_TX] Timestamp: 1791448825740496438, Sending command (1/1): vcx=0.000,wc=0.000
 [19 bytes written]
[INFO] [1791448825.790382461] [serial_twistctl_node]: [TWIST_RX] Received Twist message - linear.x=0.000, angular.z=0.000, scaled_angular.z=0.000
[INFO] [1791448825.790439741] [serial_twistctl_node]: [SERIAL_TX] Timestamp: 1791448825790426930, Sending command (1/1): vcx=0.000,wc=0.000
 [19 bytes written]
[INFO] [1791448825.840391916] [serial_twistctl_node]: [TWIST_RX] Received Twist message - linear.x=0.000, angular.z=0.000, scaled_angular.z=0.000
[INFO] [1791448825.840449705] [serial_twistctl_node]: [SERIAL_TX] Timestamp: 1791448825840436794, Sending command (1/1): vcx=0.000,wc=0.000
 [19 bytes written]
[INFO] [1791448825.890503080] [serial_twistctl_node]: [TWIST_RX] Received Twist message - linear.x=0.000, angular.z=0.000, scaled_angular.z=0.000
[INFO] [1791448825.890561975] [serial_twistctl_node]: [SERIAL_TX] Timestamp: 1791448825890548790, Sending command (1/1): vcx=0.000,wc=0.000
 [19 bytes written]
[INFO] [1791448825.940386352] [serial_twistctl_node]: [TWIST_RX] Received Twist message - linear.x=0.000, angular.z=0.000, scaled_angular.z=0.000
[INFO] [1791448825.940443935] [serial_twistctl_node]: [SERIAL_TX] Timestamp: 1791448825940431262, Sending command (1/1): vcx=0.000,wc=0.000
 [19 bytes written]
[INFO] [1791448825.990372820] [serial_twistctl_node]: [TWIST_RX] Received Twist message - linear.x=0.000, angular.z=0.000, scaled_angular.z=0.000
[INFO] [1791448825.990430057] [serial_twistctl_node]: [SERIAL_TX] Timestamp: 1791448825990417499, Sending command (1/1): vcx=0.000,wc=0.000
 [19 bytes written]
[INFO] [1791448826.040333368] [serial_twistctl_node]: [TWIST_RX] Received Twist message - linear.x=0.000, angular.z=0.000, scaled_angular.z=0.000
[INFO] [1791448826.040395600] [serial_twistctl_node]: [SERIAL_TX] Timestamp: 1791448826040383563, Sending command (1/1): vcx=0.000,wc=0.000
 [19 bytes written]
[INFO] [1791448826.090358039] [serial_twistctl_node]: [TWIST_RX] Received Twist message - linear.x=0.000, angular.z=0.000, scaled_angular.z=0.000
[INFO] [1791448826.090415205] [serial_twistctl_node]: [SERIAL_TX] Timestamp: 1791448826090403538, Sending command (1/1): vcx=0.000,wc=0.000
 [19 bytes written]
[INFO] [1791448826.140405745] [serial_twistctl_node]: [TWIST_RX] Received Twist message - linear.x=0.000, angular.z=0.000, scaled_angular.z=0.000
[INFO] [1791448826.140481343] [serial_twistctl_node]: [SERIAL_TX] Timestamp: 1791448826140465263, Sending command (1/1): vcx=0.000,wc=0.000
 [19 bytes written]
[INFO] [1791448826.190489534] [serial_twistctl_node]: [TWIST_RX] Received Twist message - linear.x=0.000, angular.z=0.000, scaled_angular.z=0.000
[INFO] [1791448826.190552234] [serial_twistctl_node]: [SERIAL_TX] Timestamp: 1791448826190540000, Sending command (1/1): vcx=0.000,wc=0.000
 [19 bytes written]
[INFO] [1791448826.240394576] [serial_twistctl_node]: [TWIST_RX] Received Twist message - linear.x=0.000, angular.z=0.000, scaled_angular.z=0.000
[INFO] [1791448826.240454526] [serial_twistctl_node]: [SERIAL_TX] Timestamp: 1791448826240440919, Sending command (1/1): vcx=0.000,wc=0.000
 [19 bytes written]
[INFO] [1791448826.290297513] [serial_twistctl_node]: [TWIST_RX] Received Twist message - linear.x=0.000, angular.z=0.000, scaled_angular.z=0.000
[INFO] [1791448826.290353644] [serial_twistctl_node]: [SERIAL_TX] Timestamp: 1791448826290341071, Sending command (1/1): vcx=0.000,wc=0.000
 [19 bytes written]
[INFO] [1791448826.340388419] [serial_twistctl_node]: [TWIST_RX] Received Twist message - linear.x=0.000, angular.z=0.000, scaled_angular.z=0.000
[INFO] [1791448826.340441794] [serial_twistctl_node]: [SERIAL_TX] Timestamp: 1791448826340429538, Sending command (1/1): vcx=0.000,wc=0.000
 [19 bytes written]
[INFO] [1791448826.390301268] [serial_twistctl_node]: [TWIST_RX] Received Twist message - linear.x=0.000, angular.z=0.000, scaled_angular.z=0.000
[INFO] [1791448826.390357573] [serial_twistctl_node]: [SERIAL_TX] Timestamp: 1791448826390346382, Sending command (1/1): vcx=0.000,wc=0.000
 [19 bytes written]
[INFO] [1791448826.440370181] [serial_twistctl_node]: [TWIST_RX] Received Twist message - linear.x=0.000, angular.z=0.000, scaled_angular.z=0.000
[INFO] [1791448826.440426836] [serial_twistctl_node]: [SERIAL_TX] Timestamp: 1791448826440414259, Sending command (1/1): vcx=0.000,wc=0.000
 [19 bytes written]
[INFO] [1791448826.490345229] [serial_twistctl_node]: [TWIST_RX] Received Twist message - linear.x=0.000, angular.z=0.000, scaled_angular.z=0.000
[INFO] [1791448826.490394849] [serial_twistctl_node]: [SERIAL_TX] Timestamp: 1791448826490382901, Sending command (1/1): vcx=0.000,wc=0.000
 [19 bytes written]
[INFO] [1791448826.540320485] [serial_twistctl_node]: [TWIST_RX] Received Twist message - linear.x=0.000, angular.z=0.000, scaled_angular.z=0.000
[INFO] [1791448826.540376056] [serial_twistctl_node]: [SERIAL_TX] Timestamp: 1791448826540364775, Sending command (1/1): vcx=0.000,wc=0.000
 [19 bytes written]
[INFO] [1791448826.590370636] [serial_twistctl_node]: [TWIST_RX] Received Twist message - linear.x=0.000, angular.z=0.000, scaled_angular.z=0.000
[INFO] [1791448826.590414036] [serial_twistctl_node]: [SERIAL_TX] Timestamp: 1791448826590404288, Sending command (1/1): vcx=0.000,wc=0.000
 [19 bytes written]
[INFO] [1791448826.640376249] [serial_twistctl_node]: [TWIST_RX] Received Twist message - linear.x=0.000, angular.z=0.000, scaled_angular.z=0.000
[INFO] [1791448826.640420670] [serial_twistctl_node]: [SERIAL_TX] Timestamp: 1791448826640410230, Sending command (1/1): vcx=0.000,wc=0.000
 [19 bytes written]
[INFO] [1791448826.690427392] [serial_twistctl_node]: [TWIST_RX] Received Twist message - linear.x=0.000, angular.z=0.000, scaled_angular.z=0.000
[INFO] [1791448826.690493635] [serial_twistctl_node]: [SERIAL_TX] Timestamp: 1791448826690481263, Sending command (1/1): vcx=0.000,wc=0.000
 [19 bytes written]
[INFO] [1791448826.740450434] [serial_twistctl_node]: [TWIST_RX] Received Twist message - linear.x=0.000, angular.z=0.000, scaled_angular.z=0.000
[INFO] [1791448826.740506689] [serial_twistctl_node]: [SERIAL_TX] Timestamp: 1791448826740494612, Sending command (1/1): vcx=0.000,wc=0.000
 [19 bytes written]
[INFO] [1791448826.790330091] [serial_twistctl_node]: [TWIST_RX] Received Twist message - linear.x=0.000, angular.z=0.000, scaled_angular.z=0.000
[INFO] [1791448826.790383311] [serial_twistctl_node]: [SERIAL_TX] Timestamp: 1791448826790372490, Sending command (1/1): vcx=0.000,wc=0.000
 [19 bytes written]
[INFO] [1791448826.840527937] [serial_twistctl_node]: [TWIST_RX] Received Twist message - linear.x=0.000, angular.z=0.000, scaled_angular.z=0.000
[INFO] [1791448826.840580505] [serial_twistctl_node]: [SERIAL_TX] Timestamp: 1791448826840568719, Sending command (1/1): vcx=0.000,wc=0.000
 [19 bytes written]
[INFO] [1791448826.890326871] [serial_twistctl_node]: [TWIST_RX] Received Twist message - linear.x=0.000, angular.z=0.000, scaled_angular.z=0.000
[INFO] [1791448826.890388579] [serial_twistctl_node]: [SERIAL_TX] Timestamp: 1791448826890374531, Sending command (1/1): vcx=0.000,wc=0.000
 [19 bytes written]
[INFO] [1791448826.940298210] [serial_twistctl_node]: [TWIST_RX] Received Twist message - linear.x=0.000, angular.z=0.000, scaled_angular.z=0.000
[INFO] [1791448826.940351737] [serial_twistctl_node]: [SERIAL_TX] Timestamp: 1791448826940340268, Sending command (1/1): vcx=0.000,wc=0.000
 [19 bytes written]
[INFO] [1791448826.990531348] [serial_twistctl_node]: [TWIST_RX] Received Twist message - linear.x=0.000, angular.z=0.000, scaled_angular.z=0.000
[INFO] [1791448826.990583971] [serial_twistctl_node]: [SERIAL_TX] Timestamp: 1791448826990573733, Sending command (1/1): vcx=0.000,wc=0.000
 [19 bytes written]
[INFO] [1791448827.040352790] [serial_twistctl_node]: [TWIST_RX] Received Twist message - linear.x=0.000, angular.z=0.000, scaled_angular.z=0.000
[INFO] [1791448827.040390378] [serial_twistctl_node]: [SERIAL_TX] Timestamp: 1791448827040383491, Sending command (1/1): vcx=0.000,wc=0.000
 [19 bytes written]
[INFO] [1791448827.090389273] [serial_twistctl_node]: [TWIST_RX] Received Twist message - linear.x=0.000, angular.z=0.000, scaled_angular.z=0.000
[INFO] [1791448827.090426794] [serial_twistctl_node]: [SERIAL_TX] Timestamp: 1791448827090418908, Sending command (1/1): vcx=0.000,wc=0.000
 [19 bytes written]
[INFO] [1791448827.140216343] [serial_twistctl_node]: [TWIST_RX] Received Twist message - linear.x=0.000, angular.z=0.000, scaled_angular.z=0.000
[INFO] [1791448827.140259462] [serial_twistctl_node]: [SERIAL_TX] Timestamp: 1791448827140249221, Sending command (1/1): vcx=0.000,wc=0.000
 [19 bytes written]
[INFO] [1791448827.190170254] [serial_twistctl_node]: [TWIST_RX] Received Twist message - linear.x=0.000, angular.z=0.000, scaled_angular.z=0.000
[INFO] [1791448827.190211370] [serial_twistctl_node]: [SERIAL_TX] Timestamp: 1791448827190202377, Sending command (1/1): vcx=0.000,wc=0.000
 [19 bytes written]
[INFO] [1791448827.240146136] [serial_twistctl_node]: [TWIST_RX] Received Twist message - linear.x=0.000, angular.z=0.000, scaled_angular.z=0.000
[INFO] [1791448827.240189203] [serial_twistctl_node]: [SERIAL_TX] Timestamp: 1791448827240180434, Sending command (1/1): vcx=0.000,wc=0.000
 [19 bytes written]
[INFO] [1791448827.290226621] [serial_twistctl_node]: [TWIST_RX] Received Twist message - linear.x=0.000, angular.z=0.000, scaled_angular.z=0.000
[INFO] [1791448827.290266581] [serial_twistctl_node]: [SERIAL_TX] Timestamp: 1791448827290258551, Sending command (1/1): vcx=0.000,wc=0.000
 [19 bytes written]
[INFO] [1791448827.340321721] [serial_twistctl_node]: [TWIST_RX] Received Twist message - linear.x=0.000, angular.z=0.000, scaled_angular.z=0.000
[INFO] [1791448827.340361371] [serial_twistctl_node]: [SERIAL_TX] Timestamp: 1791448827340352063, Sending command (1/1): vcx=0.000,wc=0.000
 [19 bytes written]
[INFO] [1791448827.390325011] [serial_twistctl_node]: [TWIST_RX] Received Twist message - linear.x=0.000, angular.z=0.000, scaled_angular.z=0.000
[INFO] [1791448827.390377109] [serial_twistctl_node]: [SERIAL_TX] Timestamp: 1791448827390365880, Sending command (1/1): vcx=0.000,wc=0.000
 [19 bytes written]
[INFO] [1791448827.440383163] [serial_twistctl_node]: [TWIST_RX] Received Twist message - linear.x=0.000, angular.z=0.000, scaled_angular.z=0.000
[INFO] [1791448827.440439724] [serial_twistctl_node]: [SERIAL_TX] Timestamp: 1791448827440426915, Sending command (1/1): vcx=0.000,wc=0.000
 [19 bytes written]
[INFO] [1791448827.490228786] [serial_twistctl_node]: [TWIST_RX] Received Twist message - linear.x=0.000, angular.z=0.000, scaled_angular.z=0.000
[INFO] [1791448827.490288755] [serial_twistctl_node]: [SERIAL_TX] Timestamp: 1791448827490277319, Sending command (1/1): vcx=0.000,wc=0.000
 [19 bytes written]
[INFO] [1791448827.540289825] [serial_twistctl_node]: [TWIST_RX] Received Twist message - linear.x=0.000, angular.z=0.000, scaled_angular.z=0.000
[INFO] [1791448827.540422498] [serial_twistctl_node]: [SERIAL_TX] Timestamp: 1791448827540408787, Sending command (1/1): vcx=0.000,wc=0.000
 [19 bytes written]
[INFO] [1791448827.590302633] [serial_twistctl_node]: [TWIST_RX] Received Twist message - linear.x=0.000, angular.z=0.000, scaled_angular.z=0.000
[INFO] [1791448827.590343411] [serial_twistctl_node]: [SERIAL_TX] Timestamp: 1791448827590335505, Sending command (1/1): vcx=0.000,wc=0.000
 [19 bytes written]
[INFO] [1791448827.640156650] [serial_twistctl_node]: [TWIST_RX] Received Twist message - linear.x=0.000, angular.z=0.000, scaled_angular.z=0.000
[INFO] [1791448827.640199166] [serial_twistctl_node]: [SERIAL_TX] Timestamp: 1791448827640191765, Sending command (1/1): vcx=0.000,wc=0.000
 [19 bytes written]
[INFO] [1791448827.690382936] [serial_twistctl_node]: [TWIST_RX] Received Twist message - linear.x=0.000, angular.z=0.000, scaled_angular.z=0.000
[INFO] [1791448827.690433168] [serial_twistctl_node]: [SERIAL_TX] Timestamp: 1791448827690425102, Sending command (1/1): vcx=0.000,wc=0.000
 [19 bytes written]
[INFO] [1791448827.740445692] [serial_twistctl_node]: [TWIST_RX] Received Twist message - linear.x=0.000, angular.z=0.000, scaled_angular.z=0.000
[INFO] [1791448827.740480260] [serial_twistctl_node]: [SERIAL_TX] Timestamp: 1791448827740473142, Sending command (1/1): vcx=0.000,wc=0.000
 [19 bytes written]
[INFO] [1791448827.790342552] [serial_twistctl_node]: [TWIST_RX] Received Twist message - linear.x=0.000, angular.z=0.000, scaled_angular.z=0.000
[INFO] [1791448827.790381890] [serial_twistctl_node]: [SERIAL_TX] Timestamp: 1791448827790374060, Sending command (1/1): vcx=0.000,wc=0.000
 [19 bytes written]
[INFO] [1791448827.840316873] [serial_twistctl_node]: [TWIST_RX] Received Twist message - linear.x=0.000, angular.z=0.000, scaled_angular.z=0.000
[INFO] [1791448827.840355443] [serial_twistctl_node]: [SERIAL_TX] Timestamp: 1791448827840347325, Sending command (1/1): vcx=0.000,wc=0.000
 [19 bytes written]
[INFO] [1791448827.890329156] [serial_twistctl_node]: [TWIST_RX] Received Twist message - linear.x=0.000, angular.z=0.000, scaled_angular.z=0.000
[INFO] [1791448827.890365231] [serial_twistctl_node]: [SERIAL_TX] Timestamp: 1791448827890357449, Sending command (1/1): vcx=0.000,wc=0.000
 [19 bytes written]
[INFO] [1791448827.940338969] [serial_twistctl_node]: [TWIST_RX] Received Twist message - linear.x=0.021, angular.z=0.000, scaled_angular.z=0.000
[INFO] [1791448827.940384292] [serial_twistctl_node]: [SERIAL_TX] Timestamp: 1791448827940376144, Sending command (1/1): vcx=0.021,wc=0.000
 [19 bytes written]
[INFO] [1791448827.990309768] [serial_twistctl_node]: [TWIST_RX] Received Twist message - linear.x=0.042, angular.z=0.000, scaled_angular.z=0.000
[INFO] [1791448827.990346057] [serial_twistctl_node]: [SERIAL_TX] Timestamp: 1791448827990337048, Sending command (1/1): vcx=0.042,wc=0.000
 [19 bytes written]
[INFO] [1791448828.040380953] [serial_twistctl_node]: [TWIST_RX] Received Twist message - linear.x=0.064, angular.z=0.000, scaled_angular.z=0.000
[INFO] [1791448828.040416237] [serial_twistctl_node]: [SERIAL_TX] Timestamp: 1791448828040409094, Sending command (1/1): vcx=0.064,wc=0.000
 [19 bytes written]
[INFO] [1791448828.090309643] [serial_twistctl_node]: [TWIST_RX] Received Twist message - linear.x=0.085, angular.z=0.000, scaled_angular.z=0.000
[INFO] [1791448828.090349143] [serial_twistctl_node]: [SERIAL_TX] Timestamp: 1791448828090341608, Sending command (1/1): vcx=0.085,wc=0.000
 [19 bytes written]
[INFO] [1791448828.140319036] [serial_twistctl_node]: [TWIST_RX] Received Twist message - linear.x=0.106, angular.z=0.000, scaled_angular.z=0.000
[INFO] [1791448828.140360200] [serial_twistctl_node]: [SERIAL_TX] Timestamp: 1791448828140351312, Sending command (1/1): vcx=0.106,wc=0.000
 [19 bytes written]
[INFO] [1791448828.190427030] [serial_twistctl_node]: [TWIST_RX] Received Twist message - linear.x=0.127, angular.z=0.000, scaled_angular.z=0.000
[INFO] [1791448828.190469329] [serial_twistctl_node]: [SERIAL_TX] Timestamp: 1791448828190460129, Sending command (1/1): vcx=0.127,wc=0.000
 [19 bytes written]
[INFO] [1791448828.240319620] [serial_twistctl_node]: [TWIST_RX] Received Twist message - linear.x=0.149, angular.z=0.000, scaled_angular.z=0.000
[INFO] [1791448828.240359623] [serial_twistctl_node]: [SERIAL_TX] Timestamp: 1791448828240349659, Sending command (1/1): vcx=0.149,wc=0.000
 [19 bytes written]
[INFO] [1791448828.290183326] [serial_twistctl_node]: [TWIST_RX] Received Twist message - linear.x=0.170, angular.z=0.000, scaled_angular.z=0.000
[INFO] [1791448828.290225457] [serial_twistctl_node]: [SERIAL_TX] Timestamp: 1791448828290215538, Sending command (1/1): vcx=0.170,wc=0.000
 [19 bytes written]
[INFO] [1791448828.340346894] [serial_twistctl_node]: [TWIST_RX] Received Twist message - linear.x=0.191, angular.z=0.000, scaled_angular.z=0.000
[INFO] [1791448828.340381493] [serial_twistctl_node]: [SERIAL_TX] Timestamp: 1791448828340373942, Sending command (1/1): vcx=0.191,wc=0.000
 [19 bytes written]
[INFO] [1791448828.390441443] [serial_twistctl_node]: [TWIST_RX] Received Twist message - linear.x=0.212, angular.z=0.000, scaled_angular.z=0.000
[INFO] [1791448828.390507168] [serial_twistctl_node]: [SERIAL_TX] Timestamp: 1791448828390497969, Sending command (1/1): vcx=0.212,wc=0.000
 [19 bytes written]
[INFO] [1791448828.440413898] [serial_twistctl_node]: [TWIST_RX] Received Twist message - linear.x=0.216, angular.z=0.000, scaled_angular.z=0.000
[INFO] [1791448828.440454139] [serial_twistctl_node]: [SERIAL_TX] Timestamp: 1791448828440445929, Sending command (1/1): vcx=0.216,wc=0.000
 [19 bytes written]
[INFO] [1791448828.490440318] [serial_twistctl_node]: [TWIST_RX] Received Twist message - linear.x=0.219, angular.z=0.000, scaled_angular.z=0.000
[INFO] [1791448828.490478602] [serial_twistctl_node]: [SERIAL_TX] Timestamp: 1791448828490470407, Sending command (1/1): vcx=0.219,wc=0.000
 [19 bytes written]
[INFO] [1791448828.540312131] [serial_twistctl_node]: [TWIST_RX] Received Twist message - linear.x=0.221, angular.z=0.000, scaled_angular.z=0.000
[INFO] [1791448828.540348749] [serial_twistctl_node]: [SERIAL_TX] Timestamp: 1791448828540341826, Sending command (1/1): vcx=0.221,wc=0.000
 [19 bytes written]
[INFO] [1791448828.590283933] [serial_twistctl_node]: [TWIST_RX] Received Twist message - linear.x=0.218, angular.z=0.000, scaled_angular.z=0.000
[INFO] [1791448828.590324236] [serial_twistctl_node]: [SERIAL_TX] Timestamp: 1791448828590314839, Sending command (1/1): vcx=0.218,wc=0.000
 [19 bytes written]
[INFO] [1791448828.640217119] [serial_twistctl_node]: [TWIST_RX] Received Twist message - linear.x=0.220, angular.z=0.000, scaled_angular.z=0.000
[INFO] [1791448828.640256550] [serial_twistctl_node]: [SERIAL_TX] Timestamp: 1791448828640248927, Sending command (1/1): vcx=0.220,wc=0.000
 [19 bytes written]
[INFO] [1791448828.690345868] [serial_twistctl_node]: [TWIST_RX] Received Twist message - linear.x=0.218, angular.z=0.000, scaled_angular.z=0.000
[INFO] [1791448828.690383416] [serial_twistctl_node]: [SERIAL_TX] Timestamp: 1791448828690375690, Sending command (1/1): vcx=0.218,wc=0.000
 [19 bytes written]
[INFO] [1791448828.740350607] [serial_twistctl_node]: [TWIST_RX] Received Twist message - linear.x=0.220, angular.z=0.000, scaled_angular.z=0.000
[INFO] [1791448828.740401946] [serial_twistctl_node]: [SERIAL_TX] Timestamp: 1791448828740390847, Sending command (1/1): vcx=0.220,wc=0.000
 [19 bytes written]
[INFO] [1791448828.790507473] [serial_twistctl_node]: [TWIST_RX] Received Twist message - linear.x=0.217, angular.z=0.000, scaled_angular.z=0.000
[INFO] [1791448828.790564569] [serial_twistctl_node]: [SERIAL_TX] Timestamp: 1791448828790552474, Sending command (1/1): vcx=0.217,wc=0.000
 [19 bytes written]
[INFO] [1791448828.840334507] [serial_twistctl_node]: [TWIST_RX] Received Twist message - linear.x=0.220, angular.z=0.000, scaled_angular.z=0.000
[INFO] [1791448828.840392877] [serial_twistctl_node]: [SERIAL_TX] Timestamp: 1791448828840381310, Sending command (1/1): vcx=0.220,wc=0.000
 [19 bytes written]
[INFO] [1791448828.890337049] [serial_twistctl_node]: [TWIST_RX] Received Twist message - linear.x=0.217, angular.z=0.000, scaled_angular.z=0.000
[INFO] [1791448828.890394086] [serial_twistctl_node]: [SERIAL_TX] Timestamp: 1791448828890381524, Sending command (1/1): vcx=0.217,wc=0.000
 [19 bytes written]
[INFO] [1791448828.940332153] [serial_twistctl_node]: [TWIST_RX] Received Twist message - linear.x=0.219, angular.z=0.000, scaled_angular.z=0.000
[INFO] [1791448828.940392150] [serial_twistctl_node]: [SERIAL_TX] Timestamp: 1791448828940378772, Sending command (1/1): vcx=0.219,wc=0.000
 [19 bytes written]
[INFO] [1791448828.990375178] [serial_twistctl_node]: [TWIST_RX] Received Twist message - linear.x=0.221, angular.z=0.000, scaled_angular.z=0.000
[INFO] [1791448828.990443005] [serial_twistctl_node]: [SERIAL_TX] Timestamp: 1791448828990423283, Sending command (1/1): vcx=0.221,wc=0.000
 [19 bytes written]
[INFO] [1791448829.040299856] [serial_twistctl_node]: [TWIST_RX] Received Twist message - linear.x=0.219, angular.z=0.000, scaled_angular.z=0.000
[INFO] [1791448829.040376180] [serial_twistctl_node]: [SERIAL_TX] Timestamp: 1791448829040362830, Sending command (1/1): vcx=0.219,wc=0.000
 [19 bytes written]
[INFO] [1791448829.090331692] [serial_twistctl_node]: [TWIST_RX] Received Twist message - linear.x=0.220, angular.z=0.000, scaled_angular.z=0.000
[INFO] [1791448829.090391079] [serial_twistctl_node]: [SERIAL_TX] Timestamp: 1791448829090378142, Sending command (1/1): vcx=0.220,wc=0.000
 [19 bytes written]
[INFO] [1791448829.140337152] [serial_twistctl_node]: [TWIST_RX] Received Twist message - linear.x=0.218, angular.z=0.000, scaled_angular.z=0.000
[INFO] [1791448829.140396927] [serial_twistctl_node]: [SERIAL_TX] Timestamp: 1791448829140383245, Sending command (1/1): vcx=0.218,wc=0.000
 [19 bytes written]
[INFO] [1791448829.190131695] [serial_twistctl_node]: [TWIST_RX] Received Twist message - linear.x=0.220, angular.z=0.000, scaled_angular.z=0.000
[INFO] [1791448829.190189490] [serial_twistctl_node]: [SERIAL_TX] Timestamp: 1791448829190175290, Sending command (1/1): vcx=0.220,wc=0.000
 [19 bytes written]
[INFO] [1791448829.240454275] [serial_twistctl_node]: [TWIST_RX] Received Twist message - linear.x=0.217, angular.z=0.000, scaled_angular.z=0.000
[INFO] [1791448829.240513749] [serial_twistctl_node]: [SERIAL_TX] Timestamp: 1791448829240500585, Sending command (1/1): vcx=0.217,wc=0.000
 [19 bytes written]
[INFO] [1791448829.290467177] [serial_twistctl_node]: [TWIST_RX] Received Twist message - linear.x=0.220, angular.z=0.000, scaled_angular.z=0.000
[INFO] [1791448829.290526575] [serial_twistctl_node]: [SERIAL_TX] Timestamp: 1791448829290514051, Sending command (1/1): vcx=0.220,wc=0.000
 [19 bytes written]
[INFO] [1791448829.340224389] [serial_twistctl_node]: [TWIST_RX] Received Twist message - linear.x=0.222, angular.z=0.000, scaled_angular.z=0.000
[INFO] [1791448829.340286232] [serial_twistctl_node]: [SERIAL_TX] Timestamp: 1791448829340272696, Sending command (1/1): vcx=0.222,wc=0.000
 [19 bytes written]
[INFO] [1791448829.390556700] [serial_twistctl_node]: [TWIST_RX] Received Twist message - linear.x=0.230, angular.z=0.000, scaled_angular.z=0.000
[INFO] [1791448829.390617061] [serial_twistctl_node]: [SERIAL_TX] Timestamp: 1791448829390603873, Sending command (1/1): vcx=0.230,wc=0.000
 [19 bytes written]
[INFO] [1791448829.440340231] [serial_twistctl_node]: [TWIST_RX] Received Twist message - linear.x=0.238, angular.z=0.000, scaled_angular.z=0.000
[INFO] [1791448829.440399568] [serial_twistctl_node]: [SERIAL_TX] Timestamp: 1791448829440387073, Sending command (1/1): vcx=0.238,wc=0.000
 [19 bytes written]
[INFO] [1791448829.490305868] [serial_twistctl_node]: [TWIST_RX] Received Twist message - linear.x=0.246, angular.z=0.000, scaled_angular.z=0.000
[INFO] [1791448829.490363054] [serial_twistctl_node]: [SERIAL_TX] Timestamp: 1791448829490349595, Sending command (1/1): vcx=0.246,wc=0.000
 [19 bytes written]
[INFO] [1791448829.540549171] [serial_twistctl_node]: [TWIST_RX] Received Twist message - linear.x=0.000, angular.z=0.000, scaled_angular.z=0.000
[INFO] [1791448829.540602318] [serial_twistctl_node]: [SERIAL_TX] Timestamp: 1791448829540589943, Sending command (1/1): vcx=0.000,wc=0.000
 [19 bytes written]
[INFO] [1791448829.590557889] [serial_twistctl_node]: [TWIST_RX] Received Twist message - linear.x=0.000, angular.z=0.000, scaled_angular.z=0.000
[INFO] [1791448829.590612672] [serial_twistctl_node]: [SERIAL_TX] Timestamp: 1791448829590599572, Sending command (1/1): vcx=0.000,wc=0.000
 [19 bytes written]
[INFO] [1791448829.607448752] [rclcpp]: signal_handler(SIGINT/SIGTERM)
[INFO] [1791448829.607629921] [serial_twistctl_node]: Serial port closed.
