#0 building with "desktop-linux" instance using docker driver

#1 [internal] load build definition from ego-current-build.Dockerfile
#1 transferring dockerfile: 1.42kB done
#1 DONE 0.0s

#2 [internal] load metadata for docker.io/library/ros2-go2:humble
#2 DONE 0.0s

#3 [internal] load .dockerignore
#3 transferring context: 2B done
#3 DONE 0.0s

#4 [1/8] FROM docker.io/library/ros2-go2:humble@sha256:6da9c1f6eb47c4413e5d28bfae51af5a7ef55a63088cdd4d66b023fc31a4b0e7
#4 resolve docker.io/library/ros2-go2:humble@sha256:6da9c1f6eb47c4413e5d28bfae51af5a7ef55a63088cdd4d66b023fc31a4b0e7 done
#4 DONE 0.0s

#5 [internal] load build context
#5 transferring context: 55.66kB done
#5 DONE 0.0s

#6 [2/8] WORKDIR /tmp
#6 CACHED

#7 [3/8] COPY patches /vehicle-research/patches
#7 DONE 0.0s

#8 [4/8] COPY src/research_interfaces /vehicle-research/src/research_interfaces
#8 DONE 0.0s

#9 [5/8] RUN sed -i 's/^Types: deb deb-src$/Types: deb/' /etc/apt/sources.list.d/ros2.sources  && apt-get update  && apt-get install -y --no-install-recommends libboost-all-dev  && rm -rf /var/lib/apt/lists/*
#9 0.287 Get:1 https://mirrors.ustc.edu.cn/ros2/ubuntu jammy InRelease [4,682 B]
#9 0.328 Get:2 https://mirrors.tuna.tsinghua.edu.cn/ubuntu-ports jammy InRelease [270 kB]
#9 0.354 Get:3 https://mirrors.ustc.edu.cn/ros2/ubuntu jammy/main arm64 Packages [1,799 kB]
#9 0.490 Get:4 https://mirrors.tuna.tsinghua.edu.cn/ubuntu-ports jammy-updates InRelease [128 kB]
#9 0.533 Get:5 https://mirrors.tuna.tsinghua.edu.cn/ubuntu-ports jammy-backports InRelease [127 kB]
#9 0.576 Get:6 https://mirrors.tuna.tsinghua.edu.cn/ubuntu-ports jammy-security InRelease [129 kB]
#9 0.620 Get:7 https://mirrors.tuna.tsinghua.edu.cn/ubuntu-ports jammy/multiverse arm64 Packages [224 kB]
#9 0.638 Get:8 https://mirrors.tuna.tsinghua.edu.cn/ubuntu-ports jammy/universe arm64 Packages [17.2 MB]
#9 0.933 Get:9 https://mirrors.tuna.tsinghua.edu.cn/ubuntu-ports jammy/restricted arm64 Packages [24.2 kB]
#9 0.933 Get:10 https://mirrors.tuna.tsinghua.edu.cn/ubuntu-ports jammy/main arm64 Packages [1,758 kB]
#9 0.949 Get:11 https://mirrors.tuna.tsinghua.edu.cn/ubuntu-ports jammy-updates/restricted arm64 Packages [8,314 kB]
#9 1.046 Get:12 https://mirrors.tuna.tsinghua.edu.cn/ubuntu-ports jammy-updates/universe arm64 Packages [1,712 kB]
#9 1.066 Get:13 https://mirrors.tuna.tsinghua.edu.cn/ubuntu-ports jammy-updates/multiverse arm64 Packages [70.2 kB]
#9 1.067 Get:14 https://mirrors.tuna.tsinghua.edu.cn/ubuntu-ports jammy-updates/main arm64 Packages [4,565 kB]
#9 1.115 Get:15 https://mirrors.tuna.tsinghua.edu.cn/ubuntu-ports jammy-backports/main arm64 Packages [82.5 kB]
#9 1.115 Get:16 https://mirrors.tuna.tsinghua.edu.cn/ubuntu-ports jammy-backports/universe arm64 Packages [33.7 kB]
#9 1.116 Get:17 https://mirrors.tuna.tsinghua.edu.cn/ubuntu-ports jammy-security/universe arm64 Packages [1,418 kB]
#9 1.127 Get:18 https://mirrors.tuna.tsinghua.edu.cn/ubuntu-ports jammy-security/restricted arm64 Packages [7,995 kB]
#9 1.231 Get:19 https://mirrors.tuna.tsinghua.edu.cn/ubuntu-ports jammy-security/multiverse arm64 Packages [63.4 kB]
#9 1.232 Get:20 https://mirrors.tuna.tsinghua.edu.cn/ubuntu-ports jammy-security/main arm64 Packages [4,244 kB]
#9 3.020 Fetched 50.2 MB in 3s (17.6 MB/s)
#9 3.020 Reading package lists...
#9 4.037 Reading package lists...
#9 5.006 Building dependency tree...
#9 5.222 Reading state information...
#9 5.437 The following additional packages will be installed:
#9 5.437   autoconf automake autotools-dev gfortran-11 ibverbs-providers icu-devtools
#9 5.437   libboost-atomic-dev libboost-atomic1.74-dev libboost-atomic1.74.0
#9 5.437   libboost-chrono-dev libboost-chrono1.74-dev libboost-chrono1.74.0
#9 5.437   libboost-container-dev libboost-container1.74-dev libboost-container1.74.0
#9 5.437   libboost-context-dev libboost-context1.74-dev libboost-context1.74.0
#9 5.437   libboost-coroutine-dev libboost-coroutine1.74-dev libboost-coroutine1.74.0
#9 5.437   libboost-date-time-dev libboost-date-time1.74-dev libboost-date-time1.74.0
#9 5.437   libboost-dev libboost-exception-dev libboost-exception1.74-dev
#9 5.437   libboost-fiber-dev libboost-fiber1.74-dev libboost-fiber1.74.0
#9 5.437   libboost-filesystem-dev libboost-filesystem1.74-dev
#9 5.437   libboost-filesystem1.74.0 libboost-graph-dev libboost-graph-parallel-dev
#9 5.437   libboost-graph-parallel1.74-dev libboost-graph-parallel1.74.0
#9 5.437   libboost-graph1.74-dev libboost-graph1.74.0 libboost-iostreams-dev
#9 5.437   libboost-iostreams1.74-dev libboost-iostreams1.74.0 libboost-locale-dev
#9 5.437   libboost-locale1.74-dev libboost-locale1.74.0 libboost-log-dev
#9 5.437   libboost-log1.74-dev libboost-log1.74.0 libboost-math-dev
#9 5.437   libboost-math1.74-dev libboost-math1.74.0 libboost-mpi-dev
#9 5.437   libboost-mpi-python-dev libboost-mpi-python1.74-dev
#9 5.437   libboost-mpi-python1.74.0 libboost-mpi1.74-dev libboost-mpi1.74.0
#9 5.437   libboost-nowide-dev libboost-nowide1.74-dev libboost-nowide1.74.0
#9 5.437   libboost-numpy-dev libboost-numpy1.74-dev libboost-numpy1.74.0
#9 5.437   libboost-program-options-dev libboost-program-options1.74-dev
#9 5.437   libboost-program-options1.74.0 libboost-python-dev libboost-python1.74-dev
#9 5.437   libboost-python1.74.0 libboost-random-dev libboost-random1.74-dev
#9 5.437   libboost-random1.74.0 libboost-regex-dev libboost-regex1.74-dev
#9 5.437   libboost-regex1.74.0 libboost-serialization-dev
#9 5.437   libboost-serialization1.74-dev libboost-serialization1.74.0
#9 5.437   libboost-stacktrace-dev libboost-stacktrace1.74-dev
#9 5.437   libboost-stacktrace1.74.0 libboost-system-dev libboost-system1.74-dev
#9 5.437   libboost-system1.74.0 libboost-test-dev libboost-test1.74-dev
#9 5.437   libboost-test1.74.0 libboost-thread-dev libboost-thread1.74-dev
#9 5.437   libboost-thread1.74.0 libboost-timer-dev libboost-timer1.74-dev
#9 5.437   libboost-timer1.74.0 libboost-tools-dev libboost-type-erasure-dev
#9 5.437   libboost-type-erasure1.74-dev libboost-type-erasure1.74.0 libboost-wave-dev
#9 5.437   libboost-wave1.74-dev libboost-wave1.74.0 libboost1.74-dev
#9 5.437   libboost1.74-tools-dev libcbor0.8 libevent-2.1-7 libevent-core-2.1-7
#9 5.437   libevent-dev libevent-extra-2.1-7 libevent-openssl-2.1-7
#9 5.437   libevent-pthreads-2.1-7 libfabric1 libfido2-1 libgfortran-11-dev
#9 5.437   libhwloc-dev libhwloc-plugins libhwloc15 libibverbs-dev libibverbs1
#9 5.437   libicu-dev libjs-jquery-ui libltdl-dev libnl-3-200 libnl-3-dev
#9 5.437   libnl-route-3-200 libnl-route-3-dev libnuma-dev libnuma1 libopenmpi-dev
#9 5.437   libopenmpi3 libpciaccess0 libpmix-dev libpmix2 librdmacm1 libsigsegv2
#9 5.438   libucx0 libxnvctrl0 m4 mpi-default-bin mpi-default-dev ocl-icd-libopencl1
#9 5.438   openmpi-bin openmpi-common openssh-client
#9 5.439 Suggested packages:
#9 5.439   autoconf-archive gnu-standards autoconf-doc libtool gettext gfortran-11-doc
#9 5.439   libcoarrays-dev libboost-doc libboost1.74-doc gccxml
#9 5.439   libboost-contract1.74-dev libmpfrc++-dev libntl-dev xsltproc doxygen
#9 5.439   docbook-xml docbook-xsl default-jdk fop icu-doc libjs-jquery-ui-docs
#9 5.439   libtool-doc openmpi-doc pciutils m4-doc opencl-icd gfortran
#9 5.439   | fortran-compiler keychain libpam-ssh monkeysphere ssh-askpass
#9 5.439 Recommended packages:
#9 5.439   javascript-common libtool libcoarrays-openmpi-dev xauth
#9 5.896 The following NEW packages will be installed:
#9 5.896   autoconf automake autotools-dev gfortran-11 ibverbs-providers icu-devtools
#9 5.896   libboost-all-dev libboost-atomic-dev libboost-atomic1.74-dev
#9 5.896   libboost-atomic1.74.0 libboost-chrono-dev libboost-chrono1.74-dev
#9 5.896   libboost-chrono1.74.0 libboost-container-dev libboost-container1.74-dev
#9 5.896   libboost-container1.74.0 libboost-context-dev libboost-context1.74-dev
#9 5.896   libboost-context1.74.0 libboost-coroutine-dev libboost-coroutine1.74-dev
#9 5.896   libboost-coroutine1.74.0 libboost-date-time-dev libboost-date-time1.74-dev
#9 5.896   libboost-date-time1.74.0 libboost-dev libboost-exception-dev
#9 5.896   libboost-exception1.74-dev libboost-fiber-dev libboost-fiber1.74-dev
#9 5.896   libboost-fiber1.74.0 libboost-filesystem-dev libboost-filesystem1.74-dev
#9 5.896   libboost-filesystem1.74.0 libboost-graph-dev libboost-graph-parallel-dev
#9 5.896   libboost-graph-parallel1.74-dev libboost-graph-parallel1.74.0
#9 5.896   libboost-graph1.74-dev libboost-graph1.74.0 libboost-iostreams-dev
#9 5.896   libboost-iostreams1.74-dev libboost-iostreams1.74.0 libboost-locale-dev
#9 5.896   libboost-locale1.74-dev libboost-locale1.74.0 libboost-log-dev
#9 5.896   libboost-log1.74-dev libboost-log1.74.0 libboost-math-dev
#9 5.896   libboost-math1.74-dev libboost-math1.74.0 libboost-mpi-dev
#9 5.896   libboost-mpi-python-dev libboost-mpi-python1.74-dev
#9 5.896   libboost-mpi-python1.74.0 libboost-mpi1.74-dev libboost-mpi1.74.0
#9 5.896   libboost-nowide-dev libboost-nowide1.74-dev libboost-nowide1.74.0
#9 5.896   libboost-numpy-dev libboost-numpy1.74-dev libboost-numpy1.74.0
#9 5.896   libboost-program-options-dev libboost-program-options1.74-dev
#9 5.896   libboost-program-options1.74.0 libboost-python-dev libboost-python1.74-dev
#9 5.896   libboost-python1.74.0 libboost-random-dev libboost-random1.74-dev
#9 5.896   libboost-random1.74.0 libboost-regex-dev libboost-regex1.74-dev
#9 5.896   libboost-regex1.74.0 libboost-serialization-dev
#9 5.896   libboost-serialization1.74-dev libboost-serialization1.74.0
#9 5.896   libboost-stacktrace-dev libboost-stacktrace1.74-dev
#9 5.896   libboost-stacktrace1.74.0 libboost-system-dev libboost-system1.74-dev
#9 5.896   libboost-system1.74.0 libboost-test-dev libboost-test1.74-dev
#9 5.896   libboost-test1.74.0 libboost-thread-dev libboost-thread1.74-dev
#9 5.896   libboost-thread1.74.0 libboost-timer-dev libboost-timer1.74-dev
#9 5.896   libboost-timer1.74.0 libboost-tools-dev libboost-type-erasure-dev
#9 5.896   libboost-type-erasure1.74-dev libboost-type-erasure1.74.0 libboost-wave-dev
#9 5.896   libboost-wave1.74-dev libboost-wave1.74.0 libboost1.74-dev
#9 5.896   libboost1.74-tools-dev libcbor0.8 libevent-2.1-7 libevent-core-2.1-7
#9 5.896   libevent-dev libevent-extra-2.1-7 libevent-openssl-2.1-7
#9 5.896   libevent-pthreads-2.1-7 libfabric1 libfido2-1 libgfortran-11-dev
#9 5.896   libhwloc-dev libhwloc-plugins libhwloc15 libibverbs-dev libibverbs1
#9 5.896   libicu-dev libjs-jquery-ui libltdl-dev libnl-3-200 libnl-3-dev
#9 5.896   libnl-route-3-200 libnl-route-3-dev libnuma-dev libnuma1 libopenmpi-dev
#9 5.896   libopenmpi3 libpciaccess0 libpmix-dev libpmix2 librdmacm1 libsigsegv2
#9 5.897   libucx0 libxnvctrl0 m4 mpi-default-bin mpi-default-dev ocl-icd-libopencl1
#9 5.897   openmpi-bin openmpi-common openssh-client
#9 6.042 0 upgraded, 143 newly installed, 0 to remove and 288 not upgraded.
#9 6.042 Need to get 64.9 MB of archives.
#9 6.042 After this operation, 449 MB of additional disk space will be used.
#9 6.042 Get:1 https://mirrors.tuna.tsinghua.edu.cn/ubuntu-ports jammy/main arm64 libcbor0.8 arm64 0.8.0-2ubuntu1 [24.3 kB]
#9 6.111 Get:2 https://mirrors.tuna.tsinghua.edu.cn/ubuntu-ports jammy/main arm64 libfido2-1 arm64 1.10.0-1 [81.8 kB]
#9 6.162 Get:3 https://mirrors.tuna.tsinghua.edu.cn/ubuntu-ports jammy/main arm64 libnuma1 arm64 2.0.14-3ubuntu2 [22.4 kB]
#9 6.168 Get:4 https://mirrors.tuna.tsinghua.edu.cn/ubuntu-ports jammy-updates/main arm64 openssh-client arm64 1:8.9p1-3ubuntu0.17 [862 kB]
#9 6.267 Get:5 https://mirrors.tuna.tsinghua.edu.cn/ubuntu-ports jammy/main arm64 libsigsegv2 arm64 2.13-1ubuntu3 [14.5 kB]
#9 6.268 Get:6 https://mirrors.tuna.tsinghua.edu.cn/ubuntu-ports jammy/main arm64 m4 arm64 1.4.18-5ubuntu2 [196 kB]
#9 6.276 Get:7 https://mirrors.tuna.tsinghua.edu.cn/ubuntu-ports jammy/main arm64 autoconf all 2.71-2 [338 kB]
#9 6.294 Get:8 https://mirrors.tuna.tsinghua.edu.cn/ubuntu-ports jammy/main arm64 autotools-dev all 20220109.1 [44.9 kB]
#9 6.296 Get:9 https://mirrors.tuna.tsinghua.edu.cn/ubuntu-ports jammy/main arm64 automake all 1:1.16.5-1.3 [558 kB]
#9 6.308 Get:10 https://mirrors.tuna.tsinghua.edu.cn/ubuntu-ports jammy-updates/main arm64 libgfortran-11-dev arm64 11.4.0-1ubuntu1~22.04.3 [466 kB]
#9 6.318 Get:11 https://mirrors.tuna.tsinghua.edu.cn/ubuntu-ports jammy-updates/main arm64 gfortran-11 arm64 11.4.0-1ubuntu1~22.04.3 [11.0 MB]
#9 6.460 Get:12 https://mirrors.tuna.tsinghua.edu.cn/ubuntu-ports jammy/main arm64 libnl-3-200 arm64 3.5.0-0.1 [58.1 kB]
#9 6.461 Get:13 https://mirrors.tuna.tsinghua.edu.cn/ubuntu-ports jammy/main arm64 libnl-route-3-200 arm64 3.5.0-0.1 [173 kB]
#9 6.464 Get:14 https://mirrors.tuna.tsinghua.edu.cn/ubuntu-ports jammy/main arm64 libibverbs1 arm64 39.0-1 [66.3 kB]
#9 6.465 Get:15 https://mirrors.tuna.tsinghua.edu.cn/ubuntu-ports jammy/main arm64 ibverbs-providers arm64 39.0-1 [334 kB]
#9 6.468 Get:16 https://mirrors.tuna.tsinghua.edu.cn/ubuntu-ports jammy/main arm64 icu-devtools arm64 70.1-2 [193 kB]
#9 6.471 Get:17 https://mirrors.tuna.tsinghua.edu.cn/ubuntu-ports jammy/main arm64 libboost1.74-dev arm64 1.74.0-14ubuntu3 [9,609 kB]
#9 6.577 Get:18 https://mirrors.tuna.tsinghua.edu.cn/ubuntu-ports jammy/main arm64 libboost-dev arm64 1.74.0.3ubuntu7 [3,490 B]
#9 6.577 Get:19 https://mirrors.tuna.tsinghua.edu.cn/ubuntu-ports jammy/main arm64 libboost1.74-tools-dev arm64 1.74.0-14ubuntu3 [1,324 kB]
#9 6.598 Get:20 https://mirrors.tuna.tsinghua.edu.cn/ubuntu-ports jammy/universe arm64 libboost-tools-dev arm64 1.74.0.3ubuntu7 [3,428 B]
#9 6.598 Get:21 https://mirrors.tuna.tsinghua.edu.cn/ubuntu-ports jammy/main arm64 libboost-atomic1.74.0 arm64 1.74.0-14ubuntu3 [224 kB]
#9 6.601 Get:22 https://mirrors.tuna.tsinghua.edu.cn/ubuntu-ports jammy/main arm64 libboost-atomic1.74-dev arm64 1.74.0-14ubuntu3 [222 kB]
#9 6.603 Get:23 https://mirrors.tuna.tsinghua.edu.cn/ubuntu-ports jammy/universe arm64 libboost-atomic-dev arm64 1.74.0.3ubuntu7 [3,546 B]
#9 6.603 Get:24 https://mirrors.tuna.tsinghua.edu.cn/ubuntu-ports jammy/main arm64 libboost-chrono1.74.0 arm64 1.74.0-14ubuntu3 [232 kB]
#9 6.606 Get:25 https://mirrors.tuna.tsinghua.edu.cn/ubuntu-ports jammy/main arm64 libboost-chrono1.74-dev arm64 1.74.0-14ubuntu3 [239 kB]
#9 6.608 Get:26 https://mirrors.tuna.tsinghua.edu.cn/ubuntu-ports jammy/universe arm64 libboost-chrono-dev arm64 1.74.0.3ubuntu7 [3,854 B]
#9 6.611 Get:27 https://mirrors.tuna.tsinghua.edu.cn/ubuntu-ports jammy/universe arm64 libboost-container1.74.0 arm64 1.74.0-14ubuntu3 [245 kB]
#9 6.614 Get:28 https://mirrors.tuna.tsinghua.edu.cn/ubuntu-ports jammy/universe arm64 libboost-container1.74-dev arm64 1.74.0-14ubuntu3 [257 kB]
#9 6.631 Get:29 https://mirrors.tuna.tsinghua.edu.cn/ubuntu-ports jammy/universe arm64 libboost-container-dev arm64 1.74.0.3ubuntu7 [3,712 B]
#9 6.635 Get:30 https://mirrors.tuna.tsinghua.edu.cn/ubuntu-ports jammy/main arm64 libboost-date-time1.74.0 arm64 1.74.0-14ubuntu3 [221 kB]
#9 6.637 Get:31 https://mirrors.tuna.tsinghua.edu.cn/ubuntu-ports jammy/main arm64 libboost-serialization1.74.0 arm64 1.74.0-14ubuntu3 [319 kB]
#9 6.640 Get:32 https://mirrors.tuna.tsinghua.edu.cn/ubuntu-ports jammy/main arm64 libboost-serialization1.74-dev arm64 1.74.0-14ubuntu3 [374 kB]
#9 6.644 Get:33 https://mirrors.tuna.tsinghua.edu.cn/ubuntu-ports jammy/main arm64 libboost-date-time1.74-dev arm64 1.74.0-14ubuntu3 [226 kB]
#9 6.646 Get:34 https://mirrors.tuna.tsinghua.edu.cn/ubuntu-ports jammy/main arm64 libboost-system1.74.0 arm64 1.74.0-14ubuntu3 [221 kB]
#9 6.649 Get:35 https://mirrors.tuna.tsinghua.edu.cn/ubuntu-ports jammy/main arm64 libboost-system1.74-dev arm64 1.74.0-14ubuntu3 [218 kB]
#9 6.651 Get:36 https://mirrors.tuna.tsinghua.edu.cn/ubuntu-ports jammy/main arm64 libboost-thread1.74.0 arm64 1.74.0-14ubuntu3 [260 kB]
#9 6.653 Get:37 https://mirrors.tuna.tsinghua.edu.cn/ubuntu-ports jammy/main arm64 libboost-thread1.74-dev arm64 1.74.0-14ubuntu3 [274 kB]
#9 6.656 Get:38 https://mirrors.tuna.tsinghua.edu.cn/ubuntu-ports jammy/main arm64 libboost-context1.74.0 arm64 1.74.0-14ubuntu3 [222 kB]
#9 6.670 Get:39 https://mirrors.tuna.tsinghua.edu.cn/ubuntu-ports jammy/universe arm64 libboost-context1.74-dev arm64 1.74.0-14ubuntu3 [220 kB]
#9 6.673 Get:40 https://mirrors.tuna.tsinghua.edu.cn/ubuntu-ports jammy/universe arm64 libboost-context-dev arm64 1.74.0.3ubuntu7 [3,456 B]
#9 6.678 Get:41 https://mirrors.tuna.tsinghua.edu.cn/ubuntu-ports jammy/universe arm64 libboost-coroutine1.74.0 arm64 1.74.0-14ubuntu3 [235 kB]
#9 6.685 Get:42 https://mirrors.tuna.tsinghua.edu.cn/ubuntu-ports jammy/universe arm64 libboost-coroutine1.74-dev arm64 1.74.0-14ubuntu3 [247 kB]
#9 6.687 Get:43 https://mirrors.tuna.tsinghua.edu.cn/ubuntu-ports jammy/universe arm64 libboost-coroutine-dev arm64 1.74.0.3ubuntu7 [3,520 B]
#9 6.688 Get:44 https://mirrors.tuna.tsinghua.edu.cn/ubuntu-ports jammy/universe arm64 libboost-date-time-dev arm64 1.74.0.3ubuntu7 [3,248 B]
#9 6.688 Get:45 https://mirrors.tuna.tsinghua.edu.cn/ubuntu-ports jammy/universe arm64 libboost-exception1.74-dev arm64 1.74.0-14ubuntu3 [216 kB]
#9 6.690 Get:46 https://mirrors.tuna.tsinghua.edu.cn/ubuntu-ports jammy/universe arm64 libboost-exception-dev arm64 1.74.0.3ubuntu7 [3,250 B]
#9 6.690 Get:47 https://mirrors.tuna.tsinghua.edu.cn/ubuntu-ports jammy/main arm64 libboost-filesystem1.74.0 arm64 1.74.0-14ubuntu3 [262 kB]
#9 6.693 Get:48 https://mirrors.tuna.tsinghua.edu.cn/ubuntu-ports jammy/main arm64 libboost-filesystem1.74-dev arm64 1.74.0-14ubuntu3 [288 kB]
#9 6.706 Get:49 https://mirrors.tuna.tsinghua.edu.cn/ubuntu-ports jammy/universe arm64 libboost-fiber1.74.0 arm64 1.74.0-14ubuntu3 [241 kB]
#9 6.709 Get:50 https://mirrors.tuna.tsinghua.edu.cn/ubuntu-ports jammy/universe arm64 libboost-fiber1.74-dev arm64 1.74.0-14ubuntu3 [256 kB]
#9 6.719 Get:51 https://mirrors.tuna.tsinghua.edu.cn/ubuntu-ports jammy/universe arm64 libboost-fiber-dev arm64 1.74.0.3ubuntu7 [3,676 B]
#9 6.726 Get:52 https://mirrors.tuna.tsinghua.edu.cn/ubuntu-ports jammy/main arm64 libboost-filesystem-dev arm64 1.74.0.3ubuntu7 [3,280 B]
#9 6.726 Get:53 https://mirrors.tuna.tsinghua.edu.cn/ubuntu-ports jammy/main arm64 libboost-regex1.74.0 arm64 1.74.0-14ubuntu3 [488 kB]
#9 6.731 Get:54 https://mirrors.tuna.tsinghua.edu.cn/ubuntu-ports jammy/universe arm64 libboost-graph1.74.0 arm64 1.74.0-14ubuntu3 [300 kB]
#9 6.734 Get:55 https://mirrors.tuna.tsinghua.edu.cn/ubuntu-ports jammy/main arm64 libicu-dev arm64 70.1-2 [11.6 MB]
#9 6.866 Get:56 https://mirrors.tuna.tsinghua.edu.cn/ubuntu-ports jammy/main arm64 libboost-regex1.74-dev arm64 1.74.0-14ubuntu3 [577 kB]
#9 6.873 Get:57 https://mirrors.tuna.tsinghua.edu.cn/ubuntu-ports jammy/universe arm64 libboost-test1.74.0 arm64 1.74.0-14ubuntu3 [430 kB]
#9 6.877 Get:58 https://mirrors.tuna.tsinghua.edu.cn/ubuntu-ports jammy/universe arm64 libboost-test1.74-dev arm64 1.74.0-14ubuntu3 [566 kB]
#9 6.882 Get:59 https://mirrors.tuna.tsinghua.edu.cn/ubuntu-ports jammy/universe arm64 libboost-graph1.74-dev arm64 1.74.0-14ubuntu3 [335 kB]
#9 6.886 Get:60 https://mirrors.tuna.tsinghua.edu.cn/ubuntu-ports jammy/universe arm64 libboost-graph-dev arm64 1.74.0.3ubuntu7 [3,348 B]
#9 6.886 Get:61 https://mirrors.tuna.tsinghua.edu.cn/ubuntu-ports jammy-updates/main arm64 libevent-core-2.1-7 arm64 2.1.12-stable-1ubuntu0.2 [91.7 kB]
#9 6.886 Get:62 https://mirrors.tuna.tsinghua.edu.cn/ubuntu-ports jammy-updates/main arm64 libevent-pthreads-2.1-7 arm64 2.1.12-stable-1ubuntu0.2 [7,632 B]
#9 6.887 Get:63 https://mirrors.tuna.tsinghua.edu.cn/ubuntu-ports jammy/main arm64 librdmacm1 arm64 39.0-1 [70.4 kB]
#9 6.888 Get:64 https://mirrors.tuna.tsinghua.edu.cn/ubuntu-ports jammy/universe arm64 libfabric1 arm64 1.11.0-3 [436 kB]
#9 6.903 Get:65 https://mirrors.tuna.tsinghua.edu.cn/ubuntu-ports jammy-updates/universe arm64 libhwloc15 arm64 2.7.0-2ubuntu1 [148 kB]
#9 6.908 Get:66 https://mirrors.tuna.tsinghua.edu.cn/ubuntu-ports jammy/main arm64 libpciaccess0 arm64 0.16-3 [18.8 kB]
#9 6.915 Get:67 https://mirrors.tuna.tsinghua.edu.cn/ubuntu-ports jammy-updates/main arm64 libxnvctrl0 arm64 510.47.03-0ubuntu1.22.04.1 [11.2 kB]
#9 6.917 Get:68 https://mirrors.tuna.tsinghua.edu.cn/ubuntu-ports jammy/universe arm64 ocl-icd-libopencl1 arm64 2.2.14-3 [38.8 kB]
#9 6.919 Get:69 https://mirrors.tuna.tsinghua.edu.cn/ubuntu-ports jammy-updates/universe arm64 libhwloc-plugins arm64 2.7.0-2ubuntu1 [15.6 kB]
#9 6.920 Get:70 https://mirrors.tuna.tsinghua.edu.cn/ubuntu-ports jammy/universe arm64 libpmix2 arm64 4.1.2-2ubuntu1 [598 kB]
#9 6.926 Get:71 https://mirrors.tuna.tsinghua.edu.cn/ubuntu-ports jammy/universe arm64 libucx0 arm64 1.12.1~rc2-1 [818 kB]
#9 6.934 Get:72 https://mirrors.tuna.tsinghua.edu.cn/ubuntu-ports jammy/universe arm64 libopenmpi3 arm64 4.1.2-2ubuntu1 [2,468 kB]
#9 6.968 Get:73 https://mirrors.tuna.tsinghua.edu.cn/ubuntu-ports jammy/universe arm64 libboost-mpi1.74.0 arm64 1.74.0-14ubuntu3 [255 kB]
#9 6.971 Get:74 https://mirrors.tuna.tsinghua.edu.cn/ubuntu-ports jammy/universe arm64 libboost-graph-parallel1.74.0 arm64 1.74.0-14ubuntu3 [263 kB]
#9 6.973 Get:75 https://mirrors.tuna.tsinghua.edu.cn/ubuntu-ports jammy/universe arm64 libboost-graph-parallel1.74-dev arm64 1.74.0-14ubuntu3 [278 kB]
#9 6.976 Get:76 https://mirrors.tuna.tsinghua.edu.cn/ubuntu-ports jammy/universe arm64 libboost-graph-parallel-dev arm64 1.74.0.3ubuntu7 [3,384 B]
#9 6.977 Get:77 https://mirrors.tuna.tsinghua.edu.cn/ubuntu-ports jammy/main arm64 libboost-iostreams1.74.0 arm64 1.74.0-14ubuntu3 [243 kB]
#9 6.979 Get:78 https://mirrors.tuna.tsinghua.edu.cn/ubuntu-ports jammy/universe arm64 libboost-iostreams1.74-dev arm64 1.74.0-14ubuntu3 [253 kB]
#9 6.981 Get:79 https://mirrors.tuna.tsinghua.edu.cn/ubuntu-ports jammy/universe arm64 libboost-iostreams-dev arm64 1.74.0.3ubuntu7 [3,236 B]
#9 6.981 Get:80 https://mirrors.tuna.tsinghua.edu.cn/ubuntu-ports jammy/main arm64 libboost-locale1.74.0 arm64 1.74.0-14ubuntu3 [399 kB]
#9 6.985 Get:81 https://mirrors.tuna.tsinghua.edu.cn/ubuntu-ports jammy/universe arm64 libboost-locale1.74-dev arm64 1.74.0-14ubuntu3 [596 kB]
#9 7.004 Get:82 https://mirrors.tuna.tsinghua.edu.cn/ubuntu-ports jammy/universe arm64 libboost-locale-dev arm64 1.74.0.3ubuntu7 [3,572 B]
#9 7.009 Get:83 https://mirrors.tuna.tsinghua.edu.cn/ubuntu-ports jammy/universe arm64 libboost-log1.74.0 arm64 1.74.0-14ubuntu3 [563 kB]
#9 7.016 Get:84 https://mirrors.tuna.tsinghua.edu.cn/ubuntu-ports jammy/universe arm64 libboost-log1.74-dev arm64 1.74.0-14ubuntu3 [861 kB]
#9 7.024 Get:85 https://mirrors.tuna.tsinghua.edu.cn/ubuntu-ports jammy/universe arm64 libboost-log-dev arm64 1.74.0.3ubuntu7 [3,448 B]
#9 7.024 Get:86 https://mirrors.tuna.tsinghua.edu.cn/ubuntu-ports jammy/universe arm64 libboost-math1.74.0 arm64 1.74.0-14ubuntu3 [420 kB]
#9 7.028 Get:87 https://mirrors.tuna.tsinghua.edu.cn/ubuntu-ports jammy/universe arm64 libboost-math1.74-dev arm64 1.74.0-14ubuntu3 [617 kB]
#9 7.035 Get:88 https://mirrors.tuna.tsinghua.edu.cn/ubuntu-ports jammy/universe arm64 libboost-math-dev arm64 1.74.0.3ubuntu7 [3,454 B]
#9 7.035 Get:89 https://mirrors.tuna.tsinghua.edu.cn/ubuntu-ports jammy/universe arm64 openmpi-common all 4.1.2-2ubuntu1 [162 kB]
#9 7.037 Get:90 https://mirrors.tuna.tsinghua.edu.cn/ubuntu-ports jammy/main arm64 libnl-3-dev arm64 3.5.0-0.1 [105 kB]
#9 7.038 Get:91 https://mirrors.tuna.tsinghua.edu.cn/ubuntu-ports jammy/main arm64 libnl-route-3-dev arm64 3.5.0-0.1 [209 kB]
#9 7.040 Get:92 https://mirrors.tuna.tsinghua.edu.cn/ubuntu-ports jammy/main arm64 libibverbs-dev arm64 39.0-1 [627 kB]
#9 7.054 Get:93 https://mirrors.tuna.tsinghua.edu.cn/ubuntu-ports jammy/main arm64 libnuma-dev arm64 2.0.14-3ubuntu2 [37.4 kB]
#9 7.060 Get:94 https://mirrors.tuna.tsinghua.edu.cn/ubuntu-ports jammy/main arm64 libltdl-dev arm64 2.4.6-15build2 [170 kB]
#9 7.062 Get:95 https://mirrors.tuna.tsinghua.edu.cn/ubuntu-ports jammy-updates/universe arm64 libhwloc-dev arm64 2.7.0-2ubuntu1 [249 kB]
#9 7.065 Get:96 https://mirrors.tuna.tsinghua.edu.cn/ubuntu-ports jammy-updates/main arm64 libevent-2.1-7 arm64 2.1.12-stable-1ubuntu0.2 [142 kB]
#9 7.072 Get:97 https://mirrors.tuna.tsinghua.edu.cn/ubuntu-ports jammy-updates/main arm64 libevent-extra-2.1-7 arm64 2.1.12-stable-1ubuntu0.2 [62.4 kB]
#9 7.072 Get:98 https://mirrors.tuna.tsinghua.edu.cn/ubuntu-ports jammy-updates/main arm64 libevent-openssl-2.1-7 arm64 2.1.12-stable-1ubuntu0.2 [14.6 kB]
#9 7.073 Get:99 https://mirrors.tuna.tsinghua.edu.cn/ubuntu-ports jammy-updates/main arm64 libevent-dev arm64 2.1.12-stable-1ubuntu0.2 [286 kB]
#9 7.076 Get:100 https://mirrors.tuna.tsinghua.edu.cn/ubuntu-ports jammy/universe arm64 libpmix-dev arm64 4.1.2-2ubuntu1 [828 kB]
#9 7.084 Get:101 https://mirrors.tuna.tsinghua.edu.cn/ubuntu-ports jammy/universe arm64 libjs-jquery-ui all 1.13.1+dfsg-1 [253 kB]
#9 7.086 Get:102 https://mirrors.tuna.tsinghua.edu.cn/ubuntu-ports jammy/universe arm64 openmpi-bin arm64 4.1.2-2ubuntu1 [116 kB]
#9 7.088 Get:103 https://mirrors.tuna.tsinghua.edu.cn/ubuntu-ports jammy/universe arm64 libopenmpi-dev arm64 4.1.2-2ubuntu1 [867 kB]
#9 7.097 Get:104 https://mirrors.tuna.tsinghua.edu.cn/ubuntu-ports jammy/universe arm64 mpi-default-dev arm64 1.14 [3,698 B]
#9 7.099 Get:105 https://mirrors.tuna.tsinghua.edu.cn/ubuntu-ports jammy/universe arm64 libboost-mpi1.74-dev arm64 1.74.0-14ubuntu3 [287 kB]
#9 7.102 Get:106 https://mirrors.tuna.tsinghua.edu.cn/ubuntu-ports jammy/universe arm64 libboost-mpi-dev arm64 1.74.0.3ubuntu7 [3,328 B]
#9 7.107 Get:107 https://mirrors.tuna.tsinghua.edu.cn/ubuntu-ports jammy/main arm64 libboost-python1.74.0 arm64 1.74.0-14ubuntu3 [293 kB]
#9 7.112 Get:108 https://mirrors.tuna.tsinghua.edu.cn/ubuntu-ports jammy/universe arm64 mpi-default-bin arm64 1.14 [2,896 B]
#9 7.113 Get:109 https://mirrors.tuna.tsinghua.edu.cn/ubuntu-ports jammy/universe arm64 libboost-mpi-python1.74.0 arm64 1.74.0-14ubuntu3 [343 kB]
#9 7.122 Get:110 https://mirrors.tuna.tsinghua.edu.cn/ubuntu-ports jammy/universe arm64 libboost-mpi-python1.74-dev arm64 1.74.0-14ubuntu3 [225 kB]
#9 7.125 Get:111 https://mirrors.tuna.tsinghua.edu.cn/ubuntu-ports jammy/universe arm64 libboost-mpi-python-dev arm64 1.74.0.3ubuntu7 [3,382 B]
#9 7.125 Get:112 https://mirrors.tuna.tsinghua.edu.cn/ubuntu-ports jammy/universe arm64 libboost-numpy1.74.0 arm64 1.74.0-14ubuntu3 [229 kB]
#9 7.131 Get:113 https://mirrors.tuna.tsinghua.edu.cn/ubuntu-ports jammy/universe arm64 libboost-numpy1.74-dev arm64 1.74.0-14ubuntu3 [234 kB]
#9 7.134 Get:114 https://mirrors.tuna.tsinghua.edu.cn/ubuntu-ports jammy/universe arm64 libboost-numpy-dev arm64 1.74.0.3ubuntu7 [3,286 B]
#9 7.134 Get:115 https://mirrors.tuna.tsinghua.edu.cn/ubuntu-ports jammy/main arm64 libboost-program-options1.74.0 arm64 1.74.0-14ubuntu3 [305 kB]
#9 7.139 Get:116 https://mirrors.tuna.tsinghua.edu.cn/ubuntu-ports jammy/main arm64 libboost-program-options1.74-dev arm64 1.74.0-14ubuntu3 [382 kB]
#9 7.145 Get:117 https://mirrors.tuna.tsinghua.edu.cn/ubuntu-ports jammy/main arm64 libboost-program-options-dev arm64 1.74.0.3ubuntu7 [3,266 B]
#9 7.146 Get:118 https://mirrors.tuna.tsinghua.edu.cn/ubuntu-ports jammy/universe arm64 libboost-python1.74-dev arm64 1.74.0-14ubuntu3 [320 kB]
#9 7.153 Get:119 https://mirrors.tuna.tsinghua.edu.cn/ubuntu-ports jammy/universe arm64 libboost-python-dev arm64 1.74.0.3ubuntu7 [3,538 B]
#9 7.157 Get:120 https://mirrors.tuna.tsinghua.edu.cn/ubuntu-ports jammy/universe arm64 libboost-random1.74.0 arm64 1.74.0-14ubuntu3 [231 kB]
#9 7.161 Get:121 https://mirrors.tuna.tsinghua.edu.cn/ubuntu-ports jammy/universe arm64 libboost-random1.74-dev arm64 1.74.0-14ubuntu3 [232 kB]
#9 7.163 Get:122 https://mirrors.tuna.tsinghua.edu.cn/ubuntu-ports jammy/universe arm64 libboost-random-dev arm64 1.74.0.3ubuntu7 [3,258 B]
#9 7.169 Get:123 https://mirrors.tuna.tsinghua.edu.cn/ubuntu-ports jammy/main arm64 libboost-regex-dev arm64 1.74.0.3ubuntu7 [3,508 B]
#9 7.169 Get:124 https://mirrors.tuna.tsinghua.edu.cn/ubuntu-ports jammy/universe arm64 libboost-serialization-dev arm64 1.74.0.3ubuntu7 [3,468 B]
#9 7.173 Get:125 https://mirrors.tuna.tsinghua.edu.cn/ubuntu-ports jammy/universe arm64 libboost-stacktrace1.74.0 arm64 1.74.0-14ubuntu3 [265 kB]
#9 7.177 Get:126 https://mirrors.tuna.tsinghua.edu.cn/ubuntu-ports jammy/universe arm64 libboost-stacktrace1.74-dev arm64 1.74.0-14ubuntu3 [232 kB]
#9 7.180 Get:127 https://mirrors.tuna.tsinghua.edu.cn/ubuntu-ports jammy/universe arm64 libboost-stacktrace-dev arm64 1.74.0.3ubuntu7 [3,258 B]
#9 7.183 Get:128 https://mirrors.tuna.tsinghua.edu.cn/ubuntu-ports jammy/main arm64 libboost-system-dev arm64 1.74.0.3ubuntu7 [3,390 B]
#9 7.190 Get:129 https://mirrors.tuna.tsinghua.edu.cn/ubuntu-ports jammy/universe arm64 libboost-test-dev arm64 1.74.0.3ubuntu7 [3,274 B]
#9 7.197 Get:130 https://mirrors.tuna.tsinghua.edu.cn/ubuntu-ports jammy/main arm64 libboost-thread-dev arm64 1.74.0.3ubuntu7 [3,264 B]
#9 7.197 Get:131 https://mirrors.tuna.tsinghua.edu.cn/ubuntu-ports jammy/universe arm64 libboost-timer1.74.0 arm64 1.74.0-14ubuntu3 [228 kB]
#9 7.200 Get:132 https://mirrors.tuna.tsinghua.edu.cn/ubuntu-ports jammy/universe arm64 libboost-timer1.74-dev arm64 1.74.0-14ubuntu3 [232 kB]
#9 7.204 Get:133 https://mirrors.tuna.tsinghua.edu.cn/ubuntu-ports jammy/universe arm64 libboost-timer-dev arm64 1.74.0.3ubuntu7 [3,380 B]
#9 7.204 Get:134 https://mirrors.tuna.tsinghua.edu.cn/ubuntu-ports jammy/universe arm64 libboost-type-erasure1.74.0 arm64 1.74.0-14ubuntu3 [232 kB]
#9 7.212 Get:135 https://mirrors.tuna.tsinghua.edu.cn/ubuntu-ports jammy/universe arm64 libboost-type-erasure1.74-dev arm64 1.74.0-14ubuntu3 [239 kB]
#9 7.215 Get:136 https://mirrors.tuna.tsinghua.edu.cn/ubuntu-ports jammy/universe arm64 libboost-type-erasure-dev arm64 1.74.0.3ubuntu7 [3,344 B]
#9 7.215 Get:137 https://mirrors.tuna.tsinghua.edu.cn/ubuntu-ports jammy/universe arm64 libboost-wave1.74.0 arm64 1.74.0-14ubuntu3 [433 kB]
#9 7.220 Get:138 https://mirrors.tuna.tsinghua.edu.cn/ubuntu-ports jammy/universe arm64 libboost-wave1.74-dev arm64 1.74.0-14ubuntu3 [507 kB]
#9 7.225 Get:139 https://mirrors.tuna.tsinghua.edu.cn/ubuntu-ports jammy/universe arm64 libboost-wave-dev arm64 1.74.0.3ubuntu7 [3,292 B]
#9 7.231 Get:140 https://mirrors.tuna.tsinghua.edu.cn/ubuntu-ports jammy/universe arm64 libboost-nowide1.74.0 arm64 1.74.0-14ubuntu3 [222 kB]
#9 7.236 Get:141 https://mirrors.tuna.tsinghua.edu.cn/ubuntu-ports jammy/universe arm64 libboost-nowide1.74-dev arm64 1.74.0-14ubuntu3 [220 kB]
#9 7.239 Get:142 https://mirrors.tuna.tsinghua.edu.cn/ubuntu-ports jammy/universe arm64 libboost-nowide-dev arm64 1.74.0.3ubuntu7 [3,322 B]
#9 7.239 Get:143 https://mirrors.tuna.tsinghua.edu.cn/ubuntu-ports jammy/universe arm64 libboost-all-dev arm64 1.74.0.3ubuntu7 [2,268 B]
#9 7.408 debconf: delaying package configuration, since apt-utils is not installed
#9 7.447 Fetched 64.9 MB in 1s (48.7 MB/s)
#9 7.464 Selecting previously unselected package libcbor0.8:arm64.
#9 7.464 (Reading database ... 
(Reading database ... 5%
(Reading database ... 10%
(Reading database ... 15%
(Reading database ... 20%
(Reading database ... 25%
(Reading database ... 30%
(Reading database ... 35%
(Reading database ... 40%
(Reading database ... 45%
(Reading database ... 50%
(Reading database ... 55%
(Reading database ... 60%
(Reading database ... 65%
(Reading database ... 70%
(Reading database ... 75%
(Reading database ... 80%
(Reading database ... 85%
(Reading database ... 90%
(Reading database ... 95%
(Reading database ... 100%
(Reading database ... 42826 files and directories currently installed.)
#9 7.492 Preparing to unpack .../000-libcbor0.8_0.8.0-2ubuntu1_arm64.deb ...
#9 7.495 Unpacking libcbor0.8:arm64 (0.8.0-2ubuntu1) ...
#9 7.513 Selecting previously unselected package libfido2-1:arm64.
#9 7.515 Preparing to unpack .../001-libfido2-1_1.10.0-1_arm64.deb ...
#9 7.517 Unpacking libfido2-1:arm64 (1.10.0-1) ...
#9 7.530 Selecting previously unselected package libnuma1:arm64.
#9 7.532 Preparing to unpack .../002-libnuma1_2.0.14-3ubuntu2_arm64.deb ...
#9 7.534 Unpacking libnuma1:arm64 (2.0.14-3ubuntu2) ...
#9 7.547 Selecting previously unselected package openssh-client.
#9 7.550 Preparing to unpack .../003-openssh-client_1%3a8.9p1-3ubuntu0.17_arm64.deb ...
#9 7.554 Unpacking openssh-client (1:8.9p1-3ubuntu0.17) ...
#9 7.583 Selecting previously unselected package libsigsegv2:arm64.
#9 7.586 Preparing to unpack .../004-libsigsegv2_2.13-1ubuntu3_arm64.deb ...
#9 7.587 Unpacking libsigsegv2:arm64 (2.13-1ubuntu3) ...
#9 7.598 Selecting previously unselected package m4.
#9 7.601 Preparing to unpack .../005-m4_1.4.18-5ubuntu2_arm64.deb ...
#9 7.602 Unpacking m4 (1.4.18-5ubuntu2) ...
#9 7.616 Selecting previously unselected package autoconf.
#9 7.619 Preparing to unpack .../006-autoconf_2.71-2_all.deb ...
#9 7.620 Unpacking autoconf (2.71-2) ...
#9 7.645 Selecting previously unselected package autotools-dev.
#9 7.648 Preparing to unpack .../007-autotools-dev_20220109.1_all.deb ...
#9 7.649 Unpacking autotools-dev (20220109.1) ...
#9 7.665 Selecting previously unselected package automake.
#9 7.668 Preparing to unpack .../008-automake_1%3a1.16.5-1.3_all.deb ...
#9 7.670 Unpacking automake (1:1.16.5-1.3) ...
#9 7.695 Selecting previously unselected package libgfortran-11-dev:arm64.
#9 7.697 Preparing to unpack .../009-libgfortran-11-dev_11.4.0-1ubuntu1~22.04.3_arm64.deb ...
#9 7.699 Unpacking libgfortran-11-dev:arm64 (11.4.0-1ubuntu1~22.04.3) ...
#9 7.724 Selecting previously unselected package gfortran-11.
#9 7.727 Preparing to unpack .../010-gfortran-11_11.4.0-1ubuntu1~22.04.3_arm64.deb ...
#9 7.728 Unpacking gfortran-11 (11.4.0-1ubuntu1~22.04.3) ...
#9 7.865 Selecting previously unselected package libnl-3-200:arm64.
#9 7.868 Preparing to unpack .../011-libnl-3-200_3.5.0-0.1_arm64.deb ...
#9 7.869 Unpacking libnl-3-200:arm64 (3.5.0-0.1) ...
#9 7.883 Selecting previously unselected package libnl-route-3-200:arm64.
#9 7.886 Preparing to unpack .../012-libnl-route-3-200_3.5.0-0.1_arm64.deb ...
#9 7.887 Unpacking libnl-route-3-200:arm64 (3.5.0-0.1) ...
#9 7.902 Selecting previously unselected package libibverbs1:arm64.
#9 7.905 Preparing to unpack .../013-libibverbs1_39.0-1_arm64.deb ...
#9 7.906 Unpacking libibverbs1:arm64 (39.0-1) ...
#9 7.923 Selecting previously unselected package ibverbs-providers:arm64.
#9 7.926 Preparing to unpack .../014-ibverbs-providers_39.0-1_arm64.deb ...
#9 7.933 Unpacking ibverbs-providers:arm64 (39.0-1) ...
#9 7.950 Selecting previously unselected package icu-devtools.
#9 7.953 Preparing to unpack .../015-icu-devtools_70.1-2_arm64.deb ...
#9 7.954 Unpacking icu-devtools (70.1-2) ...
#9 7.972 Selecting previously unselected package libboost1.74-dev:arm64.
#9 7.975 Preparing to unpack .../016-libboost1.74-dev_1.74.0-14ubuntu3_arm64.deb ...
#9 7.977 Unpacking libboost1.74-dev:arm64 (1.74.0-14ubuntu3) ...
#9 9.331 Selecting previously unselected package libboost-dev:arm64.
#9 9.338 Preparing to unpack .../017-libboost-dev_1.74.0.3ubuntu7_arm64.deb ...
#9 9.339 Unpacking libboost-dev:arm64 (1.74.0.3ubuntu7) ...
#9 9.351 Selecting previously unselected package libboost1.74-tools-dev.
#9 9.354 Preparing to unpack .../018-libboost1.74-tools-dev_1.74.0-14ubuntu3_arm64.deb ...
#9 9.355 Unpacking libboost1.74-tools-dev (1.74.0-14ubuntu3) ...
#9 9.406 Selecting previously unselected package libboost-tools-dev.
#9 9.409 Preparing to unpack .../019-libboost-tools-dev_1.74.0.3ubuntu7_arm64.deb ...
#9 9.411 Unpacking libboost-tools-dev (1.74.0.3ubuntu7) ...
#9 9.422 Selecting previously unselected package libboost-atomic1.74.0:arm64.
#9 9.426 Preparing to unpack .../020-libboost-atomic1.74.0_1.74.0-14ubuntu3_arm64.deb ...
#9 9.427 Unpacking libboost-atomic1.74.0:arm64 (1.74.0-14ubuntu3) ...
#9 9.446 Selecting previously unselected package libboost-atomic1.74-dev:arm64.
#9 9.450 Preparing to unpack .../021-libboost-atomic1.74-dev_1.74.0-14ubuntu3_arm64.deb ...
#9 9.451 Unpacking libboost-atomic1.74-dev:arm64 (1.74.0-14ubuntu3) ...
#9 9.470 Selecting previously unselected package libboost-atomic-dev:arm64.
#9 9.473 Preparing to unpack .../022-libboost-atomic-dev_1.74.0.3ubuntu7_arm64.deb ...
#9 9.474 Unpacking libboost-atomic-dev:arm64 (1.74.0.3ubuntu7) ...
#9 9.486 Selecting previously unselected package libboost-chrono1.74.0:arm64.
#9 9.490 Preparing to unpack .../023-libboost-chrono1.74.0_1.74.0-14ubuntu3_arm64.deb ...
#9 9.491 Unpacking libboost-chrono1.74.0:arm64 (1.74.0-14ubuntu3) ...
#9 9.509 Selecting previously unselected package libboost-chrono1.74-dev:arm64.
#9 9.513 Preparing to unpack .../024-libboost-chrono1.74-dev_1.74.0-14ubuntu3_arm64.deb ...
#9 9.514 Unpacking libboost-chrono1.74-dev:arm64 (1.74.0-14ubuntu3) ...
#9 9.534 Selecting previously unselected package libboost-chrono-dev:arm64.
#9 9.538 Preparing to unpack .../025-libboost-chrono-dev_1.74.0.3ubuntu7_arm64.deb ...
#9 9.539 Unpacking libboost-chrono-dev:arm64 (1.74.0.3ubuntu7) ...
#9 9.551 Selecting previously unselected package libboost-container1.74.0:arm64.
#9 9.555 Preparing to unpack .../026-libboost-container1.74.0_1.74.0-14ubuntu3_arm64.deb ...
#9 9.556 Unpacking libboost-container1.74.0:arm64 (1.74.0-14ubuntu3) ...
#9 9.575 Selecting previously unselected package libboost-container1.74-dev:arm64.
#9 9.579 Preparing to unpack .../027-libboost-container1.74-dev_1.74.0-14ubuntu3_arm64.deb ...
#9 9.580 Unpacking libboost-container1.74-dev:arm64 (1.74.0-14ubuntu3) ...
#9 9.599 Selecting previously unselected package libboost-container-dev:arm64.
#9 9.603 Preparing to unpack .../028-libboost-container-dev_1.74.0.3ubuntu7_arm64.deb ...
#9 9.604 Unpacking libboost-container-dev:arm64 (1.74.0.3ubuntu7) ...
#9 9.615 Selecting previously unselected package libboost-date-time1.74.0:arm64.
#9 9.619 Preparing to unpack .../029-libboost-date-time1.74.0_1.74.0-14ubuntu3_arm64.deb ...
#9 9.620 Unpacking libboost-date-time1.74.0:arm64 (1.74.0-14ubuntu3) ...
#9 9.639 Selecting previously unselected package libboost-serialization1.74.0:arm64.
#9 9.643 Preparing to unpack .../030-libboost-serialization1.74.0_1.74.0-14ubuntu3_arm64.deb ...
#9 9.644 Unpacking libboost-serialization1.74.0:arm64 (1.74.0-14ubuntu3) ...
#9 9.665 Selecting previously unselected package libboost-serialization1.74-dev:arm64.
#9 9.669 Preparing to unpack .../031-libboost-serialization1.74-dev_1.74.0-14ubuntu3_arm64.deb ...
#9 9.670 Unpacking libboost-serialization1.74-dev:arm64 (1.74.0-14ubuntu3) ...
#9 9.697 Selecting previously unselected package libboost-date-time1.74-dev:arm64.
#9 9.700 Preparing to unpack .../032-libboost-date-time1.74-dev_1.74.0-14ubuntu3_arm64.deb ...
#9 9.702 Unpacking libboost-date-time1.74-dev:arm64 (1.74.0-14ubuntu3) ...
#9 9.721 Selecting previously unselected package libboost-system1.74.0:arm64.
#9 9.725 Preparing to unpack .../033-libboost-system1.74.0_1.74.0-14ubuntu3_arm64.deb ...
#9 9.726 Unpacking libboost-system1.74.0:arm64 (1.74.0-14ubuntu3) ...
#9 9.744 Selecting previously unselected package libboost-system1.74-dev:arm64.
#9 9.748 Preparing to unpack .../034-libboost-system1.74-dev_1.74.0-14ubuntu3_arm64.deb ...
#9 9.749 Unpacking libboost-system1.74-dev:arm64 (1.74.0-14ubuntu3) ...
#9 9.769 Selecting previously unselected package libboost-thread1.74.0:arm64.
#9 9.773 Preparing to unpack .../035-libboost-thread1.74.0_1.74.0-14ubuntu3_arm64.deb ...
#9 9.774 Unpacking libboost-thread1.74.0:arm64 (1.74.0-14ubuntu3) ...
#9 9.793 Selecting previously unselected package libboost-thread1.74-dev:arm64.
#9 9.797 Preparing to unpack .../036-libboost-thread1.74-dev_1.74.0-14ubuntu3_arm64.deb ...
#9 9.798 Unpacking libboost-thread1.74-dev:arm64 (1.74.0-14ubuntu3) ...
#9 9.820 Selecting previously unselected package libboost-context1.74.0:arm64.
#9 9.823 Preparing to unpack .../037-libboost-context1.74.0_1.74.0-14ubuntu3_arm64.deb ...
#9 9.824 Unpacking libboost-context1.74.0:arm64 (1.74.0-14ubuntu3) ...
#9 9.843 Selecting previously unselected package libboost-context1.74-dev:arm64.
#9 9.847 Preparing to unpack .../038-libboost-context1.74-dev_1.74.0-14ubuntu3_arm64.deb ...
#9 9.848 Unpacking libboost-context1.74-dev:arm64 (1.74.0-14ubuntu3) ...
#9 9.866 Selecting previously unselected package libboost-context-dev:arm64.
#9 9.870 Preparing to unpack .../039-libboost-context-dev_1.74.0.3ubuntu7_arm64.deb ...
#9 9.871 Unpacking libboost-context-dev:arm64 (1.74.0.3ubuntu7) ...
#9 9.883 Selecting previously unselected package libboost-coroutine1.74.0:arm64.
#9 9.887 Preparing to unpack .../040-libboost-coroutine1.74.0_1.74.0-14ubuntu3_arm64.deb ...
#9 9.888 Unpacking libboost-coroutine1.74.0:arm64 (1.74.0-14ubuntu3) ...
#9 9.907 Selecting previously unselected package libboost-coroutine1.74-dev:arm64.
#9 9.911 Preparing to unpack .../041-libboost-coroutine1.74-dev_1.74.0-14ubuntu3_arm64.deb ...
#9 9.912 Unpacking libboost-coroutine1.74-dev:arm64 (1.74.0-14ubuntu3) ...
#9 9.932 Selecting previously unselected package libboost-coroutine-dev:arm64.
#9 9.936 Preparing to unpack .../042-libboost-coroutine-dev_1.74.0.3ubuntu7_arm64.deb ...
#9 9.937 Unpacking libboost-coroutine-dev:arm64 (1.74.0.3ubuntu7) ...
#9 9.947 Selecting previously unselected package libboost-date-time-dev:arm64.
#9 9.951 Preparing to unpack .../043-libboost-date-time-dev_1.74.0.3ubuntu7_arm64.deb ...
#9 9.952 Unpacking libboost-date-time-dev:arm64 (1.74.0.3ubuntu7) ...
#9 9.962 Selecting previously unselected package libboost-exception1.74-dev:arm64.
#9 9.966 Preparing to unpack .../044-libboost-exception1.74-dev_1.74.0-14ubuntu3_arm64.deb ...
#9 9.967 Unpacking libboost-exception1.74-dev:arm64 (1.74.0-14ubuntu3) ...
#9 9.986 Selecting previously unselected package libboost-exception-dev:arm64.
#9 9.989 Preparing to unpack .../045-libboost-exception-dev_1.74.0.3ubuntu7_arm64.deb ...
#9 9.991 Unpacking libboost-exception-dev:arm64 (1.74.0.3ubuntu7) ...
#9 10.00 Selecting previously unselected package libboost-filesystem1.74.0:arm64.
#9 10.01 Preparing to unpack .../046-libboost-filesystem1.74.0_1.74.0-14ubuntu3_arm64.deb ...
#9 10.01 Unpacking libboost-filesystem1.74.0:arm64 (1.74.0-14ubuntu3) ...
#9 10.03 Selecting previously unselected package libboost-filesystem1.74-dev:arm64.
#9 10.03 Preparing to unpack .../047-libboost-filesystem1.74-dev_1.74.0-14ubuntu3_arm64.deb ...
#9 10.03 Unpacking libboost-filesystem1.74-dev:arm64 (1.74.0-14ubuntu3) ...
#9 10.05 Selecting previously unselected package libboost-fiber1.74.0:arm64.
#9 10.06 Preparing to unpack .../048-libboost-fiber1.74.0_1.74.0-14ubuntu3_arm64.deb ...
#9 10.06 Unpacking libboost-fiber1.74.0:arm64 (1.74.0-14ubuntu3) ...
#9 10.08 Selecting previously unselected package libboost-fiber1.74-dev:arm64.
#9 10.08 Preparing to unpack .../049-libboost-fiber1.74-dev_1.74.0-14ubuntu3_arm64.deb ...
#9 10.08 Unpacking libboost-fiber1.74-dev:arm64 (1.74.0-14ubuntu3) ...
#9 10.10 Selecting previously unselected package libboost-fiber-dev:arm64.
#9 10.11 Preparing to unpack .../050-libboost-fiber-dev_1.74.0.3ubuntu7_arm64.deb ...
#9 10.11 Unpacking libboost-fiber-dev:arm64 (1.74.0.3ubuntu7) ...
#9 10.12 Selecting previously unselected package libboost-filesystem-dev:arm64.
#9 10.12 Preparing to unpack .../051-libboost-filesystem-dev_1.74.0.3ubuntu7_arm64.deb ...
#9 10.12 Unpacking libboost-filesystem-dev:arm64 (1.74.0.3ubuntu7) ...
#9 10.14 Selecting previously unselected package libboost-regex1.74.0:arm64.
#9 10.14 Preparing to unpack .../052-libboost-regex1.74.0_1.74.0-14ubuntu3_arm64.deb ...
#9 10.14 Unpacking libboost-regex1.74.0:arm64 (1.74.0-14ubuntu3) ...
#9 10.17 Selecting previously unselected package libboost-graph1.74.0:arm64.
#9 10.17 Preparing to unpack .../053-libboost-graph1.74.0_1.74.0-14ubuntu3_arm64.deb ...
#9 10.17 Unpacking libboost-graph1.74.0:arm64 (1.74.0-14ubuntu3) ...
#9 10.19 Selecting previously unselected package libicu-dev:arm64.
#9 10.20 Preparing to unpack .../054-libicu-dev_70.1-2_arm64.deb ...
#9 10.20 Unpacking libicu-dev:arm64 (70.1-2) ...
#9 10.40 Selecting previously unselected package libboost-regex1.74-dev:arm64.
#9 10.40 Preparing to unpack .../055-libboost-regex1.74-dev_1.74.0-14ubuntu3_arm64.deb ...
#9 10.40 Unpacking libboost-regex1.74-dev:arm64 (1.74.0-14ubuntu3) ...
#9 10.43 Selecting previously unselected package libboost-test1.74.0:arm64.
#9 10.44 Preparing to unpack .../056-libboost-test1.74.0_1.74.0-14ubuntu3_arm64.deb ...
#9 10.44 Unpacking libboost-test1.74.0:arm64 (1.74.0-14ubuntu3) ...
#9 10.46 Selecting previously unselected package libboost-test1.74-dev:arm64.
#9 10.46 Preparing to unpack .../057-libboost-test1.74-dev_1.74.0-14ubuntu3_arm64.deb ...
#9 10.47 Unpacking libboost-test1.74-dev:arm64 (1.74.0-14ubuntu3) ...
#9 10.50 Selecting previously unselected package libboost-graph1.74-dev:arm64.
#9 10.51 Preparing to unpack .../058-libboost-graph1.74-dev_1.74.0-14ubuntu3_arm64.deb ...
#9 10.51 Unpacking libboost-graph1.74-dev:arm64 (1.74.0-14ubuntu3) ...
#9 10.53 Selecting previously unselected package libboost-graph-dev:arm64.
#9 10.54 Preparing to unpack .../059-libboost-graph-dev_1.74.0.3ubuntu7_arm64.deb ...
#9 10.54 Unpacking libboost-graph-dev:arm64 (1.74.0.3ubuntu7) ...
#9 10.55 Selecting previously unselected package libevent-core-2.1-7:arm64.
#9 10.55 Preparing to unpack .../060-libevent-core-2.1-7_2.1.12-stable-1ubuntu0.2_arm64.deb ...
#9 10.56 Unpacking libevent-core-2.1-7:arm64 (2.1.12-stable-1ubuntu0.2) ...
#9 10.57 Selecting previously unselected package libevent-pthreads-2.1-7:arm64.
#9 10.57 Preparing to unpack .../061-libevent-pthreads-2.1-7_2.1.12-stable-1ubuntu0.2_arm64.deb ...
#9 10.58 Unpacking libevent-pthreads-2.1-7:arm64 (2.1.12-stable-1ubuntu0.2) ...
#9 10.59 Selecting previously unselected package librdmacm1:arm64.
#9 10.59 Preparing to unpack .../062-librdmacm1_39.0-1_arm64.deb ...
#9 10.59 Unpacking librdmacm1:arm64 (39.0-1) ...
#9 10.61 Selecting previously unselected package libfabric1:arm64.
#9 10.61 Preparing to unpack .../063-libfabric1_1.11.0-3_arm64.deb ...
#9 10.61 Unpacking libfabric1:arm64 (1.11.0-3) ...
#9 10.63 Selecting previously unselected package libhwloc15:arm64.
#9 10.63 Preparing to unpack .../064-libhwloc15_2.7.0-2ubuntu1_arm64.deb ...
#9 10.63 Unpacking libhwloc15:arm64 (2.7.0-2ubuntu1) ...
#9 10.65 Selecting previously unselected package libpciaccess0:arm64.
#9 10.65 Preparing to unpack .../065-libpciaccess0_0.16-3_arm64.deb ...
#9 10.65 Unpacking libpciaccess0:arm64 (0.16-3) ...
#9 10.67 Selecting previously unselected package libxnvctrl0:arm64.
#9 10.67 Preparing to unpack .../066-libxnvctrl0_510.47.03-0ubuntu1.22.04.1_arm64.deb ...
#9 10.67 Unpacking libxnvctrl0:arm64 (510.47.03-0ubuntu1.22.04.1) ...
#9 10.69 Selecting previously unselected package ocl-icd-libopencl1:arm64.
#9 10.69 Preparing to unpack .../067-ocl-icd-libopencl1_2.2.14-3_arm64.deb ...
#9 10.69 Unpacking ocl-icd-libopencl1:arm64 (2.2.14-3) ...
#9 10.70 Selecting previously unselected package libhwloc-plugins:arm64.
#9 10.71 Preparing to unpack .../068-libhwloc-plugins_2.7.0-2ubuntu1_arm64.deb ...
#9 10.71 Unpacking libhwloc-plugins:arm64 (2.7.0-2ubuntu1) ...
#9 10.72 Selecting previously unselected package libpmix2:arm64.
#9 10.72 Preparing to unpack .../069-libpmix2_4.1.2-2ubuntu1_arm64.deb ...
#9 10.72 Unpacking libpmix2:arm64 (4.1.2-2ubuntu1) ...
#9 10.75 Selecting previously unselected package libucx0:arm64.
#9 10.75 Preparing to unpack .../070-libucx0_1.12.1~rc2-1_arm64.deb ...
#9 10.75 Unpacking libucx0:arm64 (1.12.1~rc2-1) ...
#9 10.77 Selecting previously unselected package libopenmpi3:arm64.
#9 10.78 Preparing to unpack .../071-libopenmpi3_4.1.2-2ubuntu1_arm64.deb ...
#9 10.78 Unpacking libopenmpi3:arm64 (4.1.2-2ubuntu1) ...
#9 10.83 Selecting previously unselected package libboost-mpi1.74.0.
#9 10.84 Preparing to unpack .../072-libboost-mpi1.74.0_1.74.0-14ubuntu3_arm64.deb ...
#9 10.84 Unpacking libboost-mpi1.74.0 (1.74.0-14ubuntu3) ...
#9 10.86 Selecting previously unselected package libboost-graph-parallel1.74.0.
#9 10.86 Preparing to unpack .../073-libboost-graph-parallel1.74.0_1.74.0-14ubuntu3_arm64.deb ...
#9 10.86 Unpacking libboost-graph-parallel1.74.0 (1.74.0-14ubuntu3) ...
#9 10.88 Selecting previously unselected package libboost-graph-parallel1.74-dev.
#9 10.89 Preparing to unpack .../074-libboost-graph-parallel1.74-dev_1.74.0-14ubuntu3_arm64.deb ...
#9 10.89 Unpacking libboost-graph-parallel1.74-dev (1.74.0-14ubuntu3) ...
#9 10.91 Selecting previously unselected package libboost-graph-parallel-dev.
#9 10.91 Preparing to unpack .../075-libboost-graph-parallel-dev_1.74.0.3ubuntu7_arm64.deb ...
#9 10.91 Unpacking libboost-graph-parallel-dev (1.74.0.3ubuntu7) ...
#9 10.93 Selecting previously unselected package libboost-iostreams1.74.0:arm64.
#9 10.93 Preparing to unpack .../076-libboost-iostreams1.74.0_1.74.0-14ubuntu3_arm64.deb ...
#9 10.93 Unpacking libboost-iostreams1.74.0:arm64 (1.74.0-14ubuntu3) ...
#9 10.95 Selecting previously unselected package libboost-iostreams1.74-dev:arm64.
#9 10.95 Preparing to unpack .../077-libboost-iostreams1.74-dev_1.74.0-14ubuntu3_arm64.deb ...
#9 10.95 Unpacking libboost-iostreams1.74-dev:arm64 (1.74.0-14ubuntu3) ...
#9 10.98 Selecting previously unselected package libboost-iostreams-dev:arm64.
#9 10.98 Preparing to unpack .../078-libboost-iostreams-dev_1.74.0.3ubuntu7_arm64.deb ...
#9 10.98 Unpacking libboost-iostreams-dev:arm64 (1.74.0.3ubuntu7) ...
#9 10.99 Selecting previously unselected package libboost-locale1.74.0:arm64.
#9 11.00 Preparing to unpack .../079-libboost-locale1.74.0_1.74.0-14ubuntu3_arm64.deb ...
#9 11.00 Unpacking libboost-locale1.74.0:arm64 (1.74.0-14ubuntu3) ...
#9 11.02 Selecting previously unselected package libboost-locale1.74-dev:arm64.
#9 11.02 Preparing to unpack .../080-libboost-locale1.74-dev_1.74.0-14ubuntu3_arm64.deb ...
#9 11.02 Unpacking libboost-locale1.74-dev:arm64 (1.74.0-14ubuntu3) ...
#9 11.05 Selecting previously unselected package libboost-locale-dev:arm64.
#9 11.06 Preparing to unpack .../081-libboost-locale-dev_1.74.0.3ubuntu7_arm64.deb ...
#9 11.06 Unpacking libboost-locale-dev:arm64 (1.74.0.3ubuntu7) ...
#9 11.07 Selecting previously unselected package libboost-log1.74.0.
#9 11.07 Preparing to unpack .../082-libboost-log1.74.0_1.74.0-14ubuntu3_arm64.deb ...
#9 11.07 Unpacking libboost-log1.74.0 (1.74.0-14ubuntu3) ...
#9 11.10 Selecting previously unselected package libboost-log1.74-dev.
#9 11.10 Preparing to unpack .../083-libboost-log1.74-dev_1.74.0-14ubuntu3_arm64.deb ...
#9 11.11 Unpacking libboost-log1.74-dev (1.74.0-14ubuntu3) ...
#9 11.15 Selecting previously unselected package libboost-log-dev.
#9 11.16 Preparing to unpack .../084-libboost-log-dev_1.74.0.3ubuntu7_arm64.deb ...
#9 11.16 Unpacking libboost-log-dev (1.74.0.3ubuntu7) ...
#9 11.17 Selecting previously unselected package libboost-math1.74.0:arm64.
#9 11.17 Preparing to unpack .../085-libboost-math1.74.0_1.74.0-14ubuntu3_arm64.deb ...
#9 11.17 Unpacking libboost-math1.74.0:arm64 (1.74.0-14ubuntu3) ...
#9 11.19 Selecting previously unselected package libboost-math1.74-dev:arm64.
#9 11.20 Preparing to unpack .../086-libboost-math1.74-dev_1.74.0-14ubuntu3_arm64.deb ...
#9 11.20 Unpacking libboost-math1.74-dev:arm64 (1.74.0-14ubuntu3) ...
#9 11.23 Selecting previously unselected package libboost-math-dev:arm64.
#9 11.24 Preparing to unpack .../087-libboost-math-dev_1.74.0.3ubuntu7_arm64.deb ...
#9 11.24 Unpacking libboost-math-dev:arm64 (1.74.0.3ubuntu7) ...
#9 11.25 Selecting previously unselected package openmpi-common.
#9 11.25 Preparing to unpack .../088-openmpi-common_4.1.2-2ubuntu1_all.deb ...
#9 11.25 Unpacking openmpi-common (4.1.2-2ubuntu1) ...
#9 11.27 Selecting previously unselected package libnl-3-dev:arm64.
#9 11.27 Preparing to unpack .../089-libnl-3-dev_3.5.0-0.1_arm64.deb ...
#9 11.28 Unpacking libnl-3-dev:arm64 (3.5.0-0.1) ...
#9 11.30 Selecting previously unselected package libnl-route-3-dev:arm64.
#9 11.30 Preparing to unpack .../090-libnl-route-3-dev_3.5.0-0.1_arm64.deb ...
#9 11.30 Unpacking libnl-route-3-dev:arm64 (3.5.0-0.1) ...
#9 11.32 Selecting previously unselected package libibverbs-dev:arm64.
#9 11.32 Preparing to unpack .../091-libibverbs-dev_39.0-1_arm64.deb ...
#9 11.32 Unpacking libibverbs-dev:arm64 (39.0-1) ...
#9 11.35 Selecting previously unselected package libnuma-dev:arm64.
#9 11.35 Preparing to unpack .../092-libnuma-dev_2.0.14-3ubuntu2_arm64.deb ...
#9 11.35 Unpacking libnuma-dev:arm64 (2.0.14-3ubuntu2) ...
#9 11.37 Selecting previously unselected package libltdl-dev:arm64.
#9 11.37 Preparing to unpack .../093-libltdl-dev_2.4.6-15build2_arm64.deb ...
#9 11.37 Unpacking libltdl-dev:arm64 (2.4.6-15build2) ...
#9 11.39 Selecting previously unselected package libhwloc-dev:arm64.
#9 11.39 Preparing to unpack .../094-libhwloc-dev_2.7.0-2ubuntu1_arm64.deb ...
#9 11.39 Unpacking libhwloc-dev:arm64 (2.7.0-2ubuntu1) ...
#9 11.41 Selecting previously unselected package libevent-2.1-7:arm64.
#9 11.42 Preparing to unpack .../095-libevent-2.1-7_2.1.12-stable-1ubuntu0.2_arm64.deb ...
#9 11.42 Unpacking libevent-2.1-7:arm64 (2.1.12-stable-1ubuntu0.2) ...
#9 11.43 Selecting previously unselected package libevent-extra-2.1-7:arm64.
#9 11.44 Preparing to unpack .../096-libevent-extra-2.1-7_2.1.12-stable-1ubuntu0.2_arm64.deb ...
#9 11.44 Unpacking libevent-extra-2.1-7:arm64 (2.1.12-stable-1ubuntu0.2) ...
#9 11.45 Selecting previously unselected package libevent-openssl-2.1-7:arm64.
#9 11.46 Preparing to unpack .../097-libevent-openssl-2.1-7_2.1.12-stable-1ubuntu0.2_arm64.deb ...
#9 11.46 Unpacking libevent-openssl-2.1-7:arm64 (2.1.12-stable-1ubuntu0.2) ...
#9 11.47 Selecting previously unselected package libevent-dev.
#9 11.47 Preparing to unpack .../098-libevent-dev_2.1.12-stable-1ubuntu0.2_arm64.deb ...
#9 11.47 Unpacking libevent-dev (2.1.12-stable-1ubuntu0.2) ...
#9 11.49 Selecting previously unselected package libpmix-dev:arm64.
#9 11.50 Preparing to unpack .../099-libpmix-dev_4.1.2-2ubuntu1_arm64.deb ...
#9 11.50 Unpacking libpmix-dev:arm64 (4.1.2-2ubuntu1) ...
#9 11.53 Selecting previously unselected package libjs-jquery-ui.
#9 11.53 Preparing to unpack .../100-libjs-jquery-ui_1.13.1+dfsg-1_all.deb ...
#9 11.53 Unpacking libjs-jquery-ui (1.13.1+dfsg-1) ...
#9 11.57 Selecting previously unselected package openmpi-bin.
#9 11.58 Preparing to unpack .../101-openmpi-bin_4.1.2-2ubuntu1_arm64.deb ...
#9 11.58 Unpacking openmpi-bin (4.1.2-2ubuntu1) ...
#9 11.59 Selecting previously unselected package libopenmpi-dev:arm64.
#9 11.60 Preparing to unpack .../102-libopenmpi-dev_4.1.2-2ubuntu1_arm64.deb ...
#9 11.60 Unpacking libopenmpi-dev:arm64 (4.1.2-2ubuntu1) ...
#9 11.74 Selecting previously unselected package mpi-default-dev.
#9 11.74 Preparing to unpack .../103-mpi-default-dev_1.14_arm64.deb ...
#9 11.74 Unpacking mpi-default-dev (1.14) ...
#9 11.76 Selecting previously unselected package libboost-mpi1.74-dev.
#9 11.76 Preparing to unpack .../104-libboost-mpi1.74-dev_1.74.0-14ubuntu3_arm64.deb ...
#9 11.76 Unpacking libboost-mpi1.74-dev (1.74.0-14ubuntu3) ...
#9 11.79 Selecting previously unselected package libboost-mpi-dev.
#9 11.79 Preparing to unpack .../105-libboost-mpi-dev_1.74.0.3ubuntu7_arm64.deb ...
#9 11.79 Unpacking libboost-mpi-dev (1.74.0.3ubuntu7) ...
#9 11.81 Selecting previously unselected package libboost-python1.74.0.
#9 11.81 Preparing to unpack .../106-libboost-python1.74.0_1.74.0-14ubuntu3_arm64.deb ...
#9 11.81 Unpacking libboost-python1.74.0 (1.74.0-14ubuntu3) ...
#9 11.83 Selecting previously unselected package mpi-default-bin.
#9 11.84 Preparing to unpack .../107-mpi-default-bin_1.14_arm64.deb ...
#9 11.84 Unpacking mpi-default-bin (1.14) ...
#9 11.85 Selecting previously unselected package libboost-mpi-python1.74.0.
#9 11.85 Preparing to unpack .../108-libboost-mpi-python1.74.0_1.74.0-14ubuntu3_arm64.deb ...
#9 11.85 Unpacking libboost-mpi-python1.74.0 (1.74.0-14ubuntu3) ...
#9 11.88 Selecting previously unselected package libboost-mpi-python1.74-dev.
#9 11.88 Preparing to unpack .../109-libboost-mpi-python1.74-dev_1.74.0-14ubuntu3_arm64.deb ...
#9 11.88 Unpacking libboost-mpi-python1.74-dev (1.74.0-14ubuntu3) ...
#9 11.90 Selecting previously unselected package libboost-mpi-python-dev.
#9 11.91 Preparing to unpack .../110-libboost-mpi-python-dev_1.74.0.3ubuntu7_arm64.deb ...
#9 11.91 Unpacking libboost-mpi-python-dev (1.74.0.3ubuntu7) ...
#9 11.92 Selecting previously unselected package libboost-numpy1.74.0.
#9 11.92 Preparing to unpack .../111-libboost-numpy1.74.0_1.74.0-14ubuntu3_arm64.deb ...
#9 11.92 Unpacking libboost-numpy1.74.0 (1.74.0-14ubuntu3) ...
#9 11.94 Selecting previously unselected package libboost-numpy1.74-dev.
#9 11.95 Preparing to unpack .../112-libboost-numpy1.74-dev_1.74.0-14ubuntu3_arm64.deb ...
#9 11.95 Unpacking libboost-numpy1.74-dev (1.74.0-14ubuntu3) ...
#9 11.97 Selecting previously unselected package libboost-numpy-dev.
#9 11.97 Preparing to unpack .../113-libboost-numpy-dev_1.74.0.3ubuntu7_arm64.deb ...
#9 11.97 Unpacking libboost-numpy-dev (1.74.0.3ubuntu7) ...
#9 11.99 Selecting previously unselected package libboost-program-options1.74.0:arm64.
#9 11.99 Preparing to unpack .../114-libboost-program-options1.74.0_1.74.0-14ubuntu3_arm64.deb ...
#9 11.99 Unpacking libboost-program-options1.74.0:arm64 (1.74.0-14ubuntu3) ...
#9 12.01 Selecting previously unselected package libboost-program-options1.74-dev:arm64.
#9 12.02 Preparing to unpack .../115-libboost-program-options1.74-dev_1.74.0-14ubuntu3_arm64.deb ...
#9 12.02 Unpacking libboost-program-options1.74-dev:arm64 (1.74.0-14ubuntu3) ...
#9 12.04 Selecting previously unselected package libboost-program-options-dev:arm64.
#9 12.05 Preparing to unpack .../116-libboost-program-options-dev_1.74.0.3ubuntu7_arm64.deb ...
#9 12.05 Unpacking libboost-program-options-dev:arm64 (1.74.0.3ubuntu7) ...
#9 12.06 Selecting previously unselected package libboost-python1.74-dev.
#9 12.06 Preparing to unpack .../117-libboost-python1.74-dev_1.74.0-14ubuntu3_arm64.deb ...
#9 12.06 Unpacking libboost-python1.74-dev (1.74.0-14ubuntu3) ...
#9 12.09 Selecting previously unselected package libboost-python-dev.
#9 12.09 Preparing to unpack .../118-libboost-python-dev_1.74.0.3ubuntu7_arm64.deb ...
#9 12.09 Unpacking libboost-python-dev (1.74.0.3ubuntu7) ...
#9 12.10 Selecting previously unselected package libboost-random1.74.0:arm64.
#9 12.11 Preparing to unpack .../119-libboost-random1.74.0_1.74.0-14ubuntu3_arm64.deb ...
#9 12.11 Unpacking libboost-random1.74.0:arm64 (1.74.0-14ubuntu3) ...
#9 12.13 Selecting previously unselected package libboost-random1.74-dev:arm64.
#9 12.13 Preparing to unpack .../120-libboost-random1.74-dev_1.74.0-14ubuntu3_arm64.deb ...
#9 12.13 Unpacking libboost-random1.74-dev:arm64 (1.74.0-14ubuntu3) ...
#9 12.15 Selecting previously unselected package libboost-random-dev:arm64.
#9 12.15 Preparing to unpack .../121-libboost-random-dev_1.74.0.3ubuntu7_arm64.deb ...
#9 12.16 Unpacking libboost-random-dev:arm64 (1.74.0.3ubuntu7) ...
#9 12.17 Selecting previously unselected package libboost-regex-dev:arm64.
#9 12.17 Preparing to unpack .../122-libboost-regex-dev_1.74.0.3ubuntu7_arm64.deb ...
#9 12.17 Unpacking libboost-regex-dev:arm64 (1.74.0.3ubuntu7) ...
#9 12.18 Selecting previously unselected package libboost-serialization-dev:arm64.
#9 12.19 Preparing to unpack .../123-libboost-serialization-dev_1.74.0.3ubuntu7_arm64.deb ...
#9 12.19 Unpacking libboost-serialization-dev:arm64 (1.74.0.3ubuntu7) ...
#9 12.20 Selecting previously unselected package libboost-stacktrace1.74.0:arm64.
#9 12.21 Preparing to unpack .../124-libboost-stacktrace1.74.0_1.74.0-14ubuntu3_arm64.deb ...
#9 12.21 Unpacking libboost-stacktrace1.74.0:arm64 (1.74.0-14ubuntu3) ...
#9 12.23 Selecting previously unselected package libboost-stacktrace1.74-dev:arm64.
#9 12.23 Preparing to unpack .../125-libboost-stacktrace1.74-dev_1.74.0-14ubuntu3_arm64.deb ...
#9 12.23 Unpacking libboost-stacktrace1.74-dev:arm64 (1.74.0-14ubuntu3) ...
#9 12.25 Selecting previously unselected package libboost-stacktrace-dev:arm64.
#9 12.26 Preparing to unpack .../126-libboost-stacktrace-dev_1.74.0.3ubuntu7_arm64.deb ...
#9 12.26 Unpacking libboost-stacktrace-dev:arm64 (1.74.0.3ubuntu7) ...
#9 12.27 Selecting previously unselected package libboost-system-dev:arm64.
#9 12.27 Preparing to unpack .../127-libboost-system-dev_1.74.0.3ubuntu7_arm64.deb ...
#9 12.27 Unpacking libboost-system-dev:arm64 (1.74.0.3ubuntu7) ...
#9 12.28 Selecting previously unselected package libboost-test-dev:arm64.
#9 12.29 Preparing to unpack .../128-libboost-test-dev_1.74.0.3ubuntu7_arm64.deb ...
#9 12.29 Unpacking libboost-test-dev:arm64 (1.74.0.3ubuntu7) ...
#9 12.30 Selecting previously unselected package libboost-thread-dev:arm64.
#9 12.30 Preparing to unpack .../129-libboost-thread-dev_1.74.0.3ubuntu7_arm64.deb ...
#9 12.31 Unpacking libboost-thread-dev:arm64 (1.74.0.3ubuntu7) ...
#9 12.32 Selecting previously unselected package libboost-timer1.74.0:arm64.
#9 12.32 Preparing to unpack .../130-libboost-timer1.74.0_1.74.0-14ubuntu3_arm64.deb ...
#9 12.32 Unpacking libboost-timer1.74.0:arm64 (1.74.0-14ubuntu3) ...
#9 12.34 Selecting previously unselected package libboost-timer1.74-dev:arm64.
#9 12.35 Preparing to unpack .../131-libboost-timer1.74-dev_1.74.0-14ubuntu3_arm64.deb ...
#9 12.35 Unpacking libboost-timer1.74-dev:arm64 (1.74.0-14ubuntu3) ...
#9 12.37 Selecting previously unselected package libboost-timer-dev:arm64.
#9 12.37 Preparing to unpack .../132-libboost-timer-dev_1.74.0.3ubuntu7_arm64.deb ...
#9 12.37 Unpacking libboost-timer-dev:arm64 (1.74.0.3ubuntu7) ...
#9 12.38 Selecting previously unselected package libboost-type-erasure1.74.0:arm64.
#9 12.39 Preparing to unpack .../133-libboost-type-erasure1.74.0_1.74.0-14ubuntu3_arm64.deb ...
#9 12.39 Unpacking libboost-type-erasure1.74.0:arm64 (1.74.0-14ubuntu3) ...
#9 12.41 Selecting previously unselected package libboost-type-erasure1.74-dev:arm64.
#9 12.41 Preparing to unpack .../134-libboost-type-erasure1.74-dev_1.74.0-14ubuntu3_arm64.deb ...
#9 12.41 Unpacking libboost-type-erasure1.74-dev:arm64 (1.74.0-14ubuntu3) ...
#9 12.43 Selecting previously unselected package libboost-type-erasure-dev:arm64.
#9 12.44 Preparing to unpack .../135-libboost-type-erasure-dev_1.74.0.3ubuntu7_arm64.deb ...
#9 12.44 Unpacking libboost-type-erasure-dev:arm64 (1.74.0.3ubuntu7) ...
#9 12.45 Selecting previously unselected package libboost-wave1.74.0:arm64.
#9 12.45 Preparing to unpack .../136-libboost-wave1.74.0_1.74.0-14ubuntu3_arm64.deb ...
#9 12.46 Unpacking libboost-wave1.74.0:arm64 (1.74.0-14ubuntu3) ...
#9 12.48 Selecting previously unselected package libboost-wave1.74-dev:arm64.
#9 12.48 Preparing to unpack .../137-libboost-wave1.74-dev_1.74.0-14ubuntu3_arm64.deb ...
#9 12.48 Unpacking libboost-wave1.74-dev:arm64 (1.74.0-14ubuntu3) ...
#9 12.52 Selecting previously unselected package libboost-wave-dev:arm64.
#9 12.52 Preparing to unpack .../138-libboost-wave-dev_1.74.0.3ubuntu7_arm64.deb ...
#9 12.53 Unpacking libboost-wave-dev:arm64 (1.74.0.3ubuntu7) ...
#9 12.54 Selecting previously unselected package libboost-nowide1.74.0.
#9 12.54 Preparing to unpack .../139-libboost-nowide1.74.0_1.74.0-14ubuntu3_arm64.deb ...
#9 12.54 Unpacking libboost-nowide1.74.0 (1.74.0-14ubuntu3) ...
#9 12.56 Selecting previously unselected package libboost-nowide1.74-dev.
#9 12.57 Preparing to unpack .../140-libboost-nowide1.74-dev_1.74.0-14ubuntu3_arm64.deb ...
#9 12.57 Unpacking libboost-nowide1.74-dev (1.74.0-14ubuntu3) ...
#9 12.59 Selecting previously unselected package libboost-nowide-dev.
#9 12.59 Preparing to unpack .../141-libboost-nowide-dev_1.74.0.3ubuntu7_arm64.deb ...
#9 12.59 Unpacking libboost-nowide-dev (1.74.0.3ubuntu7) ...
#9 12.60 Selecting previously unselected package libboost-all-dev.
#9 12.61 Preparing to unpack .../142-libboost-all-dev_1.74.0.3ubuntu7_arm64.deb ...
#9 12.61 Unpacking libboost-all-dev (1.74.0.3ubuntu7) ...
#9 12.63 Setting up libboost-chrono1.74.0:arm64 (1.74.0-14ubuntu3) ...
#9 12.63 Setting up libboost-system1.74.0:arm64 (1.74.0-14ubuntu3) ...
#9 12.64 Setting up libpciaccess0:arm64 (0.16-3) ...
#9 12.64 Setting up libboost1.74-dev:arm64 (1.74.0-14ubuntu3) ...
#9 12.64 Setting up libboost-atomic1.74.0:arm64 (1.74.0-14ubuntu3) ...
#9 12.65 Setting up libgfortran-11-dev:arm64 (11.4.0-1ubuntu1~22.04.3) ...
#9 12.65 Setting up libboost-iostreams1.74.0:arm64 (1.74.0-14ubuntu3) ...
#9 12.65 Setting up libboost-program-options1.74.0:arm64 (1.74.0-14ubuntu3) ...
#9 12.66 Setting up libcbor0.8:arm64 (0.8.0-2ubuntu1) ...
#9 12.66 Setting up libboost-chrono1.74-dev:arm64 (1.74.0-14ubuntu3) ...
#9 12.66 Setting up libboost-stacktrace1.74.0:arm64 (1.74.0-14ubuntu3) ...
#9 12.66 Setting up libboost-nowide1.74.0 (1.74.0-14ubuntu3) ...
#9 12.67 Setting up libboost-filesystem1.74.0:arm64 (1.74.0-14ubuntu3) ...
#9 12.67 Setting up libboost-exception1.74-dev:arm64 (1.74.0-14ubuntu3) ...
#9 12.67 Setting up libboost-exception-dev:arm64 (1.74.0.3ubuntu7) ...
#9 12.68 Setting up libboost-program-options1.74-dev:arm64 (1.74.0-14ubuntu3) ...
#9 12.68 Setting up libxnvctrl0:arm64 (510.47.03-0ubuntu1.22.04.1) ...
#9 12.68 Setting up autotools-dev (20220109.1) ...
#9 12.69 Setting up libjs-jquery-ui (1.13.1+dfsg-1) ...
#9 12.69 Setting up libboost-test1.74.0:arm64 (1.74.0-14ubuntu3) ...
#9 12.69 Setting up libboost-program-options-dev:arm64 (1.74.0.3ubuntu7) ...
#9 12.70 Setting up libboost-system1.74-dev:arm64 (1.74.0-14ubuntu3) ...
#9 12.70 Setting up libsigsegv2:arm64 (2.13-1ubuntu3) ...
#9 12.70 Setting up libboost-nowide1.74-dev (1.74.0-14ubuntu3) ...
#9 12.71 Setting up libboost-regex1.74.0:arm64 (1.74.0-14ubuntu3) ...
#9 12.71 Setting up libhwloc15:arm64 (2.7.0-2ubuntu1) ...
#9 12.71 Setting up libevent-core-2.1-7:arm64 (2.1.12-stable-1ubuntu0.2) ...
#9 12.71 Setting up libboost-context1.74.0:arm64 (1.74.0-14ubuntu3) ...
#9 12.72 Setting up libevent-2.1-7:arm64 (2.1.12-stable-1ubuntu0.2) ...
#9 12.72 Setting up libboost-graph1.74.0:arm64 (1.74.0-14ubuntu3) ...
#9 12.72 Setting up libboost-random1.74.0:arm64 (1.74.0-14ubuntu3) ...
#9 12.73 Setting up icu-devtools (70.1-2) ...
#9 12.73 Setting up libboost1.74-tools-dev (1.74.0-14ubuntu3) ...
#9 12.73 Setting up gfortran-11 (11.4.0-1ubuntu1~22.04.3) ...
#9 12.74 Setting up libboost-atomic1.74-dev:arm64 (1.74.0-14ubuntu3) ...
#9 12.74 Setting up libboost-math1.74.0:arm64 (1.74.0-14ubuntu3) ...
#9 12.74 Setting up libboost-serialization1.74.0:arm64 (1.74.0-14ubuntu3) ...
#9 12.74 Setting up libboost-atomic-dev:arm64 (1.74.0.3ubuntu7) ...
#9 12.75 Setting up libnuma1:arm64 (2.0.14-3ubuntu2) ...
#9 12.75 Setting up libboost-container1.74.0:arm64 (1.74.0-14ubuntu3) ...
#9 12.75 Setting up ocl-icd-libopencl1:arm64 (2.2.14-3) ...
#9 12.76 Setting up libnl-3-200:arm64 (3.5.0-0.1) ...
#9 12.76 Setting up openmpi-common (4.1.2-2ubuntu1) ...
#9 12.76 Setting up libboost-dev:arm64 (1.74.0.3ubuntu7) ...
#9 12.77 Setting up libboost-math1.74-dev:arm64 (1.74.0-14ubuntu3) ...
#9 12.77 Setting up libboost-filesystem1.74-dev:arm64 (1.74.0-14ubuntu3) ...
#9 12.77 Setting up libboost-date-time1.74.0:arm64 (1.74.0-14ubuntu3) ...
#9 12.78 Setting up libfido2-1:arm64 (1.10.0-1) ...
#9 12.78 Setting up libboost-python1.74.0 (1.74.0-14ubuntu3) ...
#9 12.78 Setting up libboost-fiber1.74.0:arm64 (1.74.0-14ubuntu3) ...
#9 12.78 Setting up libboost-stacktrace1.74-dev:arm64 (1.74.0-14ubuntu3) ...
#9 12.79 Setting up libboost-test1.74-dev:arm64 (1.74.0-14ubuntu3) ...
#9 12.79 Setting up libboost-timer1.74.0:arm64 (1.74.0-14ubuntu3) ...
#9 12.79 Setting up libicu-dev:arm64 (70.1-2) ...
#9 12.80 Setting up libboost-filesystem-dev:arm64 (1.74.0.3ubuntu7) ...
#9 12.80 Setting up libboost-thread1.74.0:arm64 (1.74.0-14ubuntu3) ...
#9 12.80 Setting up libboost-numpy1.74.0 (1.74.0-14ubuntu3) ...
#9 12.81 Setting up libevent-pthreads-2.1-7:arm64 (2.1.12-stable-1ubuntu0.2) ...
#9 12.81 Setting up libboost-log1.74.0 (1.74.0-14ubuntu3) ...
#9 12.81 Setting up libevent-extra-2.1-7:arm64 (2.1.12-stable-1ubuntu0.2) ...
#9 12.82 Setting up libboost-container1.74-dev:arm64 (1.74.0-14ubuntu3) ...
#9 12.82 Setting up libboost-chrono-dev:arm64 (1.74.0.3ubuntu7) ...
#9 12.82 Setting up openssh-client (1:8.9p1-3ubuntu0.17) ...
#9 12.85 update-alternatives: using /usr/bin/ssh to provide /usr/bin/rsh (rsh) in auto mode
#9 12.85 update-alternatives: warning: skip creation of /usr/share/man/man1/rsh.1.gz because associated file /usr/share/man/man1/ssh.1.gz (of link group rsh) doesn't exist
#9 12.86 update-alternatives: using /usr/bin/slogin to provide /usr/bin/rlogin (rlogin) in auto mode
#9 12.86 update-alternatives: warning: skip creation of /usr/share/man/man1/rlogin.1.gz because associated file /usr/share/man/man1/slogin.1.gz (of link group rlogin) doesn't exist
#9 12.86 update-alternatives: using /usr/bin/scp to provide /usr/bin/rcp (rcp) in auto mode
#9 12.86 update-alternatives: warning: skip creation of /usr/share/man/man1/rcp.1.gz because associated file /usr/share/man/man1/scp.1.gz (of link group rcp) doesn't exist
#9 12.86 Setting up libboost-math-dev:arm64 (1.74.0.3ubuntu7) ...
#9 12.86 Setting up libboost-coroutine1.74.0:arm64 (1.74.0-14ubuntu3) ...
#9 12.87 Setting up libboost-system-dev:arm64 (1.74.0.3ubuntu7) ...
#9 12.87 Setting up libevent-openssl-2.1-7:arm64 (2.1.12-stable-1ubuntu0.2) ...
#9 12.87 Setting up m4 (1.4.18-5ubuntu2) ...
#9 12.88 Setting up libboost-tools-dev (1.74.0.3ubuntu7) ...
#9 12.88 Setting up libhwloc-plugins:arm64 (2.7.0-2ubuntu1) ...
#9 12.88 Setting up libboost-nowide-dev (1.74.0.3ubuntu7) ...
#9 12.89 Setting up libboost-container-dev:arm64 (1.74.0.3ubuntu7) ...
#9 12.89 Setting up libboost-python1.74-dev (1.74.0-14ubuntu3) ...
#9 12.89 Setting up libboost-python-dev (1.74.0.3ubuntu7) ...
#9 12.89 Setting up libnuma-dev:arm64 (2.0.14-3ubuntu2) ...
#9 12.90 Setting up libnl-route-3-200:arm64 (3.5.0-0.1) ...
#9 12.90 Setting up libboost-test-dev:arm64 (1.74.0.3ubuntu7) ...
#9 12.90 Setting up libevent-dev (2.1.12-stable-1ubuntu0.2) ...
#9 12.91 Setting up libboost-random1.74-dev:arm64 (1.74.0-14ubuntu3) ...
#9 12.91 Setting up libboost-timer1.74-dev:arm64 (1.74.0-14ubuntu3) ...
#9 12.91 Setting up libboost-numpy1.74-dev (1.74.0-14ubuntu3) ...
#9 12.91 Setting up autoconf (2.71-2) ...
#9 12.92 Setting up libboost-serialization1.74-dev:arm64 (1.74.0-14ubuntu3) ...
#9 12.93 Setting up libboost-wave1.74.0:arm64 (1.74.0-14ubuntu3) ...
#9 12.93 Setting up libboost-regex1.74-dev:arm64 (1.74.0-14ubuntu3) ...
#9 12.94 Setting up libnl-3-dev:arm64 (3.5.0-0.1) ...
#9 12.94 Setting up libboost-stacktrace-dev:arm64 (1.74.0.3ubuntu7) ...
#9 12.94 Setting up libboost-locale1.74.0:arm64 (1.74.0-14ubuntu3) ...
#9 12.94 Setting up libboost-regex-dev:arm64 (1.74.0.3ubuntu7) ...
#9 12.95 Setting up libboost-timer-dev:arm64 (1.74.0.3ubuntu7) ...
#9 12.95 Setting up libboost-type-erasure1.74.0:arm64 (1.74.0-14ubuntu3) ...
#9 12.95 Setting up automake (1:1.16.5-1.3) ...
#9 12.96 update-alternatives: using /usr/bin/automake-1.16 to provide /usr/bin/automake (automake) in auto mode
#9 12.96 update-alternatives: warning: skip creation of /usr/share/man/man1/automake.1.gz because associated file /usr/share/man/man1/automake-1.16.1.gz (of link group automake) doesn't exist
#9 12.96 update-alternatives: warning: skip creation of /usr/share/man/man1/aclocal.1.gz because associated file /usr/share/man/man1/aclocal-1.16.1.gz (of link group automake) doesn't exist
#9 12.96 Setting up libibverbs1:arm64 (39.0-1) ...
#9 12.99 Setting up libboost-wave1.74-dev:arm64 (1.74.0-14ubuntu3) ...
#9 12.99 Setting up libpmix2:arm64 (4.1.2-2ubuntu1) ...
#9 12.99 Setting up ibverbs-providers:arm64 (39.0-1) ...
#9 13.01 Setting up libboost-random-dev:arm64 (1.74.0.3ubuntu7) ...
#9 13.02 Setting up libboost-wave-dev:arm64 (1.74.0.3ubuntu7) ...
#9 13.02 Setting up libboost-iostreams1.74-dev:arm64 (1.74.0-14ubuntu3) ...
#9 13.02 Setting up libnl-route-3-dev:arm64 (3.5.0-0.1) ...
#9 13.03 Setting up libboost-date-time1.74-dev:arm64 (1.74.0-14ubuntu3) ...
#9 13.03 Setting up libltdl-dev:arm64 (2.4.6-15build2) ...
#9 13.03 Setting up libboost-graph1.74-dev:arm64 (1.74.0-14ubuntu3) ...
#9 13.04 Setting up libboost-numpy-dev (1.74.0.3ubuntu7) ...
#9 13.04 Setting up libboost-serialization-dev:arm64 (1.74.0.3ubuntu7) ...
#9 13.04 Setting up libboost-date-time-dev:arm64 (1.74.0.3ubuntu7) ...
#9 13.05 Setting up libboost-thread1.74-dev:arm64 (1.74.0-14ubuntu3) ...
#9 13.05 Setting up libhwloc-dev:arm64 (2.7.0-2ubuntu1) ...
#9 13.05 Setting up libpmix-dev:arm64 (4.1.2-2ubuntu1) ...
#9 13.06 Setting up libboost-thread-dev:arm64 (1.74.0.3ubuntu7) ...
#9 13.06 Setting up librdmacm1:arm64 (39.0-1) ...
#9 13.06 Setting up libboost-graph-dev:arm64 (1.74.0.3ubuntu7) ...
#9 13.07 Setting up libucx0:arm64 (1.12.1~rc2-1) ...
#9 13.07 Setting up libboost-log1.74-dev (1.74.0-14ubuntu3) ...
#9 13.07 Setting up libboost-iostreams-dev:arm64 (1.74.0.3ubuntu7) ...
#9 13.07 Setting up libibverbs-dev:arm64 (39.0-1) ...
#9 13.08 Setting up libboost-context1.74-dev:arm64 (1.74.0-14ubuntu3) ...
#9 13.08 Setting up libboost-fiber1.74-dev:arm64 (1.74.0-14ubuntu3) ...
#9 13.08 Setting up libboost-type-erasure1.74-dev:arm64 (1.74.0-14ubuntu3) ...
#9 13.09 Setting up libboost-locale1.74-dev:arm64 (1.74.0-14ubuntu3) ...
#9 13.09 Setting up libboost-coroutine1.74-dev:arm64 (1.74.0-14ubuntu3) ...
#9 13.09 Setting up libboost-coroutine-dev:arm64 (1.74.0.3ubuntu7) ...
#9 13.10 Setting up libboost-log-dev (1.74.0.3ubuntu7) ...
#9 13.10 Setting up libboost-fiber-dev:arm64 (1.74.0.3ubuntu7) ...
#9 13.10 Setting up libfabric1:arm64 (1.11.0-3) ...
#9 13.11 Setting up libopenmpi3:arm64 (4.1.2-2ubuntu1) ...
#9 13.11 Setting up libboost-mpi1.74.0 (1.74.0-14ubuntu3) ...
#9 13.11 Setting up libboost-locale-dev:arm64 (1.74.0.3ubuntu7) ...
#9 13.12 Setting up libboost-context-dev:arm64 (1.74.0.3ubuntu7) ...
#9 13.12 Setting up libboost-type-erasure-dev:arm64 (1.74.0.3ubuntu7) ...
#9 13.12 Setting up libboost-graph-parallel1.74.0 (1.74.0-14ubuntu3) ...
#9 13.12 Setting up openmpi-bin (4.1.2-2ubuntu1) ...
#9 13.13 update-alternatives: using /usr/bin/mpirun.openmpi to provide /usr/bin/mpirun (mpirun) in auto mode
#9 13.13 update-alternatives: warning: skip creation of /usr/share/man/man1/mpirun.1.gz because associated file /usr/share/man/man1/mpirun.openmpi.1.gz (of link group mpirun) doesn't exist
#9 13.13 update-alternatives: warning: skip creation of /usr/share/man/man1/mpiexec.1.gz because associated file /usr/share/man/man1/mpiexec.openmpi.1.gz (of link group mpirun) doesn't exist
#9 13.13 update-alternatives: using /usr/bin/mpicc.openmpi to provide /usr/bin/mpicc (mpi) in auto mode
#9 13.13 update-alternatives: warning: skip creation of /usr/share/man/man1/mpicc.1.gz because associated file /usr/share/man/man1/mpicc.openmpi.1.gz (of link group mpi) doesn't exist
#9 13.13 update-alternatives: warning: skip creation of /usr/share/man/man1/mpic++.1.gz because associated file /usr/share/man/man1/mpic++.openmpi.1.gz (of link group mpi) doesn't exist
#9 13.13 update-alternatives: warning: skip creation of /usr/share/man/man1/mpicxx.1.gz because associated file /usr/share/man/man1/mpicxx.openmpi.1.gz (of link group mpi) doesn't exist
#9 13.13 update-alternatives: warning: skip creation of /usr/share/man/man1/mpiCC.1.gz because associated file /usr/share/man/man1/mpiCC.openmpi.1.gz (of link group mpi) doesn't exist
#9 13.13 update-alternatives: warning: skip creation of /usr/share/man/man1/mpif77.1.gz because associated file /usr/share/man/man1/mpif77.openmpi.1.gz (of link group mpi) doesn't exist
#9 13.13 update-alternatives: warning: skip creation of /usr/share/man/man1/mpif90.1.gz because associated file /usr/share/man/man1/mpif90.openmpi.1.gz (of link group mpi) doesn't exist
#9 13.13 update-alternatives: warning: skip creation of /usr/share/man/man1/mpifort.1.gz because associated file /usr/share/man/man1/mpifort.openmpi.1.gz (of link group mpi) doesn't exist
#9 13.14 Setting up mpi-default-bin (1.14) ...
#9 13.14 Setting up libboost-graph-parallel1.74-dev (1.74.0-14ubuntu3) ...
#9 13.14 Setting up libopenmpi-dev:arm64 (4.1.2-2ubuntu1) ...
#9 13.15 update-alternatives: using /usr/lib/aarch64-linux-gnu/openmpi/include to provide /usr/include/aarch64-linux-gnu/mpi (mpi-aarch64-linux-gnu) in auto mode
#9 13.15 Setting up libboost-mpi-python1.74.0 (1.74.0-14ubuntu3) ...
#9 13.23 Setting up libboost-graph-parallel-dev (1.74.0.3ubuntu7) ...
#9 13.23 Setting up mpi-default-dev (1.14) ...
#9 13.24 Setting up libboost-mpi1.74-dev (1.74.0-14ubuntu3) ...
#9 13.24 Setting up libboost-mpi-python1.74-dev (1.74.0-14ubuntu3) ...
#9 13.24 Setting up libboost-mpi-python-dev (1.74.0.3ubuntu7) ...
#9 13.25 Setting up libboost-mpi-dev (1.74.0.3ubuntu7) ...
#9 13.25 Setting up libboost-all-dev (1.74.0.3ubuntu7) ...
#9 13.25 Processing triggers for libc-bin (2.35-0ubuntu3.13) ...
#9 DONE 13.7s

#10 [6/8] RUN git --version && command -v colcon && test -f /opt/ros/humble/setup.bash
#10 0.215 git version 2.34.1
#10 0.216 /usr/bin/colcon
#10 DONE 0.2s

#11 [7/8] RUN git clone --filter=blob:none --branch develop https://github.com/JackJu-HIT/Ego-Planner-2D-ROS2.git /tmp/ego-source  && cd /tmp/ego-source  && git checkout 7f5be6d4cee34871e85aa1f15285cfaf17b23877  && git apply /vehicle-research/patches/ego_planner_2d/0001-vehicle-state-and-feasibility.patch  && git apply /vehicle-research/patches/ego_planner_2d/0002-vehicle-ros-timed-trajectory.patch
#11 0.201 Cloning into '/tmp/ego-source'...
#11 4.931 Updating files:   1% (2/103)
Updating files:   2% (3/103)
Updating files:   3% (4/103)
Updating files:   4% (5/103)
Updating files:   5% (6/103)
Updating files:   6% (7/103)
Updating files:   7% (8/103)
Updating files:   8% (9/103)
Updating files:   9% (10/103)
Updating files:  10% (11/103)
Updating files:  11% (12/103)
Updating files:  12% (13/103)
Updating files:  13% (14/103)
Updating files:  14% (15/103)
Updating files:  15% (16/103)
Updating files:  16% (17/103)
Updating files:  17% (18/103)
Updating files:  18% (19/103)
Updating files:  19% (20/103)
Updating files:  20% (21/103)
Updating files:  21% (22/103)
Updating files:  22% (23/103)
Updating files:  23% (24/103)
Updating files:  24% (25/103)
Updating files:  25% (26/103)
Updating files:  26% (27/103)
Updating files:  27% (28/103)
Updating files:  28% (29/103)
Updating files:  29% (30/103)
Updating files:  30% (31/103)
Updating files:  31% (32/103)
Updating files:  32% (33/103)
Updating files:  33% (34/103)
Updating files:  34% (36/103)
Updating files:  35% (37/103)
Updating files:  36% (38/103)
Updating files:  37% (39/103)
Updating files:  38% (40/103)
Updating files:  39% (41/103)
Updating files:  40% (42/103)
Updating files:  41% (43/103)
Updating files:  42% (44/103)
Updating files:  43% (45/103)
Updating files:  44% (46/103)
Updating files:  45% (47/103)
Updating files:  46% (48/103)
Updating files:  47% (49/103)
Updating files:  48% (50/103)
Updating files:  49% (51/103)
Updating files:  50% (52/103)
Updating files:  51% (53/103)
Updating files:  52% (54/103)
Updating files:  53% (55/103)
Updating files:  54% (56/103)
Updating files:  55% (57/103)
Updating files:  56% (58/103)
Updating files:  57% (59/103)
Updating files:  58% (60/103)
Updating files:  59% (61/103)
Updating files:  60% (62/103)
Updating files:  61% (63/103)
Updating files:  62% (64/103)
Updating files:  63% (65/103)
Updating files:  64% (66/103)
Updating files:  65% (67/103)
Updating files:  66% (68/103)
Updating files:  67% (70/103)
Updating files:  68% (71/103)
Updating files:  69% (72/103)
Updating files:  70% (73/103)
Updating files:  71% (74/103)
Updating files:  72% (75/103)
Updating files:  73% (76/103)
Updating files:  74% (77/103)
Updating files:  75% (78/103)
Updating files:  76% (79/103)
Updating files:  77% (80/103)
Updating files:  78% (81/103)
Updating files:  79% (82/103)
Updating files:  80% (83/103)
Updating files:  81% (84/103)
Updating files:  82% (85/103)
Updating files:  83% (86/103)
Updating files:  84% (87/103)
Updating files:  85% (88/103)
Updating files:  86% (89/103)
Updating files:  87% (90/103)
Updating files:  88% (91/103)
Updating files:  89% (92/103)
Updating files:  90% (93/103)
Updating files:  91% (94/103)
Updating files:  92% (95/103)
Updating files:  93% (96/103)
Updating files:  94% (97/103)
Updating files:  95% (98/103)
Updating files:  96% (99/103)
Updating files:  97% (100/103)
Updating files:  98% (101/103)
Updating files:  99% (102/103)
Updating files: 100% (103/103)
Updating files: 100% (103/103), done.
#11 5.549 Note: switching to '7f5be6d4cee34871e85aa1f15285cfaf17b23877'.
#11 5.549 
#11 5.549 You are in 'detached HEAD' state. You can look around, make experimental
#11 5.549 changes and commit them, and you can discard any commits you make in this
#11 5.549 state without impacting any branches by switching back to a branch.
#11 5.549 
#11 5.549 If you want to create a new branch to retain commits you create, you may
#11 5.549 do so (now or later) by using -c with the switch command. Example:
#11 5.549 
#11 5.549   git switch -c <new-branch-name>
#11 5.549 
#11 5.549 Or undo this operation with:
#11 5.549 
#11 5.549   git switch -
#11 5.549 
#11 5.549 Turn off this advice by setting config variable advice.detachedHead to false
#11 5.549 
#11 5.549 HEAD is now at 7f5be6d Update README.md
#11 DONE 5.6s

#12 [8/8] RUN mkdir -p /tmp/ws/src  && cp -a /tmp/ego-source/src/EgoPlanner-ROS2 /tmp/ws/src/EgoPlanner-ROS2  && cp -a /vehicle-research/src/research_interfaces /tmp/ws/src/research_interfaces  && source /opt/ros/humble/setup.bash  && colcon --log-base /tmp/ws/log build --base-paths /tmp/ws/src --build-base /tmp/ws/build --install-base /tmp/ws/install --packages-select research_interfaces ego_planner --event-handlers console_direct+ --parallel-workers 1
#12 0.439 Starting >>> research_interfaces
#12 0.490 -- The C compiler identification is GNU 11.4.0
#12 0.535 -- The CXX compiler identification is GNU 11.4.0
#12 0.540 -- Detecting C compiler ABI info
#12 0.586 -- Detecting C compiler ABI info - done
#12 0.592 -- Check for working C compiler: /usr/bin/cc - skipped
#12 0.592 -- Detecting C compile features
#12 0.593 -- Detecting C compile features - done
#12 0.596 -- Detecting CXX compiler ABI info
#12 0.650 -- Detecting CXX compiler ABI info - done
#12 0.655 -- Check for working CXX compiler: /usr/bin/c++ - skipped
#12 0.655 -- Detecting CXX compile features
#12 0.656 -- Detecting CXX compile features - done
#12 0.658 -- Found ament_cmake: 1.3.13 (/opt/ros/humble/share/ament_cmake/cmake)
#12 0.741 -- Found Python3: /usr/bin/python3 (found version "3.10.12") found components: Interpreter 
#12 0.798 -- Found rosidl_default_generators: 1.2.0 (/opt/ros/humble/share/rosidl_default_generators/cmake)
#12 0.800 -- Using all available rosidl_typesupport_c: rosidl_typesupport_fastrtps_c;rosidl_typesupport_introspection_c
#12 0.804 -- Found rosidl_adapter: 3.1.8 (/opt/ros/humble/share/rosidl_adapter/cmake)
#12 0.827 -- Using all available rosidl_typesupport_cpp: rosidl_typesupport_fastrtps_cpp;rosidl_typesupport_introspection_cpp
#12 0.848 -- Found builtin_interfaces: 1.2.2 (/opt/ros/humble/share/builtin_interfaces/cmake)
#12 0.857 -- Found std_msgs: 4.9.1 (/opt/ros/humble/share/std_msgs/cmake)
#12 1.059 -- Found ament_cmake_ros: 0.10.0 (/opt/ros/humble/share/ament_cmake_ros/cmake)
#12 1.193 -- Using all available rosidl_typesupport_c: rosidl_typesupport_fastrtps_c;rosidl_typesupport_introspection_c
#12 1.361 -- Using all available rosidl_typesupport_cpp: rosidl_typesupport_fastrtps_cpp;rosidl_typesupport_introspection_cpp
#12 1.373 -- Found PythonInterp: /usr/bin/python3 (found suitable version "3.10.12", minimum required is "3.6") 
#12 1.374 -- Found python_cmake_module: 0.10.0 (/opt/ros/humble/share/python_cmake_module/cmake)
#12 1.386 -- Found PythonLibs: /usr/lib/aarch64-linux-gnu/libpython3.10.so (found suitable version "3.10.12", minimum required is "3.5") 
#12 1.386 -- Using PYTHON_EXECUTABLE: /usr/bin/python3
#12 1.386 -- Using PYTHON_INCLUDE_DIRS: /usr/include/python3.10
#12 1.386 -- Using PYTHON_LIBRARIES: /usr/lib/aarch64-linux-gnu/libpython3.10.so
#12 1.397 -- Found PythonExtra: .so  
#12 1.430 -- Configuring done
#12 1.458 -- Generating done
#12 1.466 -- Build files have been written to: /tmp/ws/build/research_interfaces
#12 1.496 [  1%] Generating C code for ROS interfaces
#12 1.502 [  3%] Generating C++ code for ROS interfaces
#12 1.505 [  3%] Built target ament_cmake_python_copy_research_interfaces
#12 1.615 running egg_info
#12 1.615 creating research_interfaces.egg-info
#12 1.615 writing research_interfaces.egg-info/PKG-INFO
#12 1.616 writing dependency_links to research_interfaces.egg-info/dependency_links.txt
#12 1.616 writing top-level names to research_interfaces.egg-info/top_level.txt
#12 1.616 writing manifest file 'research_interfaces.egg-info/SOURCES.txt'
#12 1.617 reading manifest file 'research_interfaces.egg-info/SOURCES.txt'
#12 1.617 writing manifest file 'research_interfaces.egg-info/SOURCES.txt'
#12 1.633 [  3%] Built target ament_cmake_python_build_research_interfaces_egg
#12 1.825 [  3%] Built target research_interfaces__cpp
#12 1.832 [  4%] Generating C++ type support dispatch for ROS interfaces
#12 1.832 [  6%] Generating C++ type support for eProsima Fast-RTPS
#12 1.832 [  7%] Generating C++ introspection for ROS interfaces
#12 1.842 [  9%] Building C object CMakeFiles/research_interfaces__rosidl_generator_c.dir/rosidl_generator_c/research_interfaces/msg/detail/timed_trajectory2_d__functions.c.o
#12 1.842 [ 14%] Building C object CMakeFiles/research_interfaces__rosidl_generator_c.dir/rosidl_generator_c/research_interfaces/msg/detail/observation_goal__functions.c.o
#12 1.842 [ 12%] Building C object CMakeFiles/research_interfaces__rosidl_generator_c.dir/rosidl_generator_c/research_interfaces/msg/detail/research_status__functions.c.o
#12 1.842 [ 14%] Building C object CMakeFiles/research_interfaces__rosidl_generator_c.dir/rosidl_generator_c/research_interfaces/msg/detail/road_event__functions.c.o
#12 1.842 [ 15%] Building C object CMakeFiles/research_interfaces__rosidl_generator_c.dir/rosidl_generator_c/research_interfaces/msg/detail/timed_trajectory_point2_d__functions.c.o
#12 1.885 [ 17%] Linking C shared library libresearch_interfaces__rosidl_generator_c.so
#12 1.914 [ 17%] Built target research_interfaces__rosidl_generator_c
#12 1.920 [ 20%] Generating C type support dispatch for ROS interfaces
#12 1.920 [ 20%] Generating C introspection for ROS interfaces
#12 1.920 [ 22%] Generating C type support for eProsima Fast-RTPS
#12 2.071 [ 26%] Building CXX object CMakeFiles/research_interfaces__rosidl_typesupport_cpp.dir/rosidl_typesupport_cpp/research_interfaces/msg/road_event__type_support.cpp.o
#12 2.071 [ 26%] Building CXX object CMakeFiles/research_interfaces__rosidl_typesupport_cpp.dir/rosidl_typesupport_cpp/research_interfaces/msg/timed_trajectory2_d__type_support.cpp.o
#12 2.071 [ 28%] Building CXX object CMakeFiles/research_interfaces__rosidl_typesupport_cpp.dir/rosidl_typesupport_cpp/research_interfaces/msg/observation_goal__type_support.cpp.o
#12 2.071 [ 28%] Building CXX object CMakeFiles/research_interfaces__rosidl_typesupport_cpp.dir/rosidl_typesupport_cpp/research_interfaces/msg/timed_trajectory_point2_d__type_support.cpp.o
#12 2.072 [ 30%] Building CXX object CMakeFiles/research_interfaces__rosidl_typesupport_cpp.dir/rosidl_typesupport_cpp/research_interfaces/msg/research_status__type_support.cpp.o
#12 2.153 [ 31%] Building CXX object CMakeFiles/research_interfaces__rosidl_typesupport_introspection_cpp.dir/rosidl_typesupport_introspection_cpp/research_interfaces/msg/detail/timed_trajectory_point2_d__type_support.cpp.o
#12 2.189 [ 33%] Building CXX object CMakeFiles/research_interfaces__rosidl_typesupport_c.dir/rosidl_typesupport_c/research_interfaces/msg/timed_trajectory_point2_d__type_support.cpp.o
#12 2.201 [ 34%] Building CXX object CMakeFiles/research_interfaces__rosidl_typesupport_fastrtps_cpp.dir/rosidl_typesupport_fastrtps_cpp/research_interfaces/msg/detail/dds_fastrtps/timed_trajectory_point2_d__type_support.cpp.o
#12 2.214 [ 36%] Building CXX object CMakeFiles/research_interfaces__rosidl_typesupport_c.dir/rosidl_typesupport_c/research_interfaces/msg/timed_trajectory2_d__type_support.cpp.o
#12 2.238 [ 38%] Building CXX object CMakeFiles/research_interfaces__rosidl_typesupport_c.dir/rosidl_typesupport_c/research_interfaces/msg/road_event__type_support.cpp.o
#12 2.265 [ 39%] Building C object CMakeFiles/research_interfaces__rosidl_typesupport_introspection_c.dir/rosidl_typesupport_introspection_c/research_interfaces/msg/detail/timed_trajectory_point2_d__type_support.c.o
#12 2.265 [ 41%] Building CXX object CMakeFiles/research_interfaces__rosidl_typesupport_c.dir/rosidl_typesupport_c/research_interfaces/msg/observation_goal__type_support.cpp.o
#12 2.269 [ 42%] Building C object CMakeFiles/research_interfaces__rosidl_typesupport_introspection_c.dir/rosidl_typesupport_introspection_c/research_interfaces/msg/detail/timed_trajectory2_d__type_support.c.o
#12 2.271 [ 44%] Building CXX object CMakeFiles/research_interfaces__rosidl_typesupport_fastrtps_cpp.dir/rosidl_typesupport_fastrtps_cpp/research_interfaces/msg/detail/dds_fastrtps/timed_trajectory2_d__type_support.cpp.o
#12 2.275 [ 46%] Building CXX object CMakeFiles/research_interfaces__rosidl_typesupport_c.dir/rosidl_typesupport_c/research_interfaces/msg/research_status__type_support.cpp.o
#12 2.286 [ 47%] Building CXX object CMakeFiles/research_interfaces__rosidl_typesupport_introspection_cpp.dir/rosidl_typesupport_introspection_cpp/research_interfaces/msg/detail/timed_trajectory2_d__type_support.cpp.o
#12 2.287 [ 49%] Building CXX object CMakeFiles/research_interfaces__rosidl_typesupport_introspection_cpp.dir/rosidl_typesupport_introspection_cpp/research_interfaces/msg/detail/road_event__type_support.cpp.o
#12 2.290 [ 50%] Linking CXX shared library libresearch_interfaces__rosidl_typesupport_cpp.so
#12 2.297 [ 52%] Building CXX object CMakeFiles/research_interfaces__rosidl_typesupport_fastrtps_cpp.dir/rosidl_typesupport_fastrtps_cpp/research_interfaces/msg/detail/dds_fastrtps/road_event__type_support.cpp.o
#12 2.302 [ 53%] Building C object CMakeFiles/research_interfaces__rosidl_typesupport_introspection_c.dir/rosidl_typesupport_introspection_c/research_interfaces/msg/detail/road_event__type_support.c.o
#12 2.302 [ 57%] Building CXX object CMakeFiles/research_interfaces__rosidl_typesupport_fastrtps_c.dir/rosidl_typesupport_fastrtps_c/research_interfaces/msg/detail/timed_trajectory_point2_d__type_support_c.cpp.o
#12 2.306 [ 55%] Linking CXX shared library libresearch_interfaces__rosidl_typesupport_c.so
#12 2.324 [ 57%] Built target research_interfaces__rosidl_typesupport_cpp
#12 2.330 [ 58%] Building C object CMakeFiles/research_interfaces__rosidl_typesupport_introspection_c.dir/rosidl_typesupport_introspection_c/research_interfaces/msg/detail/observation_goal__type_support.c.o
#12 2.330 [ 60%] Building CXX object CMakeFiles/research_interfaces__rosidl_typesupport_fastrtps_cpp.dir/rosidl_typesupport_fastrtps_cpp/research_interfaces/msg/detail/dds_fastrtps/observation_goal__type_support.cpp.o
#12 2.347 [ 60%] Built target research_interfaces__rosidl_typesupport_c
#12 2.352 [ 61%] Building CXX object CMakeFiles/research_interfaces__rosidl_typesupport_fastrtps_c.dir/rosidl_typesupport_fastrtps_c/research_interfaces/msg/detail/timed_trajectory2_d__type_support_c.cpp.o
#12 2.362 [ 63%] Building C object CMakeFiles/research_interfaces__rosidl_typesupport_introspection_c.dir/rosidl_typesupport_introspection_c/research_interfaces/msg/detail/research_status__type_support.c.o
#12 2.391 [ 65%] Linking C shared library libresearch_interfaces__rosidl_typesupport_introspection_c.so
#12 2.422 [ 65%] Built target research_interfaces__rosidl_typesupport_introspection_c
#12 2.430 [ 66%] Building CXX object CMakeFiles/research_interfaces__rosidl_typesupport_fastrtps_cpp.dir/rosidl_typesupport_fastrtps_cpp/research_interfaces/msg/detail/dds_fastrtps/research_status__type_support.cpp.o
#12 2.457 [ 68%] Building CXX object CMakeFiles/research_interfaces__rosidl_typesupport_introspection_cpp.dir/rosidl_typesupport_introspection_cpp/research_interfaces/msg/detail/observation_goal__type_support.cpp.o
#12 2.526 [ 69%] Building CXX object CMakeFiles/research_interfaces__rosidl_typesupport_fastrtps_c.dir/rosidl_typesupport_fastrtps_c/research_interfaces/msg/detail/road_event__type_support_c.cpp.o
#12 2.659 [ 71%] Building CXX object CMakeFiles/research_interfaces__rosidl_typesupport_fastrtps_c.dir/rosidl_typesupport_fastrtps_c/research_interfaces/msg/detail/observation_goal__type_support_c.cpp.o
#12 2.670 [ 73%] Building CXX object CMakeFiles/research_interfaces__rosidl_typesupport_fastrtps_c.dir/rosidl_typesupport_fastrtps_c/research_interfaces/msg/detail/research_status__type_support_c.cpp.o
#12 2.702 [ 74%] Building CXX object CMakeFiles/research_interfaces__rosidl_typesupport_introspection_cpp.dir/rosidl_typesupport_introspection_cpp/research_interfaces/msg/detail/research_status__type_support.cpp.o
#12 2.839 [ 76%] Linking CXX shared library libresearch_interfaces__rosidl_typesupport_fastrtps_cpp.so
#12 2.907 [ 76%] Built target research_interfaces__rosidl_typesupport_fastrtps_cpp
#12 2.968 [ 77%] Linking CXX shared library libresearch_interfaces__rosidl_typesupport_fastrtps_c.so
#12 3.004 [ 79%] Linking CXX shared library libresearch_interfaces__rosidl_typesupport_introspection_cpp.so
#12 3.018 [ 79%] Built target research_interfaces__rosidl_typesupport_fastrtps_c
#12 3.059 [ 79%] Built target research_interfaces__rosidl_typesupport_introspection_cpp
#12 3.070 [ 79%] Built target research_interfaces
#12 3.082 [ 80%] Generating Python code for ROS interfaces
#12 3.585 [ 80%] Built target research_interfaces__py
#12 3.597 [ 84%] Building C object CMakeFiles/research_interfaces__rosidl_generator_py.dir/rosidl_generator_py/research_interfaces/msg/_timed_trajectory_point2_d_s.c.o
#12 3.597 [ 84%] Building C object CMakeFiles/research_interfaces__rosidl_generator_py.dir/rosidl_generator_py/research_interfaces/msg/_road_event_s.c.o
#12 3.597 [ 85%] Building C object CMakeFiles/research_interfaces__rosidl_generator_py.dir/rosidl_generator_py/research_interfaces/msg/_observation_goal_s.c.o
#12 3.597 [ 87%] Building C object CMakeFiles/research_interfaces__rosidl_generator_py.dir/rosidl_generator_py/research_interfaces/msg/_timed_trajectory2_d_s.c.o
#12 3.597 [ 88%] Building C object CMakeFiles/research_interfaces__rosidl_generator_py.dir/rosidl_generator_py/research_interfaces/msg/_research_status_s.c.o
#12 3.673 [ 90%] Linking C shared library rosidl_generator_py/research_interfaces/libresearch_interfaces__rosidl_generator_py.so
#12 3.701 [ 90%] Built target research_interfaces__rosidl_generator_py
#12 3.712 [ 92%] Building C object CMakeFiles/research_interfaces__rosidl_typesupport_introspection_c__pyext.dir/rosidl_generator_py/research_interfaces/_research_interfaces_s.ep.rosidl_typesupport_introspection_c.c.o
#12 3.712 [ 93%] Building C object CMakeFiles/research_interfaces__rosidl_typesupport_c__pyext.dir/rosidl_generator_py/research_interfaces/_research_interfaces_s.ep.rosidl_typesupport_c.c.o
#12 3.713 [ 95%] Building C object CMakeFiles/research_interfaces__rosidl_typesupport_fastrtps_c__pyext.dir/rosidl_generator_py/research_interfaces/_research_interfaces_s.ep.rosidl_typesupport_fastrtps_c.c.o
#12 3.782 [ 98%] Linking C shared library rosidl_generator_py/research_interfaces/research_interfaces_s__rosidl_typesupport_c.cpython-310-aarch64-linux-gnu.so
#12 3.782 [ 98%] Linking C shared library rosidl_generator_py/research_interfaces/research_interfaces_s__rosidl_typesupport_introspection_c.cpython-310-aarch64-linux-gnu.so
#12 3.782 [100%] Linking C shared library rosidl_generator_py/research_interfaces/research_interfaces_s__rosidl_typesupport_fastrtps_c.cpython-310-aarch64-linux-gnu.so
#12 3.805 [100%] Built target research_interfaces__rosidl_typesupport_introspection_c__pyext
#12 3.805 [100%] Built target research_interfaces__rosidl_typesupport_c__pyext
#12 3.805 [100%] Built target research_interfaces__rosidl_typesupport_fastrtps_c__pyext
#12 3.821 -- Install configuration: ""
#12 3.822 -- Installing: /tmp/ws/install/research_interfaces/share/ament_index/resource_index/rosidl_interfaces/research_interfaces
#12 3.822 -- Installing: /tmp/ws/install/research_interfaces/include/research_interfaces/research_interfaces
#12 3.823 -- Installing: /tmp/ws/install/research_interfaces/include/research_interfaces/research_interfaces/msg
#12 3.823 -- Installing: /tmp/ws/install/research_interfaces/include/research_interfaces/research_interfaces/msg/research_status.h
#12 3.823 -- Installing: /tmp/ws/install/research_interfaces/include/research_interfaces/research_interfaces/msg/timed_trajectory2_d.h
#12 3.824 -- Installing: /tmp/ws/install/research_interfaces/include/research_interfaces/research_interfaces/msg/detail
#12 3.824 -- Installing: /tmp/ws/install/research_interfaces/include/research_interfaces/research_interfaces/msg/detail/observation_goal__functions.h
#12 3.824 -- Installing: /tmp/ws/install/research_interfaces/include/research_interfaces/research_interfaces/msg/detail/observation_goal__functions.c
#12 3.824 -- Installing: /tmp/ws/install/research_interfaces/include/research_interfaces/research_interfaces/msg/detail/research_status__type_support.h
#12 3.824 -- Installing: /tmp/ws/install/research_interfaces/include/research_interfaces/research_interfaces/msg/detail/research_status__functions.c
#12 3.825 -- Installing: /tmp/ws/install/research_interfaces/include/research_interfaces/research_interfaces/msg/detail/observation_goal__type_support.h
#12 3.825 -- Installing: /tmp/ws/install/research_interfaces/include/research_interfaces/research_interfaces/msg/detail/timed_trajectory2_d__type_support.h
#12 3.825 -- Installing: /tmp/ws/install/research_interfaces/include/research_interfaces/research_interfaces/msg/detail/research_status__struct.h
#12 3.825 -- Installing: /tmp/ws/install/research_interfaces/include/research_interfaces/research_interfaces/msg/detail/timed_trajectory_point2_d__functions.h
#12 3.825 -- Installing: /tmp/ws/install/research_interfaces/include/research_interfaces/research_interfaces/msg/detail/road_event__type_support.h
#12 3.825 -- Installing: /tmp/ws/install/research_interfaces/include/research_interfaces/research_interfaces/msg/detail/observation_goal__struct.h
#12 3.825 -- Installing: /tmp/ws/install/research_interfaces/include/research_interfaces/research_interfaces/msg/detail/timed_trajectory2_d__functions.h
#12 3.825 -- Installing: /tmp/ws/install/research_interfaces/include/research_interfaces/research_interfaces/msg/detail/timed_trajectory_point2_d__type_support.h
#12 3.826 -- Installing: /tmp/ws/install/research_interfaces/include/research_interfaces/research_interfaces/msg/detail/timed_trajectory2_d__struct.h
#12 3.826 -- Installing: /tmp/ws/install/research_interfaces/include/research_interfaces/research_interfaces/msg/detail/research_status__functions.h
#12 3.826 -- Installing: /tmp/ws/install/research_interfaces/include/research_interfaces/research_interfaces/msg/detail/road_event__struct.h
#12 3.826 -- Installing: /tmp/ws/install/research_interfaces/include/research_interfaces/research_interfaces/msg/detail/road_event__functions.h
#12 3.826 -- Installing: /tmp/ws/install/research_interfaces/include/research_interfaces/research_interfaces/msg/detail/timed_trajectory_point2_d__struct.h
#12 3.826 -- Installing: /tmp/ws/install/research_interfaces/include/research_interfaces/research_interfaces/msg/detail/timed_trajectory2_d__functions.c
#12 3.827 -- Installing: /tmp/ws/install/research_interfaces/include/research_interfaces/research_interfaces/msg/detail/timed_trajectory_point2_d__functions.c
#12 3.827 -- Installing: /tmp/ws/install/research_interfaces/include/research_interfaces/research_interfaces/msg/detail/road_event__functions.c
#12 3.827 -- Installing: /tmp/ws/install/research_interfaces/include/research_interfaces/research_interfaces/msg/timed_trajectory_point2_d.h
#12 3.828 -- Installing: /tmp/ws/install/research_interfaces/include/research_interfaces/research_interfaces/msg/rosidl_generator_c__visibility_control.h
#12 3.828 -- Installing: /tmp/ws/install/research_interfaces/include/research_interfaces/research_interfaces/msg/observation_goal.h
#12 3.828 -- Installing: /tmp/ws/install/research_interfaces/include/research_interfaces/research_interfaces/msg/road_event.h
#12 3.829 -- Installing: /tmp/ws/install/research_interfaces/share/research_interfaces/environment/library_path.sh
#12 3.829 -- Installing: /tmp/ws/install/research_interfaces/share/research_interfaces/environment/library_path.dsv
#12 3.829 -- Installing: /tmp/ws/install/research_interfaces/lib/libresearch_interfaces__rosidl_generator_c.so
#12 3.829 -- Set runtime path of "/tmp/ws/install/research_interfaces/lib/libresearch_interfaces__rosidl_generator_c.so" to ""
#12 3.829 -- Up-to-date: /tmp/ws/install/research_interfaces/include/research_interfaces/research_interfaces
#12 3.829 -- Up-to-date: /tmp/ws/install/research_interfaces/include/research_interfaces/research_interfaces/msg
#12 3.829 -- Up-to-date: /tmp/ws/install/research_interfaces/include/research_interfaces/research_interfaces/msg/detail
#12 3.829 -- Installing: /tmp/ws/install/research_interfaces/include/research_interfaces/research_interfaces/msg/detail/observation_goal__rosidl_typesupport_fastrtps_c.h
#12 3.830 -- Installing: /tmp/ws/install/research_interfaces/include/research_interfaces/research_interfaces/msg/detail/research_status__rosidl_typesupport_fastrtps_c.h
#12 3.830 -- Installing: /tmp/ws/install/research_interfaces/include/research_interfaces/research_interfaces/msg/detail/timed_trajectory_point2_d__rosidl_typesupport_fastrtps_c.h
#12 3.830 -- Installing: /tmp/ws/install/research_interfaces/include/research_interfaces/research_interfaces/msg/detail/road_event__rosidl_typesupport_fastrtps_c.h
#12 3.830 -- Installing: /tmp/ws/install/research_interfaces/include/research_interfaces/research_interfaces/msg/detail/timed_trajectory2_d__rosidl_typesupport_fastrtps_c.h
#12 3.830 -- Installing: /tmp/ws/install/research_interfaces/include/research_interfaces/research_interfaces/msg/rosidl_typesupport_fastrtps_c__visibility_control.h
#12 3.831 -- Installing: /tmp/ws/install/research_interfaces/lib/libresearch_interfaces__rosidl_typesupport_fastrtps_c.so
#12 3.831 -- Set runtime path of "/tmp/ws/install/research_interfaces/lib/libresearch_interfaces__rosidl_typesupport_fastrtps_c.so" to ""
#12 3.831 -- Up-to-date: /tmp/ws/install/research_interfaces/include/research_interfaces/research_interfaces
#12 3.831 -- Up-to-date: /tmp/ws/install/research_interfaces/include/research_interfaces/research_interfaces/msg
#12 3.831 -- Up-to-date: /tmp/ws/install/research_interfaces/include/research_interfaces/research_interfaces/msg/detail
#12 3.831 -- Installing: /tmp/ws/install/research_interfaces/include/research_interfaces/research_interfaces/msg/detail/timed_trajectory2_d__type_support.c
#12 3.831 -- Installing: /tmp/ws/install/research_interfaces/include/research_interfaces/research_interfaces/msg/detail/timed_trajectory2_d__rosidl_typesupport_introspection_c.h
#12 3.832 -- Installing: /tmp/ws/install/research_interfaces/include/research_interfaces/research_interfaces/msg/detail/road_event__rosidl_typesupport_introspection_c.h
#12 3.832 -- Installing: /tmp/ws/install/research_interfaces/include/research_interfaces/research_interfaces/msg/detail/observation_goal__rosidl_typesupport_introspection_c.h
#12 3.832 -- Installing: /tmp/ws/install/research_interfaces/include/research_interfaces/research_interfaces/msg/detail/timed_trajectory_point2_d__rosidl_typesupport_introspection_c.h
#12 3.832 -- Installing: /tmp/ws/install/research_interfaces/include/research_interfaces/research_interfaces/msg/detail/research_status__rosidl_typesupport_introspection_c.h
#12 3.833 -- Installing: /tmp/ws/install/research_interfaces/include/research_interfaces/research_interfaces/msg/detail/research_status__type_support.c
#12 3.833 -- Installing: /tmp/ws/install/research_interfaces/include/research_interfaces/research_interfaces/msg/detail/road_event__type_support.c
#12 3.833 -- Installing: /tmp/ws/install/research_interfaces/include/research_interfaces/research_interfaces/msg/detail/observation_goal__type_support.c
#12 3.833 -- Installing: /tmp/ws/install/research_interfaces/include/research_interfaces/research_interfaces/msg/detail/timed_trajectory_point2_d__type_support.c
#12 3.833 -- Installing: /tmp/ws/install/research_interfaces/include/research_interfaces/research_interfaces/msg/rosidl_typesupport_introspection_c__visibility_control.h
#12 3.833 -- Installing: /tmp/ws/install/research_interfaces/lib/libresearch_interfaces__rosidl_typesupport_introspection_c.so
#12 3.833 -- Set runtime path of "/tmp/ws/install/research_interfaces/lib/libresearch_interfaces__rosidl_typesupport_introspection_c.so" to ""
#12 3.833 -- Installing: /tmp/ws/install/research_interfaces/lib/libresearch_interfaces__rosidl_typesupport_c.so
#12 3.833 -- Set runtime path of "/tmp/ws/install/research_interfaces/lib/libresearch_interfaces__rosidl_typesupport_c.so" to ""
#12 3.833 -- Up-to-date: /tmp/ws/install/research_interfaces/include/research_interfaces/research_interfaces
#12 3.833 -- Up-to-date: /tmp/ws/install/research_interfaces/include/research_interfaces/research_interfaces/msg
#12 3.833 -- Installing: /tmp/ws/install/research_interfaces/include/research_interfaces/research_interfaces/msg/observation_goal.hpp
#12 3.833 -- Up-to-date: /tmp/ws/install/research_interfaces/include/research_interfaces/research_interfaces/msg/detail
#12 3.833 -- Installing: /tmp/ws/install/research_interfaces/include/research_interfaces/research_interfaces/msg/detail/timed_trajectory2_d__type_support.hpp
#12 3.833 -- Installing: /tmp/ws/install/research_interfaces/include/research_interfaces/research_interfaces/msg/detail/timed_trajectory_point2_d__builder.hpp
#12 3.833 -- Installing: /tmp/ws/install/research_interfaces/include/research_interfaces/research_interfaces/msg/detail/road_event__builder.hpp
#12 3.834 -- Installing: /tmp/ws/install/research_interfaces/include/research_interfaces/research_interfaces/msg/detail/timed_trajectory2_d__struct.hpp
#12 3.834 -- Installing: /tmp/ws/install/research_interfaces/include/research_interfaces/research_interfaces/msg/detail/timed_trajectory_point2_d__traits.hpp
#12 3.834 -- Installing: /tmp/ws/install/research_interfaces/include/research_interfaces/research_interfaces/msg/detail/road_event__traits.hpp
#12 3.834 -- Installing: /tmp/ws/install/research_interfaces/include/research_interfaces/research_interfaces/msg/detail/observation_goal__traits.hpp
#12 3.834 -- Installing: /tmp/ws/install/research_interfaces/include/research_interfaces/research_interfaces/msg/detail/observation_goal__type_support.hpp
#12 3.834 -- Installing: /tmp/ws/install/research_interfaces/include/research_interfaces/research_interfaces/msg/detail/research_status__struct.hpp
#12 3.834 -- Installing: /tmp/ws/install/research_interfaces/include/research_interfaces/research_interfaces/msg/detail/observation_goal__builder.hpp
#12 3.834 -- Installing: /tmp/ws/install/research_interfaces/include/research_interfaces/research_interfaces/msg/detail/road_event__type_support.hpp
#12 3.834 -- Installing: /tmp/ws/install/research_interfaces/include/research_interfaces/research_interfaces/msg/detail/research_status__traits.hpp
#12 3.834 -- Installing: /tmp/ws/install/research_interfaces/include/research_interfaces/research_interfaces/msg/detail/research_status__builder.hpp
#12 3.834 -- Installing: /tmp/ws/install/research_interfaces/include/research_interfaces/research_interfaces/msg/detail/timed_trajectory2_d__builder.hpp
#12 3.834 -- Installing: /tmp/ws/install/research_interfaces/include/research_interfaces/research_interfaces/msg/detail/timed_trajectory_point2_d__struct.hpp
#12 3.834 -- Installing: /tmp/ws/install/research_interfaces/include/research_interfaces/research_interfaces/msg/detail/timed_trajectory_point2_d__type_support.hpp
#12 3.834 -- Installing: /tmp/ws/install/research_interfaces/include/research_interfaces/research_interfaces/msg/detail/research_status__type_support.hpp
#12 3.835 -- Installing: /tmp/ws/install/research_interfaces/include/research_interfaces/research_interfaces/msg/detail/road_event__struct.hpp
#12 3.835 -- Installing: /tmp/ws/install/research_interfaces/include/research_interfaces/research_interfaces/msg/detail/timed_trajectory2_d__traits.hpp
#12 3.835 -- Installing: /tmp/ws/install/research_interfaces/include/research_interfaces/research_interfaces/msg/detail/observation_goal__struct.hpp
#12 3.835 -- Installing: /tmp/ws/install/research_interfaces/include/research_interfaces/research_interfaces/msg/rosidl_generator_cpp__visibility_control.hpp
#12 3.835 -- Installing: /tmp/ws/install/research_interfaces/include/research_interfaces/research_interfaces/msg/timed_trajectory_point2_d.hpp
#12 3.835 -- Installing: /tmp/ws/install/research_interfaces/include/research_interfaces/research_interfaces/msg/road_event.hpp
#12 3.835 -- Installing: /tmp/ws/install/research_interfaces/include/research_interfaces/research_interfaces/msg/research_status.hpp
#12 3.835 -- Installing: /tmp/ws/install/research_interfaces/include/research_interfaces/research_interfaces/msg/timed_trajectory2_d.hpp
#12 3.835 -- Up-to-date: /tmp/ws/install/research_interfaces/include/research_interfaces/research_interfaces
#12 3.835 -- Up-to-date: /tmp/ws/install/research_interfaces/include/research_interfaces/research_interfaces/msg
#12 3.835 -- Up-to-date: /tmp/ws/install/research_interfaces/include/research_interfaces/research_interfaces/msg/detail
#12 3.836 -- Installing: /tmp/ws/install/research_interfaces/include/research_interfaces/research_interfaces/msg/detail/road_event__rosidl_typesupport_fastrtps_cpp.hpp
#12 3.836 -- Installing: /tmp/ws/install/research_interfaces/include/research_interfaces/research_interfaces/msg/detail/observation_goal__rosidl_typesupport_fastrtps_cpp.hpp
#12 3.836 -- Installing: /tmp/ws/install/research_interfaces/include/research_interfaces/research_interfaces/msg/detail/timed_trajectory_point2_d__rosidl_typesupport_fastrtps_cpp.hpp
#12 3.836 -- Installing: /tmp/ws/install/research_interfaces/include/research_interfaces/research_interfaces/msg/detail/dds_fastrtps
#12 3.836 -- Installing: /tmp/ws/install/research_interfaces/include/research_interfaces/research_interfaces/msg/detail/research_status__rosidl_typesupport_fastrtps_cpp.hpp
#12 3.836 -- Installing: /tmp/ws/install/research_interfaces/include/research_interfaces/research_interfaces/msg/detail/timed_trajectory2_d__rosidl_typesupport_fastrtps_cpp.hpp
#12 3.836 -- Installing: /tmp/ws/install/research_interfaces/include/research_interfaces/research_interfaces/msg/rosidl_typesupport_fastrtps_cpp__visibility_control.h
#12 3.836 -- Installing: /tmp/ws/install/research_interfaces/lib/libresearch_interfaces__rosidl_typesupport_fastrtps_cpp.so
#12 3.836 -- Set runtime path of "/tmp/ws/install/research_interfaces/lib/libresearch_interfaces__rosidl_typesupport_fastrtps_cpp.so" to ""
#12 3.836 -- Up-to-date: /tmp/ws/install/research_interfaces/include/research_interfaces/research_interfaces
#12 3.836 -- Up-to-date: /tmp/ws/install/research_interfaces/include/research_interfaces/research_interfaces/msg
#12 3.836 -- Up-to-date: /tmp/ws/install/research_interfaces/include/research_interfaces/research_interfaces/msg/detail
#12 3.836 -- Installing: /tmp/ws/install/research_interfaces/include/research_interfaces/research_interfaces/msg/detail/timed_trajectory2_d__rosidl_typesupport_introspection_cpp.hpp
#12 3.836 -- Installing: /tmp/ws/install/research_interfaces/include/research_interfaces/research_interfaces/msg/detail/research_status__type_support.cpp
#12 3.836 -- Installing: /tmp/ws/install/research_interfaces/include/research_interfaces/research_interfaces/msg/detail/observation_goal__type_support.cpp
#12 3.836 -- Installing: /tmp/ws/install/research_interfaces/include/research_interfaces/research_interfaces/msg/detail/road_event__rosidl_typesupport_introspection_cpp.hpp
#12 3.836 -- Installing: /tmp/ws/install/research_interfaces/include/research_interfaces/research_interfaces/msg/detail/timed_trajectory2_d__type_support.cpp
#12 3.836 -- Installing: /tmp/ws/install/research_interfaces/include/research_interfaces/research_interfaces/msg/detail/research_status__rosidl_typesupport_introspection_cpp.hpp
#12 3.836 -- Installing: /tmp/ws/install/research_interfaces/include/research_interfaces/research_interfaces/msg/detail/road_event__type_support.cpp
#12 3.836 -- Installing: /tmp/ws/install/research_interfaces/include/research_interfaces/research_interfaces/msg/detail/timed_trajectory_point2_d__rosidl_typesupport_introspection_cpp.hpp
#12 3.837 -- Installing: /tmp/ws/install/research_interfaces/include/research_interfaces/research_interfaces/msg/detail/timed_trajectory_point2_d__type_support.cpp
#12 3.837 -- Installing: /tmp/ws/install/research_interfaces/include/research_interfaces/research_interfaces/msg/detail/observation_goal__rosidl_typesupport_introspection_cpp.hpp
#12 3.837 -- Installing: /tmp/ws/install/research_interfaces/lib/libresearch_interfaces__rosidl_typesupport_introspection_cpp.so
#12 3.837 -- Set runtime path of "/tmp/ws/install/research_interfaces/lib/libresearch_interfaces__rosidl_typesupport_introspection_cpp.so" to ""
#12 3.837 -- Installing: /tmp/ws/install/research_interfaces/lib/libresearch_interfaces__rosidl_typesupport_cpp.so
#12 3.837 -- Set runtime path of "/tmp/ws/install/research_interfaces/lib/libresearch_interfaces__rosidl_typesupport_cpp.so" to ""
#12 3.837 -- Installing: /tmp/ws/install/research_interfaces/share/research_interfaces/environment/pythonpath.sh
#12 3.837 -- Installing: /tmp/ws/install/research_interfaces/share/research_interfaces/environment/pythonpath.dsv
#12 3.837 -- Installing: /tmp/ws/install/research_interfaces/local/lib/python3.10/dist-packages/research_interfaces-0.1.0-py3.10.egg-info
#12 3.837 -- Installing: /tmp/ws/install/research_interfaces/local/lib/python3.10/dist-packages/research_interfaces-0.1.0-py3.10.egg-info/top_level.txt
#12 3.837 -- Installing: /tmp/ws/install/research_interfaces/local/lib/python3.10/dist-packages/research_interfaces-0.1.0-py3.10.egg-info/SOURCES.txt
#12 3.837 -- Installing: /tmp/ws/install/research_interfaces/local/lib/python3.10/dist-packages/research_interfaces-0.1.0-py3.10.egg-info/PKG-INFO
#12 3.837 -- Installing: /tmp/ws/install/research_interfaces/local/lib/python3.10/dist-packages/research_interfaces-0.1.0-py3.10.egg-info/dependency_links.txt
#12 3.837 -- Installing: /tmp/ws/install/research_interfaces/local/lib/python3.10/dist-packages/research_interfaces
#12 3.837 -- Installing: /tmp/ws/install/research_interfaces/local/lib/python3.10/dist-packages/research_interfaces/research_interfaces_s__rosidl_typesupport_fastrtps_c.cpython-310-aarch64-linux-gnu.so
#12 3.837 -- Installing: /tmp/ws/install/research_interfaces/local/lib/python3.10/dist-packages/research_interfaces/__init__.py
#12 3.837 -- Installing: /tmp/ws/install/research_interfaces/local/lib/python3.10/dist-packages/research_interfaces/_research_interfaces_s.ep.rosidl_typesupport_c.c
#12 3.837 -- Installing: /tmp/ws/install/research_interfaces/local/lib/python3.10/dist-packages/research_interfaces/msg
#12 3.838 -- Installing: /tmp/ws/install/research_interfaces/local/lib/python3.10/dist-packages/research_interfaces/msg/_road_event.py
#12 3.838 -- Installing: /tmp/ws/install/research_interfaces/local/lib/python3.10/dist-packages/research_interfaces/msg/_timed_trajectory2_d_s.c
#12 3.838 -- Installing: /tmp/ws/install/research_interfaces/local/lib/python3.10/dist-packages/research_interfaces/msg/__init__.py
#12 3.838 -- Installing: /tmp/ws/install/research_interfaces/local/lib/python3.10/dist-packages/research_interfaces/msg/_timed_trajectory2_d.py
#12 3.838 -- Installing: /tmp/ws/install/research_interfaces/local/lib/python3.10/dist-packages/research_interfaces/msg/_observation_goal_s.c
#12 3.838 -- Installing: /tmp/ws/install/research_interfaces/local/lib/python3.10/dist-packages/research_interfaces/msg/_road_event_s.c
#12 3.838 -- Installing: /tmp/ws/install/research_interfaces/local/lib/python3.10/dist-packages/research_interfaces/msg/_timed_trajectory_point2_d_s.c
#12 3.838 -- Installing: /tmp/ws/install/research_interfaces/local/lib/python3.10/dist-packages/research_interfaces/msg/_research_status.py
#12 3.838 -- Installing: /tmp/ws/install/research_interfaces/local/lib/python3.10/dist-packages/research_interfaces/msg/_observation_goal.py
#12 3.838 -- Installing: /tmp/ws/install/research_interfaces/local/lib/python3.10/dist-packages/research_interfaces/msg/_research_status_s.c
#12 3.838 -- Installing: /tmp/ws/install/research_interfaces/local/lib/python3.10/dist-packages/research_interfaces/msg/_timed_trajectory_point2_d.py
#12 3.838 -- Installing: /tmp/ws/install/research_interfaces/local/lib/python3.10/dist-packages/research_interfaces/_research_interfaces_s.ep.rosidl_typesupport_fastrtps_c.c
#12 3.838 -- Installing: /tmp/ws/install/research_interfaces/local/lib/python3.10/dist-packages/research_interfaces/libresearch_interfaces__rosidl_generator_py.so
#12 3.838 -- Installing: /tmp/ws/install/research_interfaces/local/lib/python3.10/dist-packages/research_interfaces/research_interfaces_s__rosidl_typesupport_c.cpython-310-aarch64-linux-gnu.so
#12 3.838 -- Installing: /tmp/ws/install/research_interfaces/local/lib/python3.10/dist-packages/research_interfaces/_research_interfaces_s.ep.rosidl_typesupport_introspection_c.c
#12 3.838 -- Installing: /tmp/ws/install/research_interfaces/local/lib/python3.10/dist-packages/research_interfaces/research_interfaces_s__rosidl_typesupport_introspection_c.cpython-310-aarch64-linux-gnu.so
#12 3.859 Listing '/tmp/ws/install/research_interfaces/local/lib/python3.10/dist-packages/research_interfaces'...
#12 3.859 Compiling '/tmp/ws/install/research_interfaces/local/lib/python3.10/dist-packages/research_interfaces/__init__.py'...
#12 3.859 Listing '/tmp/ws/install/research_interfaces/local/lib/python3.10/dist-packages/research_interfaces/msg'...
#12 3.859 Compiling '/tmp/ws/install/research_interfaces/local/lib/python3.10/dist-packages/research_interfaces/msg/__init__.py'...
#12 3.859 Compiling '/tmp/ws/install/research_interfaces/local/lib/python3.10/dist-packages/research_interfaces/msg/_observation_goal.py'...
#12 3.859 Compiling '/tmp/ws/install/research_interfaces/local/lib/python3.10/dist-packages/research_interfaces/msg/_research_status.py'...
#12 3.859 Compiling '/tmp/ws/install/research_interfaces/local/lib/python3.10/dist-packages/research_interfaces/msg/_road_event.py'...
#12 3.859 Compiling '/tmp/ws/install/research_interfaces/local/lib/python3.10/dist-packages/research_interfaces/msg/_timed_trajectory2_d.py'...
#12 3.859 Compiling '/tmp/ws/install/research_interfaces/local/lib/python3.10/dist-packages/research_interfaces/msg/_timed_trajectory_point2_d.py'...
#12 3.863 -- Installing: /tmp/ws/install/research_interfaces/local/lib/python3.10/dist-packages/research_interfaces/research_interfaces_s__rosidl_typesupport_fastrtps_c.cpython-310-aarch64-linux-gnu.so
#12 3.863 -- Set runtime path of "/tmp/ws/install/research_interfaces/local/lib/python3.10/dist-packages/research_interfaces/research_interfaces_s__rosidl_typesupport_fastrtps_c.cpython-310-aarch64-linux-gnu.so" to ""
#12 3.863 -- Installing: /tmp/ws/install/research_interfaces/local/lib/python3.10/dist-packages/research_interfaces/research_interfaces_s__rosidl_typesupport_introspection_c.cpython-310-aarch64-linux-gnu.so
#12 3.863 -- Set runtime path of "/tmp/ws/install/research_interfaces/local/lib/python3.10/dist-packages/research_interfaces/research_interfaces_s__rosidl_typesupport_introspection_c.cpython-310-aarch64-linux-gnu.so" to ""
#12 3.864 -- Installing: /tmp/ws/install/research_interfaces/local/lib/python3.10/dist-packages/research_interfaces/research_interfaces_s__rosidl_typesupport_c.cpython-310-aarch64-linux-gnu.so
#12 3.864 -- Set runtime path of "/tmp/ws/install/research_interfaces/local/lib/python3.10/dist-packages/research_interfaces/research_interfaces_s__rosidl_typesupport_c.cpython-310-aarch64-linux-gnu.so" to ""
#12 3.864 -- Installing: /tmp/ws/install/research_interfaces/lib/libresearch_interfaces__rosidl_generator_py.so
#12 3.865 -- Set runtime path of "/tmp/ws/install/research_interfaces/lib/libresearch_interfaces__rosidl_generator_py.so" to ""
#12 3.865 -- Installing: /tmp/ws/install/research_interfaces/share/research_interfaces/msg/TimedTrajectoryPoint2D.idl
#12 3.865 -- Installing: /tmp/ws/install/research_interfaces/share/research_interfaces/msg/TimedTrajectory2D.idl
#12 3.865 -- Installing: /tmp/ws/install/research_interfaces/share/research_interfaces/msg/RoadEvent.idl
#12 3.865 -- Installing: /tmp/ws/install/research_interfaces/share/research_interfaces/msg/ObservationGoal.idl
#12 3.866 -- Installing: /tmp/ws/install/research_interfaces/share/research_interfaces/msg/ResearchStatus.idl
#12 3.866 -- Installing: /tmp/ws/install/research_interfaces/share/research_interfaces/msg/TimedTrajectoryPoint2D.msg
#12 3.866 -- Installing: /tmp/ws/install/research_interfaces/share/research_interfaces/msg/TimedTrajectory2D.msg
#12 3.866 -- Installing: /tmp/ws/install/research_interfaces/share/research_interfaces/msg/RoadEvent.msg
#12 3.867 -- Installing: /tmp/ws/install/research_interfaces/share/research_interfaces/msg/ObservationGoal.msg
#12 3.867 -- Installing: /tmp/ws/install/research_interfaces/share/research_interfaces/msg/ResearchStatus.msg
#12 3.867 -- Installing: /tmp/ws/install/research_interfaces/share/ament_index/resource_index/package_run_dependencies/research_interfaces
#12 3.867 -- Installing: /tmp/ws/install/research_interfaces/share/ament_index/resource_index/parent_prefix_path/research_interfaces
#12 3.868 -- Installing: /tmp/ws/install/research_interfaces/share/research_interfaces/environment/ament_prefix_path.sh
#12 3.868 -- Installing: /tmp/ws/install/research_interfaces/share/research_interfaces/environment/ament_prefix_path.dsv
#12 3.868 -- Installing: /tmp/ws/install/research_interfaces/share/research_interfaces/environment/path.sh
#12 3.868 -- Installing: /tmp/ws/install/research_interfaces/share/research_interfaces/environment/path.dsv
#12 3.868 -- Installing: /tmp/ws/install/research_interfaces/share/research_interfaces/local_setup.bash
#12 3.868 -- Installing: /tmp/ws/install/research_interfaces/share/research_interfaces/local_setup.sh
#12 3.868 -- Installing: /tmp/ws/install/research_interfaces/share/research_interfaces/local_setup.zsh
#12 3.868 -- Installing: /tmp/ws/install/research_interfaces/share/research_interfaces/local_setup.dsv
#12 3.868 -- Installing: /tmp/ws/install/research_interfaces/share/research_interfaces/package.dsv
#12 3.868 -- Installing: /tmp/ws/install/research_interfaces/share/ament_index/resource_index/packages/research_interfaces
#12 3.868 -- Installing: /tmp/ws/install/research_interfaces/share/research_interfaces/cmake/export_research_interfaces__rosidl_generator_cExport.cmake
#12 3.868 -- Installing: /tmp/ws/install/research_interfaces/share/research_interfaces/cmake/export_research_interfaces__rosidl_generator_cExport-noconfig.cmake
#12 3.868 -- Installing: /tmp/ws/install/research_interfaces/share/research_interfaces/cmake/export_research_interfaces__rosidl_typesupport_fastrtps_cExport.cmake
#12 3.868 -- Installing: /tmp/ws/install/research_interfaces/share/research_interfaces/cmake/export_research_interfaces__rosidl_typesupport_fastrtps_cExport-noconfig.cmake
#12 3.869 -- Installing: /tmp/ws/install/research_interfaces/share/research_interfaces/cmake/research_interfaces__rosidl_typesupport_introspection_cExport.cmake
#12 3.869 -- Installing: /tmp/ws/install/research_interfaces/share/research_interfaces/cmake/research_interfaces__rosidl_typesupport_introspection_cExport-noconfig.cmake
#12 3.869 -- Installing: /tmp/ws/install/research_interfaces/share/research_interfaces/cmake/research_interfaces__rosidl_typesupport_cExport.cmake
#12 3.869 -- Installing: /tmp/ws/install/research_interfaces/share/research_interfaces/cmake/research_interfaces__rosidl_typesupport_cExport-noconfig.cmake
#12 3.870 -- Installing: /tmp/ws/install/research_interfaces/share/research_interfaces/cmake/export_research_interfaces__rosidl_generator_cppExport.cmake
#12 3.870 -- Installing: /tmp/ws/install/research_interfaces/share/research_interfaces/cmake/export_research_interfaces__rosidl_typesupport_fastrtps_cppExport.cmake
#12 3.870 -- Installing: /tmp/ws/install/research_interfaces/share/research_interfaces/cmake/export_research_interfaces__rosidl_typesupport_fastrtps_cppExport-noconfig.cmake
#12 3.870 -- Installing: /tmp/ws/install/research_interfaces/share/research_interfaces/cmake/research_interfaces__rosidl_typesupport_introspection_cppExport.cmake
#12 3.870 -- Installing: /tmp/ws/install/research_interfaces/share/research_interfaces/cmake/research_interfaces__rosidl_typesupport_introspection_cppExport-noconfig.cmake
#12 3.871 -- Installing: /tmp/ws/install/research_interfaces/share/research_interfaces/cmake/research_interfaces__rosidl_typesupport_cppExport.cmake
#12 3.871 -- Installing: /tmp/ws/install/research_interfaces/share/research_interfaces/cmake/research_interfaces__rosidl_typesupport_cppExport-noconfig.cmake
#12 3.871 -- Installing: /tmp/ws/install/research_interfaces/share/research_interfaces/cmake/export_research_interfaces__rosidl_generator_pyExport.cmake
#12 3.871 -- Installing: /tmp/ws/install/research_interfaces/share/research_interfaces/cmake/export_research_interfaces__rosidl_generator_pyExport-noconfig.cmake
#12 3.871 -- Installing: /tmp/ws/install/research_interfaces/share/research_interfaces/cmake/rosidl_cmake-extras.cmake
#12 3.871 -- Installing: /tmp/ws/install/research_interfaces/share/research_interfaces/cmake/ament_cmake_export_dependencies-extras.cmake
#12 3.872 -- Installing: /tmp/ws/install/research_interfaces/share/research_interfaces/cmake/ament_cmake_export_include_directories-extras.cmake
#12 3.872 -- Installing: /tmp/ws/install/research_interfaces/share/research_interfaces/cmake/ament_cmake_export_libraries-extras.cmake
#12 3.872 -- Installing: /tmp/ws/install/research_interfaces/share/research_interfaces/cmake/ament_cmake_export_targets-extras.cmake
#12 3.872 -- Installing: /tmp/ws/install/research_interfaces/share/research_interfaces/cmake/rosidl_cmake_export_typesupport_targets-extras.cmake
#12 3.872 -- Installing: /tmp/ws/install/research_interfaces/share/research_interfaces/cmake/rosidl_cmake_export_typesupport_libraries-extras.cmake
#12 3.872 -- Installing: /tmp/ws/install/research_interfaces/share/research_interfaces/cmake/research_interfacesConfig.cmake
#12 3.873 -- Installing: /tmp/ws/install/research_interfaces/share/research_interfaces/cmake/research_interfacesConfig-version.cmake
#12 3.873 -- Installing: /tmp/ws/install/research_interfaces/share/research_interfaces/package.xml
#12 3.885 Finished <<< research_interfaces [3.45s]
#12 3.886 Starting >>> ego_planner
#12 3.923 -- The C compiler identification is GNU 11.4.0
#12 3.961 -- The CXX compiler identification is GNU 11.4.0
#12 3.965 -- Detecting C compiler ABI info
#12 4.007 -- Detecting C compiler ABI info - done
#12 4.012 -- Check for working C compiler: /usr/bin/cc - skipped
#12 4.012 -- Detecting C compile features
#12 4.013 -- Detecting C compile features - done
#12 4.015 -- Detecting CXX compiler ABI info
#12 4.064 -- Detecting CXX compiler ABI info - done
#12 4.069 -- Check for working CXX compiler: /usr/bin/c++ - skipped
#12 4.069 -- Detecting CXX compile features
#12 4.070 -- Detecting CXX compile features - done
#12 4.071 -- Found ament_cmake: 1.3.13 (/opt/ros/humble/share/ament_cmake/cmake)
#12 4.156 -- Found Python3: /usr/bin/python3 (found version "3.10.12") found components: Interpreter 
#12 4.213 -- Found rclcpp: 16.0.18 (/opt/ros/humble/share/rclcpp/cmake)
#12 4.235 -- Found rosidl_generator_c: 3.1.8 (/opt/ros/humble/share/rosidl_generator_c/cmake)
#12 4.238 -- Found rosidl_adapter: 3.1.8 (/opt/ros/humble/share/rosidl_adapter/cmake)
#12 4.243 -- Found rosidl_generator_cpp: 3.1.8 (/opt/ros/humble/share/rosidl_generator_cpp/cmake)
#12 4.251 -- Using all available rosidl_typesupport_c: rosidl_typesupport_fastrtps_c;rosidl_typesupport_introspection_c
#12 4.261 -- Using all available rosidl_typesupport_cpp: rosidl_typesupport_fastrtps_cpp;rosidl_typesupport_introspection_cpp
#12 4.288 -- Found rmw_implementation_cmake: 6.1.2 (/opt/ros/humble/share/rmw_implementation_cmake/cmake)
#12 4.289 -- Found rmw_fastrtps_cpp: 6.2.10 (/opt/ros/humble/share/rmw_fastrtps_cpp/cmake)
#12 4.333 -- Found OpenSSL: /usr/lib/aarch64-linux-gnu/libcrypto.so (found version "3.0.2")  
#12 4.345 -- Found FastRTPS: /opt/ros/humble/include  
#12 4.363 -- Using RMW implementation 'rmw_fastrtps_cpp' as default
#12 4.368 -- Looking for pthread.h
#12 4.413 -- Looking for pthread.h - found
#12 4.413 -- Performing Test CMAKE_HAVE_LIBC_PTHREAD
#12 4.456 -- Performing Test CMAKE_HAVE_LIBC_PTHREAD - Success
#12 4.457 -- Found Threads: TRUE  
#12 4.493 -- Found nav_msgs: 4.9.1 (/opt/ros/humble/share/nav_msgs/cmake)
#12 4.514 -- Found research_interfaces: 0.1.0 (/tmp/ws/install/research_interfaces/share/research_interfaces/cmake)
#12 4.525 -- Found tf2: 0.25.19 (/opt/ros/humble/share/tf2/cmake)
#12 4.530 -- Found tf2_ros: 0.25.19 (/opt/ros/humble/share/tf2_ros/cmake)
#12 4.591 -- Found sensor_msgs: 4.9.1 (/opt/ros/humble/share/sensor_msgs/cmake)
#12 4.607 -- Found Boost: /usr/lib/aarch64-linux-gnu/cmake/Boost-1.74.0/BoostConfig.cmake (found version "1.74.0")  
#12 4.608 -- Found visualization_msgs: 4.9.1 (/opt/ros/humble/share/visualization_msgs/cmake)
#12 4.628 -- Found rosidl_default_generators: 1.2.0 (/opt/ros/humble/share/rosidl_default_generators/cmake)
#12 4.633 statusego_planner
#12 4.633 -- 包根目录：/tmp/ws/src/EgoPlanner-ROS2
#12 4.633 -- 检查msg文件：/tmp/ws/src/EgoPlanner-ROS2/msg/CurrentPose.msg
#12 4.633 -- ✅ msg文件存在！
#12 4.795 -- Found ament_cmake_ros: 0.10.0 (/opt/ros/humble/share/ament_cmake_ros/cmake)
#12 5.023 -- Using all available rosidl_typesupport_c: rosidl_typesupport_fastrtps_c;rosidl_typesupport_introspection_c
#12 5.116 -- Using all available rosidl_typesupport_cpp: rosidl_typesupport_fastrtps_cpp;rosidl_typesupport_introspection_cpp
#12 5.128 -- Found PythonInterp: /usr/bin/python3 (found suitable version "3.10.12", minimum required is "3.6") 
#12 5.129 -- Found python_cmake_module: 0.10.0 (/opt/ros/humble/share/python_cmake_module/cmake)
#12 5.142 -- Found PythonLibs: /usr/lib/aarch64-linux-gnu/libpython3.10.so (found suitable version "3.10.12", minimum required is "3.5") 
#12 5.142 -- Using PYTHON_EXECUTABLE: /usr/bin/python3
#12 5.142 -- Using PYTHON_INCLUDE_DIRS: /usr/include/python3.10
#12 5.142 -- Using PYTHON_LIBRARIES: /usr/lib/aarch64-linux-gnu/libpython3.10.so
#12 5.154 -- Found PythonExtra: .so  
#12 5.191 -- Configuring done
#12 5.227 -- Generating done
#12 5.238 -- Build files have been written to: /tmp/ws/build/ego_planner
#12 5.275 [  2%] Generating C code for ROS interfaces
#12 5.282 [  6%] Building CXX object planner/GridMap2D/CMakeFiles/local_map.dir/src/grid_map.cpp.o
#12 5.282 [  6%] Generating C++ code for ROS interfaces
#12 5.283 [  9%] Building CXX object planner/bspline_opt/CMakeFiles/bspline_opt.dir/src/uniform_bspline.cpp.o
#12 5.283 [ 11%] Building CXX object planner/bspline_opt/CMakeFiles/bspline_opt.dir/src/bspline_optimizer.cpp.o
#12 5.283 [ 16%] Building CXX object planner/bspline_opt/CMakeFiles/bspline_opt.dir/src/gradient_descent_optimizer.cpp.o
#12 5.283 [ 16%] Building CXX object planner/path_searching/CMakeFiles/path_searching.dir/src/dyn_a_star.cpp.o
#12 5.287 [ 16%] Built target ament_cmake_python_copy_ego_planner
#12 5.515 running egg_info
#12 5.516 creating ego_planner.egg-info
#12 5.520 writing ego_planner.egg-info/PKG-INFO
#12 5.520 writing dependency_links to ego_planner.egg-info/dependency_links.txt
#12 5.520 writing top-level names to ego_planner.egg-info/top_level.txt
#12 5.520 writing manifest file 'ego_planner.egg-info/SOURCES.txt'
#12 5.521 reading manifest file 'ego_planner.egg-info/SOURCES.txt'
#12 5.521 writing manifest file 'ego_planner.egg-info/SOURCES.txt'
#12 5.566 [ 16%] Built target ament_cmake_python_build_ego_planner_egg
#12 5.592 [ 18%] Building C object CMakeFiles/ego_planner__rosidl_generator_c.dir/rosidl_generator_c/ego_planner/msg/detail/current_pose__functions.c.o
#12 5.596 [ 18%] Built target ego_planner__cpp
#12 5.605 [ 20%] Generating C++ introspection for ROS interfaces
#12 5.607 [ 23%] Generating C++ type support dispatch for ROS interfaces
#12 5.607 [ 25%] Generating C++ type support for eProsima Fast-RTPS
#12 5.724 [ 27%] Linking C shared library libego_planner__rosidl_generator_c.so
#12 5.772 [ 27%] Built target ego_planner__rosidl_generator_c
#12 5.781 [ 30%] Generating C type support for eProsima Fast-RTPS
#12 5.782 [ 32%] Generating C introspection for ROS interfaces
#12 5.954 [ 34%] Building CXX object CMakeFiles/ego_planner__rosidl_typesupport_cpp.dir/rosidl_typesupport_cpp/ego_planner/msg/current_pose__type_support.cpp.o
#12 5.987 [ 37%] Building CXX object CMakeFiles/ego_planner__rosidl_typesupport_introspection_cpp.dir/rosidl_typesupport_introspection_cpp/ego_planner/msg/detail/current_pose__type_support.cpp.o
#12 5.993 [ 39%] Building CXX object CMakeFiles/ego_planner__rosidl_typesupport_fastrtps_cpp.dir/rosidl_typesupport_fastrtps_cpp/ego_planner/msg/detail/dds_fastrtps/current_pose__type_support.cpp.o
#12 6.143 [ 41%] Building C object CMakeFiles/ego_planner__rosidl_typesupport_introspection_c.dir/rosidl_typesupport_introspection_c/ego_planner/msg/detail/current_pose__type_support.c.o
#12 6.159 [ 44%] Building CXX object CMakeFiles/ego_planner__rosidl_typesupport_fastrtps_c.dir/rosidl_typesupport_fastrtps_c/ego_planner/msg/detail/current_pose__type_support_c.cpp.o
#12 6.189 [ 46%] Linking C shared library libego_planner__rosidl_typesupport_introspection_c.so
#12 6.221 In file included from /usr/include/eigen3/Eigen/Core:214,
#12 6.223                  from /usr/include/eigen3/Eigen/Dense:1,
#12 6.223                  from /usr/include/eigen3/Eigen/Eigen:1,
#12 6.223                  from /tmp/ws/src/EgoPlanner-ROS2/./planner/bspline_opt/include/bspline_opt/gradient_descent_optimizer.h:6,
#12 6.224                  from /tmp/ws/src/EgoPlanner-ROS2/planner/bspline_opt/src/gradient_descent_optimizer.cpp:1:
#12 6.224 /usr/include/eigen3/Eigen/src/Core/arch/NEON/PacketMath.h: In function ‘Packet Eigen::internal::pload(const typename Eigen::internal::unpacket_traits<T>::type*) [with Packet = Eigen::internal::eigen_packet_wrapper<int, 2>; typename Eigen::internal::unpacket_traits<T>::type = signed char]’:
#12 6.224 /usr/include/eigen3/Eigen/src/Core/arch/NEON/PacketMath.h:1671:9: warning: ‘void* memcpy(void*, const void*, size_t)’ copying an object of non-trivial type ‘Eigen::internal::Packet4c’ {aka ‘struct Eigen::internal::eigen_packet_wrapper<int, 2>’} from an array of ‘const int8_t’ {aka ‘const signed char’} [-Wclass-memaccess]
#12 6.241  1671 |   memcpy(&res, from, sizeof(Packet4c));
#12 6.241       |   ~~~~~~^~~~~~~~~~~~~~~~~~~~~~~~~~~~~~
#12 6.241 In file included from /usr/include/eigen3/Eigen/Core:172,
#12 6.241                  from /usr/include/eigen3/Eigen/Dense:1,
#12 6.241                  from /usr/include/eigen3/Eigen/Eigen:1,
#12 6.242                  from /tmp/ws/src/EgoPlanner-ROS2/./planner/bspline_opt/include/bspline_opt/gradient_descent_optimizer.h:6,
#12 6.242                  from /tmp/ws/src/EgoPlanner-ROS2/planner/bspline_opt/src/gradient_descent_optimizer.cpp:1:
#12 6.242 /usr/include/eigen3/Eigen/src/Core/GenericPacketMath.h:159:8: note: ‘Eigen::internal::Packet4c’ {aka ‘struct Eigen::internal::eigen_packet_wrapper<int, 2>’} declared here
#12 6.243   159 | struct eigen_packet_wrapper
#12 6.243       |        ^~~~~~~~~~~~~~~~~~~~
#12 6.244 [ 46%] Built target ego_planner__rosidl_typesupport_introspection_c
#12 6.244 [ 48%] Generating C type support dispatch for ROS interfaces
#12 6.245 In file included from /usr/include/eigen3/Eigen/Core:214,
#12 6.245                  from /usr/include/eigen3/Eigen/Dense:1,
#12 6.245                  from /usr/include/eigen3/Eigen/Eigen:1,
#12 6.245                  from /tmp/ws/src/EgoPlanner-ROS2/./planner/bspline_opt/include/bspline_opt/gradient_descent_optimizer.h:6,
#12 6.245                  from /tmp/ws/src/EgoPlanner-ROS2/planner/bspline_opt/src/gradient_descent_optimizer.cpp:1:
#12 6.246 /usr/include/eigen3/Eigen/src/Core/arch/NEON/PacketMath.h: In function ‘Packet Eigen::internal::ploadu(const typename Eigen::internal::unpacket_traits<T>::type*) [with Packet = Eigen::internal::eigen_packet_wrapper<int, 2>; typename Eigen::internal::unpacket_traits<T>::type = signed char]’:
#12 6.246 /usr/include/eigen3/Eigen/src/Core/arch/NEON/PacketMath.h:1716:9: warning: ‘void* memcpy(void*, const void*, size_t)’ copying an object of non-trivial type ‘Eigen::internal::Packet4c’ {aka ‘struct Eigen::internal::eigen_packet_wrapper<int, 2>’} from an array of ‘const int8_t’ {aka ‘const signed char’} [-Wclass-memaccess]
#12 6.246  1716 |   memcpy(&res, from, sizeof(Packet4c));
#12 6.246       |   ~~~~~~^~~~~~~~~~~~~~~~~~~~~~~~~~~~~~
#12 6.246 In file included from /usr/include/eigen3/Eigen/Core:172,
#12 6.246                  from /usr/include/eigen3/Eigen/Dense:1,
#12 6.246                  from /usr/include/eigen3/Eigen/Eigen:1,
#12 6.247                  from /tmp/ws/src/EgoPlanner-ROS2/./planner/bspline_opt/include/bspline_opt/gradient_descent_optimizer.h:6,
#12 6.247                  from /tmp/ws/src/EgoPlanner-ROS2/planner/bspline_opt/src/gradient_descent_optimizer.cpp:1:
#12 6.247 /usr/include/eigen3/Eigen/src/Core/GenericPacketMath.h:159:8: note: ‘Eigen::internal::Packet4c’ {aka ‘struct Eigen::internal::eigen_packet_wrapper<int, 2>’} declared here
#12 6.247   159 | struct eigen_packet_wrapper
#12 6.248       |        ^~~~~~~~~~~~~~~~~~~~
#12 6.248 In file included from /usr/include/eigen3/Eigen/Core:214,
#12 6.248                  from /usr/include/eigen3/Eigen/Dense:1,
#12 6.248                  from /usr/include/eigen3/Eigen/Eigen:1,
#12 6.249                  from /tmp/ws/src/EgoPlanner-ROS2/./planner/bspline_opt/include/bspline_opt/uniform_bspline.h:4,
#12 6.249                  from /tmp/ws/src/EgoPlanner-ROS2/planner/bspline_opt/src/uniform_bspline.cpp:1:
#12 6.249 /usr/include/eigen3/Eigen/src/Core/arch/NEON/PacketMath.h: In function ‘Packet Eigen::internal::pload(const typename Eigen::internal::unpacket_traits<T>::type*) [with Packet = Eigen::internal::eigen_packet_wrapper<int, 2>; typename Eigen::internal::unpacket_traits<T>::type = signed char]’:
#12 6.249 /usr/include/eigen3/Eigen/src/Core/arch/NEON/PacketMath.h:1671:9: warning: ‘void* memcpy(void*, const void*, size_t)’ copying an object of non-trivial type ‘Eigen::internal::Packet4c’ {aka ‘struct Eigen::internal::eigen_packet_wrapper<int, 2>’} from an array of ‘const int8_t’ {aka ‘const signed char’} [-Wclass-memaccess]
#12 6.249  1671 |   memcpy(&res, from, sizeof(Packet4c));
#12 6.250       |   ~~~~~~^~~~~~~~~~~~~~~~~~~~~~~~~~~~~~
#12 6.250 In file included from /usr/include/eigen3/Eigen/Core:172,
#12 6.250                  from /usr/include/eigen3/Eigen/Dense:1,
#12 6.250                  from /usr/include/eigen3/Eigen/Eigen:1,
#12 6.250                  from /tmp/ws/src/EgoPlanner-ROS2/./planner/bspline_opt/include/bspline_opt/uniform_bspline.h:4,
#12 6.251                  from /tmp/ws/src/EgoPlanner-ROS2/planner/bspline_opt/src/uniform_bspline.cpp:1:
#12 6.251 /usr/include/eigen3/Eigen/src/Core/GenericPacketMath.h:159:8: note: ‘Eigen::internal::Packet4c’ {aka ‘struct Eigen::internal::eigen_packet_wrapper<int, 2>’} declared here
#12 6.251   159 | struct eigen_packet_wrapper
#12 6.251       |        ^~~~~~~~~~~~~~~~~~~~
#12 6.251 In file included from /usr/include/eigen3/Eigen/Core:214,
#12 6.251                  from /usr/include/eigen3/Eigen/Dense:1,
#12 6.252                  from /usr/include/eigen3/Eigen/Eigen:1,
#12 6.252                  from /tmp/ws/src/EgoPlanner-ROS2/./planner/bspline_opt/include/bspline_opt/uniform_bspline.h:4,
#12 6.253                  from /tmp/ws/src/EgoPlanner-ROS2/planner/bspline_opt/src/uniform_bspline.cpp:1:
#12 6.253 /usr/include/eigen3/Eigen/src/Core/arch/NEON/PacketMath.h: In function ‘Packet Eigen::internal::ploadu(const typename Eigen::internal::unpacket_traits<T>::type*) [with Packet = Eigen::internal::eigen_packet_wrapper<int, 2>; typename Eigen::internal::unpacket_traits<T>::type = signed char]’:
#12 6.253 /usr/include/eigen3/Eigen/src/Core/arch/NEON/PacketMath.h:1716:9: warning: ‘void* memcpy(void*, const void*, size_t)’ copying an object of non-trivial type ‘Eigen::internal::Packet4c’ {aka ‘struct Eigen::internal::eigen_packet_wrapper<int, 2>’} from an array of ‘const int8_t’ {aka ‘const signed char’} [-Wclass-memaccess]
#12 6.254  1716 |   memcpy(&res, from, sizeof(Packet4c));
#12 6.254       |   ~~~~~~^~~~~~~~~~~~~~~~~~~~~~~~~~~~~~
#12 6.255 In file included from /usr/include/eigen3/Eigen/Core:172,
#12 6.255                  from /usr/include/eigen3/Eigen/Dense:1,
#12 6.256                  from /usr/include/eigen3/Eigen/Eigen:1,
#12 6.256                  from /tmp/ws/src/EgoPlanner-ROS2/./planner/bspline_opt/include/bspline_opt/uniform_bspline.h:4,
#12 6.256                  from /tmp/ws/src/EgoPlanner-ROS2/planner/bspline_opt/src/uniform_bspline.cpp:1:
#12 6.256 /usr/include/eigen3/Eigen/src/Core/GenericPacketMath.h:159:8: note: ‘Eigen::internal::Packet4c’ {aka ‘struct Eigen::internal::eigen_packet_wrapper<int, 2>’} declared here
#12 6.257   159 | struct eigen_packet_wrapper
#12 6.257       |        ^~~~~~~~~~~~~~~~~~~~
#12 6.257 In file included from /usr/include/eigen3/Eigen/Core:214,
#12 6.258                  from /usr/include/eigen3/Eigen/Dense:1,
#12 6.258                  from /usr/include/eigen3/Eigen/Eigen:1,
#12 6.259                  from /tmp/ws/src/EgoPlanner-ROS2/./planner/bspline_opt/include/bspline_opt/bspline_optimizer.h:4,
#12 6.259                  from /tmp/ws/src/EgoPlanner-ROS2/planner/bspline_opt/src/bspline_optimizer.cpp:1:
#12 6.259 /usr/include/eigen3/Eigen/src/Core/arch/NEON/PacketMath.h: In function ‘Packet Eigen::internal::pload(const typename Eigen::internal::unpacket_traits<T>::type*) [with Packet = Eigen::internal::eigen_packet_wrapper<int, 2>; typename Eigen::internal::unpacket_traits<T>::type = signed char]’:
#12 6.259 /usr/include/eigen3/Eigen/src/Core/arch/NEON/PacketMath.h:1671:9: warning: ‘void* memcpy(void*, const void*, size_t)’ copying an object of non-trivial type ‘Eigen::internal::Packet4c’ {aka ‘struct Eigen::internal::eigen_packet_wrapper<int, 2>’} from an array of ‘const int8_t’ {aka ‘const signed char’} [-Wclass-memaccess]
#12 6.260  1671 |   memcpy(&res, from, sizeof(Packet4c));
#12 6.260       |   ~~~~~~^~~~~~~~~~~~~~~~~~~~~~~~~~~~~~
#12 6.260 In file included from /usr/include/eigen3/Eigen/Core:172,
#12 6.261                  from /usr/include/eigen3/Eigen/Dense:1,
#12 6.261                  from /usr/include/eigen3/Eigen/Eigen:1,
#12 6.261                  from /tmp/ws/src/EgoPlanner-ROS2/./planner/bspline_opt/include/bspline_opt/bspline_optimizer.h:4,
#12 6.261                  from /tmp/ws/src/EgoPlanner-ROS2/planner/bspline_opt/src/bspline_optimizer.cpp:1:
#12 6.261 /usr/include/eigen3/Eigen/src/Core/GenericPacketMath.h:159:8: note: ‘Eigen::internal::Packet4c’ {aka ‘struct Eigen::internal::eigen_packet_wrapper<int, 2>’} declared here
#12 6.261   159 | struct eigen_packet_wrapper
#12 6.261       |        ^~~~~~~~~~~~~~~~~~~~
#12 6.261 In file included from /usr/include/eigen3/Eigen/Core:214,
#12 6.261                  from /usr/include/eigen3/Eigen/Dense:1,
#12 6.261                  from /usr/include/eigen3/Eigen/Eigen:1,
#12 6.262                  from /tmp/ws/src/EgoPlanner-ROS2/./planner/bspline_opt/include/bspline_opt/bspline_optimizer.h:4,
#12 6.262                  from /tmp/ws/src/EgoPlanner-ROS2/planner/bspline_opt/src/bspline_optimizer.cpp:1:
#12 6.263 /usr/include/eigen3/Eigen/src/Core/arch/NEON/PacketMath.h: In function ‘Packet Eigen::internal::ploadu(const typename Eigen::internal::unpacket_traits<T>::type*) [with Packet = Eigen::internal::eigen_packet_wrapper<int, 2>; typename Eigen::internal::unpacket_traits<T>::type = signed char]’:
#12 6.263 /usr/include/eigen3/Eigen/src/Core/arch/NEON/PacketMath.h:1716:9: warning: ‘void* memcpy(void*, const void*, size_t)’ copying an object of non-trivial type ‘Eigen::internal::Packet4c’ {aka ‘struct Eigen::internal::eigen_packet_wrapper<int, 2>’} from an array of ‘const int8_t’ {aka ‘const signed char’} [-Wclass-memaccess]
#12 6.263  1716 |   memcpy(&res, from, sizeof(Packet4c));
#12 6.263       |   ~~~~~~^~~~~~~~~~~~~~~~~~~~~~~~~~~~~~
#12 6.263 In file included from /usr/include/eigen3/Eigen/Core:172,
#12 6.264                  from /usr/include/eigen3/Eigen/Dense:1,
#12 6.264                  from /usr/include/eigen3/Eigen/Eigen:1,
#12 6.264                  from /tmp/ws/src/EgoPlanner-ROS2/./planner/bspline_opt/include/bspline_opt/bspline_optimizer.h:4,
#12 6.264                  from /tmp/ws/src/EgoPlanner-ROS2/planner/bspline_opt/src/bspline_optimizer.cpp:1:
#12 6.264 /usr/include/eigen3/Eigen/src/Core/GenericPacketMath.h:159:8: note: ‘Eigen::internal::Packet4c’ {aka ‘struct Eigen::internal::eigen_packet_wrapper<int, 2>’} declared here
#12 6.264   159 | struct eigen_packet_wrapper
#12 6.264       |        ^~~~~~~~~~~~~~~~~~~~
#12 6.264 In file included from /usr/include/eigen3/Eigen/Core:214,
#12 6.265                  from /usr/include/eigen3/Eigen/Dense:1,
#12 6.265                  from /usr/include/eigen3/Eigen/Eigen:1,
#12 6.265                  from /tmp/ws/src/EgoPlanner-ROS2/./planner/path_searching/include/path_searching/dyn_a_star.h:5,
#12 6.266                  from /tmp/ws/src/EgoPlanner-ROS2/planner/path_searching/src/dyn_a_star.cpp:1:
#12 6.266 /usr/include/eigen3/Eigen/src/Core/arch/NEON/PacketMath.h: In function ‘Packet Eigen::internal::pload(const typename Eigen::internal::unpacket_traits<T>::type*) [with Packet = Eigen::internal::eigen_packet_wrapper<int, 2>; typename Eigen::internal::unpacket_traits<T>::type = signed char]’:
#12 6.267 /usr/include/eigen3/Eigen/src/Core/arch/NEON/PacketMath.h:1671:9: warning: ‘void* memcpy(void*, const void*, size_t)’ copying an object of non-trivial type ‘Eigen::internal::Packet4c’ {aka ‘struct Eigen::internal::eigen_packet_wrapper<int, 2>’} from an array of ‘const int8_t’ {aka ‘const signed char’} [-Wclass-memaccess]
#12 6.267  1671 |   memcpy(&res, from, sizeof(Packet4c));
#12 6.267       |   ~~~~~~^~~~~~~~~~~~~~~~~~~~~~~~~~~~~~
#12 6.268 In file included from /usr/include/eigen3/Eigen/Core:172,
#12 6.268                  from /usr/include/eigen3/Eigen/Dense:1,
#12 6.268                  from /usr/include/eigen3/Eigen/Eigen:1,
#12 6.269                  from /tmp/ws/src/EgoPlanner-ROS2/./planner/path_searching/include/path_searching/dyn_a_star.h:5,
#12 6.269                  from /tmp/ws/src/EgoPlanner-ROS2/planner/path_searching/src/dyn_a_star.cpp:1:
#12 6.271 /usr/include/eigen3/Eigen/src/Core/GenericPacketMath.h:159:8: note: ‘Eigen::internal::Packet4c’ {aka ‘struct Eigen::internal::eigen_packet_wrapper<int, 2>’} declared here
#12 6.271   159 | struct eigen_packet_wrapper
#12 6.271       |        ^~~~~~~~~~~~~~~~~~~~
#12 6.271 In file included from /usr/include/eigen3/Eigen/Core:214,
#12 6.272                  from /usr/include/eigen3/Eigen/Dense:1,
#12 6.272                  from /usr/include/eigen3/Eigen/Eigen:1,
#12 6.272                  from /tmp/ws/src/EgoPlanner-ROS2/./planner/path_searching/include/path_searching/dyn_a_star.h:5,
#12 6.272                  from /tmp/ws/src/EgoPlanner-ROS2/planner/path_searching/src/dyn_a_star.cpp:1:
#12 6.272 /usr/include/eigen3/Eigen/src/Core/arch/NEON/PacketMath.h: In function ‘Packet Eigen::internal::ploadu(const typename Eigen::internal::unpacket_traits<T>::type*) [with Packet = Eigen::internal::eigen_packet_wrapper<int, 2>; typename Eigen::internal::unpacket_traits<T>::type = signed char]’:
#12 6.272 /usr/include/eigen3/Eigen/src/Core/arch/NEON/PacketMath.h:1716:9: warning: ‘void* memcpy(void*, const void*, size_t)’ copying an object of non-trivial type ‘Eigen::internal::Packet4c’ {aka ‘struct Eigen::internal::eigen_packet_wrapper<int, 2>’} from an array of ‘const int8_t’ {aka ‘const signed char’} [-Wclass-memaccess]
#12 6.273  1716 |   memcpy(&res, from, sizeof(Packet4c));
#12 6.273       |   ~~~~~~^~~~~~~~~~~~~~~~~~~~~~~~~~~~~~
#12 6.274 In file included from /usr/include/eigen3/Eigen/Core:172,
#12 6.274                  from /usr/include/eigen3/Eigen/Dense:1,
#12 6.274                  from /usr/include/eigen3/Eigen/Eigen:1,
#12 6.275                  from /tmp/ws/src/EgoPlanner-ROS2/./planner/path_searching/include/path_searching/dyn_a_star.h:5,
#12 6.275                  from /tmp/ws/src/EgoPlanner-ROS2/planner/path_searching/src/dyn_a_star.cpp:1:
#12 6.275 /usr/include/eigen3/Eigen/src/Core/GenericPacketMath.h:159:8: note: ‘Eigen::internal::Packet4c’ {aka ‘struct Eigen::internal::eigen_packet_wrapper<int, 2>’} declared here
#12 6.276   159 | struct eigen_packet_wrapper
#12 6.276       |        ^~~~~~~~~~~~~~~~~~~~
#12 6.356 In file included from /usr/include/eigen3/Eigen/Core:214,
#12 6.356                  from /usr/include/eigen3/Eigen/Dense:1,
#12 6.357                  from /tmp/ws/src/EgoPlanner-ROS2/planner/GridMap2D/include/plan_env/grid_map.h:9,
#12 6.357                  from /tmp/ws/src/EgoPlanner-ROS2/planner/GridMap2D/src/grid_map.cpp:1:
#12 6.357 /usr/include/eigen3/Eigen/src/Core/arch/NEON/PacketMath.h: In function ‘Packet Eigen::internal::pload(const typename Eigen::internal::unpacket_traits<T>::type*) [with Packet = Eigen::internal::eigen_packet_wrapper<int, 2>; typename Eigen::internal::unpacket_traits<T>::type = signed char]’:
#12 6.357 /usr/include/eigen3/Eigen/src/Core/arch/NEON/PacketMath.h:1671:9: warning: ‘void* memcpy(void*, const void*, size_t)’ copying an object of non-trivial type ‘Eigen::internal::Packet4c’ {aka ‘struct Eigen::internal::eigen_packet_wrapper<int, 2>’} from an array of ‘const int8_t’ {aka ‘const signed char’} [-Wclass-memaccess]
#12 6.358  1671 |   memcpy(&res, from, sizeof(Packet4c));
#12 6.358       |   ~~~~~~^~~~~~~~~~~~~~~~~~~~~~~~~~~~~~
#12 6.358 In file included from /usr/include/eigen3/Eigen/Core:172,
#12 6.359                  from /usr/include/eigen3/Eigen/Dense:1,
#12 6.359                  from /tmp/ws/src/EgoPlanner-ROS2/planner/GridMap2D/include/plan_env/grid_map.h:9,
#12 6.360                  from /tmp/ws/src/EgoPlanner-ROS2/planner/GridMap2D/src/grid_map.cpp:1:
#12 6.360 /usr/include/eigen3/Eigen/src/Core/GenericPacketMath.h:159:8: note: ‘Eigen::internal::Packet4c’ {aka ‘struct Eigen::internal::eigen_packet_wrapper<int, 2>’} declared here
#12 6.362   159 | struct eigen_packet_wrapper
#12 6.362       |        ^~~~~~~~~~~~~~~~~~~~
#12 6.363 In file included from /usr/include/eigen3/Eigen/Core:214,
#12 6.364                  from /usr/include/eigen3/Eigen/Dense:1,
#12 6.364                  from /tmp/ws/src/EgoPlanner-ROS2/planner/GridMap2D/include/plan_env/grid_map.h:9,
#12 6.365                  from /tmp/ws/src/EgoPlanner-ROS2/planner/GridMap2D/src/grid_map.cpp:1:
#12 6.365 /usr/include/eigen3/Eigen/src/Core/arch/NEON/PacketMath.h: In function ‘Packet Eigen::internal::ploadu(const typename Eigen::internal::unpacket_traits<T>::type*) [with Packet = Eigen::internal::eigen_packet_wrapper<int, 2>; typename Eigen::internal::unpacket_traits<T>::type = signed char]’:
#12 6.366 /usr/include/eigen3/Eigen/src/Core/arch/NEON/PacketMath.h:1716:9: warning: ‘void* memcpy(void*, const void*, size_t)’ copying an object of non-trivial type ‘Eigen::internal::Packet4c’ {aka ‘struct Eigen::internal::eigen_packet_wrapper<int, 2>’} from an array of ‘const int8_t’ {aka ‘const signed char’} [-Wclass-memaccess]
#12 6.367  1716 |   memcpy(&res, from, sizeof(Packet4c));
#12 6.367       |   ~~~~~~^~~~~~~~~~~~~~~~~~~~~~~~~~~~~~
#12 6.368 In file included from /usr/include/eigen3/Eigen/Core:172,
#12 6.370                  from /usr/include/eigen3/Eigen/Dense:1,
#12 6.370                  from /tmp/ws/src/EgoPlanner-ROS2/planner/GridMap2D/include/plan_env/grid_map.h:9,
#12 6.370                  from /tmp/ws/src/EgoPlanner-ROS2/planner/GridMap2D/src/grid_map.cpp:1:
#12 6.370 /usr/include/eigen3/Eigen/src/Core/GenericPacketMath.h:159:8: note: ‘Eigen::internal::Packet4c’ {aka ‘struct Eigen::internal::eigen_packet_wrapper<int, 2>’} declared here
#12 6.371   159 | struct eigen_packet_wrapper
#12 6.371       |        ^~~~~~~~~~~~~~~~~~~~
#12 6.372 [ 51%] Linking CXX shared library libego_planner__rosidl_typesupport_cpp.so
#12 6.404 [ 51%] Built target ego_planner__rosidl_typesupport_cpp
#12 6.524 [ 53%] Linking CXX shared library libego_planner__rosidl_typesupport_introspection_cpp.so
#12 6.560 [ 55%] Building CXX object CMakeFiles/ego_planner__rosidl_typesupport_c.dir/rosidl_typesupport_c/ego_planner/msg/current_pose__type_support.cpp.o
#12 6.560 [ 58%] Linking CXX shared library libego_planner__rosidl_typesupport_fastrtps_cpp.so
#12 6.560 [ 58%] Built target ego_planner__rosidl_typesupport_introspection_cpp
#12 6.590 [ 60%] Linking CXX shared library libego_planner__rosidl_typesupport_c.so
#12 6.625 [ 60%] Built target ego_planner__rosidl_typesupport_fastrtps_cpp
#12 6.633 [ 62%] Linking CXX shared library libego_planner__rosidl_typesupport_fastrtps_c.so
#12 6.633 [ 62%] Built target ego_planner__rosidl_typesupport_c
#12 6.717 [ 62%] Built target ego_planner__rosidl_typesupport_fastrtps_c
#12 6.736 [ 62%] Built target ego_planner
#12 6.754 [ 65%] Generating Python code for ROS interfaces
#12 7.113 [ 65%] Built target ego_planner__py
#12 7.132 [ 67%] Building C object CMakeFiles/ego_planner__rosidl_generator_py.dir/rosidl_generator_py/ego_planner/msg/_current_pose_s.c.o
#12 7.271 [ 69%] Linking C shared library rosidl_generator_py/ego_planner/libego_planner__rosidl_generator_py.so
#12 7.310 [ 69%] Built target ego_planner__rosidl_generator_py
#12 7.329 [ 72%] Building C object CMakeFiles/ego_planner__rosidl_typesupport_fastrtps_c__pyext.dir/rosidl_generator_py/ego_planner/_ego_planner_s.ep.rosidl_typesupport_fastrtps_c.c.o
#12 7.329 [ 74%] Building C object CMakeFiles/ego_planner__rosidl_typesupport_introspection_c__pyext.dir/rosidl_generator_py/ego_planner/_ego_planner_s.ep.rosidl_typesupport_introspection_c.c.o
#12 7.329 [ 76%] Building C object CMakeFiles/ego_planner__rosidl_typesupport_c__pyext.dir/rosidl_generator_py/ego_planner/_ego_planner_s.ep.rosidl_typesupport_c.c.o
#12 7.471 [ 79%] Linking C shared library rosidl_generator_py/ego_planner/ego_planner_s__rosidl_typesupport_introspection_c.cpython-310-aarch64-linux-gnu.so
#12 7.472 [ 81%] Linking C shared library rosidl_generator_py/ego_planner/ego_planner_s__rosidl_typesupport_c.cpython-310-aarch64-linux-gnu.so
#12 7.476 [ 83%] Linking C shared library rosidl_generator_py/ego_planner/ego_planner_s__rosidl_typesupport_fastrtps_c.cpython-310-aarch64-linux-gnu.so
#12 7.509 [ 83%] Built target ego_planner__rosidl_typesupport_introspection_c__pyext
#12 7.510 [ 83%] Built target ego_planner__rosidl_typesupport_c__pyext
#12 7.514 [ 83%] Built target ego_planner__rosidl_typesupport_fastrtps_c__pyext
#12 7.842 [ 86%] Linking CXX static library liblocal_map.a
#12 7.853 /tmp/ws/src/EgoPlanner-ROS2/planner/bspline_opt/src/bspline_optimizer.cpp: In member function ‘void ego_planner::BsplineOptimizer::combineCostRebound(const double*, double*, double&, int)’:
#12 7.853 /tmp/ws/src/EgoPlanner-ROS2/planner/bspline_opt/src/bspline_optimizer.cpp:1044:62: warning: unused variable ‘f_turn’ [-Wunused-variable]
#12 7.854  1044 |   double f_smoothness = 0, f_distance = 0, f_feasibility = 0,f_turn = 0,f_kappa = 0;
#12 7.854       |                                                              ^~~~~~
#12 7.854 /tmp/ws/src/EgoPlanner-ROS2/planner/bspline_opt/src/bspline_optimizer.cpp:1044:73: warning: unused variable ‘f_kappa’ [-Wunused-variable]
#12 7.854  1044 |   double f_smoothness = 0, f_distance = 0, f_feasibility = 0,f_turn = 0,f_kappa = 0;
#12 7.854       |                                                                         ^~~~~~~
#12 7.909 [ 86%] Built target local_map
#12 8.835 [ 88%] Linking CXX static library libpath_searching.a
#12 8.891 [ 88%] Built target path_searching
#12 11.14 /tmp/ws/src/EgoPlanner-ROS2/planner/bspline_opt/src/uniform_bspline.cpp: In member function ‘void ego_planner::UniformBspline::getMeanAndMaxVel(double&, double&)’:
#12 11.14 /tmp/ws/src/EgoPlanner-ROS2/planner/bspline_opt/src/uniform_bspline.cpp:334:27: warning: ‘tmp’ may be used uninitialized in this function [-Wmaybe-uninitialized]
#12 11.14   334 |     for (double t = tm; t <= tmp; t += 0.01)
#12 11.14       |                         ~~^~~~~~
#12 11.14 /tmp/ws/src/EgoPlanner-ROS2/planner/bspline_opt/src/uniform_bspline.cpp:334:27: warning: ‘tm’ may be used uninitialized in this function [-Wmaybe-uninitialized]
#12 11.16 /tmp/ws/src/EgoPlanner-ROS2/planner/bspline_opt/src/uniform_bspline.cpp: In member function ‘void ego_planner::UniformBspline::getMeanAndMaxAcc(double&, double&)’:
#12 11.16 /tmp/ws/src/EgoPlanner-ROS2/planner/bspline_opt/src/uniform_bspline.cpp:360:27: warning: ‘tmp’ may be used uninitialized in this function [-Wmaybe-uninitialized]
#12 11.16   360 |     for (double t = tm; t <= tmp; t += 0.01)
#12 11.16       |                         ~~^~~~~~
#12 11.16 /tmp/ws/src/EgoPlanner-ROS2/planner/bspline_opt/src/uniform_bspline.cpp:360:27: warning: ‘tm’ may be used uninitialized in this function [-Wmaybe-uninitialized]
#12 13.22 [ 90%] Linking CXX static library libbspline_opt.a
#12 13.34 [ 90%] Built target bspline_opt
#12 13.35 [ 93%] Building CXX object planner/plan_manage/CMakeFiles/ego_planner_lib.dir/src/planner_interface.cpp.o
#12 14.49 In file included from /tmp/ws/src/EgoPlanner-ROS2/./planner/plan_manage/include/plan_manage/planner_interface.h:16,
#12 14.49                  from /tmp/ws/src/EgoPlanner-ROS2/planner/plan_manage/src/planner_interface.cpp:1:
#12 14.49 /tmp/ws/src/EgoPlanner-ROS2/./planner/include/Bspline.h: In function ‘std::ostream& ego_planner::operator<<(std::ostream&, const ego_planner::Bspline_<ContainerAllocator>&)’:
#12 14.49 /tmp/ws/src/EgoPlanner-ROS2/./planner/include/Bspline.h:88:1: warning: no return statement in function returning non-void [-Wreturn-type]
#12 14.49    88 | }
#12 14.49       | ^
#12 14.52 /tmp/ws/src/EgoPlanner-ROS2/planner/plan_manage/src/planner_interface.cpp: In member function ‘void ego_planner::PlannerInterface::makePlan()’:
#12 14.52 /tmp/ws/src/EgoPlanner-ROS2/planner/plan_manage/src/planner_interface.cpp:206:52: warning: format ‘%d’ expects argument of type ‘int’, but argument 2 has type ‘std::chrono::duration<long int, std::ratio<1, 1000> >::rep’ {aka ‘long int’} [-Wformat=]
#12 14.52   206 |         printf("MotionPlanner Total Running Time: %d  ms \n", elapsed.count());
#12 14.52       |                                                   ~^          ~~~~~~~~~~~~~~~
#12 14.52       |                                                    |                       |
#12 14.52       |                                                    int                     std::chrono::duration<long int, std::ratio<1, 1000> >::rep {aka long int}
#12 14.52       |                                                   %ld
#12 16.40 [ 95%] Linking CXX static library libego_planner_lib.a
#12 16.45 [ 95%] Built target ego_planner_lib
#12 16.47 [ 97%] Building CXX object CMakeFiles/motion_plan.dir/src/trajectory_publisher.cpp.o
#12 19.06 In file included from /tmp/ws/src/EgoPlanner-ROS2/./planner/plan_manage/include/plan_manage/planner_interface.h:16,
#12 19.06                  from /tmp/ws/src/EgoPlanner-ROS2/include/trajectory_obstacles_publisher.h:18,
#12 19.06                  from /tmp/ws/src/EgoPlanner-ROS2/src/trajectory_publisher.cpp:10:
#12 19.06 /tmp/ws/src/EgoPlanner-ROS2/./planner/include/Bspline.h: In function ‘std::ostream& ego_planner::operator<<(std::ostream&, const ego_planner::Bspline_<ContainerAllocator>&)’:
#12 19.06 /tmp/ws/src/EgoPlanner-ROS2/./planner/include/Bspline.h:88:1: warning: no return statement in function returning non-void [-Wreturn-type]
#12 19.06    88 | }
#12 19.06       | ^
#12 43.00 [100%] Linking CXX executable motion_plan
#12 43.00 [Processing: ego_planner]
#12 43.76 [100%] Built target motion_plan
#12 43.78 -- Install configuration: "Release"
#12 43.78 -- Installing: /tmp/ws/install/ego_planner/share/ament_index/resource_index/rosidl_interfaces/ego_planner
#12 43.78 -- Installing: /tmp/ws/install/ego_planner/include/ego_planner/ego_planner
#12 43.78 -- Installing: /tmp/ws/install/ego_planner/include/ego_planner/ego_planner/msg
#12 43.78 -- Installing: /tmp/ws/install/ego_planner/include/ego_planner/ego_planner/msg/detail
#12 43.78 -- Installing: /tmp/ws/install/ego_planner/include/ego_planner/ego_planner/msg/detail/current_pose__functions.h
#12 43.78 -- Installing: /tmp/ws/install/ego_planner/include/ego_planner/ego_planner/msg/detail/current_pose__functions.c
#12 43.78 -- Installing: /tmp/ws/install/ego_planner/include/ego_planner/ego_planner/msg/detail/current_pose__struct.h
#12 43.78 -- Installing: /tmp/ws/install/ego_planner/include/ego_planner/ego_planner/msg/detail/current_pose__type_support.h
#12 43.78 -- Installing: /tmp/ws/install/ego_planner/include/ego_planner/ego_planner/msg/rosidl_generator_c__visibility_control.h
#12 43.78 -- Installing: /tmp/ws/install/ego_planner/include/ego_planner/ego_planner/msg/current_pose.h
#12 43.78 -- Installing: /tmp/ws/install/ego_planner/share/ego_planner/environment/library_path.sh
#12 43.78 -- Installing: /tmp/ws/install/ego_planner/share/ego_planner/environment/library_path.dsv
#12 43.78 -- Installing: /tmp/ws/install/ego_planner/lib/libego_planner__rosidl_generator_c.so
#12 43.78 -- Set runtime path of "/tmp/ws/install/ego_planner/lib/libego_planner__rosidl_generator_c.so" to ""
#12 43.78 -- Up-to-date: /tmp/ws/install/ego_planner/include/ego_planner/ego_planner
#12 43.78 -- Up-to-date: /tmp/ws/install/ego_planner/include/ego_planner/ego_planner/msg
#12 43.78 -- Up-to-date: /tmp/ws/install/ego_planner/include/ego_planner/ego_planner/msg/detail
#12 43.78 -- Installing: /tmp/ws/install/ego_planner/include/ego_planner/ego_planner/msg/detail/current_pose__rosidl_typesupport_fastrtps_c.h
#12 43.78 -- Installing: /tmp/ws/install/ego_planner/include/ego_planner/ego_planner/msg/rosidl_typesupport_fastrtps_c__visibility_control.h
#12 43.79 -- Installing: /tmp/ws/install/ego_planner/lib/libego_planner__rosidl_typesupport_fastrtps_c.so
#12 43.79 -- Set runtime path of "/tmp/ws/install/ego_planner/lib/libego_planner__rosidl_typesupport_fastrtps_c.so" to ""
#12 43.79 -- Up-to-date: /tmp/ws/install/ego_planner/include/ego_planner/ego_planner
#12 43.79 -- Up-to-date: /tmp/ws/install/ego_planner/include/ego_planner/ego_planner/msg
#12 43.79 -- Up-to-date: /tmp/ws/install/ego_planner/include/ego_planner/ego_planner/msg/detail
#12 43.79 -- Installing: /tmp/ws/install/ego_planner/include/ego_planner/ego_planner/msg/detail/current_pose__builder.hpp
#12 43.79 -- Installing: /tmp/ws/install/ego_planner/include/ego_planner/ego_planner/msg/detail/current_pose__type_support.hpp
#12 43.79 -- Installing: /tmp/ws/install/ego_planner/include/ego_planner/ego_planner/msg/detail/current_pose__struct.hpp
#12 43.79 -- Installing: /tmp/ws/install/ego_planner/include/ego_planner/ego_planner/msg/detail/current_pose__traits.hpp
#12 43.79 -- Installing: /tmp/ws/install/ego_planner/include/ego_planner/ego_planner/msg/rosidl_generator_cpp__visibility_control.hpp
#12 43.79 -- Installing: /tmp/ws/install/ego_planner/include/ego_planner/ego_planner/msg/current_pose.hpp
#12 43.79 -- Up-to-date: /tmp/ws/install/ego_planner/include/ego_planner/ego_planner
#12 43.79 -- Up-to-date: /tmp/ws/install/ego_planner/include/ego_planner/ego_planner/msg
#12 43.79 -- Up-to-date: /tmp/ws/install/ego_planner/include/ego_planner/ego_planner/msg/detail
#12 43.79 -- Installing: /tmp/ws/install/ego_planner/include/ego_planner/ego_planner/msg/detail/current_pose__rosidl_typesupport_fastrtps_cpp.hpp
#12 43.79 -- Installing: /tmp/ws/install/ego_planner/include/ego_planner/ego_planner/msg/detail/dds_fastrtps
#12 43.79 -- Installing: /tmp/ws/install/ego_planner/include/ego_planner/ego_planner/msg/rosidl_typesupport_fastrtps_cpp__visibility_control.h
#12 43.79 -- Installing: /tmp/ws/install/ego_planner/lib/libego_planner__rosidl_typesupport_fastrtps_cpp.so
#12 43.79 -- Set runtime path of "/tmp/ws/install/ego_planner/lib/libego_planner__rosidl_typesupport_fastrtps_cpp.so" to ""
#12 43.79 -- Up-to-date: /tmp/ws/install/ego_planner/include/ego_planner/ego_planner
#12 43.79 -- Up-to-date: /tmp/ws/install/ego_planner/include/ego_planner/ego_planner/msg
#12 43.79 -- Up-to-date: /tmp/ws/install/ego_planner/include/ego_planner/ego_planner/msg/detail
#12 43.79 -- Installing: /tmp/ws/install/ego_planner/include/ego_planner/ego_planner/msg/detail/current_pose__rosidl_typesupport_introspection_c.h
#12 43.79 -- Installing: /tmp/ws/install/ego_planner/include/ego_planner/ego_planner/msg/detail/current_pose__type_support.c
#12 43.79 -- Installing: /tmp/ws/install/ego_planner/include/ego_planner/ego_planner/msg/rosidl_typesupport_introspection_c__visibility_control.h
#12 43.79 -- Installing: /tmp/ws/install/ego_planner/lib/libego_planner__rosidl_typesupport_introspection_c.so
#12 43.79 -- Set runtime path of "/tmp/ws/install/ego_planner/lib/libego_planner__rosidl_typesupport_introspection_c.so" to ""
#12 43.79 -- Installing: /tmp/ws/install/ego_planner/lib/libego_planner__rosidl_typesupport_c.so
#12 43.79 -- Set runtime path of "/tmp/ws/install/ego_planner/lib/libego_planner__rosidl_typesupport_c.so" to ""
#12 43.79 -- Up-to-date: /tmp/ws/install/ego_planner/include/ego_planner/ego_planner
#12 43.79 -- Up-to-date: /tmp/ws/install/ego_planner/include/ego_planner/ego_planner/msg
#12 43.79 -- Up-to-date: /tmp/ws/install/ego_planner/include/ego_planner/ego_planner/msg/detail
#12 43.79 -- Installing: /tmp/ws/install/ego_planner/include/ego_planner/ego_planner/msg/detail/current_pose__rosidl_typesupport_introspection_cpp.hpp
#12 43.79 -- Installing: /tmp/ws/install/ego_planner/include/ego_planner/ego_planner/msg/detail/current_pose__type_support.cpp
#12 43.79 -- Installing: /tmp/ws/install/ego_planner/lib/libego_planner__rosidl_typesupport_introspection_cpp.so
#12 43.79 -- Set runtime path of "/tmp/ws/install/ego_planner/lib/libego_planner__rosidl_typesupport_introspection_cpp.so" to ""
#12 43.79 -- Installing: /tmp/ws/install/ego_planner/lib/libego_planner__rosidl_typesupport_cpp.so
#12 43.79 -- Set runtime path of "/tmp/ws/install/ego_planner/lib/libego_planner__rosidl_typesupport_cpp.so" to ""
#12 43.79 -- Installing: /tmp/ws/install/ego_planner/share/ego_planner/environment/pythonpath.sh
#12 43.79 -- Installing: /tmp/ws/install/ego_planner/share/ego_planner/environment/pythonpath.dsv
#12 43.79 -- Installing: /tmp/ws/install/ego_planner/local/lib/python3.10/dist-packages/ego_planner-0.0.0-py3.10.egg-info
#12 43.79 -- Installing: /tmp/ws/install/ego_planner/local/lib/python3.10/dist-packages/ego_planner-0.0.0-py3.10.egg-info/top_level.txt
#12 43.79 -- Installing: /tmp/ws/install/ego_planner/local/lib/python3.10/dist-packages/ego_planner-0.0.0-py3.10.egg-info/SOURCES.txt
#12 43.79 -- Installing: /tmp/ws/install/ego_planner/local/lib/python3.10/dist-packages/ego_planner-0.0.0-py3.10.egg-info/PKG-INFO
#12 43.79 -- Installing: /tmp/ws/install/ego_planner/local/lib/python3.10/dist-packages/ego_planner-0.0.0-py3.10.egg-info/dependency_links.txt
#12 43.79 -- Installing: /tmp/ws/install/ego_planner/local/lib/python3.10/dist-packages/ego_planner
#12 43.79 -- Installing: /tmp/ws/install/ego_planner/local/lib/python3.10/dist-packages/ego_planner/libego_planner__rosidl_generator_py.so
#12 43.79 -- Installing: /tmp/ws/install/ego_planner/local/lib/python3.10/dist-packages/ego_planner/ego_planner_s__rosidl_typesupport_c.cpython-310-aarch64-linux-gnu.so
#12 43.79 -- Installing: /tmp/ws/install/ego_planner/local/lib/python3.10/dist-packages/ego_planner/ego_planner_s__rosidl_typesupport_fastrtps_c.cpython-310-aarch64-linux-gnu.so
#12 43.79 -- Installing: /tmp/ws/install/ego_planner/local/lib/python3.10/dist-packages/ego_planner/__init__.py
#12 43.79 -- Installing: /tmp/ws/install/ego_planner/local/lib/python3.10/dist-packages/ego_planner/msg
#12 43.79 -- Installing: /tmp/ws/install/ego_planner/local/lib/python3.10/dist-packages/ego_planner/msg/__init__.py
#12 43.79 -- Installing: /tmp/ws/install/ego_planner/local/lib/python3.10/dist-packages/ego_planner/msg/_current_pose.py
#12 43.79 -- Installing: /tmp/ws/install/ego_planner/local/lib/python3.10/dist-packages/ego_planner/msg/_current_pose_s.c
#12 43.79 -- Installing: /tmp/ws/install/ego_planner/local/lib/python3.10/dist-packages/ego_planner/ego_planner_s__rosidl_typesupport_introspection_c.cpython-310-aarch64-linux-gnu.so
#12 43.79 -- Installing: /tmp/ws/install/ego_planner/local/lib/python3.10/dist-packages/ego_planner/_ego_planner_s.ep.rosidl_typesupport_fastrtps_c.c
#12 43.79 -- Installing: /tmp/ws/install/ego_planner/local/lib/python3.10/dist-packages/ego_planner/_ego_planner_s.ep.rosidl_typesupport_c.c
#12 43.79 -- Installing: /tmp/ws/install/ego_planner/local/lib/python3.10/dist-packages/ego_planner/_ego_planner_s.ep.rosidl_typesupport_introspection_c.c
#12 43.82 Listing '/tmp/ws/install/ego_planner/local/lib/python3.10/dist-packages/ego_planner'...
#12 43.82 Compiling '/tmp/ws/install/ego_planner/local/lib/python3.10/dist-packages/ego_planner/__init__.py'...
#12 43.82 Listing '/tmp/ws/install/ego_planner/local/lib/python3.10/dist-packages/ego_planner/msg'...
#12 43.82 Compiling '/tmp/ws/install/ego_planner/local/lib/python3.10/dist-packages/ego_planner/msg/__init__.py'...
#12 43.82 Compiling '/tmp/ws/install/ego_planner/local/lib/python3.10/dist-packages/ego_planner/msg/_current_pose.py'...
#12 43.82 -- Installing: /tmp/ws/install/ego_planner/local/lib/python3.10/dist-packages/ego_planner/ego_planner_s__rosidl_typesupport_fastrtps_c.cpython-310-aarch64-linux-gnu.so
#12 43.82 -- Set runtime path of "/tmp/ws/install/ego_planner/local/lib/python3.10/dist-packages/ego_planner/ego_planner_s__rosidl_typesupport_fastrtps_c.cpython-310-aarch64-linux-gnu.so" to ""
#12 43.82 -- Installing: /tmp/ws/install/ego_planner/local/lib/python3.10/dist-packages/ego_planner/ego_planner_s__rosidl_typesupport_introspection_c.cpython-310-aarch64-linux-gnu.so
#12 43.82 -- Set runtime path of "/tmp/ws/install/ego_planner/local/lib/python3.10/dist-packages/ego_planner/ego_planner_s__rosidl_typesupport_introspection_c.cpython-310-aarch64-linux-gnu.so" to ""
#12 43.82 -- Installing: /tmp/ws/install/ego_planner/local/lib/python3.10/dist-packages/ego_planner/ego_planner_s__rosidl_typesupport_c.cpython-310-aarch64-linux-gnu.so
#12 43.82 -- Set runtime path of "/tmp/ws/install/ego_planner/local/lib/python3.10/dist-packages/ego_planner/ego_planner_s__rosidl_typesupport_c.cpython-310-aarch64-linux-gnu.so" to ""
#12 43.82 -- Installing: /tmp/ws/install/ego_planner/lib/libego_planner__rosidl_generator_py.so
#12 43.82 -- Set runtime path of "/tmp/ws/install/ego_planner/lib/libego_planner__rosidl_generator_py.so" to ""
#12 43.82 -- Installing: /tmp/ws/install/ego_planner/share/ego_planner/msg/CurrentPose.idl
#12 43.82 -- Installing: /tmp/ws/install/ego_planner/share/ego_planner/msg/CurrentPose.msg
#12 43.82 -- Installing: /tmp/ws/install/ego_planner/lib/ego_planner/motion_plan
#12 43.86 -- Set runtime path of "/tmp/ws/install/ego_planner/lib/ego_planner/motion_plan" to ""
#12 43.86 -- Installing: /tmp/ws/install/ego_planner/share/ament_index/resource_index/package_run_dependencies/ego_planner
#12 43.86 -- Installing: /tmp/ws/install/ego_planner/share/ament_index/resource_index/parent_prefix_path/ego_planner
#12 43.86 -- Installing: /tmp/ws/install/ego_planner/share/ego_planner/environment/ament_prefix_path.sh
#12 43.86 -- Installing: /tmp/ws/install/ego_planner/share/ego_planner/environment/ament_prefix_path.dsv
#12 43.86 -- Installing: /tmp/ws/install/ego_planner/share/ego_planner/environment/path.sh
#12 43.86 -- Installing: /tmp/ws/install/ego_planner/share/ego_planner/environment/path.dsv
#12 43.86 -- Installing: /tmp/ws/install/ego_planner/share/ego_planner/local_setup.bash
#12 43.86 -- Installing: /tmp/ws/install/ego_planner/share/ego_planner/local_setup.sh
#12 43.86 -- Installing: /tmp/ws/install/ego_planner/share/ego_planner/local_setup.zsh
#12 43.86 -- Installing: /tmp/ws/install/ego_planner/share/ego_planner/local_setup.dsv
#12 43.86 -- Installing: /tmp/ws/install/ego_planner/share/ego_planner/package.dsv
#12 43.86 -- Installing: /tmp/ws/install/ego_planner/share/ament_index/resource_index/packages/ego_planner
#12 43.86 -- Installing: /tmp/ws/install/ego_planner/share/ego_planner/cmake/export_ego_planner__rosidl_generator_cExport.cmake
#12 43.86 -- Installing: /tmp/ws/install/ego_planner/share/ego_planner/cmake/export_ego_planner__rosidl_generator_cExport-release.cmake
#12 43.86 -- Installing: /tmp/ws/install/ego_planner/share/ego_planner/cmake/export_ego_planner__rosidl_typesupport_fastrtps_cExport.cmake
#12 43.86 -- Installing: /tmp/ws/install/ego_planner/share/ego_planner/cmake/export_ego_planner__rosidl_typesupport_fastrtps_cExport-release.cmake
#12 43.86 -- Installing: /tmp/ws/install/ego_planner/share/ego_planner/cmake/export_ego_planner__rosidl_generator_cppExport.cmake
#12 43.86 -- Installing: /tmp/ws/install/ego_planner/share/ego_planner/cmake/export_ego_planner__rosidl_typesupport_fastrtps_cppExport.cmake
#12 43.87 -- Installing: /tmp/ws/install/ego_planner/share/ego_planner/cmake/export_ego_planner__rosidl_typesupport_fastrtps_cppExport-release.cmake
#12 43.87 -- Installing: /tmp/ws/install/ego_planner/share/ego_planner/cmake/ego_planner__rosidl_typesupport_introspection_cExport.cmake
#12 43.87 -- Installing: /tmp/ws/install/ego_planner/share/ego_planner/cmake/ego_planner__rosidl_typesupport_introspection_cExport-release.cmake
#12 43.87 -- Installing: /tmp/ws/install/ego_planner/share/ego_planner/cmake/ego_planner__rosidl_typesupport_cExport.cmake
#12 43.87 -- Installing: /tmp/ws/install/ego_planner/share/ego_planner/cmake/ego_planner__rosidl_typesupport_cExport-release.cmake
#12 43.87 -- Installing: /tmp/ws/install/ego_planner/share/ego_planner/cmake/ego_planner__rosidl_typesupport_introspection_cppExport.cmake
#12 43.87 -- Installing: /tmp/ws/install/ego_planner/share/ego_planner/cmake/ego_planner__rosidl_typesupport_introspection_cppExport-release.cmake
#12 43.87 -- Installing: /tmp/ws/install/ego_planner/share/ego_planner/cmake/ego_planner__rosidl_typesupport_cppExport.cmake
#12 43.87 -- Installing: /tmp/ws/install/ego_planner/share/ego_planner/cmake/ego_planner__rosidl_typesupport_cppExport-release.cmake
#12 43.87 -- Installing: /tmp/ws/install/ego_planner/share/ego_planner/cmake/export_ego_planner__rosidl_generator_pyExport.cmake
#12 43.87 -- Installing: /tmp/ws/install/ego_planner/share/ego_planner/cmake/export_ego_planner__rosidl_generator_pyExport-release.cmake
#12 43.87 -- Installing: /tmp/ws/install/ego_planner/share/ego_planner/cmake/rosidl_cmake-extras.cmake
#12 43.87 -- Installing: /tmp/ws/install/ego_planner/share/ego_planner/cmake/ament_cmake_export_dependencies-extras.cmake
#12 43.87 -- Installing: /tmp/ws/install/ego_planner/share/ego_planner/cmake/ament_cmake_export_include_directories-extras.cmake
#12 43.87 -- Installing: /tmp/ws/install/ego_planner/share/ego_planner/cmake/ament_cmake_export_libraries-extras.cmake
#12 43.87 -- Installing: /tmp/ws/install/ego_planner/share/ego_planner/cmake/ament_cmake_export_targets-extras.cmake
#12 43.87 -- Installing: /tmp/ws/install/ego_planner/share/ego_planner/cmake/rosidl_cmake_export_typesupport_targets-extras.cmake
#12 43.87 -- Installing: /tmp/ws/install/ego_planner/share/ego_planner/cmake/rosidl_cmake_export_typesupport_libraries-extras.cmake
#12 43.87 -- Installing: /tmp/ws/install/ego_planner/share/ego_planner/cmake/ego_plannerConfig.cmake
#12 43.87 -- Installing: /tmp/ws/install/ego_planner/share/ego_planner/cmake/ego_plannerConfig-version.cmake
#12 43.87 -- Installing: /tmp/ws/install/ego_planner/share/ego_planner/package.xml
#12 43.88 --- stderr: ego_planner
#12 43.88 statusego_planner
#12 43.88 In file included from /usr/include/eigen3/Eigen/Core:214,
#12 43.88                  from /usr/include/eigen3/Eigen/Dense:1,
#12 43.88                  from /usr/include/eigen3/Eigen/Eigen:1,
#12 43.88                  from /tmp/ws/src/EgoPlanner-ROS2/./planner/bspline_opt/include/bspline_opt/gradient_descent_optimizer.h:6,
#12 43.88                  from /tmp/ws/src/EgoPlanner-ROS2/planner/bspline_opt/src/gradient_descent_optimizer.cpp:1:
#12 43.88 /usr/include/eigen3/Eigen/src/Core/arch/NEON/PacketMath.h: In function ‘Packet Eigen::internal::pload(const typename Eigen::internal::unpacket_traits<T>::type*) [with Packet = Eigen::internal::eigen_packet_wrapper<int, 2>; typename Eigen::internal::unpacket_traits<T>::type = signed char]’:
#12 43.88 /usr/include/eigen3/Eigen/src/Core/arch/NEON/PacketMath.h:1671:9: warning: ‘void* memcpy(void*, const void*, size_t)’ copying an object of non-trivial type ‘Eigen::internal::Packet4c’ {aka ‘struct Eigen::internal::eigen_packet_wrapper<int, 2>’} from an array of ‘const int8_t’ {aka ‘const signed char’} [-Wclass-memaccess]
#12 43.88  1671 |   memcpy(&res, from, sizeof(Packet4c));
#12 43.88       |   ~~~~~~^~~~~~~~~~~~~~~~~~~~~~~~~~~~~~
#12 43.88 In file included from /usr/include/eigen3/Eigen/Core:172,
#12 43.88                  from /usr/include/eigen3/Eigen/Dense:1,
#12 43.88                  from /usr/include/eigen3/Eigen/Eigen:1,
#12 43.88                  from /tmp/ws/src/EgoPlanner-ROS2/./planner/bspline_opt/include/bspline_opt/gradient_descent_optimizer.h:6,
#12 43.88                  from /tmp/ws/src/EgoPlanner-ROS2/planner/bspline_opt/src/gradient_descent_optimizer.cpp:1:
#12 43.88 /usr/include/eigen3/Eigen/src/Core/GenericPacketMath.h:159:8: note: ‘Eigen::internal::Packet4c’ {aka ‘struct Eigen::internal::eigen_packet_wrapper<int, 2>’} declared here
#12 43.88   159 | struct eigen_packet_wrapper
#12 43.88       |        ^~~~~~~~~~~~~~~~~~~~
#12 43.88 In file included from /usr/include/eigen3/Eigen/Core:214,
#12 43.88                  from /usr/include/eigen3/Eigen/Dense:1,
#12 43.88                  from /usr/include/eigen3/Eigen/Eigen:1,
#12 43.88                  from /tmp/ws/src/EgoPlanner-ROS2/./planner/bspline_opt/include/bspline_opt/gradient_descent_optimizer.h:6,
#12 43.88                  from /tmp/ws/src/EgoPlanner-ROS2/planner/bspline_opt/src/gradient_descent_optimizer.cpp:1:
#12 43.88 /usr/include/eigen3/Eigen/src/Core/arch/NEON/PacketMath.h: In function ‘Packet Eigen::internal::ploadu(const typename Eigen::internal::unpacket_traits<T>::type*) [with Packet = Eigen::internal::eigen_packet_wrapper<int, 2>; typename Eigen::internal::unpacket_traits<T>::type = signed char]’:
#12 43.88 /usr/include/eigen3/Eigen/src/Core/arch/NEON/PacketMath.h:1716:9: warning: ‘void* memcpy(void*, const void*, size_t)’ copying an object of non-trivial type ‘Eigen::internal::Packet4c’ {aka ‘struct Eigen::internal::eigen_packet_wrapper<int, 2>’} from an array of ‘const int8_t’ {aka ‘const signed char’} [-Wclass-memaccess]
#12 43.88  1716 |   memcpy(&res, from, sizeof(Packet4c));
#12 43.88       |   ~~~~~~^~~~~~~~~~~~~~~~~~~~~~~~~~~~~~
#12 43.88 In file included from /usr/include/eigen3/Eigen/Core:172,
#12 43.88                  from /usr/include/eigen3/Eigen/Dense:1,
#12 43.88                  from /usr/include/eigen3/Eigen/Eigen:1,
#12 43.88                  from /tmp/ws/src/EgoPlanner-ROS2/./planner/bspline_opt/include/bspline_opt/gradient_descent_optimizer.h:6,
#12 43.88                  from /tmp/ws/src/EgoPlanner-ROS2/planner/bspline_opt/src/gradient_descent_optimizer.cpp:1:
#12 43.88 /usr/include/eigen3/Eigen/src/Core/GenericPacketMath.h:159:8: note: ‘Eigen::internal::Packet4c’ {aka ‘struct Eigen::internal::eigen_packet_wrapper<int, 2>’} declared here
#12 43.88   159 | struct eigen_packet_wrapper
#12 43.88       |        ^~~~~~~~~~~~~~~~~~~~
#12 43.88 In file included from /usr/include/eigen3/Eigen/Core:214,
#12 43.88                  from /usr/include/eigen3/Eigen/Dense:1,
#12 43.88                  from /usr/include/eigen3/Eigen/Eigen:1,
#12 43.88                  from /tmp/ws/src/EgoPlanner-ROS2/./planner/bspline_opt/include/bspline_opt/uniform_bspline.h:4,
#12 43.88                  from /tmp/ws/src/EgoPlanner-ROS2/planner/bspline_opt/src/uniform_bspline.cpp:1:
#12 43.88 /usr/include/eigen3/Eigen/src/Core/arch/NEON/PacketMath.h: In function ‘Packet Eigen::internal::pload(const typename Eigen::internal::unpacket_traits<T>::type*) [with Packet = Eigen::internal::eigen_packet_wrapper<int, 2>; typename Eigen::internal::unpacket_traits<T>::type = signed char]’:
#12 43.88 /usr/include/eigen3/Eigen/src/Core/arch/NEON/PacketMath.h:1671:9: warning: ‘void* memcpy(void*, const void*, size_t)’ copying an object of non-trivial type ‘Eigen::internal::Packet4c’ {aka ‘struct Eigen::internal::eigen_packet_wrapper<int, 2>’} from an array of ‘const int8_t’ {aka ‘const signed char’} [-Wclass-memaccess]
#12 43.88  1671 |   memcpy(&res, from, sizeof(Packet4c));
#12 43.88       |   ~~~~~~^~~~~~~~~~~~~~~~~~~~~~~~~~~~~~
#12 43.88 In file included from /usr/include/eigen3/Eigen/Core:172,
#12 43.88                  from /usr/include/eigen3/Eigen/Dense:1,
#12 43.88                  from /usr/include/eigen3/Eigen/Eigen:1,
#12 43.88                  from /tmp/ws/src/EgoPlanner-ROS2/./planner/bspline_opt/include/bspline_opt/uniform_bspline.h:4,
#12 43.88                  from /tmp/ws/src/EgoPlanner-ROS2/planner/bspline_opt/src/uniform_bspline.cpp:1:
#12 43.88 /usr/include/eigen3/Eigen/src/Core/GenericPacketMath.h:159:8: note: ‘Eigen::internal::Packet4c’ {aka ‘struct Eigen::internal::eigen_packet_wrapper<int, 2>’} declared here
#12 43.88   159 | struct eigen_packet_wrapper
#12 43.88       |        ^~~~~~~~~~~~~~~~~~~~
#12 43.88 In file included from /usr/include/eigen3/Eigen/Core:214,
#12 43.88                  from /usr/include/eigen3/Eigen/Dense:1,
#12 43.88                  from /usr/include/eigen3/Eigen/Eigen:1,
#12 43.88                  from /tmp/ws/src/EgoPlanner-ROS2/./planner/bspline_opt/include/bspline_opt/uniform_bspline.h:4,
#12 43.88                  from /tmp/ws/src/EgoPlanner-ROS2/planner/bspline_opt/src/uniform_bspline.cpp:1:
#12 43.88 /usr/include/eigen3/Eigen/src/Core/arch/NEON/PacketMath.h: In function ‘Packet Eigen::internal::ploadu(const typename Eigen::internal::unpacket_traits<T>::type*) [with Packet = Eigen::internal::eigen_packet_wrapper<int, 2>; typename Eigen::internal::unpacket_traits<T>::type = signed char]’:
#12 43.88 /usr/include/eigen3/Eigen/src/Core/arch/NEON/PacketMath.h:1716:9: warning: ‘void* memcpy(void*, const void*, size_t)’ copying an object of non-trivial type ‘Eigen::internal::Packet4c’ {aka ‘struct Eigen::internal::eigen_packet_wrapper<int, 2>’} from an array of ‘const int8_t’ {aka ‘const signed char’} [-Wclass-memaccess]
#12 43.88  1716 |   memcpy(&res, from, sizeof(Packet4c));
#12 43.88       |   ~~~~~~^~~~~~~~~~~~~~~~~~~~~~~~~~~~~~
#12 43.88 In file included from /usr/include/eigen3/Eigen/Core:172,
#12 43.88                  from /usr/include/eigen3/Eigen/Dense:1,
#12 43.88                  from /usr/include/eigen3/Eigen/Eigen:1,
#12 43.88                  from /tmp/ws/src/EgoPlanner-ROS2/./planner/bspline_opt/include/bspline_opt/uniform_bspline.h:4,
#12 43.88                  from /tmp/ws/src/EgoPlanner-ROS2/planner/bspline_opt/src/uniform_bspline.cpp:1:
#12 43.88 /usr/include/eigen3/Eigen/src/Core/GenericPacketMath.h:159:8: note: ‘Eigen::internal::Packet4c’ {aka ‘struct Eigen::internal::eigen_packet_wrapper<int, 2>’} declared here
#12 43.88   159 | struct eigen_packet_wrapper
#12 43.88       |        ^~~~~~~~~~~~~~~~~~~~
#12 43.88 In file included from /usr/include/eigen3/Eigen/Core:214,
#12 43.88                  from /usr/include/eigen3/Eigen/Dense:1,
#12 43.88                  from /usr/include/eigen3/Eigen/Eigen:1,
#12 43.88                  from /tmp/ws/src/EgoPlanner-ROS2/./planner/bspline_opt/include/bspline_opt/bspline_optimizer.h:4,
#12 43.88                  from /tmp/ws/src/EgoPlanner-ROS2/planner/bspline_opt/src/bspline_optimizer.cpp:1:
#12 43.88 /usr/include/eigen3/Eigen/src/Core/arch/NEON/PacketMath.h: In function ‘Packet Eigen::internal::pload(const typename Eigen::internal::unpacket_traits<T>::type*) [with Packet = Eigen::internal::eigen_packet_wrapper<int, 2>; typename Eigen::internal::unpacket_traits<T>::type = signed char]’:
#12 43.88 /usr/include/eigen3/Eigen/src/Core/arch/NEON/PacketMath.h:1671:9: warning: ‘void* memcpy(void*, const void*, size_t)’ copying an object of non-trivial type ‘Eigen::internal::Packet4c’ {aka ‘struct Eigen::internal::eigen_packet_wrapper<int, 2>’} from an array of ‘const int8_t’ {aka ‘const signed char’} [-Wclass-memaccess]
#12 43.88  1671 |   memcpy(&res, from, sizeof(Packet4c));
#12 43.88       |   ~~~~~~^~~~~~~~~~~~~~~~~~~~~~~~~~~~~~
#12 43.88 In file included from /usr/include/eigen3/Eigen/Core:172,
#12 43.88                  from /usr/include/eigen3/Eigen/Dense:1,
#12 43.88                  from /usr/include/eigen3/Eigen/Eigen:1,
#12 43.88                  from /tmp/ws/src/EgoPlanner-ROS2/./planner/bspline_opt/include/bspline_opt/bspline_optimizer.h:4,
#12 43.88                  from /tmp/ws/src/EgoPlanner-ROS2/planner/bspline_opt/src/bspline_optimizer.cpp:1:
#12 43.88 /usr/include/eigen3/Eigen/src/Core/GenericPacketMath.h:159:8: note: ‘Eigen::internal::Packet4c’ {aka ‘struct Eigen::internal::eigen_packet_wrapper<int, 2>’} declared here
#12 43.88   159 | struct eigen_packet_wrapper
#12 43.88       |        ^~~~~~~~~~~~~~~~~~~~
#12 43.88 In file included from /usr/include/eigen3/Eigen/Core:214,
#12 43.88                  from /usr/include/eigen3/Eigen/Dense:1,
#12 43.88                  from /usr/include/eigen3/Eigen/Eigen:1,
#12 43.88                  from /tmp/ws/src/EgoPlanner-ROS2/./planner/bspline_opt/include/bspline_opt/bspline_optimizer.h:4,
#12 43.88                  from /tmp/ws/src/EgoPlanner-ROS2/planner/bspline_opt/src/bspline_optimizer.cpp:1:
#12 43.88 /usr/include/eigen3/Eigen/src/Core/arch/NEON/PacketMath.h: In function ‘Packet Eigen::internal::ploadu(const typename Eigen::internal::unpacket_traits<T>::type*) [with Packet = Eigen::internal::eigen_packet_wrapper<int, 2>; typename Eigen::internal::unpacket_traits<T>::type = signed char]’:
#12 43.88 /usr/include/eigen3/Eigen/src/Core/arch/NEON/PacketMath.h:1716:9: warning: ‘void* memcpy(void*, const void*, size_t)’ copying an object of non-trivial type ‘Eigen::internal::Packet4c’ {aka ‘struct Eigen::internal::eigen_packet_wrapper<int, 2>’} from an array of ‘const int8_t’ {aka ‘const signed char’} [-Wclass-memaccess]
#12 43.88  1716 |   memcpy(&res, from, sizeof(Packet4c));
#12 43.88       |   ~~~~~~^~~~~~~~~~~~~~~~~~~~~~~~~~~~~~
#12 43.88 In file included from /usr/include/eigen3/Eigen/Core:172,
#12 43.88                  from /usr/include/eigen3/Eigen/Dense:1,
#12 43.88                  from /usr/include/eigen3/Eigen/Eigen:1,
#12 43.88                  from /tmp/ws/src/EgoPlanner-ROS2/./planner/bspline_opt/include/bspline_opt/bspline_optimizer.h:4,
#12 43.88                  from /tmp/ws/src/EgoPlanner-ROS2/planner/bspline_opt/src/bspline_optimizer.cpp:1:
#12 43.88 /usr/include/eigen3/Eigen/src/Core/GenericPacketMath.h:159:8: note: ‘Eigen::internal::Packet4c’ {aka ‘struct Eigen::internal::eigen_packet_wrapper<int, 2>’} declared here
#12 43.88   159 | struct eigen_packet_wrapper
#12 43.88       |        ^~~~~~~~~~~~~~~~~~~~
#12 43.88 In file included from /usr/include/eigen3/Eigen/Core:214,
#12 43.88                  from /usr/include/eigen3/Eigen/Dense:1,
#12 43.88                  from /usr/include/eigen3/Eigen/Eigen:1,
#12 43.88                  from /tmp/ws/src/EgoPlanner-ROS2/./planner/path_searching/include/path_searching/dyn_a_star.h:5,
#12 43.88                  from /tmp/ws/src/EgoPlanner-ROS2/planner/path_searching/src/dyn_a_star.cpp:1:
#12 43.88 /usr/include/eigen3/Eigen/src/Core/arch/NEON/PacketMath.h: In function ‘Packet Eigen::internal::pload(const typename Eigen::internal::unpacket_traits<T>::type*) [with Packet = Eigen::internal::eigen_packet_wrapper<int, 2>; typename Eigen::internal::unpacket_traits<T>::type = signed char]’:
#12 43.88 /usr/include/eigen3/Eigen/src/Core/arch/NEON/PacketMath.h:1671:9: warning: ‘void* memcpy(void*, const void*, size_t)’ copying an object of non-trivial type ‘Eigen::internal::Packet4c’ {aka ‘struct Eigen::internal::eigen_packet_wrapper<int, 2>’} from an array of ‘const int8_t’ {aka ‘const signed char’} [-Wclass-memaccess]
#12 43.88  1671 |   memcpy(&res, from, sizeof(Packet4c));
#12 43.88       |   ~~~~~~^~~~~~~~~~~~~~~~~~~~~~~~~~~~~~
#12 43.88 In file included from /usr/include/eigen3/Eigen/Core:172,
#12 43.88                  from /usr/include/eigen3/Eigen/Dense:1,
#12 43.88                  from /usr/include/eigen3/Eigen/Eigen:1,
#12 43.88                  from /tmp/ws/src/EgoPlanner-ROS2/./planner/path_searching/include/path_searching/dyn_a_star.h:5,
#12 43.88                  from /tmp/ws/src/EgoPlanner-ROS2/planner/path_searching/src/dyn_a_star.cpp:1:
#12 43.88 /usr/include/eigen3/Eigen/src/Core/GenericPacketMath.h:159:8: note: ‘Eigen::internal::Packet4c’ {aka ‘struct Eigen::internal::eigen_packet_wrapper<int, 2>’} declared here
#12 43.88   159 | struct eigen_packet_wrapper
#12 43.88       |        ^~~~~~~~~~~~~~~~~~~~
#12 43.88 In file included from /usr/include/eigen3/Eigen/Core:214,
#12 43.88                  from /usr/include/eigen3/Eigen/Dense:1,
#12 43.88                  from /usr/include/eigen3/Eigen/Eigen:1,
#12 43.88                  from /tmp/ws/src/EgoPlanner-ROS2/./planner/path_searching/include/path_searching/dyn_a_star.h:5,
#12 43.88                  from /tmp/ws/src/EgoPlanner-ROS2/planner/path_searching/src/dyn_a_star.cpp:1:
#12 43.88 /usr/include/eigen3/Eigen/src/Core/arch/NEON/PacketMath.h: In function ‘Packet Eigen::internal::ploadu(const typename Eigen::internal::unpacket_traits<T>::type*) [with Packet = Eigen::internal::eigen_packet_wrapper<int, 2>; typename Eigen::internal::unpacket_traits<T>::type = signed char]’:
#12 43.88 /usr/include/eigen3/Eigen/src/Core/arch/NEON/PacketMath.h:1716:9: warning: ‘void* memcpy(void*, const void*, size_t)’ copying an object of non-trivial type ‘Eigen::internal::Packet4c’ {aka ‘struct Eigen::internal::eigen_packet_wrapper<int, 2>’} from an array of ‘const int8_t’ {aka ‘const signed char’} [-Wclass-memaccess]
#12 43.88  1716 |   memcpy(&res, from, sizeof(Packet4c));
#12 43.88       |   ~~~~~~^~~~~~~~~~~~~~~~~~~~~~~~~~~~~~
#12 43.88 In file included from /usr/include/eigen3/Eigen/Core:172,
#12 43.88                  from /usr/include/eigen3/Eigen/Dense:1,
#12 43.88                  from /usr/include/eigen3/Eigen/Eigen:1,
#12 43.88                  from /tmp/ws/src/EgoPlanner-ROS2/./planner/path_searching/include/path_searching/dyn_a_star.h:5,
#12 43.88                  from /tmp/ws/src/EgoPlanner-ROS2/planner/path_searching/src/dyn_a_star.cpp:1:
#12 43.88 /usr/include/eigen3/Eigen/src/Core/GenericPacketMath.h:159:8: note: ‘Eigen::internal::Packet4c’ {aka ‘struct Eigen::internal::eigen_packet_wrapper<int, 2>’} declared here
#12 43.88   159 | struct eigen_packet_wrapper
#12 43.88       |        ^~~~~~~~~~~~~~~~~~~~
#12 43.88 In file included from /usr/include/eigen3/Eigen/Core:214,
#12 43.88                  from /usr/include/eigen3/Eigen/Dense:1,
#12 43.88                  from /tmp/ws/src/EgoPlanner-ROS2/planner/GridMap2D/include/plan_env/grid_map.h:9,
#12 43.88                  from /tmp/ws/src/EgoPlanner-ROS2/planner/GridMap2D/src/grid_map.cpp:1:
#12 43.88 /usr/include/eigen3/Eigen/src/Core/arch/NEON/PacketMath.h: In function ‘Packet Eigen::internal::pload(const typename Eigen::internal::unpacket_traits<T>::type*) [with Packet = Eigen::internal::eigen_packet_wrapper<int, 2>; typename Eigen::internal::unpacket_traits<T>::type = signed char]’:
#12 43.88 /usr/include/eigen3/Eigen/src/Core/arch/NEON/PacketMath.h:1671:9: warning: ‘void* memcpy(void*, const void*, size_t)’ copying an object of non-trivial type ‘Eigen::internal::Packet4c’ {aka ‘struct Eigen::internal::eigen_packet_wrapper<int, 2>’} from an array of ‘const int8_t’ {aka ‘const signed char’} [-Wclass-memaccess]
#12 43.88  1671 |   memcpy(&res, from, sizeof(Packet4c));
#12 43.88       |   ~~~~~~^~~~~~~~~~~~~~~~~~~~~~~~~~~~~~
#12 43.88 In file included from /usr/include/eigen3/Eigen/Core:172,
#12 43.88                  from /usr/include/eigen3/Eigen/Dense:1,
#12 43.88                  from /tmp/ws/src/EgoPlanner-ROS2/planner/GridMap2D/include/plan_env/grid_map.h:9,
#12 43.88                  from /tmp/ws/src/EgoPlanner-ROS2/planner/GridMap2D/src/grid_map.cpp:1:
#12 43.88 /usr/include/eigen3/Eigen/src/Core/GenericPacketMath.h:159:8: note: ‘Eigen::internal::Packet4c’ {aka ‘struct Eigen::internal::eigen_packet_wrapper<int, 2>’} declared here
#12 43.88   159 | struct eigen_packet_wrapper
#12 43.88       |        ^~~~~~~~~~~~~~~~~~~~
#12 43.88 In file included from /usr/include/eigen3/Eigen/Core:214,
#12 43.88                  from /usr/include/eigen3/Eigen/Dense:1,
#12 43.88                  from /tmp/ws/src/EgoPlanner-ROS2/planner/GridMap2D/include/plan_env/grid_map.h:9,
#12 43.88                  from /tmp/ws/src/EgoPlanner-ROS2/planner/GridMap2D/src/grid_map.cpp:1:
#12 43.88 /usr/include/eigen3/Eigen/src/Core/arch/NEON/PacketMath.h: In function ‘Packet Eigen::internal::ploadu(const typename Eigen::internal::unpacket_traits<T>::type*) [with Packet = Eigen::internal::eigen_packet_wrapper<int, 2>; typename Eigen::internal::unpacket_traits<T>::type = signed char]’:
#12 43.88 /usr/include/eigen3/Eigen/src/Core/arch/NEON/PacketMath.h:1716:9: warning: ‘void* memcpy(void*, const void*, size_t)’ copying an object of non-trivial type ‘Eigen::internal::Packet4c’ {aka ‘struct Eigen::internal::eigen_packet_wrapper<int, 2>’} from an array of ‘const int8_t’ {aka ‘const signed char’} [-Wclass-memaccess]
#12 43.88  1716 |   memcpy(&res, from, sizeof(Packet4c));
#12 43.88       |   ~~~~~~^~~~~~~~~~~~~~~~~~~~~~~~~~~~~~
#12 43.88 In file included from /usr/include/eigen3/Eigen/Core:172,
#12 43.88                  from /usr/include/eigen3/Eigen/Dense:1,
#12 43.88                  from /tmp/ws/src/EgoPlanner-ROS2/planner/GridMap2D/include/plan_env/grid_map.h:9,
#12 43.88                  from /tmp/ws/src/EgoPlanner-ROS2/planner/GridMap2D/src/grid_map.cpp:1:
#12 43.88 /usr/include/eigen3/Eigen/src/Core/GenericPacketMath.h:159:8: note: ‘Eigen::internal::Packet4c’ {aka ‘struct Eigen::internal::eigen_packet_wrapper<int, 2>’} declared here
#12 43.88   159 | struct eigen_packet_wrapper
#12 43.88       |        ^~~~~~~~~~~~~~~~~~~~
#12 43.88 /tmp/ws/src/EgoPlanner-ROS2/planner/bspline_opt/src/bspline_optimizer.cpp: In member function ‘void ego_planner::BsplineOptimizer::combineCostRebound(const double*, double*, double&, int)’:
#12 43.88 /tmp/ws/src/EgoPlanner-ROS2/planner/bspline_opt/src/bspline_optimizer.cpp:1044:62: warning: unused variable ‘f_turn’ [-Wunused-variable]
#12 43.88  1044 |   double f_smoothness = 0, f_distance = 0, f_feasibility = 0,f_turn = 0,f_kappa = 0;
#12 43.88       |                                                              ^~~~~~
#12 43.88 /tmp/ws/src/EgoPlanner-ROS2/planner/bspline_opt/src/bspline_optimizer.cpp:1044:73: warning: unused variable ‘f_kappa’ [-Wunused-variable]
#12 43.88  1044 |   double f_smoothness = 0, f_distance = 0, f_feasibility = 0,f_turn = 0,f_kappa = 0;
#12 43.88       |                                                                         ^~~~~~~
#12 43.88 /tmp/ws/src/EgoPlanner-ROS2/planner/bspline_opt/src/uniform_bspline.cpp: In member function ‘void ego_planner::UniformBspline::getMeanAndMaxVel(double&, double&)’:
#12 43.88 /tmp/ws/src/EgoPlanner-ROS2/planner/bspline_opt/src/uniform_bspline.cpp:334:27: warning: ‘tmp’ may be used uninitialized in this function [-Wmaybe-uninitialized]
#12 43.88   334 |     for (double t = tm; t <= tmp; t += 0.01)
#12 43.88       |                         ~~^~~~~~
#12 43.88 /tmp/ws/src/EgoPlanner-ROS2/planner/bspline_opt/src/uniform_bspline.cpp:334:27: warning: ‘tm’ may be used uninitialized in this function [-Wmaybe-uninitialized]
#12 43.88 /tmp/ws/src/EgoPlanner-ROS2/planner/bspline_opt/src/uniform_bspline.cpp: In member function ‘void ego_planner::UniformBspline::getMeanAndMaxAcc(double&, double&)’:
#12 43.88 /tmp/ws/src/EgoPlanner-ROS2/planner/bspline_opt/src/uniform_bspline.cpp:360:27: warning: ‘tmp’ may be used uninitialized in this function [-Wmaybe-uninitialized]
#12 43.88   360 |     for (double t = tm; t <= tmp; t += 0.01)
#12 43.88       |                         ~~^~~~~~
#12 43.88 /tmp/ws/src/EgoPlanner-ROS2/planner/bspline_opt/src/uniform_bspline.cpp:360:27: warning: ‘tm’ may be used uninitialized in this function [-Wmaybe-uninitialized]
#12 43.88 In file included from /tmp/ws/src/EgoPlanner-ROS2/./planner/plan_manage/include/plan_manage/planner_interface.h:16,
#12 43.88                  from /tmp/ws/src/EgoPlanner-ROS2/planner/plan_manage/src/planner_interface.cpp:1:
#12 43.88 /tmp/ws/src/EgoPlanner-ROS2/./planner/include/Bspline.h: In function ‘std::ostream& ego_planner::operator<<(std::ostream&, const ego_planner::Bspline_<ContainerAllocator>&)’:
#12 43.88 /tmp/ws/src/EgoPlanner-ROS2/./planner/include/Bspline.h:88:1: warning: no return statement in function returning non-void [-Wreturn-type]
#12 43.88    88 | }
#12 43.88       | ^
#12 43.88 /tmp/ws/src/EgoPlanner-ROS2/planner/plan_manage/src/planner_interface.cpp: In member function ‘void ego_planner::PlannerInterface::makePlan()’:
#12 43.88 /tmp/ws/src/EgoPlanner-ROS2/planner/plan_manage/src/planner_interface.cpp:206:52: warning: format ‘%d’ expects argument of type ‘int’, but argument 2 has type ‘std::chrono::duration<long int, std::ratio<1, 1000> >::rep’ {aka ‘long int’} [-Wformat=]
#12 43.88   206 |         printf("MotionPlanner Total Running Time: %d  ms \n", elapsed.count());
#12 43.88       |                                                   ~^          ~~~~~~~~~~~~~~~
#12 43.88       |                                                    |                       |
#12 43.88       |                                                    int                     std::chrono::duration<long int, std::ratio<1, 1000> >::rep {aka long int}
#12 43.88       |                                                   %ld
#12 43.88 In file included from /tmp/ws/src/EgoPlanner-ROS2/./planner/plan_manage/include/plan_manage/planner_interface.h:16,
#12 43.88                  from /tmp/ws/src/EgoPlanner-ROS2/include/trajectory_obstacles_publisher.h:18,
#12 43.88                  from /tmp/ws/src/EgoPlanner-ROS2/src/trajectory_publisher.cpp:10:
#12 43.88 /tmp/ws/src/EgoPlanner-ROS2/./planner/include/Bspline.h: In function ‘std::ostream& ego_planner::operator<<(std::ostream&, const ego_planner::Bspline_<ContainerAllocator>&)’:
#12 43.88 /tmp/ws/src/EgoPlanner-ROS2/./planner/include/Bspline.h:88:1: warning: no return statement in function returning non-void [-Wreturn-type]
#12 43.88    88 | }
#12 43.88       | ^
#12 43.88 ---
#12 43.88 Finished <<< ego_planner [40.0s]
#12 43.90 
#12 43.90 Summary: 2 packages finished [43.6s]
#12 43.90   1 package had stderr output: ego_planner
#12 DONE 44.2s

#13 exporting to image
#13 exporting layers
#13 exporting layers 10.8s done
#13 exporting manifest sha256:5d6f22a49538148b30509dccb950b05dcb479e71f95b870f7c62691c171249a9 done
#13 exporting config sha256:3db1c61ef82eea39de4e4f26cdb3f42c76cb462e8782b06152ca177a74e1e7df done
#13 exporting attestation manifest sha256:362dea9bc66fcf2d4380d93af9bdf596ff2f1acb01a67cb9293c50332a9a9467 done
#13 exporting manifest list sha256:4f2338f5c47a8f8cf4c32b83253a497f5d8fc21cedac761044baca6a397b0bc1 done
#13 naming to docker.io/library/ros2-go2:ego-current-build done
#13 unpacking to docker.io/library/ros2-go2:ego-current-build
#13 unpacking to docker.io/library/ros2-go2:ego-current-build 4.8s done
#13 DONE 15.6s
CMD: docker buildx build --builder desktop-linux --platform linux/arm64 --progress=plain --load -t ros2-go2:ego-current-build -f /tmp/ego-current-build.Dockerfile /Users/badger/Documents/Codex/2026-10-07/codex-goal-superlio-ego-research-md/work/vehicle-research


Audit note: current ARM64 colcon compilation succeeded inside BuildKit (Summary: 2 packages finished; RUN stage DONE). Image export/unpack also printed DONE. The Docker CLI exit was not reliably captured after the orchestrating session ended; no observed CLI exit=0 or executable startup claim is made. See ego-current-build-result.json for stage evidence.
