[INFO] [1791450940.932183860] [serial_twistctl_node]: Node 文件运行成功
Error reading log config: bad file: /home/badger/XJTLU-autonomous-vehicle/runtime-data/config/log_switch.yaml
[INFO] [1791450940.932503554] [serial_twistctl_node]: Serial port /dev/pts/0 opened successfully.
[INFO] [1791450940.933266021] [serial_twistctl_node]: serial_twistctl_node node has started and subscribed to topic...
[INFO] [1791450941.242885212] [serial_twistctl_node]: [TWIST_RX] Received Twist message - linear.x=0.000, angular.z=0.000, scaled_angular.z=0.000
[INFO] [1791450941.242992634] [serial_twistctl_node]: [SERIAL_TX] Timestamp: 1791450941242948787, Sending command (1/1): vcx=0.000,wc=0.000
 [19 bytes written]
[INFO] [1791450941.294394228] [serial_twistctl_node]: [TWIST_RX] Received Twist message - linear.x=0.000, angular.z=0.000, scaled_angular.z=0.000
[INFO] [1791450941.294473904] [serial_twistctl_node]: [SERIAL_TX] Timestamp: 1791450941294447342, Sending command (1/1): vcx=0.000,wc=0.000
 [19 bytes written]
[INFO] [1791450941.342735971] [serial_twistctl_node]: [TWIST_RX] Received Twist message - linear.x=0.000, angular.z=0.000, scaled_angular.z=0.000
[INFO] [1791450941.342792273] [serial_twistctl_node]: [SERIAL_TX] Timestamp: 1791450941342777896, Sending command (1/1): vcx=0.000,wc=0.000
 [19 bytes written]
[INFO] [1791450941.392827797] [serial_twistctl_node]: [TWIST_RX] Received Twist message - linear.x=0.000, angular.z=0.000, scaled_angular.z=0.000
[INFO] [1791450941.392885469] [serial_twistctl_node]: [SERIAL_TX] Timestamp: 1791450941392871990, Sending command (1/1): vcx=0.000,wc=0.000
 [19 bytes written]
[INFO] [1791450941.445961660] [serial_twistctl_node]: [TWIST_RX] Received Twist message - linear.x=0.000, angular.z=0.000, scaled_angular.z=0.000
[INFO] [1791450941.446067558] [serial_twistctl_node]: [SERIAL_TX] Timestamp: 1791450941446009340, Sending command (1/1): vcx=0.000,wc=0.000
 [19 bytes written]
[INFO] [1791450941.494151104] [serial_twistctl_node]: [TWIST_RX] Received Twist message - linear.x=0.000, angular.z=0.000, scaled_angular.z=0.000
[INFO] [1791450941.494212677] [serial_twistctl_node]: [SERIAL_TX] Timestamp: 1791450941494196650, Sending command (1/1): vcx=0.000,wc=0.000
 [19 bytes written]
[INFO] [1791450941.542701506] [serial_twistctl_node]: [TWIST_RX] Received Twist message - linear.x=0.000, angular.z=0.000, scaled_angular.z=0.000
[INFO] [1791450941.542755364] [serial_twistctl_node]: [SERIAL_TX] Timestamp: 1791450941542741909, Sending command (1/1): vcx=0.000,wc=0.000
 [19 bytes written]
[INFO] [1791450941.592727382] [serial_twistctl_node]: [TWIST_RX] Received Twist message - linear.x=0.000, angular.z=0.000, scaled_angular.z=0.000
[INFO] [1791450941.592766694] [serial_twistctl_node]: [SERIAL_TX] Timestamp: 1791450941592756768, Sending command (1/1): vcx=0.000,wc=0.000
 [19 bytes written]
[INFO] [1791450941.642703876] [serial_twistctl_node]: [TWIST_RX] Received Twist message - linear.x=0.000, angular.z=0.000, scaled_angular.z=0.000
[INFO] [1791450941.642743269] [serial_twistctl_node]: [SERIAL_TX] Timestamp: 1791450941642734718, Sending command (1/1): vcx=0.000,wc=0.000
 [19 bytes written]
[INFO] [1791450941.692746405] [serial_twistctl_node]: [TWIST_RX] Received Twist message - linear.x=0.000, angular.z=0.000, scaled_angular.z=0.000
[INFO] [1791450941.692788012] [serial_twistctl_node]: [SERIAL_TX] Timestamp: 1791450941692777883, Sending command (1/1): vcx=0.000,wc=0.000
 [19 bytes written]
[INFO] [1791450941.742772501] [serial_twistctl_node]: [TWIST_RX] Received Twist message - linear.x=0.000, angular.z=0.000, scaled_angular.z=0.000
[INFO] [1791450941.742810299] [serial_twistctl_node]: [SERIAL_TX] Timestamp: 1791450941742801878, Sending command (1/1): vcx=0.000,wc=0.000
 [19 bytes written]
[INFO] [1791450941.792806419] [serial_twistctl_node]: [TWIST_RX] Received Twist message - linear.x=0.000, angular.z=0.000, scaled_angular.z=0.000
[INFO] [1791450941.792844407] [serial_twistctl_node]: [SERIAL_TX] Timestamp: 1791450941792836118, Sending command (1/1): vcx=0.000,wc=0.000
 [19 bytes written]
[INFO] [1791450941.842757349] [serial_twistctl_node]: [TWIST_RX] Received Twist message - linear.x=0.000, angular.z=0.000, scaled_angular.z=0.000
[INFO] [1791450941.842811202] [serial_twistctl_node]: [SERIAL_TX] Timestamp: 1791450941842803557, Sending command (1/1): vcx=0.000,wc=0.000
 [19 bytes written]
[INFO] [1791450941.892823608] [serial_twistctl_node]: [TWIST_RX] Received Twist message - linear.x=0.000, angular.z=0.000, scaled_angular.z=0.000
[INFO] [1791450941.892865307] [serial_twistctl_node]: [SERIAL_TX] Timestamp: 1791450941892856189, Sending command (1/1): vcx=0.000,wc=0.000
 [19 bytes written]
[INFO] [1791450941.942900556] [serial_twistctl_node]: [TWIST_RX] Received Twist message - linear.x=0.000, angular.z=0.000, scaled_angular.z=0.000
[INFO] [1791450941.942939464] [serial_twistctl_node]: [SERIAL_TX] Timestamp: 1791450941942931122, Sending command (1/1): vcx=0.000,wc=0.000
 [19 bytes written]
[INFO] [1791450941.992919133] [serial_twistctl_node]: [TWIST_RX] Received Twist message - linear.x=0.000, angular.z=0.000, scaled_angular.z=0.000
[INFO] [1791450941.992961602] [serial_twistctl_node]: [SERIAL_TX] Timestamp: 1791450941992950927, Sending command (1/1): vcx=0.000,wc=0.000
 [19 bytes written]
[INFO] [1791450942.042864841] [serial_twistctl_node]: [TWIST_RX] Received Twist message - linear.x=0.000, angular.z=0.000, scaled_angular.z=0.000
[INFO] [1791450942.042909258] [serial_twistctl_node]: [SERIAL_TX] Timestamp: 1791450942042900327, Sending command (1/1): vcx=0.000,wc=0.000
 [19 bytes written]
[INFO] [1791450942.092775275] [serial_twistctl_node]: [TWIST_RX] Received Twist message - linear.x=0.000, angular.z=0.000, scaled_angular.z=0.000
[INFO] [1791450942.092819657] [serial_twistctl_node]: [SERIAL_TX] Timestamp: 1791450942092809504, Sending command (1/1): vcx=0.000,wc=0.000
 [19 bytes written]
[INFO] [1791450942.142792038] [serial_twistctl_node]: [TWIST_RX] Received Twist message - linear.x=0.000, angular.z=0.000, scaled_angular.z=0.000
[INFO] [1791450942.142839245] [serial_twistctl_node]: [SERIAL_TX] Timestamp: 1791450942142828669, Sending command (1/1): vcx=0.000,wc=0.000
 [19 bytes written]
[INFO] [1791450942.192760070] [serial_twistctl_node]: [TWIST_RX] Received Twist message - linear.x=0.000, angular.z=0.000, scaled_angular.z=0.000
[INFO] [1791450942.192804861] [serial_twistctl_node]: [SERIAL_TX] Timestamp: 1791450942192794866, Sending command (1/1): vcx=0.000,wc=0.000
 [19 bytes written]
[INFO] [1791450942.242812110] [serial_twistctl_node]: [TWIST_RX] Received Twist message - linear.x=0.000, angular.z=0.000, scaled_angular.z=0.000
[INFO] [1791450942.242854307] [serial_twistctl_node]: [SERIAL_TX] Timestamp: 1791450942242845239, Sending command (1/1): vcx=0.000,wc=0.000
 [19 bytes written]
[INFO] [1791450942.292861846] [serial_twistctl_node]: [TWIST_RX] Received Twist message - linear.x=0.000, angular.z=0.000, scaled_angular.z=0.000
[INFO] [1791450942.292910630] [serial_twistctl_node]: [SERIAL_TX] Timestamp: 1791450942292899996, Sending command (1/1): vcx=0.000,wc=0.000
 [19 bytes written]
[INFO] [1791450942.342864434] [serial_twistctl_node]: [TWIST_RX] Received Twist message - linear.x=0.000, angular.z=0.000, scaled_angular.z=0.000
[INFO] [1791450942.342908691] [serial_twistctl_node]: [SERIAL_TX] Timestamp: 1791450942342899235, Sending command (1/1): vcx=0.000,wc=0.000
 [19 bytes written]
[INFO] [1791450942.392813444] [serial_twistctl_node]: [TWIST_RX] Received Twist message - linear.x=0.000, angular.z=0.000, scaled_angular.z=0.000
[INFO] [1791450942.392855451] [serial_twistctl_node]: [SERIAL_TX] Timestamp: 1791450942392846036, Sending command (1/1): vcx=0.000,wc=0.000
 [19 bytes written]
[INFO] [1791450942.442792286] [serial_twistctl_node]: [TWIST_RX] Received Twist message - linear.x=0.000, angular.z=0.000, scaled_angular.z=0.000
[INFO] [1791450942.442832504] [serial_twistctl_node]: [SERIAL_TX] Timestamp: 1791450942442823030, Sending command (1/1): vcx=0.000,wc=0.000
 [19 bytes written]
[INFO] [1791450942.492849000] [serial_twistctl_node]: [TWIST_RX] Received Twist message - linear.x=0.000, angular.z=0.000, scaled_angular.z=0.000
[INFO] [1791450942.492899836] [serial_twistctl_node]: [SERIAL_TX] Timestamp: 1791450942492888805, Sending command (1/1): vcx=0.000,wc=0.000
 [19 bytes written]
[INFO] [1791450942.542830598] [serial_twistctl_node]: [TWIST_RX] Received Twist message - linear.x=0.000, angular.z=0.000, scaled_angular.z=0.000
[INFO] [1791450942.542870165] [serial_twistctl_node]: [SERIAL_TX] Timestamp: 1791450942542861076, Sending command (1/1): vcx=0.000,wc=0.000
 [19 bytes written]
[INFO] [1791450942.593006315] [serial_twistctl_node]: [TWIST_RX] Received Twist message - linear.x=0.000, angular.z=0.000, scaled_angular.z=0.000
[INFO] [1791450942.593064737] [serial_twistctl_node]: [SERIAL_TX] Timestamp: 1791450942593050032, Sending command (1/1): vcx=0.000,wc=0.000
 [19 bytes written]
[INFO] [1791450942.642859517] [serial_twistctl_node]: [TWIST_RX] Received Twist message - linear.x=0.000, angular.z=0.000, scaled_angular.z=0.000
[INFO] [1791450942.642898279] [serial_twistctl_node]: [SERIAL_TX] Timestamp: 1791450942642890193, Sending command (1/1): vcx=0.000,wc=0.000
 [19 bytes written]
[INFO] [1791450942.692893134] [serial_twistctl_node]: [TWIST_RX] Received Twist message - linear.x=0.000, angular.z=0.000, scaled_angular.z=0.000
[INFO] [1791450942.692935275] [serial_twistctl_node]: [SERIAL_TX] Timestamp: 1791450942692924964, Sending command (1/1): vcx=0.000,wc=0.000
 [19 bytes written]
[INFO] [1791450942.742833722] [serial_twistctl_node]: [TWIST_RX] Received Twist message - linear.x=0.000, angular.z=0.000, scaled_angular.z=0.000
[INFO] [1791450942.742874258] [serial_twistctl_node]: [SERIAL_TX] Timestamp: 1791450942742865244, Sending command (1/1): vcx=0.000,wc=0.000
 [19 bytes written]
[INFO] [1791450942.793002419] [serial_twistctl_node]: [TWIST_RX] Received Twist message - linear.x=0.000, angular.z=0.000, scaled_angular.z=0.000
[INFO] [1791450942.793048203] [serial_twistctl_node]: [SERIAL_TX] Timestamp: 1791450942793036522, Sending command (1/1): vcx=0.000,wc=0.000
 [19 bytes written]
[INFO] [1791450942.842844065] [serial_twistctl_node]: [TWIST_RX] Received Twist message - linear.x=0.000, angular.z=0.000, scaled_angular.z=0.000
[INFO] [1791450942.842884256] [serial_twistctl_node]: [SERIAL_TX] Timestamp: 1791450942842875039, Sending command (1/1): vcx=0.000,wc=0.000
 [19 bytes written]
[INFO] [1791450942.892922833] [serial_twistctl_node]: [TWIST_RX] Received Twist message - linear.x=0.000, angular.z=0.000, scaled_angular.z=0.000
[INFO] [1791450942.892968838] [serial_twistctl_node]: [SERIAL_TX] Timestamp: 1791450942892957630, Sending command (1/1): vcx=0.000,wc=0.000
 [19 bytes written]
[INFO] [1791450942.942905527] [serial_twistctl_node]: [TWIST_RX] Received Twist message - linear.x=0.000, angular.z=0.000, scaled_angular.z=0.000
[INFO] [1791450942.942944891] [serial_twistctl_node]: [SERIAL_TX] Timestamp: 1791450942942936503, Sending command (1/1): vcx=0.000,wc=0.000
 [19 bytes written]
[INFO] [1791450942.992913103] [serial_twistctl_node]: [TWIST_RX] Received Twist message - linear.x=0.000, angular.z=0.000, scaled_angular.z=0.000
[INFO] [1791450942.992956334] [serial_twistctl_node]: [SERIAL_TX] Timestamp: 1791450942992947104, Sending command (1/1): vcx=0.000,wc=0.000
 [19 bytes written]
[INFO] [1791450943.042950890] [serial_twistctl_node]: [TWIST_RX] Received Twist message - linear.x=0.000, angular.z=0.000, scaled_angular.z=0.000
[INFO] [1791450943.043006827] [serial_twistctl_node]: [SERIAL_TX] Timestamp: 1791450943042998010, Sending command (1/1): vcx=0.000,wc=0.000
 [19 bytes written]
[INFO] [1791450943.092886231] [serial_twistctl_node]: [TWIST_RX] Received Twist message - linear.x=0.000, angular.z=0.000, scaled_angular.z=0.000
[INFO] [1791450943.092937002] [serial_twistctl_node]: [SERIAL_TX] Timestamp: 1791450943092927174, Sending command (1/1): vcx=0.000,wc=0.000
 [19 bytes written]
[INFO] [1791450943.143002606] [serial_twistctl_node]: [TWIST_RX] Received Twist message - linear.x=0.000, angular.z=0.000, scaled_angular.z=0.000
[INFO] [1791450943.143042949] [serial_twistctl_node]: [SERIAL_TX] Timestamp: 1791450943143032930, Sending command (1/1): vcx=0.000,wc=0.000
 [19 bytes written]
[INFO] [1791450943.193013896] [serial_twistctl_node]: [TWIST_RX] Received Twist message - linear.x=0.000, angular.z=0.000, scaled_angular.z=0.000
[INFO] [1791450943.193076840] [serial_twistctl_node]: [SERIAL_TX] Timestamp: 1791450943193066422, Sending command (1/1): vcx=0.000,wc=0.000
 [19 bytes written]
[INFO] [1791450943.242835115] [serial_twistctl_node]: [TWIST_RX] Received Twist message - linear.x=0.000, angular.z=0.000, scaled_angular.z=0.000
[INFO] [1791450943.242879573] [serial_twistctl_node]: [SERIAL_TX] Timestamp: 1791450943242869271, Sending command (1/1): vcx=0.000,wc=0.000
 [19 bytes written]
[INFO] [1791450943.292891450] [serial_twistctl_node]: [TWIST_RX] Received Twist message - linear.x=0.000, angular.z=0.000, scaled_angular.z=0.000
[INFO] [1791450943.292935680] [serial_twistctl_node]: [SERIAL_TX] Timestamp: 1791450943292925677, Sending command (1/1): vcx=0.000,wc=0.000
 [19 bytes written]
[INFO] [1791450943.342898169] [serial_twistctl_node]: [TWIST_RX] Received Twist message - linear.x=0.000, angular.z=0.000, scaled_angular.z=0.000
[INFO] [1791450943.342939480] [serial_twistctl_node]: [SERIAL_TX] Timestamp: 1791450943342930943, Sending command (1/1): vcx=0.000,wc=0.000
 [19 bytes written]
[INFO] [1791450943.392995390] [serial_twistctl_node]: [TWIST_RX] Received Twist message - linear.x=0.000, angular.z=0.000, scaled_angular.z=0.000
[INFO] [1791450943.393037916] [serial_twistctl_node]: [SERIAL_TX] Timestamp: 1791450943393028775, Sending command (1/1): vcx=0.000,wc=0.000
 [19 bytes written]
[INFO] [1791450943.442781727] [serial_twistctl_node]: [TWIST_RX] Received Twist message - linear.x=0.000, angular.z=0.000, scaled_angular.z=0.000
[INFO] [1791450943.442819427] [serial_twistctl_node]: [SERIAL_TX] Timestamp: 1791450943442811296, Sending command (1/1): vcx=0.000,wc=0.000
 [19 bytes written]
[INFO] [1791450943.492884978] [serial_twistctl_node]: [TWIST_RX] Received Twist message - linear.x=0.000, angular.z=0.000, scaled_angular.z=0.000
[INFO] [1791450943.492925391] [serial_twistctl_node]: [SERIAL_TX] Timestamp: 1791450943492915272, Sending command (1/1): vcx=0.000,wc=0.000
 [19 bytes written]
[INFO] [1791450943.542896070] [serial_twistctl_node]: [TWIST_RX] Received Twist message - linear.x=0.000, angular.z=0.000, scaled_angular.z=0.000
[INFO] [1791450943.542939941] [serial_twistctl_node]: [SERIAL_TX] Timestamp: 1791450943542931167, Sending command (1/1): vcx=0.000,wc=0.000
 [19 bytes written]
[INFO] [1791450943.592973480] [serial_twistctl_node]: [TWIST_RX] Received Twist message - linear.x=0.000, angular.z=0.000, scaled_angular.z=0.000
[INFO] [1791450943.674465688] [serial_twistctl_node]: [SERIAL_TX] Timestamp: 1791450943674450476, Sending command (1/1): vcx=0.000,wc=0.000
 [19 bytes written]
[INFO] [1791450943.674516838] [serial_twistctl_node]: [TWIST_RX] Received Twist message - linear.x=0.000, angular.z=0.000, scaled_angular.z=0.000
[INFO] [1791450943.674522462] [serial_twistctl_node]: [SERIAL_TX] Timestamp: 1791450943674520625, Sending command (1/1): vcx=0.000,wc=0.000
 [19 bytes written]
[INFO] [1791450943.692712063] [serial_twistctl_node]: [TWIST_RX] Received Twist message - linear.x=0.000, angular.z=0.000, scaled_angular.z=0.000
[INFO] [1791450943.692746958] [serial_twistctl_node]: [SERIAL_TX] Timestamp: 1791450943692740505, Sending command (1/1): vcx=0.000,wc=0.000
 [19 bytes written]
[INFO] [1791450943.742922755] [serial_twistctl_node]: [TWIST_RX] Received Twist message - linear.x=0.000, angular.z=0.000, scaled_angular.z=0.000
[INFO] [1791450943.742962584] [serial_twistctl_node]: [SERIAL_TX] Timestamp: 1791450943742953885, Sending command (1/1): vcx=0.000,wc=0.000
 [19 bytes written]
[INFO] [1791450943.792888409] [serial_twistctl_node]: [TWIST_RX] Received Twist message - linear.x=0.000, angular.z=0.000, scaled_angular.z=0.000
[INFO] [1791450943.792932757] [serial_twistctl_node]: [SERIAL_TX] Timestamp: 1791450943792922102, Sending command (1/1): vcx=0.000,wc=0.000
 [19 bytes written]
[INFO] [1791450943.842968892] [serial_twistctl_node]: [TWIST_RX] Received Twist message - linear.x=0.000, angular.z=0.000, scaled_angular.z=0.000
[INFO] [1791450943.843019810] [serial_twistctl_node]: [SERIAL_TX] Timestamp: 1791450943843009672, Sending command (1/1): vcx=0.000,wc=0.000
 [19 bytes written]
[INFO] [1791450943.892983401] [serial_twistctl_node]: [TWIST_RX] Received Twist message - linear.x=0.000, angular.z=0.000, scaled_angular.z=0.000
[INFO] [1791450943.895996363] [serial_twistctl_node]: [SERIAL_TX] Timestamp: 1791450943895986130, Sending command (1/1): vcx=0.000,wc=0.000
 [19 bytes written]
[INFO] [1791450943.943069320] [serial_twistctl_node]: [TWIST_RX] Received Twist message - linear.x=0.000, angular.z=0.000, scaled_angular.z=0.000
[INFO] [1791450943.943116280] [serial_twistctl_node]: [SERIAL_TX] Timestamp: 1791450943943106028, Sending command (1/1): vcx=0.000,wc=0.000
 [19 bytes written]
[INFO] [1791450943.993019015] [serial_twistctl_node]: [TWIST_RX] Received Twist message - linear.x=0.000, angular.z=0.000, scaled_angular.z=0.000
[INFO] [1791450943.993068900] [serial_twistctl_node]: [SERIAL_TX] Timestamp: 1791450943993052575, Sending command (1/1): vcx=0.000,wc=0.000
 [19 bytes written]
[INFO] [1791450944.042863960] [serial_twistctl_node]: [TWIST_RX] Received Twist message - linear.x=0.000, angular.z=0.000, scaled_angular.z=0.000
[INFO] [1791450944.042909549] [serial_twistctl_node]: [SERIAL_TX] Timestamp: 1791450944042899551, Sending command (1/1): vcx=0.000,wc=0.000
 [19 bytes written]
[INFO] [1791450944.092822695] [serial_twistctl_node]: [TWIST_RX] Received Twist message - linear.x=0.000, angular.z=0.000, scaled_angular.z=0.000
[INFO] [1791450944.092866654] [serial_twistctl_node]: [SERIAL_TX] Timestamp: 1791450944092857132, Sending command (1/1): vcx=0.000,wc=0.000
 [19 bytes written]
[INFO] [1791450944.142900790] [serial_twistctl_node]: [TWIST_RX] Received Twist message - linear.x=0.000, angular.z=0.000, scaled_angular.z=0.000
[INFO] [1791450944.142947113] [serial_twistctl_node]: [SERIAL_TX] Timestamp: 1791450944142936623, Sending command (1/1): vcx=0.000,wc=0.000
 [19 bytes written]
[INFO] [1791450944.192764290] [serial_twistctl_node]: [TWIST_RX] Received Twist message - linear.x=0.000, angular.z=0.000, scaled_angular.z=0.000
[INFO] [1791450944.192820177] [serial_twistctl_node]: [SERIAL_TX] Timestamp: 1791450944192807042, Sending command (1/1): vcx=0.000,wc=0.000
 [19 bytes written]
[INFO] [1791450944.242874757] [serial_twistctl_node]: [TWIST_RX] Received Twist message - linear.x=0.000, angular.z=0.000, scaled_angular.z=0.000
[INFO] [1791450944.242935442] [serial_twistctl_node]: [SERIAL_TX] Timestamp: 1791450944242922659, Sending command (1/1): vcx=0.000,wc=0.000
 [19 bytes written]
[INFO] [1791450944.292838746] [serial_twistctl_node]: [TWIST_RX] Received Twist message - linear.x=0.000, angular.z=0.000, scaled_angular.z=0.000
[INFO] [1791450944.292896120] [serial_twistctl_node]: [SERIAL_TX] Timestamp: 1791450944292883329, Sending command (1/1): vcx=0.000,wc=0.000
 [19 bytes written]
[INFO] [1791450944.342846281] [serial_twistctl_node]: [TWIST_RX] Received Twist message - linear.x=0.000, angular.z=0.000, scaled_angular.z=0.000
[INFO] [1791450944.342903483] [serial_twistctl_node]: [SERIAL_TX] Timestamp: 1791450944342891327, Sending command (1/1): vcx=0.000,wc=0.000
 [19 bytes written]
[INFO] [1791450944.392941358] [serial_twistctl_node]: [TWIST_RX] Received Twist message - linear.x=0.000, angular.z=0.000, scaled_angular.z=0.000
[INFO] [1791450944.392997705] [serial_twistctl_node]: [SERIAL_TX] Timestamp: 1791450944392984955, Sending command (1/1): vcx=0.000,wc=0.000
 [19 bytes written]
[INFO] [1791450944.442826342] [serial_twistctl_node]: [TWIST_RX] Received Twist message - linear.x=0.000, angular.z=0.000, scaled_angular.z=0.000
[INFO] [1791450944.442882907] [serial_twistctl_node]: [SERIAL_TX] Timestamp: 1791450944442870266, Sending command (1/1): vcx=0.000,wc=0.000
 [19 bytes written]
[INFO] [1791450944.492906825] [serial_twistctl_node]: [TWIST_RX] Received Twist message - linear.x=0.000, angular.z=0.000, scaled_angular.z=0.000
[INFO] [1791450944.492972606] [serial_twistctl_node]: [SERIAL_TX] Timestamp: 1791450944492959097, Sending command (1/1): vcx=0.000,wc=0.000
 [19 bytes written]
[INFO] [1791450944.542956439] [serial_twistctl_node]: [TWIST_RX] Received Twist message - linear.x=0.000, angular.z=0.000, scaled_angular.z=0.000
[INFO] [1791450944.543017418] [serial_twistctl_node]: [SERIAL_TX] Timestamp: 1791450944543004466, Sending command (1/1): vcx=0.000,wc=0.000
 [19 bytes written]
[INFO] [1791450944.592876570] [serial_twistctl_node]: [TWIST_RX] Received Twist message - linear.x=0.000, angular.z=0.000, scaled_angular.z=0.000
[INFO] [1791450944.592933274] [serial_twistctl_node]: [SERIAL_TX] Timestamp: 1791450944592921242, Sending command (1/1): vcx=0.000,wc=0.000
 [19 bytes written]
[INFO] [1791450944.642734812] [serial_twistctl_node]: [TWIST_RX] Received Twist message - linear.x=0.000, angular.z=0.000, scaled_angular.z=0.000
[INFO] [1791450944.642783072] [serial_twistctl_node]: [SERIAL_TX] Timestamp: 1791450944642772071, Sending command (1/1): vcx=0.000,wc=0.000
 [19 bytes written]
[INFO] [1791450944.692829814] [serial_twistctl_node]: [TWIST_RX] Received Twist message - linear.x=0.000, angular.z=0.000, scaled_angular.z=0.000
[INFO] [1791450944.692882110] [serial_twistctl_node]: [SERIAL_TX] Timestamp: 1791450944692870015, Sending command (1/1): vcx=0.000,wc=0.000
 [19 bytes written]
[INFO] [1791450944.742877082] [serial_twistctl_node]: [TWIST_RX] Received Twist message - linear.x=0.000, angular.z=0.000, scaled_angular.z=0.000
[INFO] [1791450944.742937284] [serial_twistctl_node]: [SERIAL_TX] Timestamp: 1791450944742919604, Sending command (1/1): vcx=0.000,wc=0.000
 [19 bytes written]
[INFO] [1791450944.792805098] [serial_twistctl_node]: [TWIST_RX] Received Twist message - linear.x=0.000, angular.z=0.000, scaled_angular.z=0.000
[INFO] [1791450944.792872481] [serial_twistctl_node]: [SERIAL_TX] Timestamp: 1791450944792858702, Sending command (1/1): vcx=0.000,wc=0.000
 [19 bytes written]
[INFO] [1791450944.842887486] [serial_twistctl_node]: [TWIST_RX] Received Twist message - linear.x=0.000, angular.z=0.000, scaled_angular.z=0.000
[INFO] [1791450944.842952121] [serial_twistctl_node]: [SERIAL_TX] Timestamp: 1791450944842940208, Sending command (1/1): vcx=0.000,wc=0.000
 [19 bytes written]
[INFO] [1791450944.892798494] [serial_twistctl_node]: [TWIST_RX] Received Twist message - linear.x=0.000, angular.z=0.000, scaled_angular.z=0.000
[INFO] [1791450944.892853917] [serial_twistctl_node]: [SERIAL_TX] Timestamp: 1791450944892841740, Sending command (1/1): vcx=0.000,wc=0.000
 [19 bytes written]
[INFO] [1791450944.942724205] [serial_twistctl_node]: [TWIST_RX] Received Twist message - linear.x=0.000, angular.z=0.000, scaled_angular.z=0.000
[INFO] [1791450944.942778711] [serial_twistctl_node]: [SERIAL_TX] Timestamp: 1791450944942767189, Sending command (1/1): vcx=0.000,wc=0.000
 [19 bytes written]
[INFO] [1791450944.992924788] [serial_twistctl_node]: [TWIST_RX] Received Twist message - linear.x=0.000, angular.z=0.000, scaled_angular.z=0.000
[INFO] [1791450944.992976657] [serial_twistctl_node]: [SERIAL_TX] Timestamp: 1791450944992964812, Sending command (1/1): vcx=0.000,wc=0.000
 [19 bytes written]
[INFO] [1791450945.042871884] [serial_twistctl_node]: [TWIST_RX] Received Twist message - linear.x=0.000, angular.z=0.000, scaled_angular.z=0.000
[INFO] [1791450945.042932558] [serial_twistctl_node]: [SERIAL_TX] Timestamp: 1791450945042919496, Sending command (1/1): vcx=0.000,wc=0.000
 [19 bytes written]
[INFO] [1791450945.092751909] [serial_twistctl_node]: [TWIST_RX] Received Twist message - linear.x=0.000, angular.z=0.000, scaled_angular.z=0.000
[INFO] [1791450945.092820206] [serial_twistctl_node]: [SERIAL_TX] Timestamp: 1791450945092805489, Sending command (1/1): vcx=0.000,wc=0.000
 [19 bytes written]
[INFO] [1791450945.142910971] [serial_twistctl_node]: [TWIST_RX] Received Twist message - linear.x=0.000, angular.z=0.000, scaled_angular.z=0.000
[INFO] [1791450945.142969281] [serial_twistctl_node]: [SERIAL_TX] Timestamp: 1791450945142957601, Sending command (1/1): vcx=0.000,wc=0.000
 [19 bytes written]
[INFO] [1791450945.192908022] [serial_twistctl_node]: [TWIST_RX] Received Twist message - linear.x=0.000, angular.z=0.000, scaled_angular.z=0.000
[INFO] [1791450945.192985293] [serial_twistctl_node]: [SERIAL_TX] Timestamp: 1791450945192972149, Sending command (1/1): vcx=0.000,wc=0.000
 [19 bytes written]
[INFO] [1791450945.242928569] [serial_twistctl_node]: [TWIST_RX] Received Twist message - linear.x=0.000, angular.z=0.000, scaled_angular.z=0.000
[INFO] [1791450945.242987727] [serial_twistctl_node]: [SERIAL_TX] Timestamp: 1791450945242974605, Sending command (1/1): vcx=0.000,wc=0.000
 [19 bytes written]
[INFO] [1791450945.292768091] [serial_twistctl_node]: [TWIST_RX] Received Twist message - linear.x=0.000, angular.z=0.000, scaled_angular.z=0.000
[INFO] [1791450945.292832936] [serial_twistctl_node]: [SERIAL_TX] Timestamp: 1791450945292818547, Sending command (1/1): vcx=0.000,wc=0.000
 [19 bytes written]
[INFO] [1791450945.342817285] [serial_twistctl_node]: [TWIST_RX] Received Twist message - linear.x=0.000, angular.z=0.000, scaled_angular.z=0.000
[INFO] [1791450945.342879760] [serial_twistctl_node]: [SERIAL_TX] Timestamp: 1791450945342867639, Sending command (1/1): vcx=0.000,wc=0.000
 [19 bytes written]
[INFO] [1791450945.392891507] [serial_twistctl_node]: [TWIST_RX] Received Twist message - linear.x=0.000, angular.z=0.000, scaled_angular.z=0.000
[INFO] [1791450945.392954007] [serial_twistctl_node]: [SERIAL_TX] Timestamp: 1791450945392939293, Sending command (1/1): vcx=0.000,wc=0.000
 [19 bytes written]
[INFO] [1791450945.442688612] [serial_twistctl_node]: [TWIST_RX] Received Twist message - linear.x=0.000, angular.z=0.000, scaled_angular.z=0.000
[INFO] [1791450945.442746174] [serial_twistctl_node]: [SERIAL_TX] Timestamp: 1791450945442733634, Sending command (1/1): vcx=0.000,wc=0.000
 [19 bytes written]
[INFO] [1791450945.492844602] [serial_twistctl_node]: [TWIST_RX] Received Twist message - linear.x=0.000, angular.z=0.000, scaled_angular.z=0.000
[INFO] [1791450945.492899660] [serial_twistctl_node]: [SERIAL_TX] Timestamp: 1791450945492887546, Sending command (1/1): vcx=0.000,wc=0.000
 [19 bytes written]
[INFO] [1791450945.542829972] [serial_twistctl_node]: [TWIST_RX] Received Twist message - linear.x=0.000, angular.z=0.000, scaled_angular.z=0.000
[INFO] [1791450945.542883136] [serial_twistctl_node]: [SERIAL_TX] Timestamp: 1791450945542869247, Sending command (1/1): vcx=0.000,wc=0.000
 [19 bytes written]
[INFO] [1791450945.592786488] [serial_twistctl_node]: [TWIST_RX] Received Twist message - linear.x=0.000, angular.z=0.000, scaled_angular.z=0.000
[INFO] [1791450945.592841437] [serial_twistctl_node]: [SERIAL_TX] Timestamp: 1791450945592828630, Sending command (1/1): vcx=0.000,wc=0.000
 [19 bytes written]
[INFO] [1791450945.642805078] [serial_twistctl_node]: [TWIST_RX] Received Twist message - linear.x=0.000, angular.z=0.000, scaled_angular.z=0.000
[INFO] [1791450945.642856104] [serial_twistctl_node]: [SERIAL_TX] Timestamp: 1791450945642844379, Sending command (1/1): vcx=0.000,wc=0.000
 [19 bytes written]
[INFO] [1791450945.692756433] [serial_twistctl_node]: [TWIST_RX] Received Twist message - linear.x=0.000, angular.z=0.000, scaled_angular.z=0.000
[INFO] [1791450945.692808934] [serial_twistctl_node]: [SERIAL_TX] Timestamp: 1791450945692795721, Sending command (1/1): vcx=0.000,wc=0.000
 [19 bytes written]
[INFO] [1791450945.742792546] [serial_twistctl_node]: [TWIST_RX] Received Twist message - linear.x=0.000, angular.z=0.000, scaled_angular.z=0.000
[INFO] [1791450945.742835334] [serial_twistctl_node]: [SERIAL_TX] Timestamp: 1791450945742825204, Sending command (1/1): vcx=0.000,wc=0.000
 [19 bytes written]
[INFO] [1791450945.792789178] [serial_twistctl_node]: [TWIST_RX] Received Twist message - linear.x=0.000, angular.z=0.000, scaled_angular.z=0.000
[INFO] [1791450945.792837279] [serial_twistctl_node]: [SERIAL_TX] Timestamp: 1791450945792827033, Sending command (1/1): vcx=0.000,wc=0.000
 [19 bytes written]
[INFO] [1791450945.842667376] [serial_twistctl_node]: [TWIST_RX] Received Twist message - linear.x=0.000, angular.z=0.000, scaled_angular.z=0.000
[INFO] [1791450945.842734383] [serial_twistctl_node]: [SERIAL_TX] Timestamp: 1791450945842725534, Sending command (1/1): vcx=0.000,wc=0.000
 [19 bytes written]
[INFO] [1791450945.892678099] [serial_twistctl_node]: [TWIST_RX] Received Twist message - linear.x=0.000, angular.z=0.000, scaled_angular.z=0.000
[INFO] [1791450945.892716467] [serial_twistctl_node]: [SERIAL_TX] Timestamp: 1791450945892706765, Sending command (1/1): vcx=0.000,wc=0.000
 [19 bytes written]
[INFO] [1791450945.942839458] [serial_twistctl_node]: [TWIST_RX] Received Twist message - linear.x=0.000, angular.z=0.000, scaled_angular.z=0.000
[INFO] [1791450945.942897176] [serial_twistctl_node]: [SERIAL_TX] Timestamp: 1791450945942886156, Sending command (1/1): vcx=0.000,wc=0.000
 [19 bytes written]
[INFO] [1791450945.992721138] [serial_twistctl_node]: [TWIST_RX] Received Twist message - linear.x=0.000, angular.z=0.000, scaled_angular.z=0.000
[INFO] [1791450945.992770028] [serial_twistctl_node]: [SERIAL_TX] Timestamp: 1791450945992758664, Sending command (1/1): vcx=0.000,wc=0.000
 [19 bytes written]
[INFO] [1791450946.042744561] [serial_twistctl_node]: [TWIST_RX] Received Twist message - linear.x=0.000, angular.z=0.000, scaled_angular.z=0.000
[INFO] [1791450946.042793484] [serial_twistctl_node]: [SERIAL_TX] Timestamp: 1791450946042784724, Sending command (1/1): vcx=0.000,wc=0.000
 [19 bytes written]
[INFO] [1791450946.092836343] [serial_twistctl_node]: [TWIST_RX] Received Twist message - linear.x=0.000, angular.z=0.000, scaled_angular.z=0.000
[INFO] [1791450946.092888993] [serial_twistctl_node]: [SERIAL_TX] Timestamp: 1791450946092879739, Sending command (1/1): vcx=0.000,wc=0.000
 [19 bytes written]
[INFO] [1791450946.143082908] [serial_twistctl_node]: [TWIST_RX] Received Twist message - linear.x=0.000, angular.z=0.000, scaled_angular.z=0.000
[INFO] [1791450946.143133223] [serial_twistctl_node]: [SERIAL_TX] Timestamp: 1791450946143122122, Sending command (1/1): vcx=0.000,wc=0.000
 [19 bytes written]
[INFO] [1791450946.192757934] [serial_twistctl_node]: [TWIST_RX] Received Twist message - linear.x=0.000, angular.z=0.000, scaled_angular.z=0.000
[INFO] [1791450946.192806722] [serial_twistctl_node]: [SERIAL_TX] Timestamp: 1791450946192796953, Sending command (1/1): vcx=0.000,wc=0.000
 [19 bytes written]
[INFO] [1791450946.242705810] [serial_twistctl_node]: [TWIST_RX] Received Twist message - linear.x=0.000, angular.z=0.000, scaled_angular.z=0.000
[INFO] [1791450946.242749517] [serial_twistctl_node]: [SERIAL_TX] Timestamp: 1791450946242740204, Sending command (1/1): vcx=0.000,wc=0.000
 [19 bytes written]
[INFO] [1791450946.292912638] [serial_twistctl_node]: [TWIST_RX] Received Twist message - linear.x=0.000, angular.z=0.000, scaled_angular.z=0.000
[INFO] [1791450946.292955040] [serial_twistctl_node]: [SERIAL_TX] Timestamp: 1791450946292945109, Sending command (1/1): vcx=0.000,wc=0.000
 [19 bytes written]
[INFO] [1791450946.342711067] [serial_twistctl_node]: [TWIST_RX] Received Twist message - linear.x=0.000, angular.z=0.000, scaled_angular.z=0.000
[INFO] [1791450946.342751082] [serial_twistctl_node]: [SERIAL_TX] Timestamp: 1791450946342740780, Sending command (1/1): vcx=0.000,wc=0.000
 [19 bytes written]
[INFO] [1791450946.392815572] [serial_twistctl_node]: [TWIST_RX] Received Twist message - linear.x=0.000, angular.z=0.000, scaled_angular.z=0.000
[INFO] [1791450946.392857126] [serial_twistctl_node]: [SERIAL_TX] Timestamp: 1791450946392846587, Sending command (1/1): vcx=0.000,wc=0.000
 [19 bytes written]
[INFO] [1791450946.442849396] [serial_twistctl_node]: [TWIST_RX] Received Twist message - linear.x=0.000, angular.z=0.000, scaled_angular.z=0.000
[INFO] [1791450946.442892973] [serial_twistctl_node]: [SERIAL_TX] Timestamp: 1791450946442882308, Sending command (1/1): vcx=0.000,wc=0.000
 [19 bytes written]
[INFO] [1791450946.492970430] [serial_twistctl_node]: [TWIST_RX] Received Twist message - linear.x=0.000, angular.z=0.000, scaled_angular.z=0.000
[INFO] [1791450946.493014953] [serial_twistctl_node]: [SERIAL_TX] Timestamp: 1791450946493004718, Sending command (1/1): vcx=0.000,wc=0.000
 [19 bytes written]
[INFO] [1791450946.542815572] [serial_twistctl_node]: [TWIST_RX] Received Twist message - linear.x=0.000, angular.z=0.000, scaled_angular.z=0.000
[INFO] [1791450946.542869785] [serial_twistctl_node]: [SERIAL_TX] Timestamp: 1791450946542858638, Sending command (1/1): vcx=0.000,wc=0.000
 [19 bytes written]
[INFO] [1791450946.592739755] [serial_twistctl_node]: [TWIST_RX] Received Twist message - linear.x=0.000, angular.z=0.000, scaled_angular.z=0.000
[INFO] [1791450946.592785504] [serial_twistctl_node]: [SERIAL_TX] Timestamp: 1791450946592776235, Sending command (1/1): vcx=0.000,wc=0.000
 [19 bytes written]
[INFO] [1791450946.642818088] [serial_twistctl_node]: [TWIST_RX] Received Twist message - linear.x=0.000, angular.z=0.000, scaled_angular.z=0.000
[INFO] [1791450946.642862029] [serial_twistctl_node]: [SERIAL_TX] Timestamp: 1791450946642852110, Sending command (1/1): vcx=0.000,wc=0.000
 [19 bytes written]
[INFO] [1791450946.692708660] [serial_twistctl_node]: [TWIST_RX] Received Twist message - linear.x=0.000, angular.z=0.000, scaled_angular.z=0.000
[INFO] [1791450946.692753153] [serial_twistctl_node]: [SERIAL_TX] Timestamp: 1791450946692742547, Sending command (1/1): vcx=0.000,wc=0.000
 [19 bytes written]
[INFO] [1791450946.742887074] [serial_twistctl_node]: [TWIST_RX] Received Twist message - linear.x=0.000, angular.z=0.000, scaled_angular.z=0.000
[INFO] [1791450946.742927721] [serial_twistctl_node]: [SERIAL_TX] Timestamp: 1791450946742918853, Sending command (1/1): vcx=0.000,wc=0.000
 [19 bytes written]
[INFO] [1791450946.792867730] [serial_twistctl_node]: [TWIST_RX] Received Twist message - linear.x=0.000, angular.z=0.000, scaled_angular.z=0.000
[INFO] [1791450946.792911070] [serial_twistctl_node]: [SERIAL_TX] Timestamp: 1791450946792901340, Sending command (1/1): vcx=0.000,wc=0.000
 [19 bytes written]
[INFO] [1791450946.842938633] [serial_twistctl_node]: [TWIST_RX] Received Twist message - linear.x=0.000, angular.z=0.000, scaled_angular.z=0.000
[INFO] [1791450946.843002366] [serial_twistctl_node]: [SERIAL_TX] Timestamp: 1791450946842991992, Sending command (1/1): vcx=0.000,wc=0.000
 [19 bytes written]
[INFO] [1791450946.892812140] [serial_twistctl_node]: [TWIST_RX] Received Twist message - linear.x=0.000, angular.z=0.000, scaled_angular.z=0.000
[INFO] [1791450946.892854334] [serial_twistctl_node]: [SERIAL_TX] Timestamp: 1791450946892844978, Sending command (1/1): vcx=0.000,wc=0.000
 [19 bytes written]
[INFO] [1791450946.942876496] [serial_twistctl_node]: [TWIST_RX] Received Twist message - linear.x=0.000, angular.z=0.000, scaled_angular.z=0.000
[INFO] [1791450946.942924132] [serial_twistctl_node]: [SERIAL_TX] Timestamp: 1791450946942912974, Sending command (1/1): vcx=0.000,wc=0.000
 [19 bytes written]
[INFO] [1791450946.992830910] [serial_twistctl_node]: [TWIST_RX] Received Twist message - linear.x=0.000, angular.z=0.000, scaled_angular.z=0.000
[INFO] [1791450946.992874901] [serial_twistctl_node]: [SERIAL_TX] Timestamp: 1791450946992865643, Sending command (1/1): vcx=0.000,wc=0.000
 [19 bytes written]
[INFO] [1791450947.042826577] [serial_twistctl_node]: [TWIST_RX] Received Twist message - linear.x=0.000, angular.z=0.000, scaled_angular.z=0.000
[INFO] [1791450947.042872653] [serial_twistctl_node]: [SERIAL_TX] Timestamp: 1791450947042863295, Sending command (1/1): vcx=0.000,wc=0.000
 [19 bytes written]
[INFO] [1791450947.092887554] [serial_twistctl_node]: [TWIST_RX] Received Twist message - linear.x=0.000, angular.z=0.000, scaled_angular.z=0.000
[INFO] [1791450947.092931736] [serial_twistctl_node]: [SERIAL_TX] Timestamp: 1791450947092921365, Sending command (1/1): vcx=0.000,wc=0.000
 [19 bytes written]
[INFO] [1791450947.142824967] [serial_twistctl_node]: [TWIST_RX] Received Twist message - linear.x=0.000, angular.z=0.000, scaled_angular.z=0.000
[INFO] [1791450947.142885160] [serial_twistctl_node]: [SERIAL_TX] Timestamp: 1791450947142873251, Sending command (1/1): vcx=0.000,wc=0.000
 [19 bytes written]
[INFO] [1791450947.192874576] [serial_twistctl_node]: [TWIST_RX] Received Twist message - linear.x=0.000, angular.z=0.000, scaled_angular.z=0.000
[INFO] [1791450947.192923849] [serial_twistctl_node]: [SERIAL_TX] Timestamp: 1791450947192913753, Sending command (1/1): vcx=0.000,wc=0.000
 [19 bytes written]
[INFO] [1791450947.242684653] [serial_twistctl_node]: [TWIST_RX] Received Twist message - linear.x=0.000, angular.z=0.000, scaled_angular.z=0.000
[INFO] [1791450947.242725495] [serial_twistctl_node]: [SERIAL_TX] Timestamp: 1791450947242715735, Sending command (1/1): vcx=0.000,wc=0.000
 [19 bytes written]
[INFO] [1791450947.292872059] [serial_twistctl_node]: [TWIST_RX] Received Twist message - linear.x=0.000, angular.z=0.000, scaled_angular.z=0.000
[INFO] [1791450947.292916161] [serial_twistctl_node]: [SERIAL_TX] Timestamp: 1791450947292907200, Sending command (1/1): vcx=0.000,wc=0.000
 [19 bytes written]
[INFO] [1791450947.342885973] [serial_twistctl_node]: [TWIST_RX] Received Twist message - linear.x=0.000, angular.z=0.000, scaled_angular.z=0.000
[INFO] [1791450947.342929141] [serial_twistctl_node]: [SERIAL_TX] Timestamp: 1791450947342919042, Sending command (1/1): vcx=0.000,wc=0.000
 [19 bytes written]
[INFO] [1791450947.392792132] [serial_twistctl_node]: [TWIST_RX] Received Twist message - linear.x=0.000, angular.z=0.000, scaled_angular.z=0.000
[INFO] [1791450947.392836991] [serial_twistctl_node]: [SERIAL_TX] Timestamp: 1791450947392826868, Sending command (1/1): vcx=0.000,wc=0.000
 [19 bytes written]
[INFO] [1791450947.442892293] [serial_twistctl_node]: [TWIST_RX] Received Twist message - linear.x=0.000, angular.z=0.000, scaled_angular.z=0.000
[INFO] [1791450947.442936457] [serial_twistctl_node]: [SERIAL_TX] Timestamp: 1791450947442926201, Sending command (1/1): vcx=0.000,wc=0.000
 [19 bytes written]
[INFO] [1791450947.492765848] [serial_twistctl_node]: [TWIST_RX] Received Twist message - linear.x=0.000, angular.z=0.000, scaled_angular.z=0.000
[INFO] [1791450947.492810029] [serial_twistctl_node]: [SERIAL_TX] Timestamp: 1791450947492799524, Sending command (1/1): vcx=0.000,wc=0.000
 [19 bytes written]
[INFO] [1791450947.542834155] [serial_twistctl_node]: [TWIST_RX] Received Twist message - linear.x=0.000, angular.z=0.000, scaled_angular.z=0.000
[INFO] [1791450947.542874310] [serial_twistctl_node]: [SERIAL_TX] Timestamp: 1791450947542864347, Sending command (1/1): vcx=0.000,wc=0.000
 [19 bytes written]
[INFO] [1791450947.592759324] [serial_twistctl_node]: [TWIST_RX] Received Twist message - linear.x=0.000, angular.z=0.000, scaled_angular.z=0.000
[INFO] [1791450947.592814057] [serial_twistctl_node]: [SERIAL_TX] Timestamp: 1791450947592800824, Sending command (1/1): vcx=0.000,wc=0.000
 [19 bytes written]
[INFO] [1791450947.643132549] [serial_twistctl_node]: [TWIST_RX] Received Twist message - linear.x=0.000, angular.z=0.000, scaled_angular.z=0.000
[INFO] [1791450947.643190335] [serial_twistctl_node]: [SERIAL_TX] Timestamp: 1791450947643177795, Sending command (1/1): vcx=0.000,wc=0.000
 [19 bytes written]
[INFO] [1791450947.693039816] [serial_twistctl_node]: [TWIST_RX] Received Twist message - linear.x=0.000, angular.z=0.000, scaled_angular.z=0.000
[INFO] [1791450947.693087847] [serial_twistctl_node]: [SERIAL_TX] Timestamp: 1791450947693077190, Sending command (1/1): vcx=0.000,wc=0.000
 [19 bytes written]
[INFO] [1791450947.742935670] [serial_twistctl_node]: [TWIST_RX] Received Twist message - linear.x=0.000, angular.z=0.000, scaled_angular.z=0.000
[INFO] [1791450947.742986749] [serial_twistctl_node]: [SERIAL_TX] Timestamp: 1791450947742976552, Sending command (1/1): vcx=0.000,wc=0.000
 [19 bytes written]
[INFO] [1791450947.792914599] [serial_twistctl_node]: [TWIST_RX] Received Twist message - linear.x=0.000, angular.z=0.000, scaled_angular.z=0.000
[INFO] [1791450947.792965349] [serial_twistctl_node]: [SERIAL_TX] Timestamp: 1791450947792954111, Sending command (1/1): vcx=0.000,wc=0.000
 [19 bytes written]
[INFO] [1791450947.842910197] [serial_twistctl_node]: [TWIST_RX] Received Twist message - linear.x=0.000, angular.z=0.000, scaled_angular.z=0.000
[INFO] [1791450947.842953098] [serial_twistctl_node]: [SERIAL_TX] Timestamp: 1791450947842943043, Sending command (1/1): vcx=0.000,wc=0.000
 [19 bytes written]
[INFO] [1791450947.892835147] [serial_twistctl_node]: [TWIST_RX] Received Twist message - linear.x=0.000, angular.z=0.000, scaled_angular.z=0.000
[INFO] [1791450947.892878492] [serial_twistctl_node]: [SERIAL_TX] Timestamp: 1791450947892868577, Sending command (1/1): vcx=0.000,wc=0.000
 [19 bytes written]
[INFO] [1791450947.942622505] [serial_twistctl_node]: [TWIST_RX] Received Twist message - linear.x=0.000, angular.z=0.000, scaled_angular.z=0.000
[INFO] [1791450947.942664687] [serial_twistctl_node]: [SERIAL_TX] Timestamp: 1791450947942655082, Sending command (1/1): vcx=0.000,wc=0.000
 [19 bytes written]
[INFO] [1791450947.992899696] [serial_twistctl_node]: [TWIST_RX] Received Twist message - linear.x=0.000, angular.z=0.000, scaled_angular.z=0.000
[INFO] [1791450947.992938578] [serial_twistctl_node]: [SERIAL_TX] Timestamp: 1791450947992930673, Sending command (1/1): vcx=0.000,wc=0.000
 [19 bytes written]
[INFO] [1791450948.042996937] [serial_twistctl_node]: [TWIST_RX] Received Twist message - linear.x=0.000, angular.z=0.000, scaled_angular.z=0.000
[INFO] [1791450948.043047879] [serial_twistctl_node]: [SERIAL_TX] Timestamp: 1791450948043037592, Sending command (1/1): vcx=0.000,wc=0.000
 [19 bytes written]
[INFO] [1791450948.092713450] [serial_twistctl_node]: [TWIST_RX] Received Twist message - linear.x=0.000, angular.z=0.000, scaled_angular.z=0.000
[INFO] [1791450948.092757432] [serial_twistctl_node]: [SERIAL_TX] Timestamp: 1791450948092747384, Sending command (1/1): vcx=0.000,wc=0.000
 [19 bytes written]
[INFO] [1791450948.142913568] [serial_twistctl_node]: [TWIST_RX] Received Twist message - linear.x=0.000, angular.z=0.000, scaled_angular.z=0.000
[INFO] [1791450948.142954013] [serial_twistctl_node]: [SERIAL_TX] Timestamp: 1791450948142944517, Sending command (1/1): vcx=0.000,wc=0.000
 [19 bytes written]
[INFO] [1791450948.192977882] [serial_twistctl_node]: [TWIST_RX] Received Twist message - linear.x=0.000, angular.z=0.000, scaled_angular.z=0.000
[INFO] [1791450948.193016968] [serial_twistctl_node]: [SERIAL_TX] Timestamp: 1791450948193008443, Sending command (1/1): vcx=0.000,wc=0.000
 [19 bytes written]
[INFO] [1791450948.243050284] [serial_twistctl_node]: [TWIST_RX] Received Twist message - linear.x=0.000, angular.z=0.000, scaled_angular.z=0.000
[INFO] [1791450948.243114669] [serial_twistctl_node]: [SERIAL_TX] Timestamp: 1791450948243103674, Sending command (1/1): vcx=0.000,wc=0.000
 [19 bytes written]
[INFO] [1791450948.293044165] [serial_twistctl_node]: [TWIST_RX] Received Twist message - linear.x=0.000, angular.z=0.000, scaled_angular.z=0.000
[INFO] [1791450948.293094296] [serial_twistctl_node]: [SERIAL_TX] Timestamp: 1791450948293084400, Sending command (1/1): vcx=0.000,wc=0.000
 [19 bytes written]
[INFO] [1791450948.342856119] [serial_twistctl_node]: [TWIST_RX] Received Twist message - linear.x=0.000, angular.z=0.000, scaled_angular.z=0.000
[INFO] [1791450948.342902420] [serial_twistctl_node]: [SERIAL_TX] Timestamp: 1791450948342893214, Sending command (1/1): vcx=0.000,wc=0.000
 [19 bytes written]
[INFO] [1791450948.392735414] [serial_twistctl_node]: [TWIST_RX] Received Twist message - linear.x=0.000, angular.z=0.000, scaled_angular.z=0.000
[INFO] [1791450948.392779873] [serial_twistctl_node]: [SERIAL_TX] Timestamp: 1791450948392769011, Sending command (1/1): vcx=0.000,wc=0.000
 [19 bytes written]
[INFO] [1791450948.443050303] [serial_twistctl_node]: [TWIST_RX] Received Twist message - linear.x=0.000, angular.z=0.000, scaled_angular.z=0.000
[INFO] [1791450948.443097496] [serial_twistctl_node]: [SERIAL_TX] Timestamp: 1791450948443088528, Sending command (1/1): vcx=0.000,wc=0.000
 [19 bytes written]
[INFO] [1791450948.493073493] [serial_twistctl_node]: [TWIST_RX] Received Twist message - linear.x=0.000, angular.z=0.000, scaled_angular.z=0.000
[INFO] [1791450948.493118196] [serial_twistctl_node]: [SERIAL_TX] Timestamp: 1791450948493107529, Sending command (1/1): vcx=0.000,wc=0.000
 [19 bytes written]
[INFO] [1791450948.542926427] [serial_twistctl_node]: [TWIST_RX] Received Twist message - linear.x=0.000, angular.z=0.000, scaled_angular.z=0.000
[INFO] [1791450948.542979718] [serial_twistctl_node]: [SERIAL_TX] Timestamp: 1791450948542968395, Sending command (1/1): vcx=0.000,wc=0.000
 [19 bytes written]
[INFO] [1791450948.592892774] [serial_twistctl_node]: [TWIST_RX] Received Twist message - linear.x=0.000, angular.z=0.000, scaled_angular.z=0.000
[INFO] [1791450948.592935447] [serial_twistctl_node]: [SERIAL_TX] Timestamp: 1791450948592925824, Sending command (1/1): vcx=0.000,wc=0.000
 [19 bytes written]
[INFO] [1791450948.642991990] [serial_twistctl_node]: [TWIST_RX] Received Twist message - linear.x=0.000, angular.z=0.000, scaled_angular.z=0.000
[INFO] [1791450948.643035928] [serial_twistctl_node]: [SERIAL_TX] Timestamp: 1791450948643026478, Sending command (1/1): vcx=0.000,wc=0.000
 [19 bytes written]
[INFO] [1791450948.692997265] [serial_twistctl_node]: [TWIST_RX] Received Twist message - linear.x=0.000, angular.z=0.000, scaled_angular.z=0.000
[INFO] [1791450948.693051794] [serial_twistctl_node]: [SERIAL_TX] Timestamp: 1791450948693037535, Sending command (1/1): vcx=0.000,wc=0.000
 [19 bytes written]
[INFO] [1791450948.743144252] [serial_twistctl_node]: [TWIST_RX] Received Twist message - linear.x=0.000, angular.z=0.000, scaled_angular.z=0.000
[INFO] [1791450948.743187491] [serial_twistctl_node]: [SERIAL_TX] Timestamp: 1791450948743176929, Sending command (1/1): vcx=0.000,wc=0.000
 [19 bytes written]
[INFO] [1791450948.792798359] [serial_twistctl_node]: [TWIST_RX] Received Twist message - linear.x=0.000, angular.z=0.000, scaled_angular.z=0.000
[INFO] [1791450948.792842964] [serial_twistctl_node]: [SERIAL_TX] Timestamp: 1791450948792832093, Sending command (1/1): vcx=0.000,wc=0.000
 [19 bytes written]
[INFO] [1791450948.842744554] [serial_twistctl_node]: [TWIST_RX] Received Twist message - linear.x=0.000, angular.z=0.000, scaled_angular.z=0.000
[INFO] [1791450948.842787394] [serial_twistctl_node]: [SERIAL_TX] Timestamp: 1791450948842777773, Sending command (1/1): vcx=0.000,wc=0.000
 [19 bytes written]
[INFO] [1791450948.892899710] [serial_twistctl_node]: [TWIST_RX] Received Twist message - linear.x=0.000, angular.z=0.000, scaled_angular.z=0.000
[INFO] [1791450948.892949151] [serial_twistctl_node]: [SERIAL_TX] Timestamp: 1791450948892934050, Sending command (1/1): vcx=0.000,wc=0.000
 [19 bytes written]
[INFO] [1791450948.942984450] [serial_twistctl_node]: [TWIST_RX] Received Twist message - linear.x=0.000, angular.z=0.000, scaled_angular.z=0.000
[INFO] [1791450948.943024284] [serial_twistctl_node]: [SERIAL_TX] Timestamp: 1791450948943015086, Sending command (1/1): vcx=0.000,wc=0.000
 [19 bytes written]
[INFO] [1791450948.992821332] [serial_twistctl_node]: [TWIST_RX] Received Twist message - linear.x=0.000, angular.z=0.000, scaled_angular.z=0.000
[INFO] [1791450948.992877483] [serial_twistctl_node]: [SERIAL_TX] Timestamp: 1791450948992866344, Sending command (1/1): vcx=0.000,wc=0.000
 [19 bytes written]
[INFO] [1791450949.042925667] [serial_twistctl_node]: [TWIST_RX] Received Twist message - linear.x=0.000, angular.z=0.000, scaled_angular.z=0.000
[INFO] [1791450949.042966692] [serial_twistctl_node]: [SERIAL_TX] Timestamp: 1791450949042958173, Sending command (1/1): vcx=0.000,wc=0.000
 [19 bytes written]
[INFO] [1791450949.092886022] [serial_twistctl_node]: [TWIST_RX] Received Twist message - linear.x=0.000, angular.z=0.000, scaled_angular.z=0.000
[INFO] [1791450949.092930115] [serial_twistctl_node]: [SERIAL_TX] Timestamp: 1791450949092919664, Sending command (1/1): vcx=0.000,wc=0.000
 [19 bytes written]
[INFO] [1791450949.143006041] [serial_twistctl_node]: [TWIST_RX] Received Twist message - linear.x=0.000, angular.z=0.000, scaled_angular.z=0.000
[INFO] [1791450949.143150422] [serial_twistctl_node]: [SERIAL_TX] Timestamp: 1791450949143140014, Sending command (1/1): vcx=0.000,wc=0.000
 [19 bytes written]
[INFO] [1791450949.192937769] [serial_twistctl_node]: [TWIST_RX] Received Twist message - linear.x=0.000, angular.z=0.000, scaled_angular.z=0.000
[INFO] [1791450949.192991228] [serial_twistctl_node]: [SERIAL_TX] Timestamp: 1791450949192980121, Sending command (1/1): vcx=0.000,wc=0.000
 [19 bytes written]
[INFO] [1791450949.242775586] [serial_twistctl_node]: [TWIST_RX] Received Twist message - linear.x=0.000, angular.z=0.000, scaled_angular.z=0.000
[INFO] [1791450949.242818657] [serial_twistctl_node]: [SERIAL_TX] Timestamp: 1791450949242809234, Sending command (1/1): vcx=0.000,wc=0.000
 [19 bytes written]
[INFO] [1791450949.292747558] [serial_twistctl_node]: [TWIST_RX] Received Twist message - linear.x=0.000, angular.z=0.000, scaled_angular.z=0.000
[INFO] [1791450949.292799014] [serial_twistctl_node]: [SERIAL_TX] Timestamp: 1791450949292788689, Sending command (1/1): vcx=0.000,wc=0.000
 [19 bytes written]
[INFO] [1791450949.342914593] [serial_twistctl_node]: [TWIST_RX] Received Twist message - linear.x=0.000, angular.z=0.000, scaled_angular.z=0.000
[INFO] [1791450949.342956320] [serial_twistctl_node]: [SERIAL_TX] Timestamp: 1791450949342946482, Sending command (1/1): vcx=0.000,wc=0.000
 [19 bytes written]
[INFO] [1791450949.392888267] [serial_twistctl_node]: [TWIST_RX] Received Twist message - linear.x=0.000, angular.z=0.000, scaled_angular.z=0.000
[INFO] [1791450949.392929737] [serial_twistctl_node]: [SERIAL_TX] Timestamp: 1791450949392920118, Sending command (1/1): vcx=0.000,wc=0.000
 [19 bytes written]
[INFO] [1791450949.442974243] [serial_twistctl_node]: [TWIST_RX] Received Twist message - linear.x=0.000, angular.z=0.000, scaled_angular.z=0.000
[INFO] [1791450949.443017165] [serial_twistctl_node]: [SERIAL_TX] Timestamp: 1791450949443007017, Sending command (1/1): vcx=0.000,wc=0.000
 [19 bytes written]
[INFO] [1791450949.492972956] [serial_twistctl_node]: [TWIST_RX] Received Twist message - linear.x=0.000, angular.z=0.000, scaled_angular.z=0.000
[INFO] [1791450949.493017431] [serial_twistctl_node]: [SERIAL_TX] Timestamp: 1791450949493007513, Sending command (1/1): vcx=0.000,wc=0.000
 [19 bytes written]
[INFO] [1791450949.542839863] [serial_twistctl_node]: [TWIST_RX] Received Twist message - linear.x=0.000, angular.z=0.000, scaled_angular.z=0.000
[INFO] [1791450949.542884505] [serial_twistctl_node]: [SERIAL_TX] Timestamp: 1791450949542875177, Sending command (1/1): vcx=0.000,wc=0.000
 [19 bytes written]
[INFO] [1791450949.592790717] [serial_twistctl_node]: [TWIST_RX] Received Twist message - linear.x=0.000, angular.z=0.000, scaled_angular.z=0.000
[INFO] [1791450949.592832048] [serial_twistctl_node]: [SERIAL_TX] Timestamp: 1791450949592822407, Sending command (1/1): vcx=0.000,wc=0.000
 [19 bytes written]
[INFO] [1791450949.642704761] [serial_twistctl_node]: [TWIST_RX] Received Twist message - linear.x=0.000, angular.z=0.000, scaled_angular.z=0.000
[INFO] [1791450949.642746707] [serial_twistctl_node]: [SERIAL_TX] Timestamp: 1791450949642737667, Sending command (1/1): vcx=0.000,wc=0.000
 [19 bytes written]
[INFO] [1791450949.692908020] [serial_twistctl_node]: [TWIST_RX] Received Twist message - linear.x=0.000, angular.z=0.000, scaled_angular.z=0.000
[INFO] [1791450949.692950767] [serial_twistctl_node]: [SERIAL_TX] Timestamp: 1791450949692941375, Sending command (1/1): vcx=0.000,wc=0.000
 [19 bytes written]
[INFO] [1791450949.742977643] [serial_twistctl_node]: [TWIST_RX] Received Twist message - linear.x=0.000, angular.z=0.000, scaled_angular.z=0.000
[INFO] [1791450949.743018946] [serial_twistctl_node]: [SERIAL_TX] Timestamp: 1791450949743008791, Sending command (1/1): vcx=0.000,wc=0.000
 [19 bytes written]
[INFO] [1791450949.792980081] [serial_twistctl_node]: [TWIST_RX] Received Twist message - linear.x=0.000, angular.z=0.000, scaled_angular.z=0.000
[INFO] [1791450949.793026563] [serial_twistctl_node]: [SERIAL_TX] Timestamp: 1791450949793017583, Sending command (1/1): vcx=0.000,wc=0.000
 [19 bytes written]
[INFO] [1791450949.842916516] [serial_twistctl_node]: [TWIST_RX] Received Twist message - linear.x=0.000, angular.z=0.000, scaled_angular.z=0.000
[INFO] [1791450949.842965702] [serial_twistctl_node]: [SERIAL_TX] Timestamp: 1791450949842954644, Sending command (1/1): vcx=0.000,wc=0.000
 [19 bytes written]
[INFO] [1791450949.892922993] [serial_twistctl_node]: [TWIST_RX] Received Twist message - linear.x=0.000, angular.z=0.000, scaled_angular.z=0.000
[INFO] [1791450949.892995174] [serial_twistctl_node]: [SERIAL_TX] Timestamp: 1791450949892978752, Sending command (1/1): vcx=0.000,wc=0.000
 [19 bytes written]
[INFO] [1791450949.942786626] [serial_twistctl_node]: [TWIST_RX] Received Twist message - linear.x=0.000, angular.z=0.000, scaled_angular.z=0.000
[INFO] [1791450949.942845298] [serial_twistctl_node]: [SERIAL_TX] Timestamp: 1791450949942832713, Sending command (1/1): vcx=0.000,wc=0.000
 [19 bytes written]
[INFO] [1791450949.992787687] [serial_twistctl_node]: [TWIST_RX] Received Twist message - linear.x=0.000, angular.z=0.000, scaled_angular.z=0.000
[INFO] [1791450949.992849663] [serial_twistctl_node]: [SERIAL_TX] Timestamp: 1791450949992837406, Sending command (1/1): vcx=0.000,wc=0.000
 [19 bytes written]
[INFO] [1791450950.042701697] [serial_twistctl_node]: [TWIST_RX] Received Twist message - linear.x=0.000, angular.z=0.000, scaled_angular.z=0.000
[INFO] [1791450950.042747463] [serial_twistctl_node]: [SERIAL_TX] Timestamp: 1791450950042736831, Sending command (1/1): vcx=0.000,wc=0.000
 [19 bytes written]
[INFO] [1791450950.092849750] [serial_twistctl_node]: [TWIST_RX] Received Twist message - linear.x=0.000, angular.z=0.000, scaled_angular.z=0.000
[INFO] [1791450950.092904706] [serial_twistctl_node]: [SERIAL_TX] Timestamp: 1791450950092892677, Sending command (1/1): vcx=0.000,wc=0.000
 [19 bytes written]
[INFO] [1791450950.142807756] [serial_twistctl_node]: [TWIST_RX] Received Twist message - linear.x=0.000, angular.z=0.000, scaled_angular.z=0.000
[INFO] [1791450950.142864930] [serial_twistctl_node]: [SERIAL_TX] Timestamp: 1791450950142851674, Sending command (1/1): vcx=0.000,wc=0.000
 [19 bytes written]
[INFO] [1791450950.192808036] [serial_twistctl_node]: [TWIST_RX] Received Twist message - linear.x=0.000, angular.z=0.000, scaled_angular.z=0.000
[INFO] [1791450950.192865628] [serial_twistctl_node]: [SERIAL_TX] Timestamp: 1791450950192852987, Sending command (1/1): vcx=0.000,wc=0.000
 [19 bytes written]
[INFO] [1791450950.242815830] [serial_twistctl_node]: [TWIST_RX] Received Twist message - linear.x=0.000, angular.z=0.000, scaled_angular.z=0.000
[INFO] [1791450950.242874459] [serial_twistctl_node]: [SERIAL_TX] Timestamp: 1791450950242860537, Sending command (1/1): vcx=0.000,wc=0.000
 [19 bytes written]
[INFO] [1791450950.292777332] [serial_twistctl_node]: [TWIST_RX] Received Twist message - linear.x=0.000, angular.z=0.000, scaled_angular.z=0.000
[INFO] [1791450950.292835931] [serial_twistctl_node]: [SERIAL_TX] Timestamp: 1791450950292821700, Sending command (1/1): vcx=0.000,wc=0.000
 [19 bytes written]
[INFO] [1791450950.342835482] [serial_twistctl_node]: [TWIST_RX] Received Twist message - linear.x=0.000, angular.z=0.000, scaled_angular.z=0.000
[INFO] [1791450950.342892800] [serial_twistctl_node]: [SERIAL_TX] Timestamp: 1791450950342878529, Sending command (1/1): vcx=0.000,wc=0.000
 [19 bytes written]
[INFO] [1791450950.392992909] [serial_twistctl_node]: [TWIST_RX] Received Twist message - linear.x=0.000, angular.z=0.000, scaled_angular.z=0.000
[INFO] [1791450950.393056962] [serial_twistctl_node]: [SERIAL_TX] Timestamp: 1791450950393042857, Sending command (1/1): vcx=0.000,wc=0.000
 [19 bytes written]
[INFO] [1791450950.442893686] [serial_twistctl_node]: [TWIST_RX] Received Twist message - linear.x=0.000, angular.z=0.000, scaled_angular.z=0.000
[INFO] [1791450950.442956452] [serial_twistctl_node]: [SERIAL_TX] Timestamp: 1791450950442942180, Sending command (1/1): vcx=0.000,wc=0.000
 [19 bytes written]
[INFO] [1791450950.493086704] [serial_twistctl_node]: [TWIST_RX] Received Twist message - linear.x=0.000, angular.z=0.000, scaled_angular.z=0.000
[INFO] [1791450950.493142869] [serial_twistctl_node]: [SERIAL_TX] Timestamp: 1791450950493129639, Sending command (1/1): vcx=0.000,wc=0.000
 [19 bytes written]
[INFO] [1791450950.542747521] [serial_twistctl_node]: [TWIST_RX] Received Twist message - linear.x=0.000, angular.z=0.000, scaled_angular.z=0.000
[INFO] [1791450950.542823533] [serial_twistctl_node]: [SERIAL_TX] Timestamp: 1791450950542810375, Sending command (1/1): vcx=0.000,wc=0.000
 [19 bytes written]
[INFO] [1791450950.592876450] [serial_twistctl_node]: [TWIST_RX] Received Twist message - linear.x=0.000, angular.z=0.000, scaled_angular.z=0.000
[INFO] [1791450950.592926766] [serial_twistctl_node]: [SERIAL_TX] Timestamp: 1791450950592915437, Sending command (1/1): vcx=0.000,wc=0.000
 [19 bytes written]
[INFO] [1791450950.642890820] [serial_twistctl_node]: [TWIST_RX] Received Twist message - linear.x=0.000, angular.z=0.000, scaled_angular.z=0.000
[INFO] [1791450950.642946315] [serial_twistctl_node]: [SERIAL_TX] Timestamp: 1791450950642933688, Sending command (1/1): vcx=0.000,wc=0.000
 [19 bytes written]
[INFO] [1791450950.692856441] [serial_twistctl_node]: [TWIST_RX] Received Twist message - linear.x=0.000, angular.z=0.000, scaled_angular.z=0.000
[INFO] [1791450950.692910613] [serial_twistctl_node]: [SERIAL_TX] Timestamp: 1791450950692898212, Sending command (1/1): vcx=0.000,wc=0.000
 [19 bytes written]
[INFO] [1791450950.742847013] [serial_twistctl_node]: [TWIST_RX] Received Twist message - linear.x=0.000, angular.z=0.000, scaled_angular.z=0.000
[INFO] [1791450950.742901341] [serial_twistctl_node]: [SERIAL_TX] Timestamp: 1791450950742888842, Sending command (1/1): vcx=0.000,wc=0.000
 [19 bytes written]
[INFO] [1791450950.792851932] [serial_twistctl_node]: [TWIST_RX] Received Twist message - linear.x=0.000, angular.z=0.000, scaled_angular.z=0.000
[INFO] [1791450950.792906531] [serial_twistctl_node]: [SERIAL_TX] Timestamp: 1791450950792894995, Sending command (1/1): vcx=0.000,wc=0.000
 [19 bytes written]
[INFO] [1791450950.842809058] [serial_twistctl_node]: [TWIST_RX] Received Twist message - linear.x=0.000, angular.z=0.000, scaled_angular.z=0.000
[INFO] [1791450950.842865020] [serial_twistctl_node]: [SERIAL_TX] Timestamp: 1791450950842853064, Sending command (1/1): vcx=0.000,wc=0.000
 [19 bytes written]
[INFO] [1791450950.892772111] [serial_twistctl_node]: [TWIST_RX] Received Twist message - linear.x=0.000, angular.z=0.000, scaled_angular.z=0.000
[INFO] [1791450950.892835510] [serial_twistctl_node]: [SERIAL_TX] Timestamp: 1791450950892823119, Sending command (1/1): vcx=0.000,wc=0.000
 [19 bytes written]
[INFO] [1791450950.942718597] [serial_twistctl_node]: [TWIST_RX] Received Twist message - linear.x=0.000, angular.z=0.000, scaled_angular.z=0.000
[INFO] [1791450950.942771472] [serial_twistctl_node]: [SERIAL_TX] Timestamp: 1791450950942760423, Sending command (1/1): vcx=0.000,wc=0.000
 [19 bytes written]
[INFO] [1791450950.992834654] [serial_twistctl_node]: [TWIST_RX] Received Twist message - linear.x=0.000, angular.z=0.000, scaled_angular.z=0.000
[INFO] [1791450950.992887110] [serial_twistctl_node]: [SERIAL_TX] Timestamp: 1791450950992875368, Sending command (1/1): vcx=0.000,wc=0.000
 [19 bytes written]
[INFO] [1791450951.042743011] [serial_twistctl_node]: [TWIST_RX] Received Twist message - linear.x=0.000, angular.z=0.000, scaled_angular.z=0.000
[INFO] [1791450951.042797858] [serial_twistctl_node]: [SERIAL_TX] Timestamp: 1791450951042786297, Sending command (1/1): vcx=0.000,wc=0.000
 [19 bytes written]
[INFO] [1791450951.092835871] [serial_twistctl_node]: [TWIST_RX] Received Twist message - linear.x=0.000, angular.z=0.000, scaled_angular.z=0.000
[INFO] [1791450951.092890478] [serial_twistctl_node]: [SERIAL_TX] Timestamp: 1791450951092878525, Sending command (1/1): vcx=0.000,wc=0.000
 [19 bytes written]
[INFO] [1791450951.142838434] [serial_twistctl_node]: [TWIST_RX] Received Twist message - linear.x=0.000, angular.z=0.000, scaled_angular.z=0.000
[INFO] [1791450951.142887806] [serial_twistctl_node]: [SERIAL_TX] Timestamp: 1791450951142876336, Sending command (1/1): vcx=0.000,wc=0.000
 [19 bytes written]
[INFO] [1791450951.192949441] [serial_twistctl_node]: [TWIST_RX] Received Twist message - linear.x=0.000, angular.z=0.000, scaled_angular.z=0.000
[INFO] [1791450951.192999853] [serial_twistctl_node]: [SERIAL_TX] Timestamp: 1791450951192990051, Sending command (1/1): vcx=0.000,wc=0.000
 [19 bytes written]
[INFO] [1791450951.242754309] [serial_twistctl_node]: [TWIST_RX] Received Twist message - linear.x=0.000, angular.z=0.000, scaled_angular.z=0.000
[INFO] [1791450951.242803990] [serial_twistctl_node]: [SERIAL_TX] Timestamp: 1791450951242795017, Sending command (1/1): vcx=0.000,wc=0.000
 [19 bytes written]
[INFO] [1791450951.293063956] [serial_twistctl_node]: [TWIST_RX] Received Twist message - linear.x=0.000, angular.z=0.000, scaled_angular.z=0.000
[INFO] [1791450951.293106475] [serial_twistctl_node]: [SERIAL_TX] Timestamp: 1791450951293096972, Sending command (1/1): vcx=0.000,wc=0.000
 [19 bytes written]
[INFO] [1791450951.343032219] [serial_twistctl_node]: [TWIST_RX] Received Twist message - linear.x=0.000, angular.z=0.000, scaled_angular.z=0.000
[INFO] [1791450951.343077831] [serial_twistctl_node]: [SERIAL_TX] Timestamp: 1791450951343069111, Sending command (1/1): vcx=0.000,wc=0.000
 [19 bytes written]
[INFO] [1791450951.393104109] [serial_twistctl_node]: [TWIST_RX] Received Twist message - linear.x=0.000, angular.z=0.000, scaled_angular.z=0.000
[INFO] [1791450951.393157748] [serial_twistctl_node]: [SERIAL_TX] Timestamp: 1791450951393147779, Sending command (1/1): vcx=0.000,wc=0.000
 [19 bytes written]
[INFO] [1791450951.442735230] [serial_twistctl_node]: [TWIST_RX] Received Twist message - linear.x=0.000, angular.z=0.000, scaled_angular.z=0.000
[INFO] [1791450951.442777694] [serial_twistctl_node]: [SERIAL_TX] Timestamp: 1791450951442767853, Sending command (1/1): vcx=0.000,wc=0.000
 [19 bytes written]
[INFO] [1791450951.492808982] [serial_twistctl_node]: [TWIST_RX] Received Twist message - linear.x=0.000, angular.z=0.000, scaled_angular.z=0.000
[INFO] [1791450951.492865337] [serial_twistctl_node]: [SERIAL_TX] Timestamp: 1791450951492855381, Sending command (1/1): vcx=0.000,wc=0.000
 [19 bytes written]
[INFO] [1791450951.542916851] [serial_twistctl_node]: [TWIST_RX] Received Twist message - linear.x=0.000, angular.z=0.000, scaled_angular.z=0.000
[INFO] [1791450951.542960157] [serial_twistctl_node]: [SERIAL_TX] Timestamp: 1791450951542950546, Sending command (1/1): vcx=0.000,wc=0.000
 [19 bytes written]
[INFO] [1791450951.592861941] [serial_twistctl_node]: [TWIST_RX] Received Twist message - linear.x=0.000, angular.z=0.000, scaled_angular.z=0.000
[INFO] [1791450951.592903355] [serial_twistctl_node]: [SERIAL_TX] Timestamp: 1791450951592894142, Sending command (1/1): vcx=0.000,wc=0.000
 [19 bytes written]
[INFO] [1791450951.642853645] [serial_twistctl_node]: [TWIST_RX] Received Twist message - linear.x=0.000, angular.z=0.000, scaled_angular.z=0.000
[INFO] [1791450951.642892855] [serial_twistctl_node]: [SERIAL_TX] Timestamp: 1791450951642884515, Sending command (1/1): vcx=0.000,wc=0.000
 [19 bytes written]
[INFO] [1791450951.692721025] [serial_twistctl_node]: [TWIST_RX] Received Twist message - linear.x=0.000, angular.z=0.000, scaled_angular.z=0.000
[INFO] [1791450951.692774617] [serial_twistctl_node]: [SERIAL_TX] Timestamp: 1791450951692764813, Sending command (1/1): vcx=0.000,wc=0.000
 [19 bytes written]
[INFO] [1791450951.742845891] [serial_twistctl_node]: [TWIST_RX] Received Twist message - linear.x=0.000, angular.z=0.000, scaled_angular.z=0.000
[INFO] [1791450951.742886217] [serial_twistctl_node]: [SERIAL_TX] Timestamp: 1791450951742877209, Sending command (1/1): vcx=0.000,wc=0.000
 [19 bytes written]
[INFO] [1791450951.792940738] [serial_twistctl_node]: [TWIST_RX] Received Twist message - linear.x=0.000, angular.z=0.000, scaled_angular.z=0.000
[INFO] [1791450951.792981832] [serial_twistctl_node]: [SERIAL_TX] Timestamp: 1791450951792972533, Sending command (1/1): vcx=0.000,wc=0.000
 [19 bytes written]
[INFO] [1791450951.842877701] [serial_twistctl_node]: [TWIST_RX] Received Twist message - linear.x=0.000, angular.z=0.000, scaled_angular.z=0.000
[INFO] [1791450951.842919137] [serial_twistctl_node]: [SERIAL_TX] Timestamp: 1791450951842909848, Sending command (1/1): vcx=0.000,wc=0.000
 [19 bytes written]
[INFO] [1791450951.892906679] [serial_twistctl_node]: [TWIST_RX] Received Twist message - linear.x=0.000, angular.z=0.000, scaled_angular.z=0.000
[INFO] [1791450951.892954659] [serial_twistctl_node]: [SERIAL_TX] Timestamp: 1791450951892945563, Sending command (1/1): vcx=0.000,wc=0.000
 [19 bytes written]
[INFO] [1791450951.942866294] [serial_twistctl_node]: [TWIST_RX] Received Twist message - linear.x=0.000, angular.z=0.000, scaled_angular.z=0.000
[INFO] [1791450951.942904161] [serial_twistctl_node]: [SERIAL_TX] Timestamp: 1791450951942896048, Sending command (1/1): vcx=0.000,wc=0.000
 [19 bytes written]
[INFO] [1791450951.992920775] [serial_twistctl_node]: [TWIST_RX] Received Twist message - linear.x=0.000, angular.z=0.000, scaled_angular.z=0.000
[INFO] [1791450951.992976763] [serial_twistctl_node]: [SERIAL_TX] Timestamp: 1791450951992965116, Sending command (1/1): vcx=0.000,wc=0.000
 [19 bytes written]
[INFO] [1791450952.042974680] [serial_twistctl_node]: [TWIST_RX] Received Twist message - linear.x=0.000, angular.z=0.000, scaled_angular.z=0.000
[INFO] [1791450952.043035849] [serial_twistctl_node]: [SERIAL_TX] Timestamp: 1791450952043024309, Sending command (1/1): vcx=0.000,wc=0.000
 [19 bytes written]
[INFO] [1791450952.092914111] [serial_twistctl_node]: [TWIST_RX] Received Twist message - linear.x=0.000, angular.z=0.000, scaled_angular.z=0.000
[INFO] [1791450952.092973942] [serial_twistctl_node]: [SERIAL_TX] Timestamp: 1791450952092962258, Sending command (1/1): vcx=0.000,wc=0.000
 [19 bytes written]
[INFO] [1791450952.142969534] [serial_twistctl_node]: [TWIST_RX] Received Twist message - linear.x=0.000, angular.z=0.000, scaled_angular.z=0.000
[INFO] [1791450952.143022494] [serial_twistctl_node]: [SERIAL_TX] Timestamp: 1791450952143010583, Sending command (1/1): vcx=0.000,wc=0.000
 [19 bytes written]
[INFO] [1791450952.192919486] [serial_twistctl_node]: [TWIST_RX] Received Twist message - linear.x=0.000, angular.z=0.000, scaled_angular.z=0.000
[INFO] [1791450952.192974625] [serial_twistctl_node]: [SERIAL_TX] Timestamp: 1791450952192961010, Sending command (1/1): vcx=0.000,wc=0.000
 [19 bytes written]
[INFO] [1791450952.242875128] [serial_twistctl_node]: [TWIST_RX] Received Twist message - linear.x=0.000, angular.z=0.000, scaled_angular.z=0.000
[INFO] [1791450952.242930386] [serial_twistctl_node]: [SERIAL_TX] Timestamp: 1791450952242918169, Sending command (1/1): vcx=0.000,wc=0.000
 [19 bytes written]
[INFO] [1791450952.292917127] [serial_twistctl_node]: [TWIST_RX] Received Twist message - linear.x=0.000, angular.z=0.000, scaled_angular.z=0.000
[INFO] [1791450952.332821218] [serial_twistctl_node]: [SERIAL_TX] Timestamp: 1791450952332806864, Sending command (1/1): vcx=0.000,wc=0.000
 [19 bytes written]
[INFO] [1791450952.342880557] [serial_twistctl_node]: [TWIST_RX] Received Twist message - linear.x=0.000, angular.z=0.000, scaled_angular.z=0.000
[INFO] [1791450952.342926372] [serial_twistctl_node]: [SERIAL_TX] Timestamp: 1791450952342916475, Sending command (1/1): vcx=0.000,wc=0.000
 [19 bytes written]
[INFO] [1791450952.392999592] [serial_twistctl_node]: [TWIST_RX] Received Twist message - linear.x=0.000, angular.z=0.000, scaled_angular.z=0.000
[INFO] [1791450952.393042074] [serial_twistctl_node]: [SERIAL_TX] Timestamp: 1791450952393031459, Sending command (1/1): vcx=0.000,wc=0.000
 [19 bytes written]
[INFO] [1791450952.442929263] [serial_twistctl_node]: [TWIST_RX] Received Twist message - linear.x=0.000, angular.z=0.000, scaled_angular.z=0.000
[INFO] [1791450952.442970338] [serial_twistctl_node]: [SERIAL_TX] Timestamp: 1791450952442960205, Sending command (1/1): vcx=0.000,wc=0.000
 [19 bytes written]
[INFO] [1791450952.492944257] [serial_twistctl_node]: [TWIST_RX] Received Twist message - linear.x=0.000, angular.z=0.000, scaled_angular.z=0.000
[INFO] [1791450952.492995793] [serial_twistctl_node]: [SERIAL_TX] Timestamp: 1791450952492982612, Sending command (1/1): vcx=0.000,wc=0.000
 [19 bytes written]
[INFO] [1791450952.542763802] [serial_twistctl_node]: [TWIST_RX] Received Twist message - linear.x=0.000, angular.z=0.000, scaled_angular.z=0.000
[INFO] [1791450952.542847488] [serial_twistctl_node]: [SERIAL_TX] Timestamp: 1791450952542835802, Sending command (1/1): vcx=0.000,wc=0.000
 [19 bytes written]
[INFO] [1791450952.592726967] [serial_twistctl_node]: [TWIST_RX] Received Twist message - linear.x=0.000, angular.z=0.000, scaled_angular.z=0.000
[INFO] [1791450952.592768958] [serial_twistctl_node]: [SERIAL_TX] Timestamp: 1791450952592759312, Sending command (1/1): vcx=0.000,wc=0.000
 [19 bytes written]
[INFO] [1791450952.642881552] [serial_twistctl_node]: [TWIST_RX] Received Twist message - linear.x=0.000, angular.z=0.000, scaled_angular.z=0.000
[INFO] [1791450952.642920404] [serial_twistctl_node]: [SERIAL_TX] Timestamp: 1791450952642911689, Sending command (1/1): vcx=0.000,wc=0.000
 [19 bytes written]
[INFO] [1791450952.692786221] [serial_twistctl_node]: [TWIST_RX] Received Twist message - linear.x=0.000, angular.z=0.000, scaled_angular.z=0.000
[INFO] [1791450952.692828046] [serial_twistctl_node]: [SERIAL_TX] Timestamp: 1791450952692817467, Sending command (1/1): vcx=0.000,wc=0.000
 [19 bytes written]
[INFO] [1791450952.742869091] [serial_twistctl_node]: [TWIST_RX] Received Twist message - linear.x=0.000, angular.z=0.000, scaled_angular.z=0.000
[INFO] [1791450952.742911528] [serial_twistctl_node]: [SERIAL_TX] Timestamp: 1791450952742902289, Sending command (1/1): vcx=0.000,wc=0.000
 [19 bytes written]
[INFO] [1791450952.792789081] [serial_twistctl_node]: [TWIST_RX] Received Twist message - linear.x=0.000, angular.z=0.000, scaled_angular.z=0.000
[INFO] [1791450952.792831413] [serial_twistctl_node]: [SERIAL_TX] Timestamp: 1791450952792820540, Sending command (1/1): vcx=0.000,wc=0.000
 [19 bytes written]
[INFO] [1791450952.842910212] [serial_twistctl_node]: [TWIST_RX] Received Twist message - linear.x=0.000, angular.z=0.000, scaled_angular.z=0.000
[INFO] [1791450952.842951947] [serial_twistctl_node]: [SERIAL_TX] Timestamp: 1791450952842941371, Sending command (1/1): vcx=0.000,wc=0.000
 [19 bytes written]
[INFO] [1791450952.892804892] [serial_twistctl_node]: [TWIST_RX] Received Twist message - linear.x=0.000, angular.z=0.000, scaled_angular.z=0.000
[INFO] [1791450952.892847935] [serial_twistctl_node]: [SERIAL_TX] Timestamp: 1791450952892837700, Sending command (1/1): vcx=0.000,wc=0.000
 [19 bytes written]
[INFO] [1791450952.942713467] [serial_twistctl_node]: [TWIST_RX] Received Twist message - linear.x=0.000, angular.z=0.000, scaled_angular.z=0.000
[INFO] [1791450952.942751304] [serial_twistctl_node]: [SERIAL_TX] Timestamp: 1791450952942742694, Sending command (1/1): vcx=0.000,wc=0.000
 [19 bytes written]
[INFO] [1791450952.992857418] [serial_twistctl_node]: [TWIST_RX] Received Twist message - linear.x=0.021, angular.z=0.000, scaled_angular.z=0.000
[INFO] [1791450952.992898756] [serial_twistctl_node]: [SERIAL_TX] Timestamp: 1791450952992888813, Sending command (1/1): vcx=0.021,wc=0.000
 [19 bytes written]
[INFO] [1791450953.042738254] [serial_twistctl_node]: [TWIST_RX] Received Twist message - linear.x=0.042, angular.z=0.000, scaled_angular.z=0.000
[INFO] [1791450953.042779314] [serial_twistctl_node]: [SERIAL_TX] Timestamp: 1791450953042770535, Sending command (1/1): vcx=0.042,wc=0.000
 [19 bytes written]
[INFO] [1791450953.092824034] [serial_twistctl_node]: [TWIST_RX] Received Twist message - linear.x=0.064, angular.z=0.000, scaled_angular.z=0.000
[INFO] [1791450953.092864728] [serial_twistctl_node]: [SERIAL_TX] Timestamp: 1791450953092856085, Sending command (1/1): vcx=0.064,wc=0.000
 [19 bytes written]
[INFO] [1791450953.142760275] [serial_twistctl_node]: [TWIST_RX] Received Twist message - linear.x=0.085, angular.z=0.000, scaled_angular.z=0.000
[INFO] [1791450953.142799653] [serial_twistctl_node]: [SERIAL_TX] Timestamp: 1791450953142790270, Sending command (1/1): vcx=0.085,wc=0.000
 [19 bytes written]
[INFO] [1791450953.192796761] [serial_twistctl_node]: [TWIST_RX] Received Twist message - linear.x=0.106, angular.z=0.000, scaled_angular.z=0.000
[INFO] [1791450953.192844904] [serial_twistctl_node]: [SERIAL_TX] Timestamp: 1791450953192830717, Sending command (1/1): vcx=0.106,wc=0.000
 [19 bytes written]
[INFO] [1791450953.242813933] [serial_twistctl_node]: [TWIST_RX] Received Twist message - linear.x=0.127, angular.z=0.000, scaled_angular.z=0.000
[INFO] [1791450953.242856366] [serial_twistctl_node]: [SERIAL_TX] Timestamp: 1791450953242845568, Sending command (1/1): vcx=0.127,wc=0.000
 [19 bytes written]
[INFO] [1791450953.292948828] [serial_twistctl_node]: [TWIST_RX] Received Twist message - linear.x=0.149, angular.z=0.000, scaled_angular.z=0.000
[INFO] [1791450953.292989496] [serial_twistctl_node]: [SERIAL_TX] Timestamp: 1791450953292979666, Sending command (1/1): vcx=0.149,wc=0.000
 [19 bytes written]
[INFO] [1791450953.342858677] [serial_twistctl_node]: [TWIST_RX] Received Twist message - linear.x=0.170, angular.z=0.000, scaled_angular.z=0.000
[INFO] [1791450953.342911500] [serial_twistctl_node]: [SERIAL_TX] Timestamp: 1791450953342899867, Sending command (1/1): vcx=0.170,wc=0.000
 [19 bytes written]
[INFO] [1791450953.392801624] [serial_twistctl_node]: [TWIST_RX] Received Twist message - linear.x=0.191, angular.z=0.000, scaled_angular.z=0.000
[INFO] [1791450953.392849566] [serial_twistctl_node]: [SERIAL_TX] Timestamp: 1791450953392838959, Sending command (1/1): vcx=0.191,wc=0.000
 [19 bytes written]
[INFO] [1791450953.442788338] [serial_twistctl_node]: [TWIST_RX] Received Twist message - linear.x=0.213, angular.z=0.000, scaled_angular.z=0.000
[INFO] [1791450953.442823622] [serial_twistctl_node]: [SERIAL_TX] Timestamp: 1791450953442815195, Sending command (1/1): vcx=0.213,wc=0.000
 [19 bytes written]
[INFO] [1791450953.492803432] [serial_twistctl_node]: [TWIST_RX] Received Twist message - linear.x=0.219, angular.z=0.000, scaled_angular.z=0.000
[INFO] [1791450953.492858470] [serial_twistctl_node]: [SERIAL_TX] Timestamp: 1791450953492845539, Sending command (1/1): vcx=0.219,wc=0.000
 [19 bytes written]
[INFO] [1791450953.542823148] [serial_twistctl_node]: [TWIST_RX] Received Twist message - linear.x=0.217, angular.z=0.000, scaled_angular.z=0.000
[INFO] [1791450953.542880629] [serial_twistctl_node]: [SERIAL_TX] Timestamp: 1791450953542867900, Sending command (1/1): vcx=0.217,wc=0.000
 [19 bytes written]
[INFO] [1791450953.592660765] [serial_twistctl_node]: [TWIST_RX] Received Twist message - linear.x=0.219, angular.z=0.000, scaled_angular.z=0.000
[INFO] [1791450953.592726466] [serial_twistctl_node]: [SERIAL_TX] Timestamp: 1791450953592711710, Sending command (1/1): vcx=0.219,wc=0.000
 [19 bytes written]
[INFO] [1791450953.642807218] [serial_twistctl_node]: [TWIST_RX] Received Twist message - linear.x=0.221, angular.z=0.000, scaled_angular.z=0.000
[INFO] [1791450953.642864822] [serial_twistctl_node]: [SERIAL_TX] Timestamp: 1791450953642852514, Sending command (1/1): vcx=0.221,wc=0.000
 [19 bytes written]
[INFO] [1791450953.692843300] [serial_twistctl_node]: [TWIST_RX] Received Twist message - linear.x=0.219, angular.z=0.000, scaled_angular.z=0.000
[INFO] [1791450953.692899875] [serial_twistctl_node]: [SERIAL_TX] Timestamp: 1791450953692887210, Sending command (1/1): vcx=0.219,wc=0.000
 [19 bytes written]
[INFO] [1791450953.742947401] [serial_twistctl_node]: [TWIST_RX] Received Twist message - linear.x=0.221, angular.z=0.000, scaled_angular.z=0.000
[INFO] [1791450953.743005415] [serial_twistctl_node]: [SERIAL_TX] Timestamp: 1791450953742992589, Sending command (1/1): vcx=0.221,wc=0.000
 [19 bytes written]
[INFO] [1791450953.792901775] [serial_twistctl_node]: [TWIST_RX] Received Twist message - linear.x=0.218, angular.z=0.000, scaled_angular.z=0.000
[INFO] [1791450953.792962182] [serial_twistctl_node]: [SERIAL_TX] Timestamp: 1791450953792949827, Sending command (1/1): vcx=0.218,wc=0.000
 [19 bytes written]
[INFO] [1791450953.842871584] [serial_twistctl_node]: [TWIST_RX] Received Twist message - linear.x=0.220, angular.z=0.000, scaled_angular.z=0.000
[INFO] [1791450953.842926223] [serial_twistctl_node]: [SERIAL_TX] Timestamp: 1791450953842914753, Sending command (1/1): vcx=0.220,wc=0.000
 [19 bytes written]
[INFO] [1791450953.892881712] [serial_twistctl_node]: [TWIST_RX] Received Twist message - linear.x=0.217, angular.z=0.000, scaled_angular.z=0.000
[INFO] [1791450953.892960910] [serial_twistctl_node]: [SERIAL_TX] Timestamp: 1791450953892948730, Sending command (1/1): vcx=0.217,wc=0.000
 [19 bytes written]
[INFO] [1791450953.942777784] [serial_twistctl_node]: [TWIST_RX] Received Twist message - linear.x=0.219, angular.z=0.000, scaled_angular.z=0.000
[INFO] [1791450953.942833638] [serial_twistctl_node]: [SERIAL_TX] Timestamp: 1791450953942822351, Sending command (1/1): vcx=0.219,wc=0.000
 [19 bytes written]
[INFO] [1791450953.992842452] [serial_twistctl_node]: [TWIST_RX] Received Twist message - linear.x=0.217, angular.z=0.000, scaled_angular.z=0.000
[INFO] [1791450953.992898470] [serial_twistctl_node]: [SERIAL_TX] Timestamp: 1791450953992886759, Sending command (1/1): vcx=0.217,wc=0.000
 [19 bytes written]
[INFO] [1791450954.042747086] [serial_twistctl_node]: [TWIST_RX] Received Twist message - linear.x=0.219, angular.z=0.000, scaled_angular.z=0.000
[INFO] [1791450954.042807380] [serial_twistctl_node]: [SERIAL_TX] Timestamp: 1791450954042794552, Sending command (1/1): vcx=0.219,wc=0.000
 [19 bytes written]
[INFO] [1791450954.093019406] [serial_twistctl_node]: [TWIST_RX] Received Twist message - linear.x=0.221, angular.z=0.000, scaled_angular.z=0.000
[INFO] [1791450954.093081232] [serial_twistctl_node]: [SERIAL_TX] Timestamp: 1791450954093069440, Sending command (1/1): vcx=0.221,wc=0.000
 [19 bytes written]
[INFO] [1791450954.142969405] [serial_twistctl_node]: [TWIST_RX] Received Twist message - linear.x=0.219, angular.z=0.000, scaled_angular.z=0.000
[INFO] [1791450954.143025067] [serial_twistctl_node]: [SERIAL_TX] Timestamp: 1791450954143013300, Sending command (1/1): vcx=0.219,wc=0.000
 [19 bytes written]
[INFO] [1791450954.192831300] [serial_twistctl_node]: [TWIST_RX] Received Twist message - linear.x=0.221, angular.z=0.000, scaled_angular.z=0.000
[INFO] [1791450954.192890548] [serial_twistctl_node]: [SERIAL_TX] Timestamp: 1791450954192877665, Sending command (1/1): vcx=0.221,wc=0.000
 [19 bytes written]
[INFO] [1791450954.243180505] [serial_twistctl_node]: [TWIST_RX] Received Twist message - linear.x=0.218, angular.z=0.000, scaled_angular.z=0.000
[INFO] [1791450954.243238872] [serial_twistctl_node]: [SERIAL_TX] Timestamp: 1791450954243224049, Sending command (1/1): vcx=0.218,wc=0.000
 [19 bytes written]
[INFO] [1791450954.292895620] [serial_twistctl_node]: [TWIST_RX] Received Twist message - linear.x=0.220, angular.z=0.000, scaled_angular.z=0.000
[INFO] [1791450954.292951242] [serial_twistctl_node]: [SERIAL_TX] Timestamp: 1791450954292939480, Sending command (1/1): vcx=0.220,wc=0.000
 [19 bytes written]
[INFO] [1791450954.343026513] [serial_twistctl_node]: [TWIST_RX] Received Twist message - linear.x=0.218, angular.z=0.000, scaled_angular.z=0.000
[INFO] [1791450954.343086979] [serial_twistctl_node]: [SERIAL_TX] Timestamp: 1791450954343074728, Sending command (1/1): vcx=0.218,wc=0.000
 [19 bytes written]
[INFO] [1791450954.392823543] [serial_twistctl_node]: [TWIST_RX] Received Twist message - linear.x=0.220, angular.z=0.000, scaled_angular.z=0.000
[INFO] [1791450954.392873111] [serial_twistctl_node]: [SERIAL_TX] Timestamp: 1791450954392861423, Sending command (1/1): vcx=0.220,wc=0.000
 [19 bytes written]
[INFO] [1791450954.442999266] [serial_twistctl_node]: [TWIST_RX] Received Twist message - linear.x=0.000, angular.z=0.000, scaled_angular.z=0.000
[INFO] [1791450954.443054934] [serial_twistctl_node]: [SERIAL_TX] Timestamp: 1791450954443041967, Sending command (1/1): vcx=0.000,wc=0.000
 [19 bytes written]
[INFO] [1791450954.492750935] [serial_twistctl_node]: [TWIST_RX] Received Twist message - linear.x=0.000, angular.z=0.000, scaled_angular.z=0.000
[INFO] [1791450954.492807307] [serial_twistctl_node]: [SERIAL_TX] Timestamp: 1791450954492794042, Sending command (1/1): vcx=0.000,wc=0.000
 [19 bytes written]
[INFO] [1791450954.542882851] [serial_twistctl_node]: [TWIST_RX] Received Twist message - linear.x=0.000, angular.z=0.000, scaled_angular.z=0.000
[INFO] [1791450954.542947168] [serial_twistctl_node]: [SERIAL_TX] Timestamp: 1791450954542935603, Sending command (1/1): vcx=0.000,wc=0.000
 [19 bytes written]
[INFO] [1791450954.592864390] [serial_twistctl_node]: [TWIST_RX] Received Twist message - linear.x=0.000, angular.z=0.000, scaled_angular.z=0.000
[INFO] [1791450954.592920869] [serial_twistctl_node]: [SERIAL_TX] Timestamp: 1791450954592908750, Sending command (1/1): vcx=0.000,wc=0.000
 [19 bytes written]
[INFO] [1791450954.642801212] [serial_twistctl_node]: [TWIST_RX] Received Twist message - linear.x=0.000, angular.z=0.000, scaled_angular.z=0.000
[INFO] [1791450954.642856037] [serial_twistctl_node]: [SERIAL_TX] Timestamp: 1791450954642844321, Sending command (1/1): vcx=0.000,wc=0.000
 [19 bytes written]
[INFO] [1791450954.692752386] [serial_twistctl_node]: [TWIST_RX] Received Twist message - linear.x=0.000, angular.z=0.000, scaled_angular.z=0.000
[INFO] [1791450954.692784720] [serial_twistctl_node]: [SERIAL_TX] Timestamp: 1791450954692776156, Sending command (1/1): vcx=0.000,wc=0.000
 [19 bytes written]
[INFO] [1791450954.742848349] [serial_twistctl_node]: [TWIST_RX] Received Twist message - linear.x=0.000, angular.z=0.000, scaled_angular.z=0.000
[INFO] [1791450954.742892937] [serial_twistctl_node]: [SERIAL_TX] Timestamp: 1791450954742883772, Sending command (1/1): vcx=0.000,wc=0.000
 [19 bytes written]
[INFO] [1791450954.792943653] [serial_twistctl_node]: [TWIST_RX] Received Twist message - linear.x=0.000, angular.z=0.000, scaled_angular.z=0.000
[INFO] [1791450954.792975609] [serial_twistctl_node]: [SERIAL_TX] Timestamp: 1791450954792967550, Sending command (1/1): vcx=0.000,wc=0.000
 [19 bytes written]
[INFO] [1791450954.842954289] [serial_twistctl_node]: [TWIST_RX] Received Twist message - linear.x=0.000, angular.z=0.000, scaled_angular.z=0.000
[INFO] [1791450954.842986291] [serial_twistctl_node]: [SERIAL_TX] Timestamp: 1791450954842979054, Sending command (1/1): vcx=0.000,wc=0.000
 [19 bytes written]
[INFO] [1791450954.892795260] [serial_twistctl_node]: [TWIST_RX] Received Twist message - linear.x=0.000, angular.z=0.000, scaled_angular.z=0.000
[INFO] [1791450954.892824784] [serial_twistctl_node]: [SERIAL_TX] Timestamp: 1791450954892817289, Sending command (1/1): vcx=0.000,wc=0.000
 [19 bytes written]
[INFO] [1791450954.942792705] [serial_twistctl_node]: [TWIST_RX] Received Twist message - linear.x=0.000, angular.z=0.000, scaled_angular.z=0.000
[INFO] [1791450954.942824411] [serial_twistctl_node]: [SERIAL_TX] Timestamp: 1791450954942817681, Sending command (1/1): vcx=0.000,wc=0.000
 [19 bytes written]
[INFO] [1791450954.992793427] [serial_twistctl_node]: [TWIST_RX] Received Twist message - linear.x=0.000, angular.z=0.000, scaled_angular.z=0.000
[INFO] [1791450954.992824473] [serial_twistctl_node]: [SERIAL_TX] Timestamp: 1791450954992816727, Sending command (1/1): vcx=0.000,wc=0.000
 [19 bytes written]
[INFO] [1791450955.042797721] [serial_twistctl_node]: [TWIST_RX] Received Twist message - linear.x=0.000, angular.z=0.000, scaled_angular.z=0.000
[INFO] [1791450955.042831765] [serial_twistctl_node]: [SERIAL_TX] Timestamp: 1791450955042824103, Sending command (1/1): vcx=0.000,wc=0.000
 [19 bytes written]
[INFO] [1791450955.092778717] [serial_twistctl_node]: [TWIST_RX] Received Twist message - linear.x=0.000, angular.z=0.000, scaled_angular.z=0.000
[INFO] [1791450955.092816461] [serial_twistctl_node]: [SERIAL_TX] Timestamp: 1791450955092807644, Sending command (1/1): vcx=0.000,wc=0.000
 [19 bytes written]
[INFO] [1791450955.142807646] [serial_twistctl_node]: [TWIST_RX] Received Twist message - linear.x=0.000, angular.z=0.000, scaled_angular.z=0.000
[INFO] [1791450955.142855399] [serial_twistctl_node]: [SERIAL_TX] Timestamp: 1791450955142844861, Sending command (1/1): vcx=0.000,wc=0.000
 [19 bytes written]
[INFO] [1791450955.192813141] [serial_twistctl_node]: [TWIST_RX] Received Twist message - linear.x=0.000, angular.z=0.000, scaled_angular.z=0.000
[INFO] [1791450955.192869417] [serial_twistctl_node]: [SERIAL_TX] Timestamp: 1791450955192858258, Sending command (1/1): vcx=0.000,wc=0.000
 [19 bytes written]
[INFO] [1791450955.242925212] [serial_twistctl_node]: [TWIST_RX] Received Twist message - linear.x=0.000, angular.z=0.000, scaled_angular.z=0.000
[INFO] [1791450955.242991347] [serial_twistctl_node]: [SERIAL_TX] Timestamp: 1791450955242979446, Sending command (1/1): vcx=0.000,wc=0.000
 [19 bytes written]
[INFO] [1791450955.292818097] [serial_twistctl_node]: [TWIST_RX] Received Twist message - linear.x=0.000, angular.z=0.000, scaled_angular.z=0.000
[INFO] [1791450955.292873883] [serial_twistctl_node]: [SERIAL_TX] Timestamp: 1791450955292862815, Sending command (1/1): vcx=0.000,wc=0.000
 [19 bytes written]
[INFO] [1791450955.342816613] [serial_twistctl_node]: [TWIST_RX] Received Twist message - linear.x=0.000, angular.z=0.000, scaled_angular.z=0.000
[INFO] [1791450955.342872992] [serial_twistctl_node]: [SERIAL_TX] Timestamp: 1791450955342860633, Sending command (1/1): vcx=0.000,wc=0.000
 [19 bytes written]
[INFO] [1791450955.392939859] [serial_twistctl_node]: [TWIST_RX] Received Twist message - linear.x=0.000, angular.z=0.000, scaled_angular.z=0.000
[INFO] [1791450955.392992266] [serial_twistctl_node]: [SERIAL_TX] Timestamp: 1791450955392980495, Sending command (1/1): vcx=0.000,wc=0.000
 [19 bytes written]
[INFO] [1791450955.442983504] [serial_twistctl_node]: [TWIST_RX] Received Twist message - linear.x=0.000, angular.z=0.000, scaled_angular.z=0.000
[INFO] [1791450955.443021597] [serial_twistctl_node]: [SERIAL_TX] Timestamp: 1791450955443012537, Sending command (1/1): vcx=0.000,wc=0.000
 [19 bytes written]
[INFO] [1791450955.492886787] [serial_twistctl_node]: [TWIST_RX] Received Twist message - linear.x=0.000, angular.z=0.000, scaled_angular.z=0.000
[INFO] [1791450955.492939142] [serial_twistctl_node]: [SERIAL_TX] Timestamp: 1791450955492927161, Sending command (1/1): vcx=0.000,wc=0.000
 [19 bytes written]
[INFO] [1791450955.542863911] [serial_twistctl_node]: [TWIST_RX] Received Twist message - linear.x=0.000, angular.z=0.000, scaled_angular.z=0.000
[INFO] [1791450955.542924064] [serial_twistctl_node]: [SERIAL_TX] Timestamp: 1791450955542911409, Sending command (1/1): vcx=0.000,wc=0.000
 [19 bytes written]
[INFO] [1791450955.592687802] [serial_twistctl_node]: [TWIST_RX] Received Twist message - linear.x=0.000, angular.z=0.000, scaled_angular.z=0.000
[INFO] [1791450955.592744360] [serial_twistctl_node]: [SERIAL_TX] Timestamp: 1791450955592732170, Sending command (1/1): vcx=0.000,wc=0.000
 [19 bytes written]
[INFO] [1791450955.642746468] [serial_twistctl_node]: [TWIST_RX] Received Twist message - linear.x=0.000, angular.z=0.000, scaled_angular.z=0.000
[INFO] [1791450955.642800232] [serial_twistctl_node]: [SERIAL_TX] Timestamp: 1791450955642789446, Sending command (1/1): vcx=0.000,wc=0.000
 [19 bytes written]
[INFO] [1791450955.692732762] [serial_twistctl_node]: [TWIST_RX] Received Twist message - linear.x=0.000, angular.z=0.000, scaled_angular.z=0.000
[INFO] [1791450955.692763393] [serial_twistctl_node]: [SERIAL_TX] Timestamp: 1791450955692755396, Sending command (1/1): vcx=0.000,wc=0.000
 [19 bytes written]
[INFO] [1791450955.742734611] [serial_twistctl_node]: [TWIST_RX] Received Twist message - linear.x=0.000, angular.z=0.000, scaled_angular.z=0.000
[INFO] [1791450955.742767448] [serial_twistctl_node]: [SERIAL_TX] Timestamp: 1791450955742759674, Sending command (1/1): vcx=0.000,wc=0.000
 [19 bytes written]
[INFO] [1791450955.792900741] [serial_twistctl_node]: [TWIST_RX] Received Twist message - linear.x=0.000, angular.z=0.000, scaled_angular.z=0.000
[INFO] [1791450955.792953136] [serial_twistctl_node]: [SERIAL_TX] Timestamp: 1791450955792941341, Sending command (1/1): vcx=0.000,wc=0.000
 [19 bytes written]
[INFO] [1791450955.842849814] [serial_twistctl_node]: [TWIST_RX] Received Twist message - linear.x=0.000, angular.z=0.000, scaled_angular.z=0.000
[INFO] [1791450955.842905503] [serial_twistctl_node]: [SERIAL_TX] Timestamp: 1791450955842894246, Sending command (1/1): vcx=0.000,wc=0.000
 [19 bytes written]
[INFO] [1791450955.892773600] [serial_twistctl_node]: [TWIST_RX] Received Twist message - linear.x=0.000, angular.z=0.000, scaled_angular.z=0.000
[INFO] [1791450955.892833181] [serial_twistctl_node]: [SERIAL_TX] Timestamp: 1791450955892821992, Sending command (1/1): vcx=0.000,wc=0.000
 [19 bytes written]
[INFO] [1791450955.943067725] [serial_twistctl_node]: [TWIST_RX] Received Twist message - linear.x=0.000, angular.z=0.000, scaled_angular.z=0.000
[INFO] [1791450955.943146146] [serial_twistctl_node]: [SERIAL_TX] Timestamp: 1791450955943134953, Sending command (1/1): vcx=0.000,wc=0.000
 [19 bytes written]
[INFO] [1791450955.992848064] [serial_twistctl_node]: [TWIST_RX] Received Twist message - linear.x=0.000, angular.z=0.000, scaled_angular.z=0.000
[INFO] [1791450955.992896911] [serial_twistctl_node]: [SERIAL_TX] Timestamp: 1791450955992887821, Sending command (1/1): vcx=0.000,wc=0.000
 [19 bytes written]
[INFO] [1791450956.042674068] [serial_twistctl_node]: [TWIST_RX] Received Twist message - linear.x=0.000, angular.z=0.000, scaled_angular.z=0.000
[INFO] [1791450956.042717117] [serial_twistctl_node]: [SERIAL_TX] Timestamp: 1791450956042708444, Sending command (1/1): vcx=0.000,wc=0.000
 [19 bytes written]
[INFO] [1791450956.092906086] [serial_twistctl_node]: [TWIST_RX] Received Twist message - linear.x=0.000, angular.z=0.000, scaled_angular.z=0.000
[INFO] [1791450956.092955261] [serial_twistctl_node]: [SERIAL_TX] Timestamp: 1791450956092945357, Sending command (1/1): vcx=0.000,wc=0.000
 [19 bytes written]
[INFO] [1791450956.143009466] [serial_twistctl_node]: [TWIST_RX] Received Twist message - linear.x=0.000, angular.z=0.000, scaled_angular.z=0.000
[INFO] [1791450956.143056413] [serial_twistctl_node]: [SERIAL_TX] Timestamp: 1791450956143047040, Sending command (1/1): vcx=0.000,wc=0.000
 [19 bytes written]
[INFO] [1791450956.192914745] [serial_twistctl_node]: [TWIST_RX] Received Twist message - linear.x=0.000, angular.z=0.000, scaled_angular.z=0.000
[INFO] [1791450956.192955413] [serial_twistctl_node]: [SERIAL_TX] Timestamp: 1791450956192945950, Sending command (1/1): vcx=0.000,wc=0.000
 [19 bytes written]
[INFO] [1791450956.242947083] [serial_twistctl_node]: [TWIST_RX] Received Twist message - linear.x=0.000, angular.z=0.000, scaled_angular.z=0.000
[INFO] [1791450956.242992511] [serial_twistctl_node]: [SERIAL_TX] Timestamp: 1791450956242982194, Sending command (1/1): vcx=0.000,wc=0.000
 [19 bytes written]
[INFO] [1791450956.292913067] [serial_twistctl_node]: [TWIST_RX] Received Twist message - linear.x=0.000, angular.z=0.000, scaled_angular.z=0.000
[INFO] [1791450956.292954907] [serial_twistctl_node]: [SERIAL_TX] Timestamp: 1791450956292945265, Sending command (1/1): vcx=0.000,wc=0.000
 [19 bytes written]
[INFO] [1791450956.342888590] [serial_twistctl_node]: [TWIST_RX] Received Twist message - linear.x=0.000, angular.z=0.000, scaled_angular.z=0.000
[INFO] [1791450956.342934802] [serial_twistctl_node]: [SERIAL_TX] Timestamp: 1791450956342925890, Sending command (1/1): vcx=0.000,wc=0.000
 [19 bytes written]
[INFO] [1791450956.392879201] [serial_twistctl_node]: [TWIST_RX] Received Twist message - linear.x=0.000, angular.z=0.000, scaled_angular.z=0.000
[INFO] [1791450956.392924217] [serial_twistctl_node]: [SERIAL_TX] Timestamp: 1791450956392911203, Sending command (1/1): vcx=0.000,wc=0.000
 [19 bytes written]
[INFO] [1791450956.443007040] [serial_twistctl_node]: [TWIST_RX] Received Twist message - linear.x=0.000, angular.z=0.000, scaled_angular.z=0.000
[INFO] [1791450956.443047292] [serial_twistctl_node]: [SERIAL_TX] Timestamp: 1791450956443038349, Sending command (1/1): vcx=0.000,wc=0.000
 [19 bytes written]
[INFO] [1791450956.492979358] [serial_twistctl_node]: [TWIST_RX] Received Twist message - linear.x=0.000, angular.z=0.000, scaled_angular.z=0.000
[INFO] [1791450956.493024693] [serial_twistctl_node]: [SERIAL_TX] Timestamp: 1791450956493013985, Sending command (1/1): vcx=0.000,wc=0.000
 [19 bytes written]
[INFO] [1791450956.542918666] [serial_twistctl_node]: [TWIST_RX] Received Twist message - linear.x=0.000, angular.z=0.000, scaled_angular.z=0.000
[INFO] [1791450956.542960690] [serial_twistctl_node]: [SERIAL_TX] Timestamp: 1791450956542950849, Sending command (1/1): vcx=0.000,wc=0.000
 [19 bytes written]
[INFO] [1791450956.592872670] [serial_twistctl_node]: [TWIST_RX] Received Twist message - linear.x=0.000, angular.z=0.000, scaled_angular.z=0.000
[INFO] [1791450956.592914686] [serial_twistctl_node]: [SERIAL_TX] Timestamp: 1791450956592904542, Sending command (1/1): vcx=0.000,wc=0.000
 [19 bytes written]
[INFO] [1791450956.642894420] [serial_twistctl_node]: [TWIST_RX] Received Twist message - linear.x=0.000, angular.z=0.000, scaled_angular.z=0.000
[INFO] [1791450956.642934093] [serial_twistctl_node]: [SERIAL_TX] Timestamp: 1791450956642925168, Sending command (1/1): vcx=0.000,wc=0.000
 [19 bytes written]
[INFO] [1791450956.692821599] [serial_twistctl_node]: [TWIST_RX] Received Twist message - linear.x=0.000, angular.z=0.000, scaled_angular.z=0.000
[INFO] [1791450956.692859502] [serial_twistctl_node]: [SERIAL_TX] Timestamp: 1791450956692850850, Sending command (1/1): vcx=0.000,wc=0.000
 [19 bytes written]
[INFO] [1791450956.742871206] [serial_twistctl_node]: [TWIST_RX] Received Twist message - linear.x=0.000, angular.z=0.000, scaled_angular.z=0.000
[INFO] [1791450956.742912527] [serial_twistctl_node]: [SERIAL_TX] Timestamp: 1791450956742902491, Sending command (1/1): vcx=0.000,wc=0.000
 [19 bytes written]
[INFO] [1791450956.792927074] [serial_twistctl_node]: [TWIST_RX] Received Twist message - linear.x=0.000, angular.z=0.000, scaled_angular.z=0.000
[INFO] [1791450956.792969343] [serial_twistctl_node]: [SERIAL_TX] Timestamp: 1791450956792959905, Sending command (1/1): vcx=0.000,wc=0.000
 [19 bytes written]
[INFO] [1791450956.842921570] [serial_twistctl_node]: [TWIST_RX] Received Twist message - linear.x=0.000, angular.z=0.000, scaled_angular.z=0.000
[INFO] [1791450956.842973459] [serial_twistctl_node]: [SERIAL_TX] Timestamp: 1791450956842961287, Sending command (1/1): vcx=0.000,wc=0.000
 [19 bytes written]
[INFO] [1791450956.892789883] [serial_twistctl_node]: [TWIST_RX] Received Twist message - linear.x=0.000, angular.z=0.000, scaled_angular.z=0.000
[INFO] [1791450956.892831838] [serial_twistctl_node]: [SERIAL_TX] Timestamp: 1791450956892822104, Sending command (1/1): vcx=0.000,wc=0.000
 [19 bytes written]
[INFO] [1791450956.942919401] [serial_twistctl_node]: [TWIST_RX] Received Twist message - linear.x=0.000, angular.z=0.000, scaled_angular.z=0.000
[INFO] [1791450956.942958210] [serial_twistctl_node]: [SERIAL_TX] Timestamp: 1791450956942948875, Sending command (1/1): vcx=0.000,wc=0.000
 [19 bytes written]
[INFO] [1791450956.992938871] [serial_twistctl_node]: [TWIST_RX] Received Twist message - linear.x=0.000, angular.z=0.000, scaled_angular.z=0.000
[INFO] [1791450956.992978955] [serial_twistctl_node]: [SERIAL_TX] Timestamp: 1791450956992969538, Sending command (1/1): vcx=0.000,wc=0.000
 [19 bytes written]
[INFO] [1791450957.042863164] [serial_twistctl_node]: [TWIST_RX] Received Twist message - linear.x=0.000, angular.z=0.000, scaled_angular.z=0.000
[INFO] [1791450957.042912159] [serial_twistctl_node]: [SERIAL_TX] Timestamp: 1791450957042902741, Sending command (1/1): vcx=0.000,wc=0.000
 [19 bytes written]
[INFO] [1791450957.092930551] [serial_twistctl_node]: [TWIST_RX] Received Twist message - linear.x=0.000, angular.z=0.000, scaled_angular.z=0.000
[INFO] [1791450957.092972669] [serial_twistctl_node]: [SERIAL_TX] Timestamp: 1791450957092963229, Sending command (1/1): vcx=0.000,wc=0.000
 [19 bytes written]
[INFO] [1791450957.142921384] [serial_twistctl_node]: [TWIST_RX] Received Twist message - linear.x=0.000, angular.z=0.000, scaled_angular.z=0.000
[INFO] [1791450957.142971301] [serial_twistctl_node]: [SERIAL_TX] Timestamp: 1791450957142961584, Sending command (1/1): vcx=0.000,wc=0.000
 [19 bytes written]
[INFO] [1791450957.192948659] [serial_twistctl_node]: [TWIST_RX] Received Twist message - linear.x=0.000, angular.z=0.000, scaled_angular.z=0.000
[INFO] [1791450957.192988829] [serial_twistctl_node]: [SERIAL_TX] Timestamp: 1791450957192979150, Sending command (1/1): vcx=0.000,wc=0.000
 [19 bytes written]
[INFO] [1791450957.242956194] [serial_twistctl_node]: [TWIST_RX] Received Twist message - linear.x=0.000, angular.z=0.000, scaled_angular.z=0.000
[INFO] [1791450957.243005256] [serial_twistctl_node]: [SERIAL_TX] Timestamp: 1791450957242995122, Sending command (1/1): vcx=0.000,wc=0.000
 [19 bytes written]
[INFO] [1791450957.292914698] [serial_twistctl_node]: [TWIST_RX] Received Twist message - linear.x=0.021, angular.z=0.000, scaled_angular.z=0.000
[INFO] [1791450957.292956149] [serial_twistctl_node]: [SERIAL_TX] Timestamp: 1791450957292945695, Sending command (1/1): vcx=0.021,wc=0.000
 [19 bytes written]
[INFO] [1791450957.342995418] [serial_twistctl_node]: [TWIST_RX] Received Twist message - linear.x=0.042, angular.z=0.000, scaled_angular.z=0.000
[INFO] [1791450957.343044941] [serial_twistctl_node]: [SERIAL_TX] Timestamp: 1791450957343034890, Sending command (1/1): vcx=0.042,wc=0.000
 [19 bytes written]
[INFO] [1791450957.392847450] [serial_twistctl_node]: [TWIST_RX] Received Twist message - linear.x=0.064, angular.z=0.000, scaled_angular.z=0.000
[INFO] [1791450957.392891793] [serial_twistctl_node]: [SERIAL_TX] Timestamp: 1791450957392880597, Sending command (1/1): vcx=0.064,wc=0.000
 [19 bytes written]
[INFO] [1791450957.442786258] [serial_twistctl_node]: [TWIST_RX] Received Twist message - linear.x=0.085, angular.z=0.000, scaled_angular.z=0.000
[INFO] [1791450957.442829000] [serial_twistctl_node]: [SERIAL_TX] Timestamp: 1791450957442818241, Sending command (1/1): vcx=0.085,wc=0.000
 [19 bytes written]
[INFO] [1791450957.492803471] [serial_twistctl_node]: [TWIST_RX] Received Twist message - linear.x=0.106, angular.z=0.000, scaled_angular.z=0.000
[INFO] [1791450957.492842607] [serial_twistctl_node]: [SERIAL_TX] Timestamp: 1791450957492833317, Sending command (1/1): vcx=0.106,wc=0.000
 [19 bytes written]
[INFO] [1791450957.542876265] [serial_twistctl_node]: [TWIST_RX] Received Twist message - linear.x=0.128, angular.z=0.000, scaled_angular.z=0.000
[INFO] [1791450957.542920163] [serial_twistctl_node]: [SERIAL_TX] Timestamp: 1791450957542911253, Sending command (1/1): vcx=0.128,wc=0.000
 [19 bytes written]
[INFO] [1791450957.592830474] [serial_twistctl_node]: [TWIST_RX] Received Twist message - linear.x=0.149, angular.z=0.000, scaled_angular.z=0.000
[INFO] [1791450957.592874786] [serial_twistctl_node]: [SERIAL_TX] Timestamp: 1791450957592864161, Sending command (1/1): vcx=0.149,wc=0.000
 [19 bytes written]
[INFO] [1791450957.642758907] [serial_twistctl_node]: [TWIST_RX] Received Twist message - linear.x=0.170, angular.z=0.000, scaled_angular.z=0.000
[INFO] [1791450957.642800914] [serial_twistctl_node]: [SERIAL_TX] Timestamp: 1791450957642791432, Sending command (1/1): vcx=0.170,wc=0.000
 [19 bytes written]
[INFO] [1791450957.692827380] [serial_twistctl_node]: [TWIST_RX] Received Twist message - linear.x=0.191, angular.z=0.000, scaled_angular.z=0.000
[INFO] [1791450957.692878500] [serial_twistctl_node]: [SERIAL_TX] Timestamp: 1791450957692866635, Sending command (1/1): vcx=0.191,wc=0.000
 [19 bytes written]
[INFO] [1791450957.742948875] [serial_twistctl_node]: [TWIST_RX] Received Twist message - linear.x=0.213, angular.z=0.000, scaled_angular.z=0.000
[INFO] [1791450957.742988176] [serial_twistctl_node]: [SERIAL_TX] Timestamp: 1791450957742979641, Sending command (1/1): vcx=0.213,wc=0.000
 [19 bytes written]
[INFO] [1791450957.792838186] [serial_twistctl_node]: [TWIST_RX] Received Twist message - linear.x=0.221, angular.z=0.000, scaled_angular.z=0.000
[INFO] [1791450957.792880829] [serial_twistctl_node]: [SERIAL_TX] Timestamp: 1791450957792871454, Sending command (1/1): vcx=0.221,wc=0.000
 [19 bytes written]
[INFO] [1791450957.842797529] [serial_twistctl_node]: [TWIST_RX] Received Twist message - linear.x=0.218, angular.z=0.000, scaled_angular.z=0.000
[INFO] [1791450957.842845283] [serial_twistctl_node]: [SERIAL_TX] Timestamp: 1791450957842834644, Sending command (1/1): vcx=0.218,wc=0.000
 [19 bytes written]
[INFO] [1791450957.892771972] [serial_twistctl_node]: [TWIST_RX] Received Twist message - linear.x=0.220, angular.z=0.000, scaled_angular.z=0.000
[INFO] [1791450957.892820997] [serial_twistctl_node]: [SERIAL_TX] Timestamp: 1791450957892812416, Sending command (1/1): vcx=0.220,wc=0.000
 [19 bytes written]
[INFO] [1791450957.942855130] [serial_twistctl_node]: [TWIST_RX] Received Twist message - linear.x=0.218, angular.z=0.000, scaled_angular.z=0.000
[INFO] [1791450957.942900944] [serial_twistctl_node]: [SERIAL_TX] Timestamp: 1791450957942890832, Sending command (1/1): vcx=0.218,wc=0.000
 [19 bytes written]
[INFO] [1791450957.992941790] [serial_twistctl_node]: [TWIST_RX] Received Twist message - linear.x=0.220, angular.z=0.000, scaled_angular.z=0.000
[INFO] [1791450957.992981796] [serial_twistctl_node]: [SERIAL_TX] Timestamp: 1791450957992973810, Sending command (1/1): vcx=0.220,wc=0.000
 [19 bytes written]
[INFO] [1791450958.043166600] [serial_twistctl_node]: [TWIST_RX] Received Twist message - linear.x=0.217, angular.z=0.000, scaled_angular.z=0.000
[INFO] [1791450958.043206254] [serial_twistctl_node]: [SERIAL_TX] Timestamp: 1791450958043198294, Sending command (1/1): vcx=0.217,wc=0.000
 [19 bytes written]
[INFO] [1791450958.092884978] [serial_twistctl_node]: [TWIST_RX] Received Twist message - linear.x=0.219, angular.z=0.000, scaled_angular.z=0.000
[INFO] [1791450958.092935355] [serial_twistctl_node]: [SERIAL_TX] Timestamp: 1791450958092923894, Sending command (1/1): vcx=0.219,wc=0.000
 [19 bytes written]
[INFO] [1791450958.143205525] [serial_twistctl_node]: [TWIST_RX] Received Twist message - linear.x=0.221, angular.z=0.000, scaled_angular.z=0.000
[INFO] [1791450958.143254810] [serial_twistctl_node]: [SERIAL_TX] Timestamp: 1791450958143244505, Sending command (1/1): vcx=0.221,wc=0.000
 [19 bytes written]
[INFO] [1791450958.192900245] [serial_twistctl_node]: [TWIST_RX] Received Twist message - linear.x=0.219, angular.z=0.000, scaled_angular.z=0.000
[INFO] [1791450958.192948947] [serial_twistctl_node]: [SERIAL_TX] Timestamp: 1791450958192937310, Sending command (1/1): vcx=0.219,wc=0.000
 [19 bytes written]
[INFO] [1791450958.242903306] [serial_twistctl_node]: [TWIST_RX] Received Twist message - linear.x=0.220, angular.z=0.000, scaled_angular.z=0.000
[INFO] [1791450958.242944877] [serial_twistctl_node]: [SERIAL_TX] Timestamp: 1791450958242935124, Sending command (1/1): vcx=0.220,wc=0.000
 [19 bytes written]
[INFO] [1791450958.292921455] [serial_twistctl_node]: [TWIST_RX] Received Twist message - linear.x=0.218, angular.z=0.000, scaled_angular.z=0.000
[INFO] [1791450958.292971238] [serial_twistctl_node]: [SERIAL_TX] Timestamp: 1791450958292960449, Sending command (1/1): vcx=0.218,wc=0.000
 [19 bytes written]
[INFO] [1791450958.342948277] [serial_twistctl_node]: [TWIST_RX] Received Twist message - linear.x=0.220, angular.z=0.000, scaled_angular.z=0.000
[INFO] [1791450958.342996943] [serial_twistctl_node]: [SERIAL_TX] Timestamp: 1791450958342984714, Sending command (1/1): vcx=0.220,wc=0.000
 [19 bytes written]
[INFO] [1791450958.392895315] [serial_twistctl_node]: [TWIST_RX] Received Twist message - linear.x=0.217, angular.z=0.000, scaled_angular.z=0.000
[INFO] [1791450958.392934440] [serial_twistctl_node]: [SERIAL_TX] Timestamp: 1791450958392925504, Sending command (1/1): vcx=0.217,wc=0.000
 [19 bytes written]
[INFO] [1791450958.442881091] [serial_twistctl_node]: [TWIST_RX] Received Twist message - linear.x=0.219, angular.z=0.000, scaled_angular.z=0.000
[INFO] [1791450958.442920258] [serial_twistctl_node]: [SERIAL_TX] Timestamp: 1791450958442910796, Sending command (1/1): vcx=0.219,wc=0.000
 [19 bytes written]
[INFO] [1791450958.492860540] [serial_twistctl_node]: [TWIST_RX] Received Twist message - linear.x=0.216, angular.z=0.000, scaled_angular.z=0.000
[INFO] [1791450958.492911131] [serial_twistctl_node]: [SERIAL_TX] Timestamp: 1791450958492900107, Sending command (1/1): vcx=0.216,wc=0.000
 [19 bytes written]
[INFO] [1791450958.542993656] [serial_twistctl_node]: [TWIST_RX] Received Twist message - linear.x=0.219, angular.z=0.000, scaled_angular.z=0.000
[INFO] [1791450958.543039604] [serial_twistctl_node]: [SERIAL_TX] Timestamp: 1791450958543029626, Sending command (1/1): vcx=0.219,wc=0.000
 [19 bytes written]
[INFO] [1791450958.592957689] [serial_twistctl_node]: [TWIST_RX] Received Twist message - linear.x=0.221, angular.z=0.000, scaled_angular.z=0.000
[INFO] [1791450958.593007015] [serial_twistctl_node]: [SERIAL_TX] Timestamp: 1791450958592997300, Sending command (1/1): vcx=0.221,wc=0.000
 [19 bytes written]
[INFO] [1791450958.643072352] [serial_twistctl_node]: [TWIST_RX] Received Twist message - linear.x=0.219, angular.z=0.000, scaled_angular.z=0.000
[INFO] [1791450958.643118877] [serial_twistctl_node]: [SERIAL_TX] Timestamp: 1791450958643109168, Sending command (1/1): vcx=0.219,wc=0.000
 [19 bytes written]
[INFO] [1791450958.692920956] [serial_twistctl_node]: [TWIST_RX] Received Twist message - linear.x=0.221, angular.z=0.000, scaled_angular.z=0.000
[INFO] [1791450958.692962608] [serial_twistctl_node]: [SERIAL_TX] Timestamp: 1791450958692954061, Sending command (1/1): vcx=0.221,wc=0.000
 [19 bytes written]
[INFO] [1791450958.742823897] [serial_twistctl_node]: [TWIST_RX] Received Twist message - linear.x=0.218, angular.z=0.000, scaled_angular.z=0.000
[INFO] [1791450958.742867913] [serial_twistctl_node]: [SERIAL_TX] Timestamp: 1791450958742859243, Sending command (1/1): vcx=0.218,wc=0.000
 [19 bytes written]
[INFO] [1791450958.792962375] [serial_twistctl_node]: [TWIST_RX] Received Twist message - linear.x=0.000, angular.z=0.000, scaled_angular.z=0.000
[INFO] [1791450958.793008630] [serial_twistctl_node]: [SERIAL_TX] Timestamp: 1791450958792999013, Sending command (1/1): vcx=0.000,wc=0.000
 [19 bytes written]
[INFO] [1791450958.842987311] [serial_twistctl_node]: [TWIST_RX] Received Twist message - linear.x=0.000, angular.z=0.000, scaled_angular.z=0.000
[INFO] [1791450958.843026490] [serial_twistctl_node]: [SERIAL_TX] Timestamp: 1791450958843017856, Sending command (1/1): vcx=0.000,wc=0.000
 [19 bytes written]
[INFO] [1791450958.892676972] [serial_twistctl_node]: [TWIST_RX] Received Twist message - linear.x=0.000, angular.z=0.000, scaled_angular.z=0.000
[INFO] [1791450958.892721039] [serial_twistctl_node]: [SERIAL_TX] Timestamp: 1791450958892710170, Sending command (1/1): vcx=0.000,wc=0.000
 [19 bytes written]
[INFO] [1791450958.943166819] [serial_twistctl_node]: [TWIST_RX] Received Twist message - linear.x=0.000, angular.z=0.000, scaled_angular.z=0.000
[INFO] [1791450958.943211906] [serial_twistctl_node]: [SERIAL_TX] Timestamp: 1791450958943202332, Sending command (1/1): vcx=0.000,wc=0.000
 [19 bytes written]
[INFO] [1791450958.992918262] [serial_twistctl_node]: [TWIST_RX] Received Twist message - linear.x=0.000, angular.z=0.000, scaled_angular.z=0.000
[INFO] [1791450958.992957739] [serial_twistctl_node]: [SERIAL_TX] Timestamp: 1791450958992948937, Sending command (1/1): vcx=0.000,wc=0.000
 [19 bytes written]
[INFO] [1791450959.042867685] [serial_twistctl_node]: [TWIST_RX] Received Twist message - linear.x=0.000, angular.z=0.000, scaled_angular.z=0.000
[INFO] [1791450959.042908283] [serial_twistctl_node]: [SERIAL_TX] Timestamp: 1791450959042899534, Sending command (1/1): vcx=0.000,wc=0.000
 [19 bytes written]
[INFO] [1791450959.092866626] [serial_twistctl_node]: [TWIST_RX] Received Twist message - linear.x=0.000, angular.z=0.000, scaled_angular.z=0.000
[INFO] [1791450959.092905271] [serial_twistctl_node]: [SERIAL_TX] Timestamp: 1791450959092896113, Sending command (1/1): vcx=0.000,wc=0.000
 [19 bytes written]
[INFO] [1791450959.142869884] [serial_twistctl_node]: [TWIST_RX] Received Twist message - linear.x=0.000, angular.z=0.000, scaled_angular.z=0.000
[INFO] [1791450959.142910420] [serial_twistctl_node]: [SERIAL_TX] Timestamp: 1791450959142900920, Sending command (1/1): vcx=0.000,wc=0.000
 [19 bytes written]
[INFO] [1791450959.192707416] [serial_twistctl_node]: [TWIST_RX] Received Twist message - linear.x=0.000, angular.z=0.000, scaled_angular.z=0.000
[INFO] [1791450959.192764036] [serial_twistctl_node]: [SERIAL_TX] Timestamp: 1791450959192746902, Sending command (1/1): vcx=0.000,wc=0.000
 [19 bytes written]
[INFO] [1791450959.242771192] [serial_twistctl_node]: [TWIST_RX] Received Twist message - linear.x=0.000, angular.z=0.000, scaled_angular.z=0.000
[INFO] [1791450959.242824607] [serial_twistctl_node]: [SERIAL_TX] Timestamp: 1791450959242813143, Sending command (1/1): vcx=0.000,wc=0.000
 [19 bytes written]
[INFO] [1791450959.292680029] [serial_twistctl_node]: [TWIST_RX] Received Twist message - linear.x=0.000, angular.z=0.000, scaled_angular.z=0.000
[INFO] [1791450959.292721522] [serial_twistctl_node]: [SERIAL_TX] Timestamp: 1791450959292712115, Sending command (1/1): vcx=0.000,wc=0.000
 [19 bytes written]
[INFO] [1791450959.342670572] [serial_twistctl_node]: [TWIST_RX] Received Twist message - linear.x=0.000, angular.z=0.000, scaled_angular.z=0.000
[INFO] [1791450959.342712748] [serial_twistctl_node]: [SERIAL_TX] Timestamp: 1791450959342703142, Sending command (1/1): vcx=0.000,wc=0.000
 [19 bytes written]
[INFO] [1791450959.392689570] [serial_twistctl_node]: [TWIST_RX] Received Twist message - linear.x=0.000, angular.z=0.000, scaled_angular.z=0.000
[INFO] [1791450959.392732091] [serial_twistctl_node]: [SERIAL_TX] Timestamp: 1791450959392722427, Sending command (1/1): vcx=0.000,wc=0.000
 [19 bytes written]
[INFO] [1791450959.442820988] [serial_twistctl_node]: [TWIST_RX] Received Twist message - linear.x=0.000, angular.z=0.000, scaled_angular.z=0.000
[INFO] [1791450959.442861161] [serial_twistctl_node]: [SERIAL_TX] Timestamp: 1791450959442852348, Sending command (1/1): vcx=0.000,wc=0.000
 [19 bytes written]
[INFO] [1791450959.492668221] [serial_twistctl_node]: [TWIST_RX] Received Twist message - linear.x=0.000, angular.z=0.000, scaled_angular.z=0.000
[INFO] [1791450959.492709830] [serial_twistctl_node]: [SERIAL_TX] Timestamp: 1791450959492700202, Sending command (1/1): vcx=0.000,wc=0.000
 [19 bytes written]
[INFO] [1791450959.542760326] [serial_twistctl_node]: [TWIST_RX] Received Twist message - linear.x=0.000, angular.z=0.000, scaled_angular.z=0.000
[INFO] [1791450959.542801423] [serial_twistctl_node]: [SERIAL_TX] Timestamp: 1791450959542791724, Sending command (1/1): vcx=0.000,wc=0.000
 [19 bytes written]
[INFO] [1791450959.592817319] [serial_twistctl_node]: [TWIST_RX] Received Twist message - linear.x=0.000, angular.z=0.000, scaled_angular.z=0.000
[INFO] [1791450959.592857375] [serial_twistctl_node]: [SERIAL_TX] Timestamp: 1791450959592848391, Sending command (1/1): vcx=0.000,wc=0.000
 [19 bytes written]
[INFO] [1791450959.643006165] [serial_twistctl_node]: [TWIST_RX] Received Twist message - linear.x=0.000, angular.z=0.000, scaled_angular.z=0.000
[INFO] [1791450959.643045051] [serial_twistctl_node]: [SERIAL_TX] Timestamp: 1791450959643036034, Sending command (1/1): vcx=0.000,wc=0.000
 [19 bytes written]
[INFO] [1791450959.692776067] [serial_twistctl_node]: [TWIST_RX] Received Twist message - linear.x=0.000, angular.z=0.000, scaled_angular.z=0.000
[INFO] [1791450959.692815342] [serial_twistctl_node]: [SERIAL_TX] Timestamp: 1791450959692806758, Sending command (1/1): vcx=0.000,wc=0.000
 [19 bytes written]
[INFO] [1791450959.742887108] [serial_twistctl_node]: [TWIST_RX] Received Twist message - linear.x=0.000, angular.z=0.000, scaled_angular.z=0.000
[INFO] [1791450959.742924841] [serial_twistctl_node]: [SERIAL_TX] Timestamp: 1791450959742915873, Sending command (1/1): vcx=0.000,wc=0.000
 [19 bytes written]
[INFO] [1791450959.792822239] [serial_twistctl_node]: [TWIST_RX] Received Twist message - linear.x=0.000, angular.z=0.000, scaled_angular.z=0.000
[INFO] [1791450959.792865071] [serial_twistctl_node]: [SERIAL_TX] Timestamp: 1791450959792855916, Sending command (1/1): vcx=0.000,wc=0.000
 [19 bytes written]
[INFO] [1791450959.842965169] [serial_twistctl_node]: [TWIST_RX] Received Twist message - linear.x=0.000, angular.z=0.000, scaled_angular.z=0.000
[INFO] [1791450959.843004184] [serial_twistctl_node]: [SERIAL_TX] Timestamp: 1791450959842995019, Sending command (1/1): vcx=0.000,wc=0.000
 [19 bytes written]
[INFO] [1791450959.892881270] [serial_twistctl_node]: [TWIST_RX] Received Twist message - linear.x=0.000, angular.z=0.000, scaled_angular.z=0.000
[INFO] [1791450959.892941467] [serial_twistctl_node]: [SERIAL_TX] Timestamp: 1791450959892929917, Sending command (1/1): vcx=0.000,wc=0.000
 [19 bytes written]
[INFO] [1791450959.942823029] [serial_twistctl_node]: [TWIST_RX] Received Twist message - linear.x=0.000, angular.z=0.000, scaled_angular.z=0.000
[INFO] [1791450959.942860490] [serial_twistctl_node]: [SERIAL_TX] Timestamp: 1791450959942852419, Sending command (1/1): vcx=0.000,wc=0.000
 [19 bytes written]
[INFO] [1791450959.992848673] [serial_twistctl_node]: [TWIST_RX] Received Twist message - linear.x=0.000, angular.z=0.000, scaled_angular.z=0.000
[INFO] [1791450959.992892313] [serial_twistctl_node]: [SERIAL_TX] Timestamp: 1791450959992882502, Sending command (1/1): vcx=0.000,wc=0.000
 [19 bytes written]
[INFO] [1791450960.042969991] [serial_twistctl_node]: [TWIST_RX] Received Twist message - linear.x=0.000, angular.z=0.000, scaled_angular.z=0.000
[INFO] [1791450960.043013719] [serial_twistctl_node]: [SERIAL_TX] Timestamp: 1791450960043004969, Sending command (1/1): vcx=0.000,wc=0.000
 [19 bytes written]
[INFO] [1791450960.093076990] [serial_twistctl_node]: [TWIST_RX] Received Twist message - linear.x=0.000, angular.z=0.000, scaled_angular.z=0.000
[INFO] [1791450960.093117842] [serial_twistctl_node]: [SERIAL_TX] Timestamp: 1791450960093108367, Sending command (1/1): vcx=0.000,wc=0.000
 [19 bytes written]
[INFO] [1791450960.142990942] [serial_twistctl_node]: [TWIST_RX] Received Twist message - linear.x=0.000, angular.z=0.000, scaled_angular.z=0.000
[INFO] [1791450960.143033341] [serial_twistctl_node]: [SERIAL_TX] Timestamp: 1791450960143023349, Sending command (1/1): vcx=0.000,wc=0.000
 [19 bytes written]
[INFO] [1791450960.192714658] [serial_twistctl_node]: [TWIST_RX] Received Twist message - linear.x=0.000, angular.z=0.000, scaled_angular.z=0.000
[INFO] [1791450960.192777196] [serial_twistctl_node]: [SERIAL_TX] Timestamp: 1791450960192763459, Sending command (1/1): vcx=0.000,wc=0.000
 [19 bytes written]
[INFO] [1791450960.242833203] [serial_twistctl_node]: [TWIST_RX] Received Twist message - linear.x=0.000, angular.z=0.000, scaled_angular.z=0.000
[INFO] [1791450960.242892492] [serial_twistctl_node]: [SERIAL_TX] Timestamp: 1791450960242878680, Sending command (1/1): vcx=0.000,wc=0.000
 [19 bytes written]
[INFO] [1791450960.292924523] [serial_twistctl_node]: [TWIST_RX] Received Twist message - linear.x=0.000, angular.z=0.000, scaled_angular.z=0.000
[INFO] [1791450960.292981167] [serial_twistctl_node]: [SERIAL_TX] Timestamp: 1791450960292968074, Sending command (1/1): vcx=0.000,wc=0.000
 [19 bytes written]
[INFO] [1791450960.342903342] [serial_twistctl_node]: [TWIST_RX] Received Twist message - linear.x=0.000, angular.z=0.000, scaled_angular.z=0.000
[INFO] [1791450960.342958196] [serial_twistctl_node]: [SERIAL_TX] Timestamp: 1791450960342945778, Sending command (1/1): vcx=0.000,wc=0.000
 [19 bytes written]
[INFO] [1791450960.392857255] [serial_twistctl_node]: [TWIST_RX] Received Twist message - linear.x=0.000, angular.z=0.000, scaled_angular.z=0.000
[INFO] [1791450960.392916114] [serial_twistctl_node]: [SERIAL_TX] Timestamp: 1791450960392903530, Sending command (1/1): vcx=0.000,wc=0.000
 [19 bytes written]
[INFO] [1791450960.442739977] [serial_twistctl_node]: [TWIST_RX] Received Twist message - linear.x=0.000, angular.z=0.000, scaled_angular.z=0.000
[INFO] [1791450960.442791988] [serial_twistctl_node]: [SERIAL_TX] Timestamp: 1791450960442780295, Sending command (1/1): vcx=0.000,wc=0.000
 [19 bytes written]
[INFO] [1791450960.492934664] [serial_twistctl_node]: [TWIST_RX] Received Twist message - linear.x=0.000, angular.z=0.000, scaled_angular.z=0.000
[INFO] [1791450960.492995049] [serial_twistctl_node]: [SERIAL_TX] Timestamp: 1791450960492982451, Sending command (1/1): vcx=0.000,wc=0.000
 [19 bytes written]
[INFO] [1791450960.542900557] [serial_twistctl_node]: [TWIST_RX] Received Twist message - linear.x=0.000, angular.z=0.000, scaled_angular.z=0.000
[INFO] [1791450960.542955609] [serial_twistctl_node]: [SERIAL_TX] Timestamp: 1791450960542943049, Sending command (1/1): vcx=0.000,wc=0.000
 [19 bytes written]
[INFO] [1791450960.592915333] [serial_twistctl_node]: [TWIST_RX] Received Twist message - linear.x=0.000, angular.z=0.000, scaled_angular.z=0.000
[INFO] [1791450960.592989684] [serial_twistctl_node]: [SERIAL_TX] Timestamp: 1791450960592976190, Sending command (1/1): vcx=0.000,wc=0.000
 [19 bytes written]
[INFO] [1791450960.643010921] [serial_twistctl_node]: [TWIST_RX] Received Twist message - linear.x=0.000, angular.z=0.000, scaled_angular.z=0.000
[INFO] [1791450960.643077027] [serial_twistctl_node]: [SERIAL_TX] Timestamp: 1791450960643063950, Sending command (1/1): vcx=0.000,wc=0.000
 [19 bytes written]
[INFO] [1791450960.692901044] [serial_twistctl_node]: [TWIST_RX] Received Twist message - linear.x=0.000, angular.z=0.000, scaled_angular.z=0.000
[INFO] [1791450960.692956540] [serial_twistctl_node]: [SERIAL_TX] Timestamp: 1791450960692944293, Sending command (1/1): vcx=0.000,wc=0.000
 [19 bytes written]
[INFO] [1791450960.742887915] [serial_twistctl_node]: [TWIST_RX] Received Twist message - linear.x=0.000, angular.z=0.000, scaled_angular.z=0.000
[INFO] [1791450960.742943805] [serial_twistctl_node]: [SERIAL_TX] Timestamp: 1791450960742930623, Sending command (1/1): vcx=0.000,wc=0.000
 [19 bytes written]
[INFO] [1791450960.792892484] [serial_twistctl_node]: [TWIST_RX] Received Twist message - linear.x=0.000, angular.z=0.000, scaled_angular.z=0.000
[INFO] [1791450960.792948568] [serial_twistctl_node]: [SERIAL_TX] Timestamp: 1791450960792936070, Sending command (1/1): vcx=0.000,wc=0.000
 [19 bytes written]
[INFO] [1791450960.843001867] [serial_twistctl_node]: [TWIST_RX] Received Twist message - linear.x=0.000, angular.z=0.000, scaled_angular.z=0.000
[INFO] [1791450960.843065513] [serial_twistctl_node]: [SERIAL_TX] Timestamp: 1791450960843045899, Sending command (1/1): vcx=0.000,wc=0.000
 [19 bytes written]
[INFO] [1791450960.892896192] [serial_twistctl_node]: [TWIST_RX] Received Twist message - linear.x=0.000, angular.z=0.000, scaled_angular.z=0.000
[INFO] [1791450960.892952687] [serial_twistctl_node]: [SERIAL_TX] Timestamp: 1791450960892939251, Sending command (1/1): vcx=0.000,wc=0.000
 [19 bytes written]
[INFO] [1791450960.942992651] [serial_twistctl_node]: [TWIST_RX] Received Twist message - linear.x=0.000, angular.z=0.000, scaled_angular.z=0.000
[INFO] [1791450960.943047028] [serial_twistctl_node]: [SERIAL_TX] Timestamp: 1791450960943034027, Sending command (1/1): vcx=0.000,wc=0.000
 [19 bytes written]
[INFO] [1791450960.993038543] [serial_twistctl_node]: [TWIST_RX] Received Twist message - linear.x=0.000, angular.z=0.000, scaled_angular.z=0.000
[INFO] [1791450960.993098086] [serial_twistctl_node]: [SERIAL_TX] Timestamp: 1791450960993084930, Sending command (1/1): vcx=0.000,wc=0.000
 [19 bytes written]
[INFO] [1791450961.042903147] [serial_twistctl_node]: [TWIST_RX] Received Twist message - linear.x=0.000, angular.z=0.000, scaled_angular.z=0.000
[INFO] [1791450961.042963657] [serial_twistctl_node]: [SERIAL_TX] Timestamp: 1791450961042950421, Sending command (1/1): vcx=0.000,wc=0.000
 [19 bytes written]
[INFO] [1791450961.093130048] [serial_twistctl_node]: [TWIST_RX] Received Twist message - linear.x=0.000, angular.z=0.000, scaled_angular.z=0.000
[INFO] [1791450961.093194917] [serial_twistctl_node]: [SERIAL_TX] Timestamp: 1791450961093182296, Sending command (1/1): vcx=0.000,wc=0.000
 [19 bytes written]
[INFO] [1791450961.142865597] [serial_twistctl_node]: [TWIST_RX] Received Twist message - linear.x=0.000, angular.z=0.000, scaled_angular.z=0.000
[INFO] [1791450961.142923202] [serial_twistctl_node]: [SERIAL_TX] Timestamp: 1791450961142909178, Sending command (1/1): vcx=0.000,wc=0.000
 [19 bytes written]
[INFO] [1791450961.192882619] [serial_twistctl_node]: [TWIST_RX] Received Twist message - linear.x=0.000, angular.z=0.000, scaled_angular.z=0.000
[INFO] [1791450961.192946973] [serial_twistctl_node]: [SERIAL_TX] Timestamp: 1791450961192932986, Sending command (1/1): vcx=0.000,wc=0.000
 [19 bytes written]
[INFO] [1791450961.242837436] [serial_twistctl_node]: [TWIST_RX] Received Twist message - linear.x=0.000, angular.z=0.000, scaled_angular.z=0.000
[INFO] [1791450961.242904367] [serial_twistctl_node]: [SERIAL_TX] Timestamp: 1791450961242891023, Sending command (1/1): vcx=0.000,wc=0.000
 [19 bytes written]
[INFO] [1791450961.292827297] [serial_twistctl_node]: [TWIST_RX] Received Twist message - linear.x=0.000, angular.z=0.000, scaled_angular.z=0.000
[INFO] [1791450961.292885231] [serial_twistctl_node]: [SERIAL_TX] Timestamp: 1791450961292873320, Sending command (1/1): vcx=0.000,wc=0.000
 [19 bytes written]
[INFO] [1791450961.342845093] [serial_twistctl_node]: [TWIST_RX] Received Twist message - linear.x=0.000, angular.z=0.000, scaled_angular.z=0.000
[INFO] [1791450961.342900169] [serial_twistctl_node]: [SERIAL_TX] Timestamp: 1791450961342888791, Sending command (1/1): vcx=0.000,wc=0.000
 [19 bytes written]
[INFO] [1791450961.392825871] [serial_twistctl_node]: [TWIST_RX] Received Twist message - linear.x=0.000, angular.z=0.000, scaled_angular.z=0.000
[INFO] [1791450961.392882633] [serial_twistctl_node]: [SERIAL_TX] Timestamp: 1791450961392870551, Sending command (1/1): vcx=0.000,wc=0.000
 [19 bytes written]
[INFO] [1791450961.442850825] [serial_twistctl_node]: [TWIST_RX] Received Twist message - linear.x=0.000, angular.z=0.000, scaled_angular.z=0.000
[INFO] [1791450961.442907415] [serial_twistctl_node]: [SERIAL_TX] Timestamp: 1791450961442894668, Sending command (1/1): vcx=0.000,wc=0.000
 [19 bytes written]
[INFO] [1791450961.492841979] [serial_twistctl_node]: [TWIST_RX] Received Twist message - linear.x=0.000, angular.z=0.000, scaled_angular.z=0.000
[INFO] [1791450961.492901563] [serial_twistctl_node]: [SERIAL_TX] Timestamp: 1791450961492888535, Sending command (1/1): vcx=0.000,wc=0.000
 [19 bytes written]
[INFO] [1791450961.542885540] [serial_twistctl_node]: [TWIST_RX] Received Twist message - linear.x=0.000, angular.z=0.000, scaled_angular.z=0.000
[INFO] [1791450961.542941183] [serial_twistctl_node]: [SERIAL_TX] Timestamp: 1791450961542929309, Sending command (1/1): vcx=0.000,wc=0.000
 [19 bytes written]
[INFO] [1791450961.592895571] [serial_twistctl_node]: [TWIST_RX] Received Twist message - linear.x=0.000, angular.z=0.000, scaled_angular.z=0.000
[INFO] [1791450961.592950778] [serial_twistctl_node]: [SERIAL_TX] Timestamp: 1791450961592938757, Sending command (1/1): vcx=0.000,wc=0.000
 [19 bytes written]
[INFO] [1791450961.642885742] [serial_twistctl_node]: [TWIST_RX] Received Twist message - linear.x=0.000, angular.z=0.000, scaled_angular.z=0.000
[INFO] [1791450961.642941600] [serial_twistctl_node]: [SERIAL_TX] Timestamp: 1791450961642930011, Sending command (1/1): vcx=0.000,wc=0.000
 [19 bytes written]
[INFO] [1791450961.692908330] [serial_twistctl_node]: [TWIST_RX] Received Twist message - linear.x=0.021, angular.z=0.000, scaled_angular.z=0.000
[INFO] [1791450961.692968449] [serial_twistctl_node]: [SERIAL_TX] Timestamp: 1791450961692955323, Sending command (1/1): vcx=0.021,wc=0.000
 [19 bytes written]
[INFO] [1791450961.742911179] [serial_twistctl_node]: [TWIST_RX] Received Twist message - linear.x=0.042, angular.z=0.000, scaled_angular.z=0.000
[INFO] [1791450961.742966579] [serial_twistctl_node]: [SERIAL_TX] Timestamp: 1791450961742954063, Sending command (1/1): vcx=0.042,wc=0.000
 [19 bytes written]
[INFO] [1791450961.792901241] [serial_twistctl_node]: [TWIST_RX] Received Twist message - linear.x=0.064, angular.z=0.000, scaled_angular.z=0.000
[INFO] [1791450961.792960921] [serial_twistctl_node]: [SERIAL_TX] Timestamp: 1791450961792948076, Sending command (1/1): vcx=0.064,wc=0.000
 [19 bytes written]
[INFO] [1791450961.842877344] [serial_twistctl_node]: [TWIST_RX] Received Twist message - linear.x=0.085, angular.z=0.000, scaled_angular.z=0.000
[INFO] [1791450961.842936060] [serial_twistctl_node]: [SERIAL_TX] Timestamp: 1791450961842922744, Sending command (1/1): vcx=0.085,wc=0.000
 [19 bytes written]
[INFO] [1791450961.892902602] [serial_twistctl_node]: [TWIST_RX] Received Twist message - linear.x=0.106, angular.z=0.000, scaled_angular.z=0.000
[INFO] [1791450961.892961708] [serial_twistctl_node]: [SERIAL_TX] Timestamp: 1791450961892947972, Sending command (1/1): vcx=0.106,wc=0.000
 [19 bytes written]
[INFO] [1791450961.942937477] [serial_twistctl_node]: [TWIST_RX] Received Twist message - linear.x=0.127, angular.z=0.000, scaled_angular.z=0.000
[INFO] [1791450961.942994507] [serial_twistctl_node]: [SERIAL_TX] Timestamp: 1791450961942981727, Sending command (1/1): vcx=0.127,wc=0.000
 [19 bytes written]
[INFO] [1791450961.992869961] [serial_twistctl_node]: [TWIST_RX] Received Twist message - linear.x=0.149, angular.z=0.000, scaled_angular.z=0.000
[INFO] [1791450961.992929369] [serial_twistctl_node]: [SERIAL_TX] Timestamp: 1791450961992916639, Sending command (1/1): vcx=0.149,wc=0.000
 [19 bytes written]
[INFO] [1791450962.042764704] [serial_twistctl_node]: [TWIST_RX] Received Twist message - linear.x=0.170, angular.z=0.000, scaled_angular.z=0.000
[INFO] [1791450962.042834163] [serial_twistctl_node]: [SERIAL_TX] Timestamp: 1791450962042821291, Sending command (1/1): vcx=0.170,wc=0.000
 [19 bytes written]
[INFO] [1791450962.092871534] [serial_twistctl_node]: [TWIST_RX] Received Twist message - linear.x=0.191, angular.z=0.000, scaled_angular.z=0.000
[INFO] [1791450962.092931804] [serial_twistctl_node]: [SERIAL_TX] Timestamp: 1791450962092919462, Sending command (1/1): vcx=0.191,wc=0.000
 [19 bytes written]
[INFO] [1791450962.142733363] [serial_twistctl_node]: [TWIST_RX] Received Twist message - linear.x=0.212, angular.z=0.000, scaled_angular.z=0.000
[INFO] [1791450962.142794227] [serial_twistctl_node]: [SERIAL_TX] Timestamp: 1791450962142781656, Sending command (1/1): vcx=0.212,wc=0.000
 [19 bytes written]
[INFO] [1791450962.192855644] [serial_twistctl_node]: [TWIST_RX] Received Twist message - linear.x=0.221, angular.z=0.000, scaled_angular.z=0.000
[INFO] [1791450962.192910732] [serial_twistctl_node]: [SERIAL_TX] Timestamp: 1791450962192898650, Sending command (1/1): vcx=0.221,wc=0.000
 [19 bytes written]
[INFO] [1791450962.243026327] [serial_twistctl_node]: [TWIST_RX] Received Twist message - linear.x=0.219, angular.z=0.000, scaled_angular.z=0.000
[INFO] [1791450962.243099801] [serial_twistctl_node]: [SERIAL_TX] Timestamp: 1791450962243088799, Sending command (1/1): vcx=0.219,wc=0.000
 [19 bytes written]
[INFO] [1791450962.292883706] [serial_twistctl_node]: [TWIST_RX] Received Twist message - linear.x=0.221, angular.z=0.000, scaled_angular.z=0.000
[INFO] [1791450962.292927985] [serial_twistctl_node]: [SERIAL_TX] Timestamp: 1791450962292917446, Sending command (1/1): vcx=0.221,wc=0.000
 [19 bytes written]
[INFO] [1791450962.342752144] [serial_twistctl_node]: [TWIST_RX] Received Twist message - linear.x=0.218, angular.z=0.000, scaled_angular.z=0.000
[INFO] [1791450962.342789531] [serial_twistctl_node]: [SERIAL_TX] Timestamp: 1791450962342780655, Sending command (1/1): vcx=0.218,wc=0.000
 [19 bytes written]
[INFO] [1791450962.392715555] [serial_twistctl_node]: [TWIST_RX] Received Twist message - linear.x=0.220, angular.z=0.000, scaled_angular.z=0.000
[INFO] [1791450962.392750735] [serial_twistctl_node]: [SERIAL_TX] Timestamp: 1791450962392742363, Sending command (1/1): vcx=0.220,wc=0.000
 [19 bytes written]
[INFO] [1791450962.442711718] [serial_twistctl_node]: [TWIST_RX] Received Twist message - linear.x=0.218, angular.z=0.000, scaled_angular.z=0.000
[INFO] [1791450962.442752317] [serial_twistctl_node]: [SERIAL_TX] Timestamp: 1791450962442741824, Sending command (1/1): vcx=0.218,wc=0.000
 [19 bytes written]
[INFO] [1791450962.492883466] [serial_twistctl_node]: [TWIST_RX] Received Twist message - linear.x=0.220, angular.z=0.000, scaled_angular.z=0.000
[INFO] [1791450962.492925281] [serial_twistctl_node]: [SERIAL_TX] Timestamp: 1791450962492915568, Sending command (1/1): vcx=0.220,wc=0.000
 [19 bytes written]
[INFO] [1791450962.542781679] [serial_twistctl_node]: [TWIST_RX] Received Twist message - linear.x=0.217, angular.z=0.000, scaled_angular.z=0.000
[INFO] [1791450962.542819932] [serial_twistctl_node]: [SERIAL_TX] Timestamp: 1791450962542811749, Sending command (1/1): vcx=0.217,wc=0.000
 [19 bytes written]
[INFO] [1791450962.592825740] [serial_twistctl_node]: [TWIST_RX] Received Twist message - linear.x=0.219, angular.z=0.000, scaled_angular.z=0.000
[INFO] [1791450962.592881082] [serial_twistctl_node]: [SERIAL_TX] Timestamp: 1791450962592870983, Sending command (1/1): vcx=0.219,wc=0.000
 [19 bytes written]
[INFO] [1791450962.642855403] [serial_twistctl_node]: [TWIST_RX] Received Twist message - linear.x=0.216, angular.z=0.000, scaled_angular.z=0.000
[INFO] [1791450962.642895068] [serial_twistctl_node]: [SERIAL_TX] Timestamp: 1791450962642886543, Sending command (1/1): vcx=0.216,wc=0.000
 [19 bytes written]
[INFO] [1791450962.692924980] [serial_twistctl_node]: [TWIST_RX] Received Twist message - linear.x=0.219, angular.z=0.000, scaled_angular.z=0.000
[INFO] [1791450962.692967568] [serial_twistctl_node]: [SERIAL_TX] Timestamp: 1791450962692957973, Sending command (1/1): vcx=0.219,wc=0.000
 [19 bytes written]
[INFO] [1791450962.743220642] [serial_twistctl_node]: [TWIST_RX] Received Twist message - linear.x=0.221, angular.z=0.000, scaled_angular.z=0.000
[INFO] [1791450962.743266700] [serial_twistctl_node]: [SERIAL_TX] Timestamp: 1791450962743257100, Sending command (1/1): vcx=0.221,wc=0.000
 [19 bytes written]
[INFO] [1791450962.792843164] [serial_twistctl_node]: [TWIST_RX] Received Twist message - linear.x=0.218, angular.z=0.000, scaled_angular.z=0.000
[INFO] [1791450962.792883003] [serial_twistctl_node]: [SERIAL_TX] Timestamp: 1791450962792874244, Sending command (1/1): vcx=0.218,wc=0.000
 [19 bytes written]
[INFO] [1791450962.842943012] [serial_twistctl_node]: [TWIST_RX] Received Twist message - linear.x=0.221, angular.z=0.000, scaled_angular.z=0.000
[INFO] [1791450962.842985026] [serial_twistctl_node]: [SERIAL_TX] Timestamp: 1791450962842975879, Sending command (1/1): vcx=0.221,wc=0.000
 [19 bytes written]
[INFO] [1791450962.892894780] [serial_twistctl_node]: [TWIST_RX] Received Twist message - linear.x=0.218, angular.z=0.000, scaled_angular.z=0.000
[INFO] [1791450962.892942245] [serial_twistctl_node]: [SERIAL_TX] Timestamp: 1791450962892931373, Sending command (1/1): vcx=0.218,wc=0.000
 [19 bytes written]
[INFO] [1791450962.942787632] [serial_twistctl_node]: [TWIST_RX] Received Twist message - linear.x=0.220, angular.z=0.000, scaled_angular.z=0.000
[INFO] [1791450962.942824715] [serial_twistctl_node]: [SERIAL_TX] Timestamp: 1791450962942816784, Sending command (1/1): vcx=0.220,wc=0.000
 [19 bytes written]
[INFO] [1791450962.992877002] [serial_twistctl_node]: [TWIST_RX] Received Twist message - linear.x=0.217, angular.z=0.000, scaled_angular.z=0.000
[INFO] [1791450962.992921841] [serial_twistctl_node]: [SERIAL_TX] Timestamp: 1791450962992911855, Sending command (1/1): vcx=0.217,wc=0.000
 [19 bytes written]
[INFO] [1791450963.042925795] [serial_twistctl_node]: [TWIST_RX] Received Twist message - linear.x=0.220, angular.z=0.000, scaled_angular.z=0.000
[INFO] [1791450963.042969073] [serial_twistctl_node]: [SERIAL_TX] Timestamp: 1791450963042960507, Sending command (1/1): vcx=0.220,wc=0.000
 [19 bytes written]
[INFO] [1791450963.093013376] [serial_twistctl_node]: [TWIST_RX] Received Twist message - linear.x=0.000, angular.z=0.000, scaled_angular.z=0.000
[INFO] [1791450963.093056157] [serial_twistctl_node]: [SERIAL_TX] Timestamp: 1791450963093046810, Sending command (1/1): vcx=0.000,wc=0.000
 [19 bytes written]
[INFO] [1791450963.142716783] [serial_twistctl_node]: [TWIST_RX] Received Twist message - linear.x=0.000, angular.z=0.000, scaled_angular.z=0.000
[INFO] [1791450963.142763291] [serial_twistctl_node]: [SERIAL_TX] Timestamp: 1791450963142753440, Sending command (1/1): vcx=0.000,wc=0.000
 [19 bytes written]
[INFO] [1791450963.192856345] [serial_twistctl_node]: [TWIST_RX] Received Twist message - linear.x=0.000, angular.z=0.000, scaled_angular.z=0.000
[INFO] [1791450963.192896593] [serial_twistctl_node]: [SERIAL_TX] Timestamp: 1791450963192887214, Sending command (1/1): vcx=0.000,wc=0.000
 [19 bytes written]
[INFO] [1791450963.242806912] [serial_twistctl_node]: [TWIST_RX] Received Twist message - linear.x=0.000, angular.z=0.000, scaled_angular.z=0.000
[INFO] [1791450963.242856217] [serial_twistctl_node]: [SERIAL_TX] Timestamp: 1791450963242847160, Sending command (1/1): vcx=0.000,wc=0.000
 [19 bytes written]
[INFO] [1791450963.292838539] [serial_twistctl_node]: [TWIST_RX] Received Twist message - linear.x=0.000, angular.z=0.000, scaled_angular.z=0.000
[INFO] [1791450963.292881248] [serial_twistctl_node]: [SERIAL_TX] Timestamp: 1791450963292872330, Sending command (1/1): vcx=0.000,wc=0.000
 [19 bytes written]
[INFO] [1791450963.342858044] [serial_twistctl_node]: [TWIST_RX] Received Twist message - linear.x=0.000, angular.z=0.000, scaled_angular.z=0.000
[INFO] [1791450963.397739691] [serial_twistctl_node]: [SERIAL_TX] Timestamp: 1791450963397728455, Sending command (1/1): vcx=0.000,wc=0.000
 [19 bytes written]
[INFO] [1791450963.397790405] [serial_twistctl_node]: [TWIST_RX] Received Twist message - linear.x=0.000, angular.z=0.000, scaled_angular.z=0.000
[INFO] [1791450963.397796500] [serial_twistctl_node]: [SERIAL_TX] Timestamp: 1791450963397794508, Sending command (1/1): vcx=0.000,wc=0.000
 [19 bytes written]
[INFO] [1791450963.442799932] [serial_twistctl_node]: [TWIST_RX] Received Twist message - linear.x=0.000, angular.z=0.000, scaled_angular.z=0.000
[INFO] [1791450963.442837012] [serial_twistctl_node]: [SERIAL_TX] Timestamp: 1791450963442828514, Sending command (1/1): vcx=0.000,wc=0.000
 [19 bytes written]
[INFO] [1791450963.492873522] [serial_twistctl_node]: [TWIST_RX] Received Twist message - linear.x=0.000, angular.z=0.000, scaled_angular.z=0.000
[INFO] [1791450963.492914543] [serial_twistctl_node]: [SERIAL_TX] Timestamp: 1791450963492904959, Sending command (1/1): vcx=0.000,wc=0.000
 [19 bytes written]
[INFO] [1791450963.542944918] [serial_twistctl_node]: [TWIST_RX] Received Twist message - linear.x=0.000, angular.z=0.000, scaled_angular.z=0.000
[INFO] [1791450963.542985260] [serial_twistctl_node]: [SERIAL_TX] Timestamp: 1791450963542976268, Sending command (1/1): vcx=0.000,wc=0.000
 [19 bytes written]
[INFO] [1791450963.592763054] [serial_twistctl_node]: [TWIST_RX] Received Twist message - linear.x=0.000, angular.z=0.000, scaled_angular.z=0.000
[INFO] [1791450963.592804495] [serial_twistctl_node]: [SERIAL_TX] Timestamp: 1791450963592794817, Sending command (1/1): vcx=0.000,wc=0.000
 [19 bytes written]
[INFO] [1791450963.642890692] [serial_twistctl_node]: [TWIST_RX] Received Twist message - linear.x=0.000, angular.z=0.000, scaled_angular.z=0.000
[INFO] [1791450963.642930693] [serial_twistctl_node]: [SERIAL_TX] Timestamp: 1791450963642921689, Sending command (1/1): vcx=0.000,wc=0.000
 [19 bytes written]
[INFO] [1791450963.692898998] [serial_twistctl_node]: [TWIST_RX] Received Twist message - linear.x=0.000, angular.z=0.000, scaled_angular.z=0.000
[INFO] [1791450963.692945831] [serial_twistctl_node]: [SERIAL_TX] Timestamp: 1791450963692936205, Sending command (1/1): vcx=0.000,wc=0.000
 [19 bytes written]
[INFO] [1791450963.742994730] [serial_twistctl_node]: [TWIST_RX] Received Twist message - linear.x=0.000, angular.z=0.000, scaled_angular.z=0.000
[INFO] [1791450963.743040572] [serial_twistctl_node]: [SERIAL_TX] Timestamp: 1791450963743031745, Sending command (1/1): vcx=0.000,wc=0.000
 [19 bytes written]
[INFO] [1791450963.792818632] [serial_twistctl_node]: [TWIST_RX] Received Twist message - linear.x=0.000, angular.z=0.000, scaled_angular.z=0.000
[INFO] [1791450963.792862734] [serial_twistctl_node]: [SERIAL_TX] Timestamp: 1791450963792853719, Sending command (1/1): vcx=0.000,wc=0.000
 [19 bytes written]
[INFO] [1791450963.842761931] [serial_twistctl_node]: [TWIST_RX] Received Twist message - linear.x=0.000, angular.z=0.000, scaled_angular.z=0.000
[INFO] [1791450963.842809665] [serial_twistctl_node]: [SERIAL_TX] Timestamp: 1791450963842801218, Sending command (1/1): vcx=0.000,wc=0.000
 [19 bytes written]
[INFO] [1791450963.892881737] [serial_twistctl_node]: [TWIST_RX] Received Twist message - linear.x=0.000, angular.z=0.000, scaled_angular.z=0.000
[INFO] [1791450963.892922997] [serial_twistctl_node]: [SERIAL_TX] Timestamp: 1791450963892914060, Sending command (1/1): vcx=0.000,wc=0.000
 [19 bytes written]
[INFO] [1791450963.942758343] [serial_twistctl_node]: [TWIST_RX] Received Twist message - linear.x=0.000, angular.z=0.000, scaled_angular.z=0.000
[INFO] [1791450963.942805048] [serial_twistctl_node]: [SERIAL_TX] Timestamp: 1791450963942797988, Sending command (1/1): vcx=0.000,wc=0.000
 [19 bytes written]
[INFO] [1791450963.992859033] [serial_twistctl_node]: [TWIST_RX] Received Twist message - linear.x=0.000, angular.z=0.000, scaled_angular.z=0.000
[INFO] [1791450963.992908801] [serial_twistctl_node]: [SERIAL_TX] Timestamp: 1791450963992897220, Sending command (1/1): vcx=0.000,wc=0.000
 [19 bytes written]
[INFO] [1791450964.042774336] [serial_twistctl_node]: [TWIST_RX] Received Twist message - linear.x=0.000, angular.z=0.000, scaled_angular.z=0.000
[INFO] [1791450964.042818545] [serial_twistctl_node]: [SERIAL_TX] Timestamp: 1791450964042809205, Sending command (1/1): vcx=0.000,wc=0.000
 [19 bytes written]
[INFO] [1791450964.092857788] [serial_twistctl_node]: [TWIST_RX] Received Twist message - linear.x=0.000, angular.z=0.000, scaled_angular.z=0.000
[INFO] [1791450964.092897862] [serial_twistctl_node]: [SERIAL_TX] Timestamp: 1791450964092889331, Sending command (1/1): vcx=0.000,wc=0.000
 [19 bytes written]
[INFO] [1791450964.142823235] [serial_twistctl_node]: [TWIST_RX] Received Twist message - linear.x=0.000, angular.z=0.000, scaled_angular.z=0.000
[INFO] [1791450964.142868961] [serial_twistctl_node]: [SERIAL_TX] Timestamp: 1791450964142858466, Sending command (1/1): vcx=0.000,wc=0.000
 [19 bytes written]
[INFO] [1791450964.192795326] [serial_twistctl_node]: [TWIST_RX] Received Twist message - linear.x=0.000, angular.z=0.000, scaled_angular.z=0.000
[INFO] [1791450964.192838047] [serial_twistctl_node]: [SERIAL_TX] Timestamp: 1791450964192828447, Sending command (1/1): vcx=0.000,wc=0.000
 [19 bytes written]
[INFO] [1791450964.243074551] [serial_twistctl_node]: [TWIST_RX] Received Twist message - linear.x=0.000, angular.z=0.000, scaled_angular.z=0.000
[INFO] [1791450964.243118485] [serial_twistctl_node]: [SERIAL_TX] Timestamp: 1791450964243107973, Sending command (1/1): vcx=0.000,wc=0.000
 [19 bytes written]
[INFO] [1791450964.292880169] [serial_twistctl_node]: [TWIST_RX] Received Twist message - linear.x=0.000, angular.z=0.000, scaled_angular.z=0.000
[INFO] [1791450964.292924935] [serial_twistctl_node]: [SERIAL_TX] Timestamp: 1791450964292914639, Sending command (1/1): vcx=0.000,wc=0.000
 [19 bytes written]
[INFO] [1791450964.342883051] [serial_twistctl_node]: [TWIST_RX] Received Twist message - linear.x=0.000, angular.z=0.000, scaled_angular.z=0.000
[INFO] [1791450964.342925717] [serial_twistctl_node]: [SERIAL_TX] Timestamp: 1791450964342915427, Sending command (1/1): vcx=0.000,wc=0.000
 [19 bytes written]
[INFO] [1791450964.392909426] [serial_twistctl_node]: [TWIST_RX] Received Twist message - linear.x=0.000, angular.z=0.000, scaled_angular.z=0.000
[INFO] [1791450964.392951342] [serial_twistctl_node]: [SERIAL_TX] Timestamp: 1791450964392941817, Sending command (1/1): vcx=0.000,wc=0.000
 [19 bytes written]
[INFO] [1791450964.443033478] [serial_twistctl_node]: [TWIST_RX] Received Twist message - linear.x=0.000, angular.z=0.000, scaled_angular.z=0.000
[INFO] [1791450964.443107115] [serial_twistctl_node]: [SERIAL_TX] Timestamp: 1791450964443097373, Sending command (1/1): vcx=0.000,wc=0.000
 [19 bytes written]
[INFO] [1791450964.492856874] [serial_twistctl_node]: [TWIST_RX] Received Twist message - linear.x=0.000, angular.z=0.000, scaled_angular.z=0.000
[INFO] [1791450964.492901165] [serial_twistctl_node]: [SERIAL_TX] Timestamp: 1791450964492890671, Sending command (1/1): vcx=0.000,wc=0.000
 [19 bytes written]
[INFO] [1791450964.542939141] [serial_twistctl_node]: [TWIST_RX] Received Twist message - linear.x=0.000, angular.z=0.000, scaled_angular.z=0.000
[INFO] [1791450964.542978538] [serial_twistctl_node]: [SERIAL_TX] Timestamp: 1791450964542969967, Sending command (1/1): vcx=0.000,wc=0.000
 [19 bytes written]
[INFO] [1791450964.592918587] [serial_twistctl_node]: [TWIST_RX] Received Twist message - linear.x=0.000, angular.z=0.000, scaled_angular.z=0.000
[INFO] [1791450964.592972473] [serial_twistctl_node]: [SERIAL_TX] Timestamp: 1791450964592958375, Sending command (1/1): vcx=0.000,wc=0.000
 [19 bytes written]
[INFO] [1791450964.642980522] [serial_twistctl_node]: [TWIST_RX] Received Twist message - linear.x=0.000, angular.z=0.000, scaled_angular.z=0.000
[INFO] [1791450964.643020623] [serial_twistctl_node]: [SERIAL_TX] Timestamp: 1791450964643011682, Sending command (1/1): vcx=0.000,wc=0.000
 [19 bytes written]
[INFO] [1791450964.693064684] [serial_twistctl_node]: [TWIST_RX] Received Twist message - linear.x=0.000, angular.z=0.000, scaled_angular.z=0.000
[INFO] [1791450964.693106648] [serial_twistctl_node]: [SERIAL_TX] Timestamp: 1791450964693096707, Sending command (1/1): vcx=0.000,wc=0.000
 [19 bytes written]
[INFO] [1791450964.742975328] [serial_twistctl_node]: [TWIST_RX] Received Twist message - linear.x=0.000, angular.z=0.000, scaled_angular.z=0.000
[INFO] [1791450964.743014954] [serial_twistctl_node]: [SERIAL_TX] Timestamp: 1791450964743006050, Sending command (1/1): vcx=0.000,wc=0.000
 [19 bytes written]
[INFO] [1791450964.792889374] [serial_twistctl_node]: [TWIST_RX] Received Twist message - linear.x=0.000, angular.z=0.000, scaled_angular.z=0.000
[INFO] [1791450964.792931986] [serial_twistctl_node]: [SERIAL_TX] Timestamp: 1791450964792922417, Sending command (1/1): vcx=0.000,wc=0.000
 [19 bytes written]
[INFO] [1791450964.842880122] [serial_twistctl_node]: [TWIST_RX] Received Twist message - linear.x=0.000, angular.z=0.000, scaled_angular.z=0.000
[INFO] [1791450964.842920357] [serial_twistctl_node]: [SERIAL_TX] Timestamp: 1791450964842911111, Sending command (1/1): vcx=0.000,wc=0.000
 [19 bytes written]
[INFO] [1791450964.892896473] [serial_twistctl_node]: [TWIST_RX] Received Twist message - linear.x=0.000, angular.z=0.000, scaled_angular.z=0.000
[INFO] [1791450964.892937834] [serial_twistctl_node]: [SERIAL_TX] Timestamp: 1791450964892928186, Sending command (1/1): vcx=0.000,wc=0.000
 [19 bytes written]
[INFO] [1791450964.942903446] [serial_twistctl_node]: [TWIST_RX] Received Twist message - linear.x=0.000, angular.z=0.000, scaled_angular.z=0.000
[INFO] [1791450964.942942276] [serial_twistctl_node]: [SERIAL_TX] Timestamp: 1791450964942932668, Sending command (1/1): vcx=0.000,wc=0.000
 [19 bytes written]
[INFO] [1791450964.992906948] [serial_twistctl_node]: [TWIST_RX] Received Twist message - linear.x=0.000, angular.z=0.000, scaled_angular.z=0.000
[INFO] [1791450964.992947662] [serial_twistctl_node]: [SERIAL_TX] Timestamp: 1791450964992938140, Sending command (1/1): vcx=0.000,wc=0.000
 [19 bytes written]
[INFO] [1791450965.042769182] [serial_twistctl_node]: [TWIST_RX] Received Twist message - linear.x=0.000, angular.z=0.000, scaled_angular.z=0.000
[INFO] [1791450965.042814837] [serial_twistctl_node]: [SERIAL_TX] Timestamp: 1791450965042805007, Sending command (1/1): vcx=0.000,wc=0.000
 [19 bytes written]
[INFO] [1791450965.092843850] [serial_twistctl_node]: [TWIST_RX] Received Twist message - linear.x=0.000, angular.z=0.000, scaled_angular.z=0.000
[INFO] [1791450965.092884012] [serial_twistctl_node]: [SERIAL_TX] Timestamp: 1791450965092874973, Sending command (1/1): vcx=0.000,wc=0.000
 [19 bytes written]
[INFO] [1791450965.142921357] [serial_twistctl_node]: [TWIST_RX] Received Twist message - linear.x=0.000, angular.z=0.000, scaled_angular.z=0.000
[INFO] [1791450965.142963383] [serial_twistctl_node]: [SERIAL_TX] Timestamp: 1791450965142953697, Sending command (1/1): vcx=0.000,wc=0.000
 [19 bytes written]
[INFO] [1791450965.192923556] [serial_twistctl_node]: [TWIST_RX] Received Twist message - linear.x=0.000, angular.z=0.000, scaled_angular.z=0.000
[INFO] [1791450965.192964852] [serial_twistctl_node]: [SERIAL_TX] Timestamp: 1791450965192955631, Sending command (1/1): vcx=0.000,wc=0.000
 [19 bytes written]
[INFO] [1791450965.242692783] [serial_twistctl_node]: [TWIST_RX] Received Twist message - linear.x=0.000, angular.z=0.000, scaled_angular.z=0.000
[INFO] [1791450965.242736650] [serial_twistctl_node]: [SERIAL_TX] Timestamp: 1791450965242726747, Sending command (1/1): vcx=0.000,wc=0.000
 [19 bytes written]
[INFO] [1791450965.292769547] [serial_twistctl_node]: [TWIST_RX] Received Twist message - linear.x=0.000, angular.z=0.000, scaled_angular.z=0.000
[INFO] [1791450965.292811431] [serial_twistctl_node]: [SERIAL_TX] Timestamp: 1791450965292801910, Sending command (1/1): vcx=0.000,wc=0.000
 [19 bytes written]
[INFO] [1791450965.342732729] [serial_twistctl_node]: [TWIST_RX] Received Twist message - linear.x=0.000, angular.z=0.000, scaled_angular.z=0.000
[INFO] [1791450965.342773552] [serial_twistctl_node]: [SERIAL_TX] Timestamp: 1791450965342764531, Sending command (1/1): vcx=0.000,wc=0.000
 [19 bytes written]
[INFO] [1791450965.392891420] [serial_twistctl_node]: [TWIST_RX] Received Twist message - linear.x=0.000, angular.z=0.000, scaled_angular.z=0.000
[INFO] [1791450965.392933246] [serial_twistctl_node]: [SERIAL_TX] Timestamp: 1791450965392921805, Sending command (1/1): vcx=0.000,wc=0.000
 [19 bytes written]
[INFO] [1791450965.442792161] [serial_twistctl_node]: [TWIST_RX] Received Twist message - linear.x=0.000, angular.z=0.000, scaled_angular.z=0.000
[INFO] [1791450965.442837153] [serial_twistctl_node]: [SERIAL_TX] Timestamp: 1791450965442828002, Sending command (1/1): vcx=0.000,wc=0.000
 [19 bytes written]
[INFO] [1791450965.492912966] [serial_twistctl_node]: [TWIST_RX] Received Twist message - linear.x=0.000, angular.z=0.000, scaled_angular.z=0.000
[INFO] [1791450965.492957535] [serial_twistctl_node]: [SERIAL_TX] Timestamp: 1791450965492946694, Sending command (1/1): vcx=0.000,wc=0.000
 [19 bytes written]
[INFO] [1791450965.542911352] [serial_twistctl_node]: [TWIST_RX] Received Twist message - linear.x=0.000, angular.z=0.000, scaled_angular.z=0.000
[INFO] [1791450965.542954089] [serial_twistctl_node]: [SERIAL_TX] Timestamp: 1791450965542944501, Sending command (1/1): vcx=0.000,wc=0.000
 [19 bytes written]
[INFO] [1791450965.592766839] [serial_twistctl_node]: [TWIST_RX] Received Twist message - linear.x=0.000, angular.z=0.000, scaled_angular.z=0.000
[INFO] [1791450965.592805390] [serial_twistctl_node]: [SERIAL_TX] Timestamp: 1791450965592796198, Sending command (1/1): vcx=0.000,wc=0.000
 [19 bytes written]
[INFO] [1791450965.642694996] [serial_twistctl_node]: [TWIST_RX] Received Twist message - linear.x=0.000, angular.z=0.000, scaled_angular.z=0.000
[INFO] [1791450965.642732031] [serial_twistctl_node]: [SERIAL_TX] Timestamp: 1791450965642723740, Sending command (1/1): vcx=0.000,wc=0.000
 [19 bytes written]
[INFO] [1791450965.692733158] [serial_twistctl_node]: [TWIST_RX] Received Twist message - linear.x=0.000, angular.z=0.000, scaled_angular.z=0.000
[INFO] [1791450965.692778504] [serial_twistctl_node]: [SERIAL_TX] Timestamp: 1791450965692765246, Sending command (1/1): vcx=0.000,wc=0.000
 [19 bytes written]
[INFO] [1791450965.742791652] [serial_twistctl_node]: [TWIST_RX] Received Twist message - linear.x=0.000, angular.z=0.000, scaled_angular.z=0.000
[INFO] [1791450965.742830854] [serial_twistctl_node]: [SERIAL_TX] Timestamp: 1791450965742822196, Sending command (1/1): vcx=0.000,wc=0.000
 [19 bytes written]
[INFO] [1791450965.792759020] [serial_twistctl_node]: [TWIST_RX] Received Twist message - linear.x=0.000, angular.z=0.000, scaled_angular.z=0.000
[INFO] [1791450965.792798972] [serial_twistctl_node]: [SERIAL_TX] Timestamp: 1791450965792790607, Sending command (1/1): vcx=0.000,wc=0.000
 [19 bytes written]
[INFO] [1791450965.842801021] [serial_twistctl_node]: [TWIST_RX] Received Twist message - linear.x=0.000, angular.z=0.000, scaled_angular.z=0.000
[INFO] [1791450965.842841632] [serial_twistctl_node]: [SERIAL_TX] Timestamp: 1791450965842832806, Sending command (1/1): vcx=0.000,wc=0.000
 [19 bytes written]
[INFO] [1791450965.892813037] [serial_twistctl_node]: [TWIST_RX] Received Twist message - linear.x=0.000, angular.z=0.000, scaled_angular.z=0.000
[INFO] [1791450965.892852704] [serial_twistctl_node]: [SERIAL_TX] Timestamp: 1791450965892844282, Sending command (1/1): vcx=0.000,wc=0.000
 [19 bytes written]
[INFO] [1791450965.942912388] [serial_twistctl_node]: [TWIST_RX] Received Twist message - linear.x=0.000, angular.z=0.000, scaled_angular.z=0.000
[INFO] [1791450965.942960032] [serial_twistctl_node]: [SERIAL_TX] Timestamp: 1791450965942950669, Sending command (1/1): vcx=0.000,wc=0.000
 [19 bytes written]
[INFO] [1791450965.992839224] [serial_twistctl_node]: [TWIST_RX] Received Twist message - linear.x=0.021, angular.z=0.000, scaled_angular.z=0.000
[INFO] [1791450965.992880341] [serial_twistctl_node]: [SERIAL_TX] Timestamp: 1791450965992870935, Sending command (1/1): vcx=0.021,wc=0.000
 [19 bytes written]
[INFO] [1791450966.042865377] [serial_twistctl_node]: [TWIST_RX] Received Twist message - linear.x=0.043, angular.z=0.000, scaled_angular.z=0.000
[INFO] [1791450966.042910381] [serial_twistctl_node]: [SERIAL_TX] Timestamp: 1791450966042900378, Sending command (1/1): vcx=0.043,wc=0.000
 [19 bytes written]
[INFO] [1791450966.092787638] [serial_twistctl_node]: [TWIST_RX] Received Twist message - linear.x=0.064, angular.z=0.000, scaled_angular.z=0.000
[INFO] [1791450966.092832240] [serial_twistctl_node]: [SERIAL_TX] Timestamp: 1791450966092821535, Sending command (1/1): vcx=0.064,wc=0.000
 [19 bytes written]
[INFO] [1791450966.142948538] [serial_twistctl_node]: [TWIST_RX] Received Twist message - linear.x=0.085, angular.z=0.000, scaled_angular.z=0.000
[INFO] [1791450966.142990754] [serial_twistctl_node]: [SERIAL_TX] Timestamp: 1791450966142981099, Sending command (1/1): vcx=0.085,wc=0.000
 [19 bytes written]
[INFO] [1791450966.192917986] [serial_twistctl_node]: [TWIST_RX] Received Twist message - linear.x=0.106, angular.z=0.000, scaled_angular.z=0.000
[INFO] [1791450966.192961772] [serial_twistctl_node]: [SERIAL_TX] Timestamp: 1791450966192951640, Sending command (1/1): vcx=0.106,wc=0.000
 [19 bytes written]
[INFO] [1791450966.242874932] [serial_twistctl_node]: [TWIST_RX] Received Twist message - linear.x=0.127, angular.z=0.000, scaled_angular.z=0.000
[INFO] [1791450966.242919099] [serial_twistctl_node]: [SERIAL_TX] Timestamp: 1791450966242909218, Sending command (1/1): vcx=0.127,wc=0.000
 [19 bytes written]
[INFO] [1791450966.292866242] [serial_twistctl_node]: [TWIST_RX] Received Twist message - linear.x=0.149, angular.z=0.000, scaled_angular.z=0.000
[INFO] [1791450966.292911517] [serial_twistctl_node]: [SERIAL_TX] Timestamp: 1791450966292900597, Sending command (1/1): vcx=0.149,wc=0.000
 [19 bytes written]
[INFO] [1791450966.342869395] [serial_twistctl_node]: [TWIST_RX] Received Twist message - linear.x=0.170, angular.z=0.000, scaled_angular.z=0.000
[INFO] [1791450966.342912500] [serial_twistctl_node]: [SERIAL_TX] Timestamp: 1791450966342902375, Sending command (1/1): vcx=0.170,wc=0.000
 [19 bytes written]
[INFO] [1791450966.392921610] [serial_twistctl_node]: [TWIST_RX] Received Twist message - linear.x=0.191, angular.z=0.000, scaled_angular.z=0.000
[INFO] [1791450966.392964064] [serial_twistctl_node]: [SERIAL_TX] Timestamp: 1791450966392954153, Sending command (1/1): vcx=0.191,wc=0.000
 [19 bytes written]
[INFO] [1791450966.442901839] [serial_twistctl_node]: [TWIST_RX] Received Twist message - linear.x=0.212, angular.z=0.000, scaled_angular.z=0.000
[INFO] [1791450966.442946871] [serial_twistctl_node]: [SERIAL_TX] Timestamp: 1791450966442938246, Sending command (1/1): vcx=0.212,wc=0.000
 [19 bytes written]
[INFO] [1791450966.492931148] [serial_twistctl_node]: [TWIST_RX] Received Twist message - linear.x=0.217, angular.z=0.000, scaled_angular.z=0.000
[INFO] [1791450966.492972672] [serial_twistctl_node]: [SERIAL_TX] Timestamp: 1791450966492963373, Sending command (1/1): vcx=0.217,wc=0.000
 [19 bytes written]
[INFO] [1791450966.542870936] [serial_twistctl_node]: [TWIST_RX] Received Twist message - linear.x=0.219, angular.z=0.000, scaled_angular.z=0.000
[INFO] [1791450966.542915169] [serial_twistctl_node]: [SERIAL_TX] Timestamp: 1791450966542904782, Sending command (1/1): vcx=0.219,wc=0.000
 [19 bytes written]
[INFO] [1791450966.592814430] [serial_twistctl_node]: [TWIST_RX] Received Twist message - linear.x=0.221, angular.z=0.000, scaled_angular.z=0.000
[INFO] [1791450966.592861665] [serial_twistctl_node]: [SERIAL_TX] Timestamp: 1791450966592852439, Sending command (1/1): vcx=0.221,wc=0.000
 [19 bytes written]
[INFO] [1791450966.642927052] [serial_twistctl_node]: [TWIST_RX] Received Twist message - linear.x=0.219, angular.z=0.000, scaled_angular.z=0.000
[INFO] [1791450966.642967899] [serial_twistctl_node]: [SERIAL_TX] Timestamp: 1791450966642957848, Sending command (1/1): vcx=0.219,wc=0.000
 [19 bytes written]
[INFO] [1791450966.692834446] [serial_twistctl_node]: [TWIST_RX] Received Twist message - linear.x=0.221, angular.z=0.000, scaled_angular.z=0.000
[INFO] [1791450966.692877161] [serial_twistctl_node]: [SERIAL_TX] Timestamp: 1791450966692868173, Sending command (1/1): vcx=0.221,wc=0.000
 [19 bytes written]
[INFO] [1791450966.742841768] [serial_twistctl_node]: [TWIST_RX] Received Twist message - linear.x=0.218, angular.z=0.000, scaled_angular.z=0.000
[INFO] [1791450966.742877406] [serial_twistctl_node]: [SERIAL_TX] Timestamp: 1791450966742867454, Sending command (1/1): vcx=0.218,wc=0.000
 [19 bytes written]
[INFO] [1791450966.792823838] [serial_twistctl_node]: [TWIST_RX] Received Twist message - linear.x=0.221, angular.z=0.000, scaled_angular.z=0.000
[INFO] [1791450966.792860318] [serial_twistctl_node]: [SERIAL_TX] Timestamp: 1791450966792851040, Sending command (1/1): vcx=0.221,wc=0.000
 [19 bytes written]
[INFO] [1791450966.843039644] [serial_twistctl_node]: [TWIST_RX] Received Twist message - linear.x=0.218, angular.z=0.000, scaled_angular.z=0.000
[INFO] [1791450966.843087789] [serial_twistctl_node]: [SERIAL_TX] Timestamp: 1791450966843079182, Sending command (1/1): vcx=0.218,wc=0.000
 [19 bytes written]
[INFO] [1791450966.892750385] [serial_twistctl_node]: [TWIST_RX] Received Twist message - linear.x=0.220, angular.z=0.000, scaled_angular.z=0.000
[INFO] [1791450966.892797725] [serial_twistctl_node]: [SERIAL_TX] Timestamp: 1791450966892788693, Sending command (1/1): vcx=0.220,wc=0.000
 [19 bytes written]
[INFO] [1791450966.942745401] [serial_twistctl_node]: [TWIST_RX] Received Twist message - linear.x=0.217, angular.z=0.000, scaled_angular.z=0.000
[INFO] [1791450966.942783850] [serial_twistctl_node]: [SERIAL_TX] Timestamp: 1791450966942774776, Sending command (1/1): vcx=0.217,wc=0.000
 [19 bytes written]
[INFO] [1791450966.992751516] [serial_twistctl_node]: [TWIST_RX] Received Twist message - linear.x=0.219, angular.z=0.000, scaled_angular.z=0.000
[INFO] [1791450966.992792520] [serial_twistctl_node]: [SERIAL_TX] Timestamp: 1791450966992782770, Sending command (1/1): vcx=0.219,wc=0.000
 [19 bytes written]
[INFO] [1791450967.042794158] [serial_twistctl_node]: [TWIST_RX] Received Twist message - linear.x=0.216, angular.z=0.000, scaled_angular.z=0.000
[INFO] [1791450967.042838210] [serial_twistctl_node]: [SERIAL_TX] Timestamp: 1791450967042829277, Sending command (1/1): vcx=0.216,wc=0.000
 [19 bytes written]
[INFO] [1791450967.092819436] [serial_twistctl_node]: [TWIST_RX] Received Twist message - linear.x=0.219, angular.z=0.000, scaled_angular.z=0.000
[INFO] [1791450967.092861829] [serial_twistctl_node]: [SERIAL_TX] Timestamp: 1791450967092852323, Sending command (1/1): vcx=0.219,wc=0.000
 [19 bytes written]
[INFO] [1791450967.142787038] [serial_twistctl_node]: [TWIST_RX] Received Twist message - linear.x=0.221, angular.z=0.000, scaled_angular.z=0.000
[INFO] [1791450967.142830507] [serial_twistctl_node]: [SERIAL_TX] Timestamp: 1791450967142821142, Sending command (1/1): vcx=0.221,wc=0.000
 [19 bytes written]
[INFO] [1791450967.192797910] [serial_twistctl_node]: [TWIST_RX] Received Twist message - linear.x=0.218, angular.z=0.000, scaled_angular.z=0.000
[INFO] [1791450967.192840695] [serial_twistctl_node]: [SERIAL_TX] Timestamp: 1791450967192831437, Sending command (1/1): vcx=0.218,wc=0.000
 [19 bytes written]
[INFO] [1791450967.242806616] [serial_twistctl_node]: [TWIST_RX] Received Twist message - linear.x=0.220, angular.z=0.000, scaled_angular.z=0.000
[INFO] [1791450967.242851706] [serial_twistctl_node]: [SERIAL_TX] Timestamp: 1791450967242840136, Sending command (1/1): vcx=0.220,wc=0.000
 [19 bytes written]
[INFO] [1791450967.292946503] [serial_twistctl_node]: [TWIST_RX] Received Twist message - linear.x=0.218, angular.z=0.000, scaled_angular.z=0.000
[INFO] [1791450967.292995852] [serial_twistctl_node]: [SERIAL_TX] Timestamp: 1791450967292986472, Sending command (1/1): vcx=0.218,wc=0.000
 [19 bytes written]
[INFO] [1791450967.342823955] [serial_twistctl_node]: [TWIST_RX] Received Twist message - linear.x=0.220, angular.z=0.000, scaled_angular.z=0.000
[INFO] [1791450967.342865961] [serial_twistctl_node]: [SERIAL_TX] Timestamp: 1791450967342856744, Sending command (1/1): vcx=0.220,wc=0.000
 [19 bytes written]
[INFO] [1791450967.392980233] [serial_twistctl_node]: [TWIST_RX] Received Twist message - linear.x=0.217, angular.z=0.000, scaled_angular.z=0.000
[INFO] [1791450967.393023563] [serial_twistctl_node]: [SERIAL_TX] Timestamp: 1791450967393013094, Sending command (1/1): vcx=0.217,wc=0.000
 [19 bytes written]
[INFO] [1791450967.442851248] [serial_twistctl_node]: [TWIST_RX] Received Twist message - linear.x=0.219, angular.z=0.000, scaled_angular.z=0.000
[INFO] [1791450967.442891405] [serial_twistctl_node]: [SERIAL_TX] Timestamp: 1791450967442882039, Sending command (1/1): vcx=0.219,wc=0.000
 [19 bytes written]
[INFO] [1791450967.492804125] [serial_twistctl_node]: [TWIST_RX] Received Twist message - linear.x=0.217, angular.z=0.000, scaled_angular.z=0.000
[INFO] [1791450967.492843549] [serial_twistctl_node]: [SERIAL_TX] Timestamp: 1791450967492833729, Sending command (1/1): vcx=0.217,wc=0.000
 [19 bytes written]
[INFO] [1791450967.542767845] [serial_twistctl_node]: [TWIST_RX] Received Twist message - linear.x=0.220, angular.z=0.000, scaled_angular.z=0.000
[INFO] [1791450967.542808944] [serial_twistctl_node]: [SERIAL_TX] Timestamp: 1791450967542799557, Sending command (1/1): vcx=0.220,wc=0.000
 [19 bytes written]
[INFO] [1791450967.592909087] [serial_twistctl_node]: [TWIST_RX] Received Twist message - linear.x=0.217, angular.z=0.000, scaled_angular.z=0.000
[INFO] [1791450967.592951492] [serial_twistctl_node]: [SERIAL_TX] Timestamp: 1791450967592941744, Sending command (1/1): vcx=0.217,wc=0.000
 [19 bytes written]
[INFO] [1791450967.642694069] [serial_twistctl_node]: [TWIST_RX] Received Twist message - linear.x=0.220, angular.z=0.000, scaled_angular.z=0.000
[INFO] [1791450967.642734610] [serial_twistctl_node]: [SERIAL_TX] Timestamp: 1791450967642725892, Sending command (1/1): vcx=0.220,wc=0.000
 [19 bytes written]
[INFO] [1791450967.692733055] [serial_twistctl_node]: [TWIST_RX] Received Twist message - linear.x=0.217, angular.z=0.000, scaled_angular.z=0.000
[INFO] [1791450967.692779592] [serial_twistctl_node]: [SERIAL_TX] Timestamp: 1791450967692769856, Sending command (1/1): vcx=0.217,wc=0.000
 [19 bytes written]
[INFO] [1791450967.742955998] [serial_twistctl_node]: [TWIST_RX] Received Twist message - linear.x=0.220, angular.z=0.000, scaled_angular.z=0.000
[INFO] [1791450967.742993559] [serial_twistctl_node]: [SERIAL_TX] Timestamp: 1791450967742985134, Sending command (1/1): vcx=0.220,wc=0.000
 [19 bytes written]
[INFO] [1791450967.792907064] [serial_twistctl_node]: [TWIST_RX] Received Twist message - linear.x=0.217, angular.z=0.000, scaled_angular.z=0.000
[INFO] [1791450967.792947145] [serial_twistctl_node]: [SERIAL_TX] Timestamp: 1791450967792937936, Sending command (1/1): vcx=0.217,wc=0.000
 [19 bytes written]
[INFO] [1791450967.842860155] [serial_twistctl_node]: [TWIST_RX] Received Twist message - linear.x=0.220, angular.z=0.000, scaled_angular.z=0.000
[INFO] [1791450967.842901628] [serial_twistctl_node]: [SERIAL_TX] Timestamp: 1791450967842892795, Sending command (1/1): vcx=0.220,wc=0.000
 [19 bytes written]
[INFO] [1791450967.892972034] [serial_twistctl_node]: [TWIST_RX] Received Twist message - linear.x=0.217, angular.z=0.000, scaled_angular.z=0.000
[INFO] [1791450967.893013370] [serial_twistctl_node]: [SERIAL_TX] Timestamp: 1791450967893003761, Sending command (1/1): vcx=0.217,wc=0.000
 [19 bytes written]
[INFO] [1791450967.942941452] [serial_twistctl_node]: [TWIST_RX] Received Twist message - linear.x=0.000, angular.z=0.000, scaled_angular.z=0.000
[INFO] [1791450967.942990926] [serial_twistctl_node]: [SERIAL_TX] Timestamp: 1791450967942981241, Sending command (1/1): vcx=0.000,wc=0.000
 [19 bytes written]
[INFO] [1791450967.993160270] [serial_twistctl_node]: [TWIST_RX] Received Twist message - linear.x=0.000, angular.z=0.000, scaled_angular.z=0.000
[INFO] [1791450967.993198183] [serial_twistctl_node]: [SERIAL_TX] Timestamp: 1791450967993187819, Sending command (1/1): vcx=0.000,wc=0.000
 [19 bytes written]
[INFO] [1791450968.042936841] [serial_twistctl_node]: [TWIST_RX] Received Twist message - linear.x=0.000, angular.z=0.000, scaled_angular.z=0.000
[INFO] [1791450968.042981065] [serial_twistctl_node]: [SERIAL_TX] Timestamp: 1791450968042970791, Sending command (1/1): vcx=0.000,wc=0.000
 [19 bytes written]
[INFO] [1791450968.092862487] [serial_twistctl_node]: [TWIST_RX] Received Twist message - linear.x=0.000, angular.z=0.000, scaled_angular.z=0.000
[INFO] [1791450968.092906696] [serial_twistctl_node]: [SERIAL_TX] Timestamp: 1791450968092896297, Sending command (1/1): vcx=0.000,wc=0.000
 [19 bytes written]
[INFO] [1791450968.142762112] [serial_twistctl_node]: [TWIST_RX] Received Twist message - linear.x=0.000, angular.z=0.000, scaled_angular.z=0.000
[INFO] [1791450968.142802935] [serial_twistctl_node]: [SERIAL_TX] Timestamp: 1791450968142793639, Sending command (1/1): vcx=0.000,wc=0.000
 [19 bytes written]
[INFO] [1791450968.192869632] [serial_twistctl_node]: [TWIST_RX] Received Twist message - linear.x=0.000, angular.z=0.000, scaled_angular.z=0.000
[INFO] [1791450968.192910006] [serial_twistctl_node]: [SERIAL_TX] Timestamp: 1791450968192900840, Sending command (1/1): vcx=0.000,wc=0.000
 [19 bytes written]
[INFO] [1791450968.242798602] [serial_twistctl_node]: [TWIST_RX] Received Twist message - linear.x=0.000, angular.z=0.000, scaled_angular.z=0.000
[INFO] [1791450968.242846426] [serial_twistctl_node]: [SERIAL_TX] Timestamp: 1791450968242835831, Sending command (1/1): vcx=0.000,wc=0.000
 [19 bytes written]
[INFO] [1791450968.292811912] [serial_twistctl_node]: [TWIST_RX] Received Twist message - linear.x=0.000, angular.z=0.000, scaled_angular.z=0.000
[INFO] [1791450968.292856111] [serial_twistctl_node]: [SERIAL_TX] Timestamp: 1791450968292845692, Sending command (1/1): vcx=0.000,wc=0.000
 [19 bytes written]
[INFO] [1791450968.342691668] [serial_twistctl_node]: [TWIST_RX] Received Twist message - linear.x=0.000, angular.z=0.000, scaled_angular.z=0.000
[INFO] [1791450968.342734764] [serial_twistctl_node]: [SERIAL_TX] Timestamp: 1791450968342724652, Sending command (1/1): vcx=0.000,wc=0.000
 [19 bytes written]
[INFO] [1791450968.392845196] [serial_twistctl_node]: [TWIST_RX] Received Twist message - linear.x=0.000, angular.z=0.000, scaled_angular.z=0.000
[INFO] [1791450968.392888616] [serial_twistctl_node]: [SERIAL_TX] Timestamp: 1791450968392878390, Sending command (1/1): vcx=0.000,wc=0.000
 [19 bytes written]
[INFO] [1791450968.442785579] [serial_twistctl_node]: [TWIST_RX] Received Twist message - linear.x=0.000, angular.z=0.000, scaled_angular.z=0.000
[INFO] [1791450968.442823787] [serial_twistctl_node]: [SERIAL_TX] Timestamp: 1791450968442814632, Sending command (1/1): vcx=0.000,wc=0.000
 [19 bytes written]
[INFO] [1791450968.492840058] [serial_twistctl_node]: [TWIST_RX] Received Twist message - linear.x=0.000, angular.z=0.000, scaled_angular.z=0.000
[INFO] [1791450968.492880985] [serial_twistctl_node]: [SERIAL_TX] Timestamp: 1791450968492870648, Sending command (1/1): vcx=0.000,wc=0.000
 [19 bytes written]
[INFO] [1791450968.542798994] [serial_twistctl_node]: [TWIST_RX] Received Twist message - linear.x=0.000, angular.z=0.000, scaled_angular.z=0.000
[INFO] [1791450968.542838321] [serial_twistctl_node]: [SERIAL_TX] Timestamp: 1791450968542828750, Sending command (1/1): vcx=0.000,wc=0.000
 [19 bytes written]
[INFO] [1791450968.592740938] [serial_twistctl_node]: [TWIST_RX] Received Twist message - linear.x=0.000, angular.z=0.000, scaled_angular.z=0.000
[INFO] [1791450968.592795177] [serial_twistctl_node]: [SERIAL_TX] Timestamp: 1791450968592782785, Sending command (1/1): vcx=0.000,wc=0.000
 [19 bytes written]
[INFO] [1791450968.642922484] [serial_twistctl_node]: [TWIST_RX] Received Twist message - linear.x=0.000, angular.z=0.000, scaled_angular.z=0.000
[INFO] [1791450968.642966923] [serial_twistctl_node]: [SERIAL_TX] Timestamp: 1791450968642956415, Sending command (1/1): vcx=0.000,wc=0.000
 [19 bytes written]
[INFO] [1791450968.692805763] [serial_twistctl_node]: [TWIST_RX] Received Twist message - linear.x=0.000, angular.z=0.000, scaled_angular.z=0.000
[INFO] [1791450968.692845780] [serial_twistctl_node]: [SERIAL_TX] Timestamp: 1791450968692836393, Sending command (1/1): vcx=0.000,wc=0.000
 [19 bytes written]
[INFO] [1791450968.742843480] [serial_twistctl_node]: [TWIST_RX] Received Twist message - linear.x=0.000, angular.z=0.000, scaled_angular.z=0.000
[INFO] [1791450968.742884510] [serial_twistctl_node]: [SERIAL_TX] Timestamp: 1791450968742874875, Sending command (1/1): vcx=0.000,wc=0.000
 [19 bytes written]
[INFO] [1791450968.792928429] [serial_twistctl_node]: [TWIST_RX] Received Twist message - linear.x=0.000, angular.z=0.000, scaled_angular.z=0.000
[INFO] [1791450968.792970729] [serial_twistctl_node]: [SERIAL_TX] Timestamp: 1791450968792961050, Sending command (1/1): vcx=0.000,wc=0.000
 [19 bytes written]
[INFO] [1791450968.842869924] [serial_twistctl_node]: [TWIST_RX] Received Twist message - linear.x=0.000, angular.z=0.000, scaled_angular.z=0.000
[INFO] [1791450968.842908416] [serial_twistctl_node]: [SERIAL_TX] Timestamp: 1791450968842900100, Sending command (1/1): vcx=0.000,wc=0.000
 [19 bytes written]
[INFO] [1791450968.892806809] [serial_twistctl_node]: [TWIST_RX] Received Twist message - linear.x=0.000, angular.z=0.000, scaled_angular.z=0.000
[INFO] [1791450968.892848388] [serial_twistctl_node]: [SERIAL_TX] Timestamp: 1791450968892838416, Sending command (1/1): vcx=0.000,wc=0.000
 [19 bytes written]
[INFO] [1791450968.942890069] [serial_twistctl_node]: [TWIST_RX] Received Twist message - linear.x=0.000, angular.z=0.000, scaled_angular.z=0.000
[INFO] [1791450968.942928472] [serial_twistctl_node]: [SERIAL_TX] Timestamp: 1791450968942920935, Sending command (1/1): vcx=0.000,wc=0.000
 [19 bytes written]
[INFO] [1791450968.992752181] [serial_twistctl_node]: [TWIST_RX] Received Twist message - linear.x=0.000, angular.z=0.000, scaled_angular.z=0.000
[INFO] [1791450968.992793767] [serial_twistctl_node]: [SERIAL_TX] Timestamp: 1791450968992784306, Sending command (1/1): vcx=0.000,wc=0.000
 [19 bytes written]
[INFO] [1791450969.042876141] [serial_twistctl_node]: [TWIST_RX] Received Twist message - linear.x=0.000, angular.z=0.000, scaled_angular.z=0.000
[INFO] [1791450969.042918356] [serial_twistctl_node]: [SERIAL_TX] Timestamp: 1791450969042909826, Sending command (1/1): vcx=0.000,wc=0.000
 [19 bytes written]
[INFO] [1791450969.092795741] [serial_twistctl_node]: [TWIST_RX] Received Twist message - linear.x=0.000, angular.z=0.000, scaled_angular.z=0.000
[INFO] [1791450969.092838173] [serial_twistctl_node]: [SERIAL_TX] Timestamp: 1791450969092828640, Sending command (1/1): vcx=0.000,wc=0.000
 [19 bytes written]
[INFO] [1791450969.143029795] [serial_twistctl_node]: [TWIST_RX] Received Twist message - linear.x=0.000, angular.z=0.000, scaled_angular.z=0.000
[INFO] [1791450969.143079603] [serial_twistctl_node]: [SERIAL_TX] Timestamp: 1791450969143069558, Sending command (1/1): vcx=0.000,wc=0.000
 [19 bytes written]
[INFO] [1791450969.192918290] [serial_twistctl_node]: [TWIST_RX] Received Twist message - linear.x=0.000, angular.z=0.000, scaled_angular.z=0.000
[INFO] [1791450969.192960889] [serial_twistctl_node]: [SERIAL_TX] Timestamp: 1791450969192951025, Sending command (1/1): vcx=0.000,wc=0.000
 [19 bytes written]
[INFO] [1791450969.243010810] [serial_twistctl_node]: [TWIST_RX] Received Twist message - linear.x=0.000, angular.z=0.000, scaled_angular.z=0.000
[INFO] [1791450969.243053476] [serial_twistctl_node]: [SERIAL_TX] Timestamp: 1791450969243044478, Sending command (1/1): vcx=0.000,wc=0.000
 [19 bytes written]
[INFO] [1791450969.293013090] [serial_twistctl_node]: [TWIST_RX] Received Twist message - linear.x=0.000, angular.z=0.000, scaled_angular.z=0.000
[INFO] [1791450969.293070778] [serial_twistctl_node]: [SERIAL_TX] Timestamp: 1791450969293054156, Sending command (1/1): vcx=0.000,wc=0.000
 [19 bytes written]
[INFO] [1791450969.342706393] [serial_twistctl_node]: [TWIST_RX] Received Twist message - linear.x=0.000, angular.z=0.000, scaled_angular.z=0.000
[INFO] [1791450969.342755631] [serial_twistctl_node]: [SERIAL_TX] Timestamp: 1791450969342743397, Sending command (1/1): vcx=0.000,wc=0.000
 [19 bytes written]
[INFO] [1791450969.392931359] [serial_twistctl_node]: [TWIST_RX] Received Twist message - linear.x=0.000, angular.z=0.000, scaled_angular.z=0.000
[INFO] [1791450969.392994594] [serial_twistctl_node]: [SERIAL_TX] Timestamp: 1791450969392979208, Sending command (1/1): vcx=0.000,wc=0.000
 [19 bytes written]
[INFO] [1791450969.442948619] [serial_twistctl_node]: [TWIST_RX] Received Twist message - linear.x=0.000, angular.z=0.000, scaled_angular.z=0.000
[INFO] [1791450969.442995947] [serial_twistctl_node]: [SERIAL_TX] Timestamp: 1791450969442985020, Sending command (1/1): vcx=0.000,wc=0.000
 [19 bytes written]
[INFO] [1791450969.492847548] [serial_twistctl_node]: [TWIST_RX] Received Twist message - linear.x=0.000, angular.z=0.000, scaled_angular.z=0.000
[INFO] [1791450969.492889928] [serial_twistctl_node]: [SERIAL_TX] Timestamp: 1791450969492880223, Sending command (1/1): vcx=0.000,wc=0.000
 [19 bytes written]
[INFO] [1791450969.542908298] [serial_twistctl_node]: [TWIST_RX] Received Twist message - linear.x=0.000, angular.z=0.000, scaled_angular.z=0.000
[INFO] [1791450969.542949174] [serial_twistctl_node]: [SERIAL_TX] Timestamp: 1791450969542939620, Sending command (1/1): vcx=0.000,wc=0.000
 [19 bytes written]
[INFO] [1791450969.592739837] [serial_twistctl_node]: [TWIST_RX] Received Twist message - linear.x=0.000, angular.z=0.000, scaled_angular.z=0.000
[INFO] [1791450969.592779538] [serial_twistctl_node]: [SERIAL_TX] Timestamp: 1791450969592770554, Sending command (1/1): vcx=0.000,wc=0.000
 [19 bytes written]
[INFO] [1791450969.642907371] [serial_twistctl_node]: [TWIST_RX] Received Twist message - linear.x=0.000, angular.z=0.000, scaled_angular.z=0.000
[INFO] [1791450969.642950062] [serial_twistctl_node]: [SERIAL_TX] Timestamp: 1791450969642940584, Sending command (1/1): vcx=0.000,wc=0.000
 [19 bytes written]
[INFO] [1791450969.692783473] [serial_twistctl_node]: [TWIST_RX] Received Twist message - linear.x=0.000, angular.z=0.000, scaled_angular.z=0.000
[INFO] [1791450969.692825429] [serial_twistctl_node]: [SERIAL_TX] Timestamp: 1791450969692815842, Sending command (1/1): vcx=0.000,wc=0.000
 [19 bytes written]
[INFO] [1791450969.743032427] [serial_twistctl_node]: [TWIST_RX] Received Twist message - linear.x=0.000, angular.z=0.000, scaled_angular.z=0.000
[INFO] [1791450969.743079149] [serial_twistctl_node]: [SERIAL_TX] Timestamp: 1791450969743069641, Sending command (1/1): vcx=0.000,wc=0.000
 [19 bytes written]
[INFO] [1791450969.792828149] [serial_twistctl_node]: [TWIST_RX] Received Twist message - linear.x=0.000, angular.z=0.000, scaled_angular.z=0.000
[INFO] [1791450969.834722213] [serial_twistctl_node]: [SERIAL_TX] Timestamp: 1791450969834710923, Sending command (1/1): vcx=0.000,wc=0.000
 [19 bytes written]
[INFO] [1791450969.843150064] [serial_twistctl_node]: [TWIST_RX] Received Twist message - linear.x=0.000, angular.z=0.000, scaled_angular.z=0.000
[INFO] [1791450969.843184890] [serial_twistctl_node]: [SERIAL_TX] Timestamp: 1791450969843179427, Sending command (1/1): vcx=0.000,wc=0.000
 [19 bytes written]
[INFO] [1791450969.893033111] [serial_twistctl_node]: [TWIST_RX] Received Twist message - linear.x=0.000, angular.z=0.000, scaled_angular.z=0.000
[INFO] [1791450969.893086406] [serial_twistctl_node]: [SERIAL_TX] Timestamp: 1791450969893075433, Sending command (1/1): vcx=0.000,wc=0.000
 [19 bytes written]
[INFO] [1791450969.942890372] [serial_twistctl_node]: [TWIST_RX] Received Twist message - linear.x=0.000, angular.z=0.000, scaled_angular.z=0.000
[INFO] [1791450969.942938282] [serial_twistctl_node]: [SERIAL_TX] Timestamp: 1791450969942927033, Sending command (1/1): vcx=0.000,wc=0.000
 [19 bytes written]
[INFO] [1791450969.992840203] [serial_twistctl_node]: [TWIST_RX] Received Twist message - linear.x=0.000, angular.z=0.000, scaled_angular.z=0.000
[INFO] [1791450969.992879051] [serial_twistctl_node]: [SERIAL_TX] Timestamp: 1791450969992870442, Sending command (1/1): vcx=0.000,wc=0.000
 [19 bytes written]
[INFO] [1791450970.042918273] [serial_twistctl_node]: [TWIST_RX] Received Twist message - linear.x=0.000, angular.z=0.000, scaled_angular.z=0.000
[INFO] [1791450970.042959997] [serial_twistctl_node]: [SERIAL_TX] Timestamp: 1791450970042951797, Sending command (1/1): vcx=0.000,wc=0.000
 [19 bytes written]
[INFO] [1791450970.092968736] [serial_twistctl_node]: [TWIST_RX] Received Twist message - linear.x=0.000, angular.z=0.000, scaled_angular.z=0.000
[INFO] [1791450970.093010465] [serial_twistctl_node]: [SERIAL_TX] Timestamp: 1791450970093001093, Sending command (1/1): vcx=0.000,wc=0.000
 [19 bytes written]
[INFO] [1791450970.142883702] [serial_twistctl_node]: [TWIST_RX] Received Twist message - linear.x=0.000, angular.z=0.000, scaled_angular.z=0.000
[INFO] [1791450970.142929056] [serial_twistctl_node]: [SERIAL_TX] Timestamp: 1791450970142919054, Sending command (1/1): vcx=0.000,wc=0.000
 [19 bytes written]
[INFO] [1791450970.193004236] [serial_twistctl_node]: [TWIST_RX] Received Twist message - linear.x=0.000, angular.z=0.000, scaled_angular.z=0.000
[INFO] [1791450970.193052248] [serial_twistctl_node]: [SERIAL_TX] Timestamp: 1791450970193041803, Sending command (1/1): vcx=0.000,wc=0.000
 [19 bytes written]
[INFO] [1791450970.242766773] [serial_twistctl_node]: [TWIST_RX] Received Twist message - linear.x=0.000, angular.z=0.000, scaled_angular.z=0.000
[INFO] [1791450970.242811230] [serial_twistctl_node]: [SERIAL_TX] Timestamp: 1791450970242801119, Sending command (1/1): vcx=0.000,wc=0.000
 [19 bytes written]
[INFO] [1791450970.292896405] [serial_twistctl_node]: [TWIST_RX] Received Twist message - linear.x=0.000, angular.z=0.000, scaled_angular.z=0.000
[INFO] [1791450970.292938090] [serial_twistctl_node]: [SERIAL_TX] Timestamp: 1791450970292928940, Sending command (1/1): vcx=0.000,wc=0.000
 [19 bytes written]
[INFO] [1791450970.342801130] [serial_twistctl_node]: [TWIST_RX] Received Twist message - linear.x=0.000, angular.z=0.000, scaled_angular.z=0.000
[INFO] [1791450970.342840072] [serial_twistctl_node]: [SERIAL_TX] Timestamp: 1791450970342831148, Sending command (1/1): vcx=0.000,wc=0.000
 [19 bytes written]
[INFO] [1791450970.392844718] [serial_twistctl_node]: [TWIST_RX] Received Twist message - linear.x=0.021, angular.z=0.000, scaled_angular.z=0.000
[INFO] [1791450970.392901820] [serial_twistctl_node]: [SERIAL_TX] Timestamp: 1791450970392890136, Sending command (1/1): vcx=0.021,wc=0.000
 [19 bytes written]
[INFO] [1791450970.442785380] [serial_twistctl_node]: [TWIST_RX] Received Twist message - linear.x=0.043, angular.z=0.000, scaled_angular.z=0.000
[INFO] [1791450970.442844288] [serial_twistctl_node]: [SERIAL_TX] Timestamp: 1791450970442830663, Sending command (1/1): vcx=0.043,wc=0.000
 [19 bytes written]
[INFO] [1791450970.492830488] [serial_twistctl_node]: [TWIST_RX] Received Twist message - linear.x=0.064, angular.z=0.000, scaled_angular.z=0.000
[INFO] [1791450970.492891912] [serial_twistctl_node]: [SERIAL_TX] Timestamp: 1791450970492879146, Sending command (1/1): vcx=0.064,wc=0.000
 [19 bytes written]
[INFO] [1791450970.542775336] [serial_twistctl_node]: [TWIST_RX] Received Twist message - linear.x=0.085, angular.z=0.000, scaled_angular.z=0.000
[INFO] [1791450970.542830310] [serial_twistctl_node]: [SERIAL_TX] Timestamp: 1791450970542819417, Sending command (1/1): vcx=0.085,wc=0.000
 [19 bytes written]
[INFO] [1791450970.592699779] [serial_twistctl_node]: [TWIST_RX] Received Twist message - linear.x=0.106, angular.z=0.000, scaled_angular.z=0.000
[INFO] [1791450970.592753922] [serial_twistctl_node]: [SERIAL_TX] Timestamp: 1791450970592741774, Sending command (1/1): vcx=0.106,wc=0.000
 [19 bytes written]
[INFO] [1791450970.642724981] [serial_twistctl_node]: [TWIST_RX] Received Twist message - linear.x=0.128, angular.z=0.000, scaled_angular.z=0.000
[INFO] [1791450970.642792609] [serial_twistctl_node]: [SERIAL_TX] Timestamp: 1791450970642779973, Sending command (1/1): vcx=0.128,wc=0.000
 [19 bytes written]
[INFO] [1791450970.692745466] [serial_twistctl_node]: [TWIST_RX] Received Twist message - linear.x=0.149, angular.z=0.000, scaled_angular.z=0.000
[INFO] [1791450970.692798440] [serial_twistctl_node]: [SERIAL_TX] Timestamp: 1791450970692785986, Sending command (1/1): vcx=0.149,wc=0.000
 [19 bytes written]
[INFO] [1791450970.742721957] [serial_twistctl_node]: [TWIST_RX] Received Twist message - linear.x=0.170, angular.z=0.000, scaled_angular.z=0.000
[INFO] [1791450970.742776023] [serial_twistctl_node]: [SERIAL_TX] Timestamp: 1791450970742764130, Sending command (1/1): vcx=0.170,wc=0.000
 [19 bytes written]
[INFO] [1791450970.792780082] [serial_twistctl_node]: [TWIST_RX] Received Twist message - linear.x=0.191, angular.z=0.000, scaled_angular.z=0.000
[INFO] [1791450970.792835708] [serial_twistctl_node]: [SERIAL_TX] Timestamp: 1791450970792822535, Sending command (1/1): vcx=0.191,wc=0.000
 [19 bytes written]
[INFO] [1791450970.842804798] [serial_twistctl_node]: [TWIST_RX] Received Twist message - linear.x=0.213, angular.z=0.000, scaled_angular.z=0.000
[INFO] [1791450970.842854693] [serial_twistctl_node]: [SERIAL_TX] Timestamp: 1791450970842843267, Sending command (1/1): vcx=0.213,wc=0.000
 [19 bytes written]
[INFO] [1791450970.892749088] [serial_twistctl_node]: [TWIST_RX] Received Twist message - linear.x=0.218, angular.z=0.000, scaled_angular.z=0.000
[INFO] [1791450970.892808058] [serial_twistctl_node]: [SERIAL_TX] Timestamp: 1791450970892796105, Sending command (1/1): vcx=0.218,wc=0.000
 [19 bytes written]
[INFO] [1791450970.942797788] [serial_twistctl_node]: [TWIST_RX] Received Twist message - linear.x=0.220, angular.z=0.000, scaled_angular.z=0.000
[INFO] [1791450970.942855063] [serial_twistctl_node]: [SERIAL_TX] Timestamp: 1791450970942842172, Sending command (1/1): vcx=0.220,wc=0.000
 [19 bytes written]
[INFO] [1791450970.992934188] [serial_twistctl_node]: [TWIST_RX] Received Twist message - linear.x=0.217, angular.z=0.000, scaled_angular.z=0.000
[INFO] [1791450970.992990702] [serial_twistctl_node]: [SERIAL_TX] Timestamp: 1791450970992977633, Sending command (1/1): vcx=0.217,wc=0.000
 [19 bytes written]
[INFO] [1791450971.042797694] [serial_twistctl_node]: [TWIST_RX] Received Twist message - linear.x=0.219, angular.z=0.000, scaled_angular.z=0.000
[INFO] [1791450971.042855104] [serial_twistctl_node]: [SERIAL_TX] Timestamp: 1791450971042842136, Sending command (1/1): vcx=0.219,wc=0.000
 [19 bytes written]
[INFO] [1791450971.092977396] [serial_twistctl_node]: [TWIST_RX] Received Twist message - linear.x=0.221, angular.z=0.000, scaled_angular.z=0.000
[INFO] [1791450971.093032116] [serial_twistctl_node]: [SERIAL_TX] Timestamp: 1791450971093019972, Sending command (1/1): vcx=0.221,wc=0.000
 [19 bytes written]
[INFO] [1791450971.143002219] [serial_twistctl_node]: [TWIST_RX] Received Twist message - linear.x=0.219, angular.z=0.000, scaled_angular.z=0.000
[INFO] [1791450971.143049903] [serial_twistctl_node]: [SERIAL_TX] Timestamp: 1791450971143038129, Sending command (1/1): vcx=0.219,wc=0.000
 [19 bytes written]
[INFO] [1791450971.192678731] [serial_twistctl_node]: [TWIST_RX] Received Twist message - linear.x=0.221, angular.z=0.000, scaled_angular.z=0.000
[INFO] [1791450971.192733441] [serial_twistctl_node]: [SERIAL_TX] Timestamp: 1791450971192721938, Sending command (1/1): vcx=0.221,wc=0.000
 [19 bytes written]
[INFO] [1791450971.242762532] [serial_twistctl_node]: [TWIST_RX] Received Twist message - linear.x=0.218, angular.z=0.000, scaled_angular.z=0.000
[INFO] [1791450971.242821466] [serial_twistctl_node]: [SERIAL_TX] Timestamp: 1791450971242808064, Sending command (1/1): vcx=0.218,wc=0.000
 [19 bytes written]
[INFO] [1791450971.292880141] [serial_twistctl_node]: [TWIST_RX] Received Twist message - linear.x=0.220, angular.z=0.000, scaled_angular.z=0.000
[INFO] [1791450971.292955821] [serial_twistctl_node]: [SERIAL_TX] Timestamp: 1791450971292943304, Sending command (1/1): vcx=0.220,wc=0.000
 [19 bytes written]
[INFO] [1791450971.342734966] [serial_twistctl_node]: [TWIST_RX] Received Twist message - linear.x=0.218, angular.z=0.000, scaled_angular.z=0.000
[INFO] [1791450971.342794700] [serial_twistctl_node]: [SERIAL_TX] Timestamp: 1791450971342777569, Sending command (1/1): vcx=0.218,wc=0.000
 [19 bytes written]
[INFO] [1791450971.392727703] [serial_twistctl_node]: [TWIST_RX] Received Twist message - linear.x=0.220, angular.z=0.000, scaled_angular.z=0.000
[INFO] [1791450971.392785931] [serial_twistctl_node]: [SERIAL_TX] Timestamp: 1791450971392773434, Sending command (1/1): vcx=0.220,wc=0.000
 [19 bytes written]
[INFO] [1791450971.442772415] [serial_twistctl_node]: [TWIST_RX] Received Twist message - linear.x=0.217, angular.z=0.000, scaled_angular.z=0.000
[INFO] [1791450971.442825905] [serial_twistctl_node]: [SERIAL_TX] Timestamp: 1791450971442813904, Sending command (1/1): vcx=0.217,wc=0.000
 [19 bytes written]
[INFO] [1791450971.492689733] [serial_twistctl_node]: [TWIST_RX] Received Twist message - linear.x=0.219, angular.z=0.000, scaled_angular.z=0.000
[INFO] [1791450971.492749379] [serial_twistctl_node]: [SERIAL_TX] Timestamp: 1791450971492736979, Sending command (1/1): vcx=0.219,wc=0.000
 [19 bytes written]
[INFO] [1791450971.542927918] [serial_twistctl_node]: [TWIST_RX] Received Twist message - linear.x=0.221, angular.z=0.000, scaled_angular.z=0.000
[INFO] [1791450971.542979187] [serial_twistctl_node]: [SERIAL_TX] Timestamp: 1791450971542968674, Sending command (1/1): vcx=0.221,wc=0.000
 [19 bytes written]
[INFO] [1791450971.592817018] [serial_twistctl_node]: [TWIST_RX] Received Twist message - linear.x=0.219, angular.z=0.000, scaled_angular.z=0.000
[INFO] [1791450971.592876813] [serial_twistctl_node]: [SERIAL_TX] Timestamp: 1791450971592863778, Sending command (1/1): vcx=0.219,wc=0.000
 [19 bytes written]
[INFO] [1791450971.642741232] [serial_twistctl_node]: [TWIST_RX] Received Twist message - linear.x=0.221, angular.z=0.000, scaled_angular.z=0.000
[INFO] [1791450971.642800812] [serial_twistctl_node]: [SERIAL_TX] Timestamp: 1791450971642788219, Sending command (1/1): vcx=0.221,wc=0.000
 [19 bytes written]
[INFO] [1791450971.692678333] [serial_twistctl_node]: [TWIST_RX] Received Twist message - linear.x=0.218, angular.z=0.000, scaled_angular.z=0.000
[INFO] [1791450971.692736093] [serial_twistctl_node]: [SERIAL_TX] Timestamp: 1791450971692723266, Sending command (1/1): vcx=0.218,wc=0.000
 [19 bytes written]
[INFO] [1791450971.742788877] [serial_twistctl_node]: [TWIST_RX] Received Twist message - linear.x=0.220, angular.z=0.000, scaled_angular.z=0.000
[INFO] [1791450971.742844563] [serial_twistctl_node]: [SERIAL_TX] Timestamp: 1791450971742832805, Sending command (1/1): vcx=0.220,wc=0.000
 [19 bytes written]
[INFO] [1791450971.792741639] [serial_twistctl_node]: [TWIST_RX] Received Twist message - linear.x=0.217, angular.z=0.000, scaled_angular.z=0.000
[INFO] [1791450971.792804070] [serial_twistctl_node]: [SERIAL_TX] Timestamp: 1791450971792792236, Sending command (1/1): vcx=0.217,wc=0.000
 [19 bytes written]
[INFO] [1791450971.842728432] [serial_twistctl_node]: [TWIST_RX] Received Twist message - linear.x=0.000, angular.z=0.000, scaled_angular.z=0.000
[INFO] [1791450971.842785117] [serial_twistctl_node]: [SERIAL_TX] Timestamp: 1791450971842773391, Sending command (1/1): vcx=0.000,wc=0.000
 [19 bytes written]
[INFO] [1791450971.892779670] [serial_twistctl_node]: [TWIST_RX] Received Twist message - linear.x=0.000, angular.z=0.000, scaled_angular.z=0.000
[INFO] [1791450971.892837870] [serial_twistctl_node]: [SERIAL_TX] Timestamp: 1791450971892825342, Sending command (1/1): vcx=0.000,wc=0.000
 [19 bytes written]
[INFO] [1791450971.942735933] [serial_twistctl_node]: [TWIST_RX] Received Twist message - linear.x=0.000, angular.z=0.000, scaled_angular.z=0.000
[INFO] [1791450971.942799598] [serial_twistctl_node]: [SERIAL_TX] Timestamp: 1791450971942787198, Sending command (1/1): vcx=0.000,wc=0.000
 [19 bytes written]
[INFO] [1791450971.992803513] [serial_twistctl_node]: [TWIST_RX] Received Twist message - linear.x=0.000, angular.z=0.000, scaled_angular.z=0.000
[INFO] [1791450971.992858130] [serial_twistctl_node]: [SERIAL_TX] Timestamp: 1791450971992846182, Sending command (1/1): vcx=0.000,wc=0.000
 [19 bytes written]
[INFO] [1791450972.042715687] [serial_twistctl_node]: [TWIST_RX] Received Twist message - linear.x=0.000, angular.z=0.000, scaled_angular.z=0.000
[INFO] [1791450972.042775812] [serial_twistctl_node]: [SERIAL_TX] Timestamp: 1791450972042763123, Sending command (1/1): vcx=0.000,wc=0.000
 [19 bytes written]
[INFO] [1791450972.092827347] [serial_twistctl_node]: [TWIST_RX] Received Twist message - linear.x=0.000, angular.z=0.000, scaled_angular.z=0.000
[INFO] [1791450972.092878814] [serial_twistctl_node]: [SERIAL_TX] Timestamp: 1791450972092867986, Sending command (1/1): vcx=0.000,wc=0.000
 [19 bytes written]
[INFO] [1791450972.142861329] [serial_twistctl_node]: [TWIST_RX] Received Twist message - linear.x=0.000, angular.z=0.000, scaled_angular.z=0.000
[INFO] [1791450972.142931216] [serial_twistctl_node]: [SERIAL_TX] Timestamp: 1791450972142919329, Sending command (1/1): vcx=0.000,wc=0.000
 [19 bytes written]
[INFO] [1791450972.192718512] [serial_twistctl_node]: [TWIST_RX] Received Twist message - linear.x=0.000, angular.z=0.000, scaled_angular.z=0.000
[INFO] [1791450972.192772021] [serial_twistctl_node]: [SERIAL_TX] Timestamp: 1791450972192760647, Sending command (1/1): vcx=0.000,wc=0.000
 [19 bytes written]
[INFO] [1791450972.242978537] [serial_twistctl_node]: [TWIST_RX] Received Twist message - linear.x=0.000, angular.z=0.000, scaled_angular.z=0.000
[INFO] [1791450972.243036818] [serial_twistctl_node]: [SERIAL_TX] Timestamp: 1791450972243024523, Sending command (1/1): vcx=0.000,wc=0.000
 [19 bytes written]
[INFO] [1791450972.292797767] [serial_twistctl_node]: [TWIST_RX] Received Twist message - linear.x=0.000, angular.z=0.000, scaled_angular.z=0.000
[INFO] [1791450972.292854169] [serial_twistctl_node]: [SERIAL_TX] Timestamp: 1791450972292841118, Sending command (1/1): vcx=0.000,wc=0.000
 [19 bytes written]
[INFO] [1791450972.342716451] [serial_twistctl_node]: [TWIST_RX] Received Twist message - linear.x=0.000, angular.z=0.000, scaled_angular.z=0.000
[INFO] [1791450972.342765027] [serial_twistctl_node]: [SERIAL_TX] Timestamp: 1791450972342755703, Sending command (1/1): vcx=0.000,wc=0.000
 [19 bytes written]
[INFO] [1791450972.392804793] [serial_twistctl_node]: [TWIST_RX] Received Twist message - linear.x=0.000, angular.z=0.000, scaled_angular.z=0.000
[INFO] [1791450972.392859010] [serial_twistctl_node]: [SERIAL_TX] Timestamp: 1791450972392846754, Sending command (1/1): vcx=0.000,wc=0.000
 [19 bytes written]
[INFO] [1791450972.442761115] [serial_twistctl_node]: [TWIST_RX] Received Twist message - linear.x=0.000, angular.z=0.000, scaled_angular.z=0.000
[INFO] [1791450972.442810659] [serial_twistctl_node]: [SERIAL_TX] Timestamp: 1791450972442798210, Sending command (1/1): vcx=0.000,wc=0.000
 [19 bytes written]
[INFO] [1791450972.492701356] [serial_twistctl_node]: [TWIST_RX] Received Twist message - linear.x=0.000, angular.z=0.000, scaled_angular.z=0.000
[INFO] [1791450972.492760594] [serial_twistctl_node]: [SERIAL_TX] Timestamp: 1791450972492747884, Sending command (1/1): vcx=0.000,wc=0.000
 [19 bytes written]
[INFO] [1791450972.542737442] [serial_twistctl_node]: [TWIST_RX] Received Twist message - linear.x=0.000, angular.z=0.000, scaled_angular.z=0.000
[INFO] [1791450972.542791935] [serial_twistctl_node]: [SERIAL_TX] Timestamp: 1791450972542780667, Sending command (1/1): vcx=0.000,wc=0.000
 [19 bytes written]
[INFO] [1791450972.592762406] [serial_twistctl_node]: [TWIST_RX] Received Twist message - linear.x=0.000, angular.z=0.000, scaled_angular.z=0.000
[INFO] [1791450972.592818348] [serial_twistctl_node]: [SERIAL_TX] Timestamp: 1791450972592805537, Sending command (1/1): vcx=0.000,wc=0.000
 [19 bytes written]
[INFO] [1791450972.642772128] [serial_twistctl_node]: [TWIST_RX] Received Twist message - linear.x=0.000, angular.z=0.000, scaled_angular.z=0.000
[INFO] [1791450972.642836680] [serial_twistctl_node]: [SERIAL_TX] Timestamp: 1791450972642825285, Sending command (1/1): vcx=0.000,wc=0.000
 [19 bytes written]
[INFO] [1791450972.692784674] [serial_twistctl_node]: [TWIST_RX] Received Twist message - linear.x=0.000, angular.z=0.000, scaled_angular.z=0.000
[INFO] [1791450972.692840795] [serial_twistctl_node]: [SERIAL_TX] Timestamp: 1791450972692827417, Sending command (1/1): vcx=0.000,wc=0.000
 [19 bytes written]
[INFO] [1791450972.742767229] [serial_twistctl_node]: [TWIST_RX] Received Twist message - linear.x=0.000, angular.z=0.000, scaled_angular.z=0.000
[INFO] [1791450972.742821266] [serial_twistctl_node]: [SERIAL_TX] Timestamp: 1791450972742809887, Sending command (1/1): vcx=0.000,wc=0.000
 [19 bytes written]
[INFO] [1791450972.792731033] [serial_twistctl_node]: [TWIST_RX] Received Twist message - linear.x=0.000, angular.z=0.000, scaled_angular.z=0.000
[INFO] [1791450972.792776568] [serial_twistctl_node]: [SERIAL_TX] Timestamp: 1791450972792766901, Sending command (1/1): vcx=0.000,wc=0.000
 [19 bytes written]
[INFO] [1791450972.842723783] [serial_twistctl_node]: [TWIST_RX] Received Twist message - linear.x=0.000, angular.z=0.000, scaled_angular.z=0.000
[INFO] [1791450972.842762250] [serial_twistctl_node]: [SERIAL_TX] Timestamp: 1791450972842752833, Sending command (1/1): vcx=0.000,wc=0.000
 [19 bytes written]
[INFO] [1791450972.892700171] [serial_twistctl_node]: [TWIST_RX] Received Twist message - linear.x=0.000, angular.z=0.000, scaled_angular.z=0.000
[INFO] [1791450972.892743438] [serial_twistctl_node]: [SERIAL_TX] Timestamp: 1791450972892733250, Sending command (1/1): vcx=0.000,wc=0.000
 [19 bytes written]
[INFO] [1791450972.942761911] [serial_twistctl_node]: [TWIST_RX] Received Twist message - linear.x=0.000, angular.z=0.000, scaled_angular.z=0.000
[INFO] [1791450972.942817605] [serial_twistctl_node]: [SERIAL_TX] Timestamp: 1791450972942805893, Sending command (1/1): vcx=0.000,wc=0.000
 [19 bytes written]
[INFO] [1791450972.992782071] [serial_twistctl_node]: [TWIST_RX] Received Twist message - linear.x=0.000, angular.z=0.000, scaled_angular.z=0.000
[INFO] [1791450972.992836190] [serial_twistctl_node]: [SERIAL_TX] Timestamp: 1791450972992824464, Sending command (1/1): vcx=0.000,wc=0.000
 [19 bytes written]
[INFO] [1791450973.042786993] [serial_twistctl_node]: [TWIST_RX] Received Twist message - linear.x=0.000, angular.z=0.000, scaled_angular.z=0.000
[INFO] [1791450973.042845188] [serial_twistctl_node]: [SERIAL_TX] Timestamp: 1791450973042833204, Sending command (1/1): vcx=0.000,wc=0.000
 [19 bytes written]
[INFO] [1791450973.092791349] [serial_twistctl_node]: [TWIST_RX] Received Twist message - linear.x=0.000, angular.z=0.000, scaled_angular.z=0.000
[INFO] [1791450973.092849994] [serial_twistctl_node]: [SERIAL_TX] Timestamp: 1791450973092836894, Sending command (1/1): vcx=0.000,wc=0.000
 [19 bytes written]
[INFO] [1791450973.142740648] [serial_twistctl_node]: [TWIST_RX] Received Twist message - linear.x=0.000, angular.z=0.000, scaled_angular.z=0.000
[INFO] [1791450973.142796114] [serial_twistctl_node]: [SERIAL_TX] Timestamp: 1791450973142783187, Sending command (1/1): vcx=0.000,wc=0.000
 [19 bytes written]
[INFO] [1791450973.192832911] [serial_twistctl_node]: [TWIST_RX] Received Twist message - linear.x=0.000, angular.z=0.000, scaled_angular.z=0.000
[INFO] [1791450973.192889481] [serial_twistctl_node]: [SERIAL_TX] Timestamp: 1791450973192876926, Sending command (1/1): vcx=0.000,wc=0.000
 [19 bytes written]
[INFO] [1791450973.242735906] [serial_twistctl_node]: [TWIST_RX] Received Twist message - linear.x=0.000, angular.z=0.000, scaled_angular.z=0.000
[INFO] [1791450973.242791863] [serial_twistctl_node]: [SERIAL_TX] Timestamp: 1791450973242779448, Sending command (1/1): vcx=0.000,wc=0.000
 [19 bytes written]
[INFO] [1791450973.292632349] [serial_twistctl_node]: [TWIST_RX] Received Twist message - linear.x=0.000, angular.z=0.000, scaled_angular.z=0.000
[INFO] [1791450973.292706003] [serial_twistctl_node]: [SERIAL_TX] Timestamp: 1791450973292693366, Sending command (1/1): vcx=0.000,wc=0.000
 [19 bytes written]
[INFO] [1791450973.342827686] [serial_twistctl_node]: [TWIST_RX] Received Twist message - linear.x=0.000, angular.z=0.000, scaled_angular.z=0.000
[INFO] [1791450973.342890612] [serial_twistctl_node]: [SERIAL_TX] Timestamp: 1791450973342874397, Sending command (1/1): vcx=0.000,wc=0.000
 [19 bytes written]
[INFO] [1791450973.392764862] [serial_twistctl_node]: [TWIST_RX] Received Twist message - linear.x=0.000, angular.z=0.000, scaled_angular.z=0.000
[INFO] [1791450973.392821270] [serial_twistctl_node]: [SERIAL_TX] Timestamp: 1791450973392808931, Sending command (1/1): vcx=0.000,wc=0.000
 [19 bytes written]
[INFO] [1791450973.442820548] [serial_twistctl_node]: [TWIST_RX] Received Twist message - linear.x=0.000, angular.z=0.000, scaled_angular.z=0.000
[INFO] [1791450973.442878816] [serial_twistctl_node]: [SERIAL_TX] Timestamp: 1791450973442867372, Sending command (1/1): vcx=0.000,wc=0.000
 [19 bytes written]
[INFO] [1791450973.492827864] [serial_twistctl_node]: [TWIST_RX] Received Twist message - linear.x=0.000, angular.z=0.000, scaled_angular.z=0.000
[INFO] [1791450973.544408605] [serial_twistctl_node]: [SERIAL_TX] Timestamp: 1791450973544395206, Sending command (1/1): vcx=0.000,wc=0.000
 [19 bytes written]
[INFO] [1791450973.544479886] [serial_twistctl_node]: [TWIST_RX] Received Twist message - linear.x=0.000, angular.z=0.000, scaled_angular.z=0.000
[INFO] [1791450973.544496168] [serial_twistctl_node]: [SERIAL_TX] Timestamp: 1791450973544492012, Sending command (1/1): vcx=0.000,wc=0.000
 [19 bytes written]
[INFO] [1791450973.592876738] [serial_twistctl_node]: [TWIST_RX] Received Twist message - linear.x=0.000, angular.z=0.000, scaled_angular.z=0.000
[INFO] [1791450973.592933729] [serial_twistctl_node]: [SERIAL_TX] Timestamp: 1791450973592920696, Sending command (1/1): vcx=0.000,wc=0.000
 [19 bytes written]
[INFO] [1791450973.642836795] [serial_twistctl_node]: [TWIST_RX] Received Twist message - linear.x=0.000, angular.z=0.000, scaled_angular.z=0.000
[INFO] [1791450973.642891643] [serial_twistctl_node]: [SERIAL_TX] Timestamp: 1791450973642879650, Sending command (1/1): vcx=0.000,wc=0.000
 [19 bytes written]
[INFO] [1791450973.692870418] [serial_twistctl_node]: [TWIST_RX] Received Twist message - linear.x=0.000, angular.z=0.000, scaled_angular.z=0.000
[INFO] [1791450973.692926060] [serial_twistctl_node]: [SERIAL_TX] Timestamp: 1791450973692914427, Sending command (1/1): vcx=0.000,wc=0.000
 [19 bytes written]
[INFO] [1791450973.742744330] [serial_twistctl_node]: [TWIST_RX] Received Twist message - linear.x=0.000, angular.z=0.000, scaled_angular.z=0.000
[INFO] [1791450973.742802023] [serial_twistctl_node]: [SERIAL_TX] Timestamp: 1791450973742789139, Sending command (1/1): vcx=0.000,wc=0.000
 [19 bytes written]
[INFO] [1791450973.792874981] [serial_twistctl_node]: [TWIST_RX] Received Twist message - linear.x=0.000, angular.z=0.000, scaled_angular.z=0.000
[INFO] [1791450973.792931357] [serial_twistctl_node]: [SERIAL_TX] Timestamp: 1791450973792918610, Sending command (1/1): vcx=0.000,wc=0.000
 [19 bytes written]
[INFO] [1791450973.842869315] [serial_twistctl_node]: [TWIST_RX] Received Twist message - linear.x=0.000, angular.z=0.000, scaled_angular.z=0.000
[INFO] [1791450973.842923952] [serial_twistctl_node]: [SERIAL_TX] Timestamp: 1791450973842912164, Sending command (1/1): vcx=0.000,wc=0.000
 [19 bytes written]
[INFO] [1791450973.892794439] [serial_twistctl_node]: [TWIST_RX] Received Twist message - linear.x=0.000, angular.z=0.000, scaled_angular.z=0.000
[INFO] [1791450973.892845026] [serial_twistctl_node]: [SERIAL_TX] Timestamp: 1791450973892834203, Sending command (1/1): vcx=0.000,wc=0.000
 [19 bytes written]
[INFO] [1791450973.942794207] [serial_twistctl_node]: [TWIST_RX] Received Twist message - linear.x=0.000, angular.z=0.000, scaled_angular.z=0.000
[INFO] [1791450973.942836600] [serial_twistctl_node]: [SERIAL_TX] Timestamp: 1791450973942827146, Sending command (1/1): vcx=0.000,wc=0.000
 [19 bytes written]
[INFO] [1791450973.992875067] [serial_twistctl_node]: [TWIST_RX] Received Twist message - linear.x=0.000, angular.z=0.000, scaled_angular.z=0.000
[INFO] [1791450973.992929075] [serial_twistctl_node]: [SERIAL_TX] Timestamp: 1791450973992917648, Sending command (1/1): vcx=0.000,wc=0.000
 [19 bytes written]
[INFO] [1791450974.042881671] [serial_twistctl_node]: [TWIST_RX] Received Twist message - linear.x=0.000, angular.z=0.000, scaled_angular.z=0.000
[INFO] [1791450974.042937687] [serial_twistctl_node]: [SERIAL_TX] Timestamp: 1791450974042923692, Sending command (1/1): vcx=0.000,wc=0.000
 [19 bytes written]
[INFO] [1791450974.092879754] [serial_twistctl_node]: [TWIST_RX] Received Twist message - linear.x=0.000, angular.z=0.000, scaled_angular.z=0.000
[INFO] [1791450974.092938371] [serial_twistctl_node]: [SERIAL_TX] Timestamp: 1791450974092925940, Sending command (1/1): vcx=0.000,wc=0.000
 [19 bytes written]
[INFO] [1791450974.142879097] [serial_twistctl_node]: [TWIST_RX] Received Twist message - linear.x=0.000, angular.z=0.000, scaled_angular.z=0.000
[INFO] [1791450974.142933508] [serial_twistctl_node]: [SERIAL_TX] Timestamp: 1791450974142922278, Sending command (1/1): vcx=0.000,wc=0.000
 [19 bytes written]
[INFO] [1791450974.192785367] [serial_twistctl_node]: [TWIST_RX] Received Twist message - linear.x=0.000, angular.z=0.000, scaled_angular.z=0.000
[INFO] [1791450974.192838309] [serial_twistctl_node]: [SERIAL_TX] Timestamp: 1791450974192826616, Sending command (1/1): vcx=0.000,wc=0.000
 [19 bytes written]
[INFO] [1791450974.242856248] [serial_twistctl_node]: [TWIST_RX] Received Twist message - linear.x=0.000, angular.z=0.000, scaled_angular.z=0.000
[INFO] [1791450974.242909524] [serial_twistctl_node]: [SERIAL_TX] Timestamp: 1791450974242897757, Sending command (1/1): vcx=0.000,wc=0.000
 [19 bytes written]
[INFO] [1791450974.292867303] [serial_twistctl_node]: [TWIST_RX] Received Twist message - linear.x=0.000, angular.z=0.000, scaled_angular.z=0.000
[INFO] [1791450974.292921442] [serial_twistctl_node]: [SERIAL_TX] Timestamp: 1791450974292909143, Sending command (1/1): vcx=0.000,wc=0.000
 [19 bytes written]
[INFO] [1791450974.342874870] [serial_twistctl_node]: [TWIST_RX] Received Twist message - linear.x=0.000, angular.z=0.000, scaled_angular.z=0.000
[INFO] [1791450974.342929149] [serial_twistctl_node]: [SERIAL_TX] Timestamp: 1791450974342916901, Sending command (1/1): vcx=0.000,wc=0.000
 [19 bytes written]
[INFO] [1791450974.392845261] [serial_twistctl_node]: [TWIST_RX] Received Twist message - linear.x=0.000, angular.z=0.000, scaled_angular.z=0.000
[INFO] [1791450974.392901147] [serial_twistctl_node]: [SERIAL_TX] Timestamp: 1791450974392889242, Sending command (1/1): vcx=0.000,wc=0.000
 [19 bytes written]
[INFO] [1791450974.442934356] [serial_twistctl_node]: [TWIST_RX] Received Twist message - linear.x=0.000, angular.z=0.000, scaled_angular.z=0.000
[INFO] [1791450974.442990943] [serial_twistctl_node]: [SERIAL_TX] Timestamp: 1791450974442978989, Sending command (1/1): vcx=0.000,wc=0.000
 [19 bytes written]
[INFO] [1791450974.492877311] [serial_twistctl_node]: [TWIST_RX] Received Twist message - linear.x=0.000, angular.z=0.000, scaled_angular.z=0.000
[INFO] [1791450974.492934196] [serial_twistctl_node]: [SERIAL_TX] Timestamp: 1791450974492920762, Sending command (1/1): vcx=0.000,wc=0.000
 [19 bytes written]
[INFO] [1791450974.542814715] [serial_twistctl_node]: [TWIST_RX] Received Twist message - linear.x=0.000, angular.z=0.000, scaled_angular.z=0.000
[INFO] [1791450974.542871100] [serial_twistctl_node]: [SERIAL_TX] Timestamp: 1791450974542858226, Sending command (1/1): vcx=0.000,wc=0.000
 [19 bytes written]
[INFO] [1791450974.592857216] [serial_twistctl_node]: [TWIST_RX] Received Twist message - linear.x=0.000, angular.z=0.000, scaled_angular.z=0.000
[INFO] [1791450974.592912966] [serial_twistctl_node]: [SERIAL_TX] Timestamp: 1791450974592900279, Sending command (1/1): vcx=0.000,wc=0.000
 [19 bytes written]
[INFO] [1791450974.642806170] [serial_twistctl_node]: [TWIST_RX] Received Twist message - linear.x=0.000, angular.z=0.000, scaled_angular.z=0.000
[INFO] [1791450974.642872736] [serial_twistctl_node]: [SERIAL_TX] Timestamp: 1791450974642860611, Sending command (1/1): vcx=0.000,wc=0.000
 [19 bytes written]
[INFO] [1791450974.692777385] [serial_twistctl_node]: [TWIST_RX] Received Twist message - linear.x=0.000, angular.z=0.000, scaled_angular.z=0.000
[INFO] [1791450974.692833156] [serial_twistctl_node]: [SERIAL_TX] Timestamp: 1791450974692820514, Sending command (1/1): vcx=0.000,wc=0.000
 [19 bytes written]
[INFO] [1791450974.742792581] [serial_twistctl_node]: [TWIST_RX] Received Twist message - linear.x=0.000, angular.z=0.000, scaled_angular.z=0.000
[INFO] [1791450974.742848523] [serial_twistctl_node]: [SERIAL_TX] Timestamp: 1791450974742835350, Sending command (1/1): vcx=0.000,wc=0.000
 [19 bytes written]
[INFO] [1791450974.792680303] [serial_twistctl_node]: [TWIST_RX] Received Twist message - linear.x=0.000, angular.z=0.000, scaled_angular.z=0.000
[INFO] [1791450974.792738047] [serial_twistctl_node]: [SERIAL_TX] Timestamp: 1791450974792725211, Sending command (1/1): vcx=0.000,wc=0.000
 [19 bytes written]
[INFO] [1791450974.842733650] [serial_twistctl_node]: [TWIST_RX] Received Twist message - linear.x=0.000, angular.z=0.000, scaled_angular.z=0.000
[INFO] [1791450974.842792695] [serial_twistctl_node]: [SERIAL_TX] Timestamp: 1791450974842779975, Sending command (1/1): vcx=0.000,wc=0.000
 [19 bytes written]
[INFO] [1791450974.892667427] [serial_twistctl_node]: [TWIST_RX] Received Twist message - linear.x=0.000, angular.z=0.000, scaled_angular.z=0.000
[INFO] [1791450974.892722928] [serial_twistctl_node]: [SERIAL_TX] Timestamp: 1791450974892710818, Sending command (1/1): vcx=0.000,wc=0.000
 [19 bytes written]
[INFO] [1791450974.942842608] [serial_twistctl_node]: [TWIST_RX] Received Twist message - linear.x=0.000, angular.z=0.000, scaled_angular.z=0.000
[INFO] [1791450974.942884555] [serial_twistctl_node]: [SERIAL_TX] Timestamp: 1791450974942875320, Sending command (1/1): vcx=0.000,wc=0.000
 [19 bytes written]
[INFO] [1791450974.992763482] [serial_twistctl_node]: [TWIST_RX] Received Twist message - linear.x=0.000, angular.z=0.000, scaled_angular.z=0.000
[INFO] [1791450974.992813973] [serial_twistctl_node]: [SERIAL_TX] Timestamp: 1791450974992802734, Sending command (1/1): vcx=0.000,wc=0.000
 [19 bytes written]
[INFO] [1791450975.042967466] [serial_twistctl_node]: [TWIST_RX] Received Twist message - linear.x=0.000, angular.z=0.000, scaled_angular.z=0.000
[INFO] [1791450975.043028401] [serial_twistctl_node]: [SERIAL_TX] Timestamp: 1791450975043013550, Sending command (1/1): vcx=0.000,wc=0.000
 [19 bytes written]
[INFO] [1791450975.092901416] [serial_twistctl_node]: [TWIST_RX] Received Twist message - linear.x=0.000, angular.z=0.000, scaled_angular.z=0.000
[INFO] [1791450975.092954429] [serial_twistctl_node]: [SERIAL_TX] Timestamp: 1791450975092942609, Sending command (1/1): vcx=0.000,wc=0.000
 [19 bytes written]
[INFO] [1791450975.142974844] [serial_twistctl_node]: [TWIST_RX] Received Twist message - linear.x=0.000, angular.z=0.000, scaled_angular.z=0.000
[INFO] [1791450975.143028617] [serial_twistctl_node]: [SERIAL_TX] Timestamp: 1791450975143016708, Sending command (1/1): vcx=0.000,wc=0.000
 [19 bytes written]
[INFO] [1791450975.192917996] [serial_twistctl_node]: [TWIST_RX] Received Twist message - linear.x=0.000, angular.z=0.000, scaled_angular.z=0.000
[INFO] [1791450975.192973168] [serial_twistctl_node]: [SERIAL_TX] Timestamp: 1791450975192960629, Sending command (1/1): vcx=0.000,wc=0.000
 [19 bytes written]
[INFO] [1791450975.242929886] [serial_twistctl_node]: [TWIST_RX] Received Twist message - linear.x=0.000, angular.z=0.000, scaled_angular.z=0.000
[INFO] [1791450975.242982987] [serial_twistctl_node]: [SERIAL_TX] Timestamp: 1791450975242971730, Sending command (1/1): vcx=0.000,wc=0.000
 [19 bytes written]
[INFO] [1791450975.292831106] [serial_twistctl_node]: [TWIST_RX] Received Twist message - linear.x=0.000, angular.z=0.000, scaled_angular.z=0.000
[INFO] [1791450975.292897625] [serial_twistctl_node]: [SERIAL_TX] Timestamp: 1791450975292884371, Sending command (1/1): vcx=0.000,wc=0.000
 [19 bytes written]
[INFO] [1791450975.342789237] [serial_twistctl_node]: [TWIST_RX] Received Twist message - linear.x=0.000, angular.z=0.000, scaled_angular.z=0.000
[INFO] [1791450975.342849834] [serial_twistctl_node]: [SERIAL_TX] Timestamp: 1791450975342837178, Sending command (1/1): vcx=0.000,wc=0.000
 [19 bytes written]
[INFO] [1791450975.392875071] [serial_twistctl_node]: [TWIST_RX] Received Twist message - linear.x=0.000, angular.z=0.000, scaled_angular.z=0.000
[INFO] [1791450975.392932234] [serial_twistctl_node]: [SERIAL_TX] Timestamp: 1791450975392920054, Sending command (1/1): vcx=0.000,wc=0.000
 [19 bytes written]
[INFO] [1791450975.442772446] [serial_twistctl_node]: [TWIST_RX] Received Twist message - linear.x=0.000, angular.z=0.000, scaled_angular.z=0.000
[INFO] [1791450975.442830196] [serial_twistctl_node]: [SERIAL_TX] Timestamp: 1791450975442818099, Sending command (1/1): vcx=0.000,wc=0.000
 [19 bytes written]
[INFO] [1791450975.492773779] [serial_twistctl_node]: [TWIST_RX] Received Twist message - linear.x=0.000, angular.z=0.000, scaled_angular.z=0.000
[INFO] [1791450975.492834566] [serial_twistctl_node]: [SERIAL_TX] Timestamp: 1791450975492821966, Sending command (1/1): vcx=0.000,wc=0.000
 [19 bytes written]
[INFO] [1791450975.542787623] [serial_twistctl_node]: [TWIST_RX] Received Twist message - linear.x=0.000, angular.z=0.000, scaled_angular.z=0.000
[INFO] [1791450975.542842673] [serial_twistctl_node]: [SERIAL_TX] Timestamp: 1791450975542829020, Sending command (1/1): vcx=0.000,wc=0.000
 [19 bytes written]
[INFO] [1791450975.592853423] [serial_twistctl_node]: [TWIST_RX] Received Twist message - linear.x=0.021, angular.z=0.000, scaled_angular.z=0.000
[INFO] [1791450975.592910767] [serial_twistctl_node]: [SERIAL_TX] Timestamp: 1791450975592898660, Sending command (1/1): vcx=0.021,wc=0.000
 [19 bytes written]
[INFO] [1791450975.642784972] [serial_twistctl_node]: [TWIST_RX] Received Twist message - linear.x=0.043, angular.z=0.000, scaled_angular.z=0.000
[INFO] [1791450975.642840597] [serial_twistctl_node]: [SERIAL_TX] Timestamp: 1791450975642827999, Sending command (1/1): vcx=0.043,wc=0.000
 [19 bytes written]
[INFO] [1791450975.692804729] [serial_twistctl_node]: [TWIST_RX] Received Twist message - linear.x=0.064, angular.z=0.000, scaled_angular.z=0.000
[INFO] [1791450975.692856814] [serial_twistctl_node]: [SERIAL_TX] Timestamp: 1791450975692846567, Sending command (1/1): vcx=0.064,wc=0.000
 [19 bytes written]
[INFO] [1791450975.742875094] [serial_twistctl_node]: [TWIST_RX] Received Twist message - linear.x=0.085, angular.z=0.000, scaled_angular.z=0.000
[INFO] [1791450975.742913774] [serial_twistctl_node]: [SERIAL_TX] Timestamp: 1791450975742905034, Sending command (1/1): vcx=0.085,wc=0.000
 [19 bytes written]
[INFO] [1791450975.792886589] [serial_twistctl_node]: [TWIST_RX] Received Twist message - linear.x=0.106, angular.z=0.000, scaled_angular.z=0.000
[INFO] [1791450975.792928814] [serial_twistctl_node]: [SERIAL_TX] Timestamp: 1791450975792919214, Sending command (1/1): vcx=0.106,wc=0.000
 [19 bytes written]
[INFO] [1791450975.842812575] [serial_twistctl_node]: [TWIST_RX] Received Twist message - linear.x=0.128, angular.z=0.000, scaled_angular.z=0.000
[INFO] [1791450975.842853026] [serial_twistctl_node]: [SERIAL_TX] Timestamp: 1791450975842843965, Sending command (1/1): vcx=0.128,wc=0.000
 [19 bytes written]
[INFO] [1791450975.892814254] [serial_twistctl_node]: [TWIST_RX] Received Twist message - linear.x=0.149, angular.z=0.000, scaled_angular.z=0.000
[INFO] [1791450975.892859654] [serial_twistctl_node]: [SERIAL_TX] Timestamp: 1791450975892848764, Sending command (1/1): vcx=0.149,wc=0.000
 [19 bytes written]
[INFO] [1791450975.942850431] [serial_twistctl_node]: [TWIST_RX] Received Twist message - linear.x=0.170, angular.z=0.000, scaled_angular.z=0.000
[INFO] [1791450975.942892793] [serial_twistctl_node]: [SERIAL_TX] Timestamp: 1791450975942883059, Sending command (1/1): vcx=0.170,wc=0.000
 [19 bytes written]
[INFO] [1791450975.992845330] [serial_twistctl_node]: [TWIST_RX] Received Twist message - linear.x=0.191, angular.z=0.000, scaled_angular.z=0.000
[INFO] [1791450975.992898443] [serial_twistctl_node]: [SERIAL_TX] Timestamp: 1791450975992888690, Sending command (1/1): vcx=0.191,wc=0.000
 [19 bytes written]
[INFO] [1791450976.042791894] [serial_twistctl_node]: [TWIST_RX] Received Twist message - linear.x=0.213, angular.z=0.000, scaled_angular.z=0.000
[INFO] [1791450976.042835192] [serial_twistctl_node]: [SERIAL_TX] Timestamp: 1791450976042826992, Sending command (1/1): vcx=0.213,wc=0.000
 [19 bytes written]
[INFO] [1791450976.092871112] [serial_twistctl_node]: [TWIST_RX] Received Twist message - linear.x=0.219, angular.z=0.000, scaled_angular.z=0.000
[INFO] [1791450976.092914145] [serial_twistctl_node]: [SERIAL_TX] Timestamp: 1791450976092903858, Sending command (1/1): vcx=0.219,wc=0.000
 [19 bytes written]
[INFO] [1791450976.142769978] [serial_twistctl_node]: [TWIST_RX] Received Twist message - linear.x=0.221, angular.z=0.000, scaled_angular.z=0.000
[INFO] [1791450976.142813368] [serial_twistctl_node]: [SERIAL_TX] Timestamp: 1791450976142803473, Sending command (1/1): vcx=0.221,wc=0.000
 [19 bytes written]
[INFO] [1791450976.192841572] [serial_twistctl_node]: [TWIST_RX] Received Twist message - linear.x=0.218, angular.z=0.000, scaled_angular.z=0.000
[INFO] [1791450976.192889446] [serial_twistctl_node]: [SERIAL_TX] Timestamp: 1791450976192879711, Sending command (1/1): vcx=0.218,wc=0.000
 [19 bytes written]
[INFO] [1791450976.242755244] [serial_twistctl_node]: [TWIST_RX] Received Twist message - linear.x=0.220, angular.z=0.000, scaled_angular.z=0.000
[INFO] [1791450976.242798832] [serial_twistctl_node]: [SERIAL_TX] Timestamp: 1791450976242788892, Sending command (1/1): vcx=0.220,wc=0.000
 [19 bytes written]
[INFO] [1791450976.292891378] [serial_twistctl_node]: [TWIST_RX] Received Twist message - linear.x=0.218, angular.z=0.000, scaled_angular.z=0.000
[INFO] [1791450976.292936431] [serial_twistctl_node]: [SERIAL_TX] Timestamp: 1791450976292926464, Sending command (1/1): vcx=0.218,wc=0.000
 [19 bytes written]
[INFO] [1791450976.342835002] [serial_twistctl_node]: [TWIST_RX] Received Twist message - linear.x=0.220, angular.z=0.000, scaled_angular.z=0.000
[INFO] [1791450976.342877106] [serial_twistctl_node]: [SERIAL_TX] Timestamp: 1791450976342867212, Sending command (1/1): vcx=0.220,wc=0.000
 [19 bytes written]
[INFO] [1791450976.392672072] [serial_twistctl_node]: [TWIST_RX] Received Twist message - linear.x=0.217, angular.z=0.000, scaled_angular.z=0.000
[INFO] [1791450976.392716335] [serial_twistctl_node]: [SERIAL_TX] Timestamp: 1791450976392705246, Sending command (1/1): vcx=0.217,wc=0.000
 [19 bytes written]
[INFO] [1791450976.442887702] [serial_twistctl_node]: [TWIST_RX] Received Twist message - linear.x=0.219, angular.z=0.000, scaled_angular.z=0.000
[INFO] [1791450976.442945839] [serial_twistctl_node]: [SERIAL_TX] Timestamp: 1791450976442933426, Sending command (1/1): vcx=0.219,wc=0.000
 [19 bytes written]
[INFO] [1791450976.492852064] [serial_twistctl_node]: [TWIST_RX] Received Twist message - linear.x=0.221, angular.z=0.000, scaled_angular.z=0.000
[INFO] [1791450976.492907910] [serial_twistctl_node]: [SERIAL_TX] Timestamp: 1791450976492895470, Sending command (1/1): vcx=0.221,wc=0.000
 [19 bytes written]
[INFO] [1791450976.542932094] [serial_twistctl_node]: [TWIST_RX] Received Twist message - linear.x=0.219, angular.z=0.000, scaled_angular.z=0.000
[INFO] [1791450976.542988065] [serial_twistctl_node]: [SERIAL_TX] Timestamp: 1791450976542975701, Sending command (1/1): vcx=0.219,wc=0.000
 [19 bytes written]
[INFO] [1791450976.592918013] [serial_twistctl_node]: [TWIST_RX] Received Twist message - linear.x=0.221, angular.z=0.000, scaled_angular.z=0.000
[INFO] [1791450976.592973347] [serial_twistctl_node]: [SERIAL_TX] Timestamp: 1791450976592961477, Sending command (1/1): vcx=0.221,wc=0.000
 [19 bytes written]
[INFO] [1791450976.643000198] [serial_twistctl_node]: [TWIST_RX] Received Twist message - linear.x=0.218, angular.z=0.000, scaled_angular.z=0.000
[INFO] [1791450976.643078041] [serial_twistctl_node]: [SERIAL_TX] Timestamp: 1791450976643065528, Sending command (1/1): vcx=0.218,wc=0.000
 [19 bytes written]
[INFO] [1791450976.692934256] [serial_twistctl_node]: [TWIST_RX] Received Twist message - linear.x=0.220, angular.z=0.000, scaled_angular.z=0.000
[INFO] [1791450976.692986112] [serial_twistctl_node]: [SERIAL_TX] Timestamp: 1791450976692974790, Sending command (1/1): vcx=0.220,wc=0.000
 [19 bytes written]
[INFO] [1791450976.743015245] [serial_twistctl_node]: [TWIST_RX] Received Twist message - linear.x=0.218, angular.z=0.000, scaled_angular.z=0.000
[INFO] [1791450976.743083971] [serial_twistctl_node]: [SERIAL_TX] Timestamp: 1791450976743056537, Sending command (1/1): vcx=0.218,wc=0.000
 [19 bytes written]
[INFO] [1791450976.792881434] [serial_twistctl_node]: [TWIST_RX] Received Twist message - linear.x=0.220, angular.z=0.000, scaled_angular.z=0.000
[INFO] [1791450976.792923842] [serial_twistctl_node]: [SERIAL_TX] Timestamp: 1791450976792915299, Sending command (1/1): vcx=0.220,wc=0.000
 [19 bytes written]
[INFO] [1791450976.842834122] [serial_twistctl_node]: [TWIST_RX] Received Twist message - linear.x=0.217, angular.z=0.000, scaled_angular.z=0.000
[INFO] [1791450976.842883680] [serial_twistctl_node]: [SERIAL_TX] Timestamp: 1791450976842873730, Sending command (1/1): vcx=0.217,wc=0.000
 [19 bytes written]
[INFO] [1791450976.892737058] [serial_twistctl_node]: [TWIST_RX] Received Twist message - linear.x=0.219, angular.z=0.000, scaled_angular.z=0.000
[INFO] [1791450976.892793734] [serial_twistctl_node]: [SERIAL_TX] Timestamp: 1791450976892781686, Sending command (1/1): vcx=0.219,wc=0.000
 [19 bytes written]
[INFO] [1791450976.942859961] [serial_twistctl_node]: [TWIST_RX] Received Twist message - linear.x=0.217, angular.z=0.000, scaled_angular.z=0.000
[INFO] [1791450976.942917875] [serial_twistctl_node]: [SERIAL_TX] Timestamp: 1791450976942905282, Sending command (1/1): vcx=0.217,wc=0.000
 [19 bytes written]
[INFO] [1791450976.992762449] [serial_twistctl_node]: [TWIST_RX] Received Twist message - linear.x=0.219, angular.z=0.000, scaled_angular.z=0.000
[INFO] [1791450976.992822260] [serial_twistctl_node]: [SERIAL_TX] Timestamp: 1791450976992808338, Sending command (1/1): vcx=0.219,wc=0.000
 [19 bytes written]
[INFO] [1791450977.042749816] [serial_twistctl_node]: [TWIST_RX] Received Twist message - linear.x=0.221, angular.z=0.000, scaled_angular.z=0.000
[INFO] [1791450977.042808660] [serial_twistctl_node]: [SERIAL_TX] Timestamp: 1791450977042797093, Sending command (1/1): vcx=0.221,wc=0.000
 [19 bytes written]
[INFO] [1791450977.092721901] [serial_twistctl_node]: [TWIST_RX] Received Twist message - linear.x=0.000, angular.z=0.000, scaled_angular.z=0.000
[INFO] [1791450977.092778142] [serial_twistctl_node]: [SERIAL_TX] Timestamp: 1791450977092765225, Sending command (1/1): vcx=0.000,wc=0.000
 [19 bytes written]
[INFO] [1791450977.142750789] [serial_twistctl_node]: [TWIST_RX] Received Twist message - linear.x=0.000, angular.z=0.000, scaled_angular.z=0.000
[INFO] [1791450977.142807125] [serial_twistctl_node]: [SERIAL_TX] Timestamp: 1791450977142795123, Sending command (1/1): vcx=0.000,wc=0.000
 [19 bytes written]
[INFO] [1791450977.192677708] [serial_twistctl_node]: [TWIST_RX] Received Twist message - linear.x=0.000, angular.z=0.000, scaled_angular.z=0.000
[INFO] [1791450977.192738514] [serial_twistctl_node]: [SERIAL_TX] Timestamp: 1791450977192725878, Sending command (1/1): vcx=0.000,wc=0.000
 [19 bytes written]
[INFO] [1791450977.242849685] [serial_twistctl_node]: [TWIST_RX] Received Twist message - linear.x=0.000, angular.z=0.000, scaled_angular.z=0.000
[INFO] [1791450977.242908317] [serial_twistctl_node]: [SERIAL_TX] Timestamp: 1791450977242895147, Sending command (1/1): vcx=0.000,wc=0.000
 [19 bytes written]
[INFO] [1791450977.292851913] [serial_twistctl_node]: [TWIST_RX] Received Twist message - linear.x=0.000, angular.z=0.000, scaled_angular.z=0.000
[INFO] [1791450977.292908418] [serial_twistctl_node]: [SERIAL_TX] Timestamp: 1791450977292896558, Sending command (1/1): vcx=0.000,wc=0.000
 [19 bytes written]
[INFO] [1791450977.342722626] [serial_twistctl_node]: [TWIST_RX] Received Twist message - linear.x=0.000, angular.z=0.000, scaled_angular.z=0.000
[INFO] [1791450977.342779304] [serial_twistctl_node]: [SERIAL_TX] Timestamp: 1791450977342766465, Sending command (1/1): vcx=0.000,wc=0.000
 [19 bytes written]
[INFO] [1791450977.392768271] [serial_twistctl_node]: [TWIST_RX] Received Twist message - linear.x=0.000, angular.z=0.000, scaled_angular.z=0.000
[INFO] [1791450977.392826046] [serial_twistctl_node]: [SERIAL_TX] Timestamp: 1791450977392813500, Sending command (1/1): vcx=0.000,wc=0.000
 [19 bytes written]
[INFO] [1791450977.442736523] [serial_twistctl_node]: [TWIST_RX] Received Twist message - linear.x=0.000, angular.z=0.000, scaled_angular.z=0.000
[INFO] [1791450977.442789278] [serial_twistctl_node]: [SERIAL_TX] Timestamp: 1791450977442776800, Sending command (1/1): vcx=0.000,wc=0.000
 [19 bytes written]
[INFO] [1791450977.492699477] [serial_twistctl_node]: [TWIST_RX] Received Twist message - linear.x=0.000, angular.z=0.000, scaled_angular.z=0.000
[INFO] [1791450977.492754288] [serial_twistctl_node]: [SERIAL_TX] Timestamp: 1791450977492742812, Sending command (1/1): vcx=0.000,wc=0.000
 [19 bytes written]
[INFO] [1791450977.542764499] [serial_twistctl_node]: [TWIST_RX] Received Twist message - linear.x=0.000, angular.z=0.000, scaled_angular.z=0.000
[INFO] [1791450977.542822101] [serial_twistctl_node]: [SERIAL_TX] Timestamp: 1791450977542807474, Sending command (1/1): vcx=0.000,wc=0.000
 [19 bytes written]
[INFO] [1791450977.592767879] [serial_twistctl_node]: [TWIST_RX] Received Twist message - linear.x=0.000, angular.z=0.000, scaled_angular.z=0.000
[INFO] [1791450977.592825078] [serial_twistctl_node]: [SERIAL_TX] Timestamp: 1791450977592812720, Sending command (1/1): vcx=0.000,wc=0.000
 [19 bytes written]
[INFO] [1791450977.642780462] [serial_twistctl_node]: [TWIST_RX] Received Twist message - linear.x=0.000, angular.z=0.000, scaled_angular.z=0.000
[INFO] [1791450977.642830734] [serial_twistctl_node]: [SERIAL_TX] Timestamp: 1791450977642819900, Sending command (1/1): vcx=0.000,wc=0.000
 [19 bytes written]
[INFO] [1791450977.692846081] [serial_twistctl_node]: [TWIST_RX] Received Twist message - linear.x=0.000, angular.z=0.000, scaled_angular.z=0.000
[INFO] [1791450977.692894919] [serial_twistctl_node]: [SERIAL_TX] Timestamp: 1791450977692883545, Sending command (1/1): vcx=0.000,wc=0.000
 [19 bytes written]
[INFO] [1791450977.742840507] [serial_twistctl_node]: [TWIST_RX] Received Twist message - linear.x=0.000, angular.z=0.000, scaled_angular.z=0.000
[INFO] [1791450977.742892762] [serial_twistctl_node]: [SERIAL_TX] Timestamp: 1791450977742882428, Sending command (1/1): vcx=0.000,wc=0.000
 [19 bytes written]
[INFO] [1791450977.792898423] [serial_twistctl_node]: [TWIST_RX] Received Twist message - linear.x=0.000, angular.z=0.000, scaled_angular.z=0.000
[INFO] [1791450977.792942085] [serial_twistctl_node]: [SERIAL_TX] Timestamp: 1791450977792932455, Sending command (1/1): vcx=0.000,wc=0.000
 [19 bytes written]
[INFO] [1791450977.842843489] [serial_twistctl_node]: [TWIST_RX] Received Twist message - linear.x=0.000, angular.z=0.000, scaled_angular.z=0.000
[INFO] [1791450977.842886860] [serial_twistctl_node]: [SERIAL_TX] Timestamp: 1791450977842876540, Sending command (1/1): vcx=0.000,wc=0.000
 [19 bytes written]
[INFO] [1791450977.892809008] [serial_twistctl_node]: [TWIST_RX] Received Twist message - linear.x=0.000, angular.z=0.000, scaled_angular.z=0.000
[INFO] [1791450977.892854438] [serial_twistctl_node]: [SERIAL_TX] Timestamp: 1791450977892843546, Sending command (1/1): vcx=0.000,wc=0.000
 [19 bytes written]
[INFO] [1791450977.942771688] [serial_twistctl_node]: [TWIST_RX] Received Twist message - linear.x=0.000, angular.z=0.000, scaled_angular.z=0.000
[INFO] [1791450977.942822381] [serial_twistctl_node]: [SERIAL_TX] Timestamp: 1791450977942811644, Sending command (1/1): vcx=0.000,wc=0.000
 [19 bytes written]
[INFO] [1791450977.992723300] [serial_twistctl_node]: [TWIST_RX] Received Twist message - linear.x=0.000, angular.z=0.000, scaled_angular.z=0.000
[INFO] [1791450977.992788831] [serial_twistctl_node]: [SERIAL_TX] Timestamp: 1791450977992776197, Sending command (1/1): vcx=0.000,wc=0.000
 [19 bytes written]
[INFO] [1791450978.042690480] [serial_twistctl_node]: [TWIST_RX] Received Twist message - linear.x=0.000, angular.z=0.000, scaled_angular.z=0.000
[INFO] [1791450978.042752129] [serial_twistctl_node]: [SERIAL_TX] Timestamp: 1791450978042739196, Sending command (1/1): vcx=0.000,wc=0.000
 [19 bytes written]
[INFO] [1791450978.092682571] [serial_twistctl_node]: [TWIST_RX] Received Twist message - linear.x=0.000, angular.z=0.000, scaled_angular.z=0.000
[INFO] [1791450978.092734956] [serial_twistctl_node]: [SERIAL_TX] Timestamp: 1791450978092720857, Sending command (1/1): vcx=0.000,wc=0.000
 [19 bytes written]
[INFO] [1791450978.142666945] [serial_twistctl_node]: [TWIST_RX] Received Twist message - linear.x=0.000, angular.z=0.000, scaled_angular.z=0.000
[INFO] [1791450978.142729532] [serial_twistctl_node]: [SERIAL_TX] Timestamp: 1791450978142709883, Sending command (1/1): vcx=0.000,wc=0.000
 [19 bytes written]
[INFO] [1791450978.192674188] [serial_twistctl_node]: [TWIST_RX] Received Twist message - linear.x=0.000, angular.z=0.000, scaled_angular.z=0.000
[INFO] [1791450978.192746137] [serial_twistctl_node]: [SERIAL_TX] Timestamp: 1791450978192721513, Sending command (1/1): vcx=0.000,wc=0.000
 [19 bytes written]
[INFO] [1791450978.242893263] [serial_twistctl_node]: [TWIST_RX] Received Twist message - linear.x=0.000, angular.z=0.000, scaled_angular.z=0.000
[INFO] [1791450978.242946233] [serial_twistctl_node]: [SERIAL_TX] Timestamp: 1791450978242932615, Sending command (1/1): vcx=0.000,wc=0.000
 [19 bytes written]
[INFO] [1791450978.292867217] [serial_twistctl_node]: [TWIST_RX] Received Twist message - linear.x=0.000, angular.z=0.000, scaled_angular.z=0.000
[INFO] [1791450978.292921083] [serial_twistctl_node]: [SERIAL_TX] Timestamp: 1791450978292907879, Sending command (1/1): vcx=0.000,wc=0.000
 [19 bytes written]
[INFO] [1791450978.342877093] [serial_twistctl_node]: [TWIST_RX] Received Twist message - linear.x=0.000, angular.z=0.000, scaled_angular.z=0.000
[INFO] [1791450978.342932474] [serial_twistctl_node]: [SERIAL_TX] Timestamp: 1791450978342918454, Sending command (1/1): vcx=0.000,wc=0.000
 [19 bytes written]
[INFO] [1791450978.392753758] [serial_twistctl_node]: [TWIST_RX] Received Twist message - linear.x=0.000, angular.z=0.000, scaled_angular.z=0.000
[INFO] [1791450978.392811036] [serial_twistctl_node]: [SERIAL_TX] Timestamp: 1791450978392796913, Sending command (1/1): vcx=0.000,wc=0.000
 [19 bytes written]
[INFO] [1791450978.442850040] [serial_twistctl_node]: [TWIST_RX] Received Twist message - linear.x=0.000, angular.z=0.000, scaled_angular.z=0.000
[INFO] [1791450978.442904764] [serial_twistctl_node]: [SERIAL_TX] Timestamp: 1791450978442891569, Sending command (1/1): vcx=0.000,wc=0.000
 [19 bytes written]
[INFO] [1791450978.492802870] [serial_twistctl_node]: [TWIST_RX] Received Twist message - linear.x=0.000, angular.z=0.000, scaled_angular.z=0.000
[INFO] [1791450978.492855549] [serial_twistctl_node]: [SERIAL_TX] Timestamp: 1791450978492843957, Sending command (1/1): vcx=0.000,wc=0.000
 [19 bytes written]
[INFO] [1791450978.542847441] [serial_twistctl_node]: [TWIST_RX] Received Twist message - linear.x=0.000, angular.z=0.000, scaled_angular.z=0.000
[INFO] [1791450978.542902017] [serial_twistctl_node]: [SERIAL_TX] Timestamp: 1791450978542890023, Sending command (1/1): vcx=0.000,wc=0.000
 [19 bytes written]
[INFO] [1791450978.592773893] [serial_twistctl_node]: [TWIST_RX] Received Twist message - linear.x=0.000, angular.z=0.000, scaled_angular.z=0.000
[INFO] [1791450978.592829675] [serial_twistctl_node]: [SERIAL_TX] Timestamp: 1791450978592817487, Sending command (1/1): vcx=0.000,wc=0.000
 [19 bytes written]
[INFO] [1791450978.642808650] [serial_twistctl_node]: [TWIST_RX] Received Twist message - linear.x=0.000, angular.z=0.000, scaled_angular.z=0.000
[INFO] [1791450978.642875252] [serial_twistctl_node]: [SERIAL_TX] Timestamp: 1791450978642862392, Sending command (1/1): vcx=0.000,wc=0.000
 [19 bytes written]
[INFO] [1791450978.692713381] [serial_twistctl_node]: [TWIST_RX] Received Twist message - linear.x=0.000, angular.z=0.000, scaled_angular.z=0.000
[INFO] [1791450978.692770184] [serial_twistctl_node]: [SERIAL_TX] Timestamp: 1791450978692758264, Sending command (1/1): vcx=0.000,wc=0.000
 [19 bytes written]
[INFO] [1791450978.742760966] [serial_twistctl_node]: [TWIST_RX] Received Twist message - linear.x=0.000, angular.z=0.000, scaled_angular.z=0.000
[INFO] [1791450978.742818936] [serial_twistctl_node]: [SERIAL_TX] Timestamp: 1791450978742807180, Sending command (1/1): vcx=0.000,wc=0.000
 [19 bytes written]
[INFO] [1791450978.792770317] [serial_twistctl_node]: [TWIST_RX] Received Twist message - linear.x=0.000, angular.z=0.000, scaled_angular.z=0.000
[INFO] [1791450978.792827484] [serial_twistctl_node]: [SERIAL_TX] Timestamp: 1791450978792814678, Sending command (1/1): vcx=0.000,wc=0.000
 [19 bytes written]
[INFO] [1791450978.842786601] [serial_twistctl_node]: [TWIST_RX] Received Twist message - linear.x=0.000, angular.z=0.000, scaled_angular.z=0.000
[INFO] [1791450978.842844510] [serial_twistctl_node]: [SERIAL_TX] Timestamp: 1791450978842830983, Sending command (1/1): vcx=0.000,wc=0.000
 [19 bytes written]
[INFO] [1791450978.892732260] [serial_twistctl_node]: [TWIST_RX] Received Twist message - linear.x=0.000, angular.z=0.000, scaled_angular.z=0.000
[INFO] [1791450978.892793109] [serial_twistctl_node]: [SERIAL_TX] Timestamp: 1791450978892780541, Sending command (1/1): vcx=0.000,wc=0.000
 [19 bytes written]
[INFO] [1791450978.942899253] [serial_twistctl_node]: [TWIST_RX] Received Twist message - linear.x=0.000, angular.z=0.000, scaled_angular.z=0.000
[INFO] [1791450978.942956494] [serial_twistctl_node]: [SERIAL_TX] Timestamp: 1791450978942942935, Sending command (1/1): vcx=0.000,wc=0.000
 [19 bytes written]
[INFO] [1791450978.992762493] [serial_twistctl_node]: [TWIST_RX] Received Twist message - linear.x=0.000, angular.z=0.000, scaled_angular.z=0.000
[INFO] [1791450978.992818295] [serial_twistctl_node]: [SERIAL_TX] Timestamp: 1791450978992805530, Sending command (1/1): vcx=0.000,wc=0.000
 [19 bytes written]
[INFO] [1791450979.042905465] [serial_twistctl_node]: [TWIST_RX] Received Twist message - linear.x=0.000, angular.z=0.000, scaled_angular.z=0.000
[INFO] [1791450979.042965287] [serial_twistctl_node]: [SERIAL_TX] Timestamp: 1791450979042952610, Sending command (1/1): vcx=0.000,wc=0.000
 [19 bytes written]
[INFO] [1791450979.092756141] [serial_twistctl_node]: [TWIST_RX] Received Twist message - linear.x=0.000, angular.z=0.000, scaled_angular.z=0.000
[INFO] [1791450979.092812935] [serial_twistctl_node]: [SERIAL_TX] Timestamp: 1791450979092799687, Sending command (1/1): vcx=0.000,wc=0.000
 [19 bytes written]
[INFO] [1791450979.142958751] [serial_twistctl_node]: [TWIST_RX] Received Twist message - linear.x=0.000, angular.z=0.000, scaled_angular.z=0.000
[INFO] [1791450979.143020213] [serial_twistctl_node]: [SERIAL_TX] Timestamp: 1791450979143007346, Sending command (1/1): vcx=0.000,wc=0.000
 [19 bytes written]
[INFO] [1791450979.192882104] [serial_twistctl_node]: [TWIST_RX] Received Twist message - linear.x=0.000, angular.z=0.000, scaled_angular.z=0.000
[INFO] [1791450979.192938685] [serial_twistctl_node]: [SERIAL_TX] Timestamp: 1791450979192925456, Sending command (1/1): vcx=0.000,wc=0.000
 [19 bytes written]
[INFO] [1791450979.243095610] [serial_twistctl_node]: [TWIST_RX] Received Twist message - linear.x=0.000, angular.z=0.000, scaled_angular.z=0.000
[INFO] [1791450979.243153783] [serial_twistctl_node]: [SERIAL_TX] Timestamp: 1791450979243141738, Sending command (1/1): vcx=0.000,wc=0.000
 [19 bytes written]
[INFO] [1791450979.292867125] [serial_twistctl_node]: [TWIST_RX] Received Twist message - linear.x=0.000, angular.z=0.000, scaled_angular.z=0.000
[INFO] [1791450979.292924157] [serial_twistctl_node]: [SERIAL_TX] Timestamp: 1791450979292911156, Sending command (1/1): vcx=0.000,wc=0.000
 [19 bytes written]
[INFO] [1791450979.342974927] [serial_twistctl_node]: [TWIST_RX] Received Twist message - linear.x=0.000, angular.z=0.000, scaled_angular.z=0.000
[INFO] [1791450979.343039635] [serial_twistctl_node]: [SERIAL_TX] Timestamp: 1791450979343027594, Sending command (1/1): vcx=0.000,wc=0.000
 [19 bytes written]
[INFO] [1791450979.392819739] [serial_twistctl_node]: [TWIST_RX] Received Twist message - linear.x=0.000, angular.z=0.000, scaled_angular.z=0.000
[INFO] [1791450979.392877180] [serial_twistctl_node]: [SERIAL_TX] Timestamp: 1791450979392863753, Sending command (1/1): vcx=0.000,wc=0.000
 [19 bytes written]
[INFO] [1791450979.442729604] [serial_twistctl_node]: [TWIST_RX] Received Twist message - linear.x=0.000, angular.z=0.000, scaled_angular.z=0.000
[INFO] [1791450979.442790371] [serial_twistctl_node]: [SERIAL_TX] Timestamp: 1791450979442773701, Sending command (1/1): vcx=0.000,wc=0.000
 [19 bytes written]
[INFO] [1791450979.492816905] [serial_twistctl_node]: [TWIST_RX] Received Twist message - linear.x=0.000, angular.z=0.000, scaled_angular.z=0.000
[INFO] [1791450979.492871633] [serial_twistctl_node]: [SERIAL_TX] Timestamp: 1791450979492859227, Sending command (1/1): vcx=0.000,wc=0.000
 [19 bytes written]
[INFO] [1791450979.542912036] [serial_twistctl_node]: [TWIST_RX] Received Twist message - linear.x=0.000, angular.z=0.000, scaled_angular.z=0.000
[INFO] [1791450979.542962786] [serial_twistctl_node]: [SERIAL_TX] Timestamp: 1791450979542950178, Sending command (1/1): vcx=0.000,wc=0.000
 [19 bytes written]
[INFO] [1791450979.592840206] [serial_twistctl_node]: [TWIST_RX] Received Twist message - linear.x=0.000, angular.z=0.000, scaled_angular.z=0.000
[INFO] [1791450979.592897080] [serial_twistctl_node]: [SERIAL_TX] Timestamp: 1791450979592883383, Sending command (1/1): vcx=0.000,wc=0.000
 [19 bytes written]
[INFO] [1791450979.642685831] [serial_twistctl_node]: [TWIST_RX] Received Twist message - linear.x=0.000, angular.z=0.000, scaled_angular.z=0.000
[INFO] [1791450979.642742793] [serial_twistctl_node]: [SERIAL_TX] Timestamp: 1791450979642730174, Sending command (1/1): vcx=0.000,wc=0.000
 [19 bytes written]
[INFO] [1791450979.692850872] [serial_twistctl_node]: [TWIST_RX] Received Twist message - linear.x=0.000, angular.z=0.000, scaled_angular.z=0.000
[INFO] [1791450979.692914188] [serial_twistctl_node]: [SERIAL_TX] Timestamp: 1791450979692901325, Sending command (1/1): vcx=0.000,wc=0.000
 [19 bytes written]
[INFO] [1791450979.742927196] [serial_twistctl_node]: [TWIST_RX] Received Twist message - linear.x=0.000, angular.z=0.000, scaled_angular.z=0.000
[INFO] [1791450979.742983528] [serial_twistctl_node]: [SERIAL_TX] Timestamp: 1791450979742970666, Sending command (1/1): vcx=0.000,wc=0.000
 [19 bytes written]
[INFO] [1791450979.792844769] [serial_twistctl_node]: [TWIST_RX] Received Twist message - linear.x=0.000, angular.z=0.000, scaled_angular.z=0.000
[INFO] [1791450979.792901537] [serial_twistctl_node]: [SERIAL_TX] Timestamp: 1791450979792887955, Sending command (1/1): vcx=0.000,wc=0.000
 [19 bytes written]
[INFO] [1791450979.842946105] [serial_twistctl_node]: [TWIST_RX] Received Twist message - linear.x=0.000, angular.z=0.000, scaled_angular.z=0.000
[INFO] [1791450979.843001667] [serial_twistctl_node]: [SERIAL_TX] Timestamp: 1791450979842988644, Sending command (1/1): vcx=0.000,wc=0.000
 [19 bytes written]
[INFO] [1791450979.892871586] [serial_twistctl_node]: [TWIST_RX] Received Twist message - linear.x=0.000, angular.z=0.000, scaled_angular.z=0.000
[INFO] [1791450979.892929907] [serial_twistctl_node]: [SERIAL_TX] Timestamp: 1791450979892915968, Sending command (1/1): vcx=0.000,wc=0.000
 [19 bytes written]
[INFO] [1791450979.942883880] [serial_twistctl_node]: [TWIST_RX] Received Twist message - linear.x=0.000, angular.z=0.000, scaled_angular.z=0.000
[INFO] [1791450979.942941270] [serial_twistctl_node]: [SERIAL_TX] Timestamp: 1791450979942927583, Sending command (1/1): vcx=0.000,wc=0.000
 [19 bytes written]
[INFO] [1791450979.992835943] [serial_twistctl_node]: [TWIST_RX] Received Twist message - linear.x=0.000, angular.z=0.000, scaled_angular.z=0.000
[INFO] [1791450979.992910808] [serial_twistctl_node]: [SERIAL_TX] Timestamp: 1791450979992896474, Sending command (1/1): vcx=0.000,wc=0.000
 [19 bytes written]
[INFO] [1791450980.042900616] [serial_twistctl_node]: [TWIST_RX] Received Twist message - linear.x=0.000, angular.z=0.000, scaled_angular.z=0.000
[INFO] [1791450980.042961126] [serial_twistctl_node]: [SERIAL_TX] Timestamp: 1791450980042948359, Sending command (1/1): vcx=0.000,wc=0.000
 [19 bytes written]
[INFO] [1791450980.092740462] [serial_twistctl_node]: [TWIST_RX] Received Twist message - linear.x=0.000, angular.z=0.000, scaled_angular.z=0.000
[INFO] [1791450980.092798996] [serial_twistctl_node]: [SERIAL_TX] Timestamp: 1791450980092785306, Sending command (1/1): vcx=0.000,wc=0.000
 [19 bytes written]
[INFO] [1791450980.142823713] [serial_twistctl_node]: [TWIST_RX] Received Twist message - linear.x=0.000, angular.z=0.000, scaled_angular.z=0.000
[INFO] [1791450980.142879770] [serial_twistctl_node]: [SERIAL_TX] Timestamp: 1791450980142864704, Sending command (1/1): vcx=0.000,wc=0.000
 [19 bytes written]
[INFO] [1791450980.192710033] [serial_twistctl_node]: [TWIST_RX] Received Twist message - linear.x=0.000, angular.z=0.000, scaled_angular.z=0.000
[INFO] [1791450980.192765587] [serial_twistctl_node]: [SERIAL_TX] Timestamp: 1791450980192753355, Sending command (1/1): vcx=0.000,wc=0.000
 [19 bytes written]
[INFO] [1791450980.242828237] [serial_twistctl_node]: [TWIST_RX] Received Twist message - linear.x=0.000, angular.z=0.000, scaled_angular.z=0.000
[INFO] [1791450980.242885967] [serial_twistctl_node]: [SERIAL_TX] Timestamp: 1791450980242872649, Sending command (1/1): vcx=0.000,wc=0.000
 [19 bytes written]
[INFO] [1791450980.292797665] [serial_twistctl_node]: [TWIST_RX] Received Twist message - linear.x=0.000, angular.z=0.000, scaled_angular.z=0.000
[INFO] [1791450980.292854752] [serial_twistctl_node]: [SERIAL_TX] Timestamp: 1791450980292841492, Sending command (1/1): vcx=0.000,wc=0.000
 [19 bytes written]
[INFO] [1791450980.342805586] [serial_twistctl_node]: [TWIST_RX] Received Twist message - linear.x=0.000, angular.z=0.000, scaled_angular.z=0.000
[INFO] [1791450980.342865813] [serial_twistctl_node]: [SERIAL_TX] Timestamp: 1791450980342852657, Sending command (1/1): vcx=0.000,wc=0.000
 [19 bytes written]
[INFO] [1791450980.392806274] [serial_twistctl_node]: [TWIST_RX] Received Twist message - linear.x=0.000, angular.z=0.000, scaled_angular.z=0.000
[INFO] [1791450980.392867825] [serial_twistctl_node]: [SERIAL_TX] Timestamp: 1791450980392854364, Sending command (1/1): vcx=0.000,wc=0.000
 [19 bytes written]
[INFO] [1791450980.442771943] [serial_twistctl_node]: [TWIST_RX] Received Twist message - linear.x=0.000, angular.z=0.000, scaled_angular.z=0.000
[INFO] [1791450980.442827199] [serial_twistctl_node]: [SERIAL_TX] Timestamp: 1791450980442814604, Sending command (1/1): vcx=0.000,wc=0.000
 [19 bytes written]
[INFO] [1791450980.492965553] [serial_twistctl_node]: [TWIST_RX] Received Twist message - linear.x=0.000, angular.z=0.000, scaled_angular.z=0.000
[INFO] [1791450980.493027587] [serial_twistctl_node]: [SERIAL_TX] Timestamp: 1791450980493010049, Sending command (1/1): vcx=0.000,wc=0.000
 [19 bytes written]
[INFO] [1791450980.542826301] [serial_twistctl_node]: [TWIST_RX] Received Twist message - linear.x=0.000, angular.z=0.000, scaled_angular.z=0.000
[INFO] [1791450980.542882306] [serial_twistctl_node]: [SERIAL_TX] Timestamp: 1791450980542869189, Sending command (1/1): vcx=0.000,wc=0.000
 [19 bytes written]
[INFO] [1791450980.592769430] [serial_twistctl_node]: [TWIST_RX] Received Twist message - linear.x=0.000, angular.z=0.000, scaled_angular.z=0.000
[INFO] [1791450980.592830303] [serial_twistctl_node]: [SERIAL_TX] Timestamp: 1791450980592813866, Sending command (1/1): vcx=0.000,wc=0.000
 [19 bytes written]
[INFO] [1791450980.642829470] [serial_twistctl_node]: [TWIST_RX] Received Twist message - linear.x=0.000, angular.z=0.000, scaled_angular.z=0.000
[INFO] [1791450980.642896502] [serial_twistctl_node]: [SERIAL_TX] Timestamp: 1791450980642883199, Sending command (1/1): vcx=0.000,wc=0.000
 [19 bytes written]
[INFO] [1791450980.692800054] [serial_twistctl_node]: [TWIST_RX] Received Twist message - linear.x=0.000, angular.z=0.000, scaled_angular.z=0.000
[INFO] [1791450980.692856801] [serial_twistctl_node]: [SERIAL_TX] Timestamp: 1791450980692844227, Sending command (1/1): vcx=0.000,wc=0.000
 [19 bytes written]
[INFO] [1791450980.742816887] [serial_twistctl_node]: [TWIST_RX] Received Twist message - linear.x=0.000, angular.z=0.000, scaled_angular.z=0.000
[INFO] [1791450980.742871766] [serial_twistctl_node]: [SERIAL_TX] Timestamp: 1791450980742858442, Sending command (1/1): vcx=0.000,wc=0.000
 [19 bytes written]
[INFO] [1791450980.792839030] [serial_twistctl_node]: [TWIST_RX] Received Twist message - linear.x=0.000, angular.z=0.000, scaled_angular.z=0.000
[INFO] [1791450980.792897790] [serial_twistctl_node]: [SERIAL_TX] Timestamp: 1791450980792883754, Sending command (1/1): vcx=0.000,wc=0.000
 [19 bytes written]
[INFO] [1791450980.842829818] [serial_twistctl_node]: [TWIST_RX] Received Twist message - linear.x=0.000, angular.z=0.000, scaled_angular.z=0.000
[INFO] [1791450980.842886075] [serial_twistctl_node]: [SERIAL_TX] Timestamp: 1791450980842873007, Sending command (1/1): vcx=0.000,wc=0.000
 [19 bytes written]
[INFO] [1791450980.892636869] [serial_twistctl_node]: [TWIST_RX] Received Twist message - linear.x=0.000, angular.z=0.000, scaled_angular.z=0.000
[INFO] [1791450980.892696192] [serial_twistctl_node]: [SERIAL_TX] Timestamp: 1791450980892682359, Sending command (1/1): vcx=0.000,wc=0.000
 [19 bytes written]
[INFO] [1791450980.942913079] [serial_twistctl_node]: [TWIST_RX] Received Twist message - linear.x=0.000, angular.z=0.000, scaled_angular.z=0.000
[INFO] [1791450980.942969281] [serial_twistctl_node]: [SERIAL_TX] Timestamp: 1791450980942956255, Sending command (1/1): vcx=0.000,wc=0.000
 [19 bytes written]
[INFO] [1791450980.992759245] [serial_twistctl_node]: [TWIST_RX] Received Twist message - linear.x=0.000, angular.z=0.000, scaled_angular.z=0.000
[INFO] [1791450980.992820172] [serial_twistctl_node]: [SERIAL_TX] Timestamp: 1791450980992803436, Sending command (1/1): vcx=0.000,wc=0.000
 [19 bytes written]
[INFO] [1791450981.042862600] [serial_twistctl_node]: [TWIST_RX] Received Twist message - linear.x=0.000, angular.z=0.000, scaled_angular.z=0.000
[INFO] [1791450981.042921986] [serial_twistctl_node]: [SERIAL_TX] Timestamp: 1791450981042908644, Sending command (1/1): vcx=0.000,wc=0.000
 [19 bytes written]
[INFO] [1791450981.092896726] [serial_twistctl_node]: [TWIST_RX] Received Twist message - linear.x=0.021, angular.z=0.000, scaled_angular.z=0.000
[INFO] [1791450981.092953446] [serial_twistctl_node]: [SERIAL_TX] Timestamp: 1791450981092940423, Sending command (1/1): vcx=0.021,wc=0.000
 [19 bytes written]
[INFO] [1791450981.142827254] [serial_twistctl_node]: [TWIST_RX] Received Twist message - linear.x=0.043, angular.z=0.000, scaled_angular.z=0.000
[INFO] [1791450981.142887607] [serial_twistctl_node]: [SERIAL_TX] Timestamp: 1791450981142875360, Sending command (1/1): vcx=0.043,wc=0.000
 [19 bytes written]
[INFO] [1791450981.192852022] [serial_twistctl_node]: [TWIST_RX] Received Twist message - linear.x=0.064, angular.z=0.000, scaled_angular.z=0.000
[INFO] [1791450981.192910183] [serial_twistctl_node]: [SERIAL_TX] Timestamp: 1791450981192895985, Sending command (1/1): vcx=0.064,wc=0.000
 [19 bytes written]
[INFO] [1791450981.242801263] [serial_twistctl_node]: [TWIST_RX] Received Twist message - linear.x=0.085, angular.z=0.000, scaled_angular.z=0.000
[INFO] [1791450981.242859952] [serial_twistctl_node]: [SERIAL_TX] Timestamp: 1791450981242846681, Sending command (1/1): vcx=0.085,wc=0.000
 [19 bytes written]
[INFO] [1791450981.293049903] [serial_twistctl_node]: [TWIST_RX] Received Twist message - linear.x=0.106, angular.z=0.000, scaled_angular.z=0.000
[INFO] [1791450981.293116977] [serial_twistctl_node]: [SERIAL_TX] Timestamp: 1791450981293104679, Sending command (1/1): vcx=0.106,wc=0.000
 [19 bytes written]
[INFO] [1791450981.342862941] [serial_twistctl_node]: [TWIST_RX] Received Twist message - linear.x=0.128, angular.z=0.000, scaled_angular.z=0.000
[INFO] [1791450981.342917780] [serial_twistctl_node]: [SERIAL_TX] Timestamp: 1791450981342907491, Sending command (1/1): vcx=0.128,wc=0.000
 [19 bytes written]
[INFO] [1791450981.392730971] [serial_twistctl_node]: [TWIST_RX] Received Twist message - linear.x=0.149, angular.z=0.000, scaled_angular.z=0.000
[INFO] [1791450981.392780319] [serial_twistctl_node]: [SERIAL_TX] Timestamp: 1791450981392769603, Sending command (1/1): vcx=0.149,wc=0.000
 [19 bytes written]
[INFO] [1791450981.442815868] [serial_twistctl_node]: [TWIST_RX] Received Twist message - linear.x=0.170, angular.z=0.000, scaled_angular.z=0.000
[INFO] [1791450981.442865501] [serial_twistctl_node]: [SERIAL_TX] Timestamp: 1791450981442854411, Sending command (1/1): vcx=0.170,wc=0.000
 [19 bytes written]
[INFO] [1791450981.492655610] [serial_twistctl_node]: [TWIST_RX] Received Twist message - linear.x=0.191, angular.z=0.000, scaled_angular.z=0.000
[INFO] [1791450981.492695415] [serial_twistctl_node]: [SERIAL_TX] Timestamp: 1791450981492686490, Sending command (1/1): vcx=0.191,wc=0.000
 [19 bytes written]
[INFO] [1791450981.542817394] [serial_twistctl_node]: [TWIST_RX] Received Twist message - linear.x=0.212, angular.z=0.000, scaled_angular.z=0.000
[INFO] [1791450981.542858073] [serial_twistctl_node]: [SERIAL_TX] Timestamp: 1791450981542847926, Sending command (1/1): vcx=0.212,wc=0.000
 [19 bytes written]
[INFO] [1791450981.592709101] [serial_twistctl_node]: [TWIST_RX] Received Twist message - linear.x=0.220, angular.z=0.000, scaled_angular.z=0.000
[INFO] [1791450981.592752798] [serial_twistctl_node]: [SERIAL_TX] Timestamp: 1791450981592742595, Sending command (1/1): vcx=0.220,wc=0.000
 [19 bytes written]
[INFO] [1791450981.642918718] [serial_twistctl_node]: [TWIST_RX] Received Twist message - linear.x=0.217, angular.z=0.000, scaled_angular.z=0.000
[INFO] [1791450981.642961037] [serial_twistctl_node]: [SERIAL_TX] Timestamp: 1791450981642950698, Sending command (1/1): vcx=0.217,wc=0.000
 [19 bytes written]
[INFO] [1791450981.692836384] [serial_twistctl_node]: [TWIST_RX] Received Twist message - linear.x=0.220, angular.z=0.000, scaled_angular.z=0.000
[INFO] [1791450981.692880194] [serial_twistctl_node]: [SERIAL_TX] Timestamp: 1791450981692869822, Sending command (1/1): vcx=0.220,wc=0.000
 [19 bytes written]
[INFO] [1791450981.742919686] [serial_twistctl_node]: [TWIST_RX] Received Twist message - linear.x=0.216, angular.z=0.000, scaled_angular.z=0.000
[INFO] [1791450981.742961443] [serial_twistctl_node]: [SERIAL_TX] Timestamp: 1791450981742951401, Sending command (1/1): vcx=0.216,wc=0.000
 [19 bytes written]
[INFO] [1791450981.792945423] [serial_twistctl_node]: [TWIST_RX] Received Twist message - linear.x=0.219, angular.z=0.000, scaled_angular.z=0.000
[INFO] [1791450981.792987055] [serial_twistctl_node]: [SERIAL_TX] Timestamp: 1791450981792976417, Sending command (1/1): vcx=0.219,wc=0.000
 [19 bytes written]
[INFO] [1791450981.842816085] [serial_twistctl_node]: [TWIST_RX] Received Twist message - linear.x=0.221, angular.z=0.000, scaled_angular.z=0.000
[INFO] [1791450981.842859362] [serial_twistctl_node]: [SERIAL_TX] Timestamp: 1791450981842849177, Sending command (1/1): vcx=0.221,wc=0.000
 [19 bytes written]
[INFO] [1791450981.893070800] [serial_twistctl_node]: [TWIST_RX] Received Twist message - linear.x=0.218, angular.z=0.000, scaled_angular.z=0.000
[INFO] [1791450981.893112986] [serial_twistctl_node]: [SERIAL_TX] Timestamp: 1791450981893103442, Sending command (1/1): vcx=0.218,wc=0.000
 [19 bytes written]
[INFO] [1791450981.942822978] [serial_twistctl_node]: [TWIST_RX] Received Twist message - linear.x=0.221, angular.z=0.000, scaled_angular.z=0.000
[INFO] [1791450981.942863025] [serial_twistctl_node]: [SERIAL_TX] Timestamp: 1791450981942853425, Sending command (1/1): vcx=0.221,wc=0.000
 [19 bytes written]
[INFO] [1791450981.993032217] [serial_twistctl_node]: [TWIST_RX] Received Twist message - linear.x=0.218, angular.z=0.000, scaled_angular.z=0.000
[INFO] [1791450981.993086395] [serial_twistctl_node]: [SERIAL_TX] Timestamp: 1791450981993077057, Sending command (1/1): vcx=0.218,wc=0.000
 [19 bytes written]
[INFO] [1791450982.042933508] [serial_twistctl_node]: [TWIST_RX] Received Twist message - linear.x=0.220, angular.z=0.000, scaled_angular.z=0.000
[INFO] [1791450982.042983782] [serial_twistctl_node]: [SERIAL_TX] Timestamp: 1791450982042972666, Sending command (1/1): vcx=0.220,wc=0.000
 [19 bytes written]
[INFO] [1791450982.092873826] [serial_twistctl_node]: [TWIST_RX] Received Twist message - linear.x=0.217, angular.z=0.000, scaled_angular.z=0.000
[INFO] [1791450982.092916711] [serial_twistctl_node]: [SERIAL_TX] Timestamp: 1791450982092906363, Sending command (1/1): vcx=0.217,wc=0.000
 [19 bytes written]
[INFO] [1791450982.142823884] [serial_twistctl_node]: [TWIST_RX] Received Twist message - linear.x=0.220, angular.z=0.000, scaled_angular.z=0.000
[INFO] [1791450982.142865791] [serial_twistctl_node]: [SERIAL_TX] Timestamp: 1791450982142856028, Sending command (1/1): vcx=0.220,wc=0.000
 [19 bytes written]
[INFO] [1791450982.192989574] [serial_twistctl_node]: [TWIST_RX] Received Twist message - linear.x=0.217, angular.z=0.000, scaled_angular.z=0.000
[INFO] [1791450982.193032291] [serial_twistctl_node]: [SERIAL_TX] Timestamp: 1791450982193022652, Sending command (1/1): vcx=0.217,wc=0.000
 [19 bytes written]
[INFO] [1791450982.242912398] [serial_twistctl_node]: [TWIST_RX] Received Twist message - linear.x=0.219, angular.z=0.000, scaled_angular.z=0.000
[INFO] [1791450982.242954390] [serial_twistctl_node]: [SERIAL_TX] Timestamp: 1791450982242944332, Sending command (1/1): vcx=0.219,wc=0.000
 [19 bytes written]
[INFO] [1791450982.292937716] [serial_twistctl_node]: [TWIST_RX] Received Twist message - linear.x=0.221, angular.z=0.000, scaled_angular.z=0.000
[INFO] [1791450982.292978830] [serial_twistctl_node]: [SERIAL_TX] Timestamp: 1791450982292968802, Sending command (1/1): vcx=0.221,wc=0.000
 [19 bytes written]
[INFO] [1791450982.342865169] [serial_twistctl_node]: [TWIST_RX] Received Twist message - linear.x=0.219, angular.z=0.000, scaled_angular.z=0.000
[INFO] [1791450982.342905478] [serial_twistctl_node]: [SERIAL_TX] Timestamp: 1791450982342896155, Sending command (1/1): vcx=0.219,wc=0.000
 [19 bytes written]
[INFO] [1791450982.392710282] [serial_twistctl_node]: [TWIST_RX] Received Twist message - linear.x=0.221, angular.z=0.000, scaled_angular.z=0.000
[INFO] [1791450982.392750998] [serial_twistctl_node]: [SERIAL_TX] Timestamp: 1791450982392740954, Sending command (1/1): vcx=0.221,wc=0.000
 [19 bytes written]
[INFO] [1791450982.442980098] [serial_twistctl_node]: [TWIST_RX] Received Twist message - linear.x=0.218, angular.z=0.000, scaled_angular.z=0.000
[INFO] [1791450982.443021586] [serial_twistctl_node]: [SERIAL_TX] Timestamp: 1791450982443011260, Sending command (1/1): vcx=0.218,wc=0.000
 [19 bytes written]
[INFO] [1791450982.492958753] [serial_twistctl_node]: [TWIST_RX] Received Twist message - linear.x=0.220, angular.z=0.000, scaled_angular.z=0.000
[INFO] [1791450982.492997923] [serial_twistctl_node]: [SERIAL_TX] Timestamp: 1791450982492988574, Sending command (1/1): vcx=0.220,wc=0.000
 [19 bytes written]
[INFO] [1791450982.542937842] [serial_twistctl_node]: [TWIST_RX] Received Twist message - linear.x=0.000, angular.z=0.000, scaled_angular.z=0.000
[INFO] [1791450982.542976112] [serial_twistctl_node]: [SERIAL_TX] Timestamp: 1791450982542967923, Sending command (1/1): vcx=0.000,wc=0.000
 [19 bytes written]
[INFO] [1791450982.592935217] [serial_twistctl_node]: [TWIST_RX] Received Twist message - linear.x=0.000, angular.z=0.000, scaled_angular.z=0.000
[INFO] [1791450982.592976203] [serial_twistctl_node]: [SERIAL_TX] Timestamp: 1791450982592965838, Sending command (1/1): vcx=0.000,wc=0.000
 [19 bytes written]
[INFO] [1791450982.642941243] [serial_twistctl_node]: [TWIST_RX] Received Twist message - linear.x=0.000, angular.z=0.000, scaled_angular.z=0.000
[INFO] [1791450982.642977846] [serial_twistctl_node]: [SERIAL_TX] Timestamp: 1791450982642969363, Sending command (1/1): vcx=0.000,wc=0.000
 [19 bytes written]
[INFO] [1791450982.692769279] [serial_twistctl_node]: [TWIST_RX] Received Twist message - linear.x=0.000, angular.z=0.000, scaled_angular.z=0.000
[INFO] [1791450982.692818725] [serial_twistctl_node]: [SERIAL_TX] Timestamp: 1791450982692809114, Sending command (1/1): vcx=0.000,wc=0.000
 [19 bytes written]
[INFO] [1791450982.742938438] [serial_twistctl_node]: [TWIST_RX] Received Twist message - linear.x=0.000, angular.z=0.000, scaled_angular.z=0.000
[INFO] [1791450982.742976051] [serial_twistctl_node]: [SERIAL_TX] Timestamp: 1791450982742967196, Sending command (1/1): vcx=0.000,wc=0.000
 [19 bytes written]
[INFO] [1791450982.792822593] [serial_twistctl_node]: [TWIST_RX] Received Twist message - linear.x=0.000, angular.z=0.000, scaled_angular.z=0.000
[INFO] [1791450982.792861894] [serial_twistctl_node]: [SERIAL_TX] Timestamp: 1791450982792852698, Sending command (1/1): vcx=0.000,wc=0.000
 [19 bytes written]
[INFO] [1791450982.842829852] [serial_twistctl_node]: [TWIST_RX] Received Twist message - linear.x=0.000, angular.z=0.000, scaled_angular.z=0.000
[INFO] [1791450982.842870451] [serial_twistctl_node]: [SERIAL_TX] Timestamp: 1791450982842860115, Sending command (1/1): vcx=0.000,wc=0.000
 [19 bytes written]
[INFO] [1791450982.892942317] [serial_twistctl_node]: [TWIST_RX] Received Twist message - linear.x=0.000, angular.z=0.000, scaled_angular.z=0.000
[INFO] [1791450982.892982482] [serial_twistctl_node]: [SERIAL_TX] Timestamp: 1791450982892972717, Sending command (1/1): vcx=0.000,wc=0.000
 [19 bytes written]
[INFO] [1791450982.942854314] [serial_twistctl_node]: [TWIST_RX] Received Twist message - linear.x=0.000, angular.z=0.000, scaled_angular.z=0.000
[INFO] [1791450982.942895501] [serial_twistctl_node]: [SERIAL_TX] Timestamp: 1791450982942885642, Sending command (1/1): vcx=0.000,wc=0.000
 [19 bytes written]
[INFO] [1791450982.992793712] [serial_twistctl_node]: [TWIST_RX] Received Twist message - linear.x=0.000, angular.z=0.000, scaled_angular.z=0.000
[INFO] [1791450982.992842896] [serial_twistctl_node]: [SERIAL_TX] Timestamp: 1791450982992833490, Sending command (1/1): vcx=0.000,wc=0.000
 [19 bytes written]
[INFO] [1791450983.042802613] [serial_twistctl_node]: [TWIST_RX] Received Twist message - linear.x=0.000, angular.z=0.000, scaled_angular.z=0.000
[INFO] [1791450983.042849632] [serial_twistctl_node]: [SERIAL_TX] Timestamp: 1791450983042839435, Sending command (1/1): vcx=0.000,wc=0.000
 [19 bytes written]
[INFO] [1791450983.092983887] [serial_twistctl_node]: [TWIST_RX] Received Twist message - linear.x=0.000, angular.z=0.000, scaled_angular.z=0.000
[INFO] [1791450983.093023014] [serial_twistctl_node]: [SERIAL_TX] Timestamp: 1791450983093014903, Sending command (1/1): vcx=0.000,wc=0.000
 [19 bytes written]
[INFO] [1791450983.142748628] [serial_twistctl_node]: [TWIST_RX] Received Twist message - linear.x=0.000, angular.z=0.000, scaled_angular.z=0.000
[INFO] [1791450983.142789431] [serial_twistctl_node]: [SERIAL_TX] Timestamp: 1791450983142779795, Sending command (1/1): vcx=0.000,wc=0.000
 [19 bytes written]
[INFO] [1791450983.193023409] [serial_twistctl_node]: [TWIST_RX] Received Twist message - linear.x=0.000, angular.z=0.000, scaled_angular.z=0.000
[INFO] [1791450983.193073174] [serial_twistctl_node]: [SERIAL_TX] Timestamp: 1791450983193055655, Sending command (1/1): vcx=0.000,wc=0.000
 [19 bytes written]
[INFO] [1791450983.242947177] [serial_twistctl_node]: [TWIST_RX] Received Twist message - linear.x=0.000, angular.z=0.000, scaled_angular.z=0.000
[INFO] [1791450983.242988718] [serial_twistctl_node]: [SERIAL_TX] Timestamp: 1791450983242979322, Sending command (1/1): vcx=0.000,wc=0.000
 [19 bytes written]
[INFO] [1791450983.292937733] [serial_twistctl_node]: [TWIST_RX] Received Twist message - linear.x=0.000, angular.z=0.000, scaled_angular.z=0.000
[INFO] [1791450983.292986271] [serial_twistctl_node]: [SERIAL_TX] Timestamp: 1791450983292975713, Sending command (1/1): vcx=0.000,wc=0.000
 [19 bytes written]
[INFO] [1791450983.342805872] [serial_twistctl_node]: [TWIST_RX] Received Twist message - linear.x=0.000, angular.z=0.000, scaled_angular.z=0.000
[INFO] [1791450983.342854890] [serial_twistctl_node]: [SERIAL_TX] Timestamp: 1791450983342845342, Sending command (1/1): vcx=0.000,wc=0.000
 [19 bytes written]
[INFO] [1791450983.392919960] [serial_twistctl_node]: [TWIST_RX] Received Twist message - linear.x=0.000, angular.z=0.000, scaled_angular.z=0.000
[INFO] [1791450983.392959018] [serial_twistctl_node]: [SERIAL_TX] Timestamp: 1791450983392950147, Sending command (1/1): vcx=0.000,wc=0.000
 [19 bytes written]
[INFO] [1791450983.442805052] [serial_twistctl_node]: [TWIST_RX] Received Twist message - linear.x=0.000, angular.z=0.000, scaled_angular.z=0.000
[INFO] [1791450983.442843118] [serial_twistctl_node]: [SERIAL_TX] Timestamp: 1791450983442834939, Sending command (1/1): vcx=0.000,wc=0.000
 [19 bytes written]
[INFO] [1791450983.492985965] [serial_twistctl_node]: [TWIST_RX] Received Twist message - linear.x=0.000, angular.z=0.000, scaled_angular.z=0.000
[INFO] [1791450983.493028216] [serial_twistctl_node]: [SERIAL_TX] Timestamp: 1791450983493018541, Sending command (1/1): vcx=0.000,wc=0.000
 [19 bytes written]
[INFO] [1791450983.542910323] [serial_twistctl_node]: [TWIST_RX] Received Twist message - linear.x=0.000, angular.z=0.000, scaled_angular.z=0.000
[INFO] [1791450983.542952348] [serial_twistctl_node]: [SERIAL_TX] Timestamp: 1791450983542942726, Sending command (1/1): vcx=0.000,wc=0.000
 [19 bytes written]
[INFO] [1791450983.592665779] [serial_twistctl_node]: [TWIST_RX] Received Twist message - linear.x=0.000, angular.z=0.000, scaled_angular.z=0.000
[INFO] [1791450983.592732809] [serial_twistctl_node]: [SERIAL_TX] Timestamp: 1791450983592711009, Sending command (1/1): vcx=0.000,wc=0.000
 [19 bytes written]
[INFO] [1791450983.645107009] [serial_twistctl_node]: [TWIST_RX] Received Twist message - linear.x=0.000, angular.z=0.000, scaled_angular.z=0.000
[INFO] [1791450983.645137735] [serial_twistctl_node]: [SERIAL_TX] Timestamp: 1791450983645125736, Sending command (1/1): vcx=0.000,wc=0.000
 [19 bytes written]
[INFO] [1791450983.692783777] [serial_twistctl_node]: [TWIST_RX] Received Twist message - linear.x=0.000, angular.z=0.000, scaled_angular.z=0.000
[INFO] [1791450983.692826671] [serial_twistctl_node]: [SERIAL_TX] Timestamp: 1791450983692815905, Sending command (1/1): vcx=0.000,wc=0.000
 [19 bytes written]
[INFO] [1791450983.742927525] [serial_twistctl_node]: [TWIST_RX] Received Twist message - linear.x=0.000, angular.z=0.000, scaled_angular.z=0.000
[INFO] [1791450983.742966464] [serial_twistctl_node]: [SERIAL_TX] Timestamp: 1791450983742957384, Sending command (1/1): vcx=0.000,wc=0.000
 [19 bytes written]
[INFO] [1791450983.793023507] [serial_twistctl_node]: [TWIST_RX] Received Twist message - linear.x=0.000, angular.z=0.000, scaled_angular.z=0.000
[INFO] [1791450983.793069601] [serial_twistctl_node]: [SERIAL_TX] Timestamp: 1791450983793055744, Sending command (1/1): vcx=0.000,wc=0.000
 [19 bytes written]
[INFO] [1791450983.842922716] [serial_twistctl_node]: [TWIST_RX] Received Twist message - linear.x=0.000, angular.z=0.000, scaled_angular.z=0.000
[INFO] [1791450983.842968167] [serial_twistctl_node]: [SERIAL_TX] Timestamp: 1791450983842958505, Sending command (1/1): vcx=0.000,wc=0.000
 [19 bytes written]
[INFO] [1791450983.892927352] [serial_twistctl_node]: [TWIST_RX] Received Twist message - linear.x=0.000, angular.z=0.000, scaled_angular.z=0.000
[INFO] [1791450983.892973445] [serial_twistctl_node]: [SERIAL_TX] Timestamp: 1791450983892963693, Sending command (1/1): vcx=0.000,wc=0.000
 [19 bytes written]
[INFO] [1791450983.942815233] [serial_twistctl_node]: [TWIST_RX] Received Twist message - linear.x=0.000, angular.z=0.000, scaled_angular.z=0.000
[INFO] [1791450983.942855883] [serial_twistctl_node]: [SERIAL_TX] Timestamp: 1791450983942846135, Sending command (1/1): vcx=0.000,wc=0.000
 [19 bytes written]
[INFO] [1791450983.992929122] [serial_twistctl_node]: [TWIST_RX] Received Twist message - linear.x=0.000, angular.z=0.000, scaled_angular.z=0.000
[INFO] [1791450983.992981998] [serial_twistctl_node]: [SERIAL_TX] Timestamp: 1791450983992971542, Sending command (1/1): vcx=0.000,wc=0.000
 [19 bytes written]
[INFO] [1791450984.042964726] [serial_twistctl_node]: [TWIST_RX] Received Twist message - linear.x=0.000, angular.z=0.000, scaled_angular.z=0.000
[INFO] [1791450984.043004781] [serial_twistctl_node]: [SERIAL_TX] Timestamp: 1791450984042996630, Sending command (1/1): vcx=0.000,wc=0.000
 [19 bytes written]
[INFO] [1791450984.092919102] [serial_twistctl_node]: [TWIST_RX] Received Twist message - linear.x=0.000, angular.z=0.000, scaled_angular.z=0.000
[INFO] [1791450984.092958053] [serial_twistctl_node]: [SERIAL_TX] Timestamp: 1791450984092949525, Sending command (1/1): vcx=0.000,wc=0.000
 [19 bytes written]
[INFO] [1791450984.142960687] [serial_twistctl_node]: [TWIST_RX] Received Twist message - linear.x=0.000, angular.z=0.000, scaled_angular.z=0.000
[INFO] [1791450984.143004149] [serial_twistctl_node]: [SERIAL_TX] Timestamp: 1791450984142994894, Sending command (1/1): vcx=0.000,wc=0.000
 [19 bytes written]
[INFO] [1791450984.192967121] [serial_twistctl_node]: [TWIST_RX] Received Twist message - linear.x=0.000, angular.z=0.000, scaled_angular.z=0.000
[INFO] [1791450984.193011984] [serial_twistctl_node]: [SERIAL_TX] Timestamp: 1791450984193002762, Sending command (1/1): vcx=0.000,wc=0.000
 [19 bytes written]
[INFO] [1791450984.243015769] [serial_twistctl_node]: [TWIST_RX] Received Twist message - linear.x=0.000, angular.z=0.000, scaled_angular.z=0.000
[INFO] [1791450984.243063079] [serial_twistctl_node]: [SERIAL_TX] Timestamp: 1791450984243048402, Sending command (1/1): vcx=0.000,wc=0.000
 [19 bytes written]
[INFO] [1791450984.292926218] [serial_twistctl_node]: [TWIST_RX] Received Twist message - linear.x=0.000, angular.z=0.000, scaled_angular.z=0.000
[INFO] [1791450984.292973213] [serial_twistctl_node]: [SERIAL_TX] Timestamp: 1791450984292963532, Sending command (1/1): vcx=0.000,wc=0.000
 [19 bytes written]
[INFO] [1791450984.343066019] [serial_twistctl_node]: [TWIST_RX] Received Twist message - linear.x=0.000, angular.z=0.000, scaled_angular.z=0.000
[INFO] [1791450984.343102095] [serial_twistctl_node]: [SERIAL_TX] Timestamp: 1791450984343094988, Sending command (1/1): vcx=0.000,wc=0.000
 [19 bytes written]
[INFO] [1791450984.392660017] [serial_twistctl_node]: [TWIST_RX] Received Twist message - linear.x=0.000, angular.z=0.000, scaled_angular.z=0.000
[INFO] [1791450984.392719674] [serial_twistctl_node]: [SERIAL_TX] Timestamp: 1791450984392705844, Sending command (1/1): vcx=0.000,wc=0.000
 [19 bytes written]
[INFO] [1791450984.442890286] [serial_twistctl_node]: [TWIST_RX] Received Twist message - linear.x=0.000, angular.z=0.000, scaled_angular.z=0.000
[INFO] [1791450984.442949466] [serial_twistctl_node]: [SERIAL_TX] Timestamp: 1791450984442935304, Sending command (1/1): vcx=0.000,wc=0.000
 [19 bytes written]
[INFO] [1791450984.492876729] [serial_twistctl_node]: [TWIST_RX] Received Twist message - linear.x=0.000, angular.z=0.000, scaled_angular.z=0.000
[INFO] [1791450984.492939289] [serial_twistctl_node]: [SERIAL_TX] Timestamp: 1791450984492926608, Sending command (1/1): vcx=0.000,wc=0.000
 [19 bytes written]
[INFO] [1791450984.542875313] [serial_twistctl_node]: [TWIST_RX] Received Twist message - linear.x=0.000, angular.z=0.000, scaled_angular.z=0.000
[INFO] [1791450984.542931635] [serial_twistctl_node]: [SERIAL_TX] Timestamp: 1791450984542918439, Sending command (1/1): vcx=0.000,wc=0.000
 [19 bytes written]
[INFO] [1791450984.592920666] [serial_twistctl_node]: [TWIST_RX] Received Twist message - linear.x=0.000, angular.z=0.000, scaled_angular.z=0.000
[INFO] [1791450984.592975210] [serial_twistctl_node]: [SERIAL_TX] Timestamp: 1791450984592961809, Sending command (1/1): vcx=0.000,wc=0.000
 [19 bytes written]
[INFO] [1791450984.642777592] [serial_twistctl_node]: [TWIST_RX] Received Twist message - linear.x=0.000, angular.z=0.000, scaled_angular.z=0.000
[INFO] [1791450984.642833301] [serial_twistctl_node]: [SERIAL_TX] Timestamp: 1791450984642821081, Sending command (1/1): vcx=0.000,wc=0.000
 [19 bytes written]
[INFO] [1791450984.692768979] [serial_twistctl_node]: [TWIST_RX] Received Twist message - linear.x=0.000, angular.z=0.000, scaled_angular.z=0.000
[INFO] [1791450984.692840721] [serial_twistctl_node]: [SERIAL_TX] Timestamp: 1791450984692827194, Sending command (1/1): vcx=0.000,wc=0.000
 [19 bytes written]
[INFO] [1791450984.742765569] [serial_twistctl_node]: [TWIST_RX] Received Twist message - linear.x=0.000, angular.z=0.000, scaled_angular.z=0.000
[INFO] [1791450984.742822797] [serial_twistctl_node]: [SERIAL_TX] Timestamp: 1791450984742810416, Sending command (1/1): vcx=0.000,wc=0.000
 [19 bytes written]
[INFO] [1791450984.792737857] [serial_twistctl_node]: [TWIST_RX] Received Twist message - linear.x=0.000, angular.z=0.000, scaled_angular.z=0.000
[INFO] [1791450984.792801110] [serial_twistctl_node]: [SERIAL_TX] Timestamp: 1791450984792779402, Sending command (1/1): vcx=0.000,wc=0.000
 [19 bytes written]
[INFO] [1791450984.842997090] [serial_twistctl_node]: [TWIST_RX] Received Twist message - linear.x=0.000, angular.z=0.000, scaled_angular.z=0.000
[INFO] [1791450984.843048682] [serial_twistctl_node]: [SERIAL_TX] Timestamp: 1791450984843033186, Sending command (1/1): vcx=0.000,wc=0.000
 [19 bytes written]
[INFO] [1791450984.892840728] [serial_twistctl_node]: [TWIST_RX] Received Twist message - linear.x=0.000, angular.z=0.000, scaled_angular.z=0.000
[INFO] [1791450984.892884961] [serial_twistctl_node]: [SERIAL_TX] Timestamp: 1791450984892874893, Sending command (1/1): vcx=0.000,wc=0.000
 [19 bytes written]
[INFO] [1791450984.942993568] [serial_twistctl_node]: [TWIST_RX] Received Twist message - linear.x=0.000, angular.z=0.000, scaled_angular.z=0.000
[INFO] [1791450984.943032766] [serial_twistctl_node]: [SERIAL_TX] Timestamp: 1791450984943023861, Sending command (1/1): vcx=0.000,wc=0.000
 [19 bytes written]
[INFO] [1791450984.992857741] [serial_twistctl_node]: [TWIST_RX] Received Twist message - linear.x=0.000, angular.z=0.000, scaled_angular.z=0.000
[INFO] [1791450984.992911189] [serial_twistctl_node]: [SERIAL_TX] Timestamp: 1791450984992901127, Sending command (1/1): vcx=0.000,wc=0.000
 [19 bytes written]
[INFO] [1791450985.043071746] [serial_twistctl_node]: [TWIST_RX] Received Twist message - linear.x=0.000, angular.z=0.000, scaled_angular.z=0.000
[INFO] [1791450985.043115023] [serial_twistctl_node]: [SERIAL_TX] Timestamp: 1791450985043105719, Sending command (1/1): vcx=0.000,wc=0.000
 [19 bytes written]
[INFO] [1791450985.092948770] [serial_twistctl_node]: [TWIST_RX] Received Twist message - linear.x=0.000, angular.z=0.000, scaled_angular.z=0.000
[INFO] [1791450985.092992354] [serial_twistctl_node]: [SERIAL_TX] Timestamp: 1791450985092982544, Sending command (1/1): vcx=0.000,wc=0.000
 [19 bytes written]
[INFO] [1791450985.142948330] [serial_twistctl_node]: [TWIST_RX] Received Twist message - linear.x=0.000, angular.z=0.000, scaled_angular.z=0.000
[INFO] [1791450985.142995863] [serial_twistctl_node]: [SERIAL_TX] Timestamp: 1791450985142986386, Sending command (1/1): vcx=0.000,wc=0.000
 [19 bytes written]
[INFO] [1791450985.192923917] [serial_twistctl_node]: [TWIST_RX] Received Twist message - linear.x=0.000, angular.z=0.000, scaled_angular.z=0.000
[INFO] [1791450985.192966186] [serial_twistctl_node]: [SERIAL_TX] Timestamp: 1791450985192957308, Sending command (1/1): vcx=0.000,wc=0.000
 [19 bytes written]
[INFO] [1791450985.242786116] [serial_twistctl_node]: [TWIST_RX] Received Twist message - linear.x=0.000, angular.z=0.000, scaled_angular.z=0.000
[INFO] [1791450985.242832358] [serial_twistctl_node]: [SERIAL_TX] Timestamp: 1791450985242819078, Sending command (1/1): vcx=0.000,wc=0.000
 [19 bytes written]
[INFO] [1791450985.292861411] [serial_twistctl_node]: [TWIST_RX] Received Twist message - linear.x=0.000, angular.z=0.000, scaled_angular.z=0.000
[INFO] [1791450985.292908729] [serial_twistctl_node]: [SERIAL_TX] Timestamp: 1791450985292899312, Sending command (1/1): vcx=0.000,wc=0.000
 [19 bytes written]
[INFO] [1791450985.342818940] [serial_twistctl_node]: [TWIST_RX] Received Twist message - linear.x=0.000, angular.z=0.000, scaled_angular.z=0.000
[INFO] [1791450985.342873858] [serial_twistctl_node]: [SERIAL_TX] Timestamp: 1791450985342864871, Sending command (1/1): vcx=0.000,wc=0.000
 [19 bytes written]
[INFO] [1791450985.393095843] [serial_twistctl_node]: [TWIST_RX] Received Twist message - linear.x=0.000, angular.z=0.000, scaled_angular.z=0.000
[INFO] [1791450985.393137575] [serial_twistctl_node]: [SERIAL_TX] Timestamp: 1791450985393127618, Sending command (1/1): vcx=0.000,wc=0.000
 [19 bytes written]
[INFO] [1791450985.442817631] [serial_twistctl_node]: [TWIST_RX] Received Twist message - linear.x=0.000, angular.z=0.000, scaled_angular.z=0.000
[INFO] [1791450985.442860958] [serial_twistctl_node]: [SERIAL_TX] Timestamp: 1791450985442852160, Sending command (1/1): vcx=0.000,wc=0.000
 [19 bytes written]
[INFO] [1791450985.492816609] [serial_twistctl_node]: [TWIST_RX] Received Twist message - linear.x=0.000, angular.z=0.000, scaled_angular.z=0.000
[INFO] [1791450985.492859475] [serial_twistctl_node]: [SERIAL_TX] Timestamp: 1791450985492849104, Sending command (1/1): vcx=0.000,wc=0.000
 [19 bytes written]
[INFO] [1791450985.542924969] [serial_twistctl_node]: [TWIST_RX] Received Twist message - linear.x=0.000, angular.z=0.000, scaled_angular.z=0.000
[INFO] [1791450985.542964363] [serial_twistctl_node]: [SERIAL_TX] Timestamp: 1791450985542955017, Sending command (1/1): vcx=0.000,wc=0.000
 [19 bytes written]
[INFO] [1791450985.592866194] [serial_twistctl_node]: [TWIST_RX] Received Twist message - linear.x=0.000, angular.z=0.000, scaled_angular.z=0.000
[INFO] [1791450985.592911827] [serial_twistctl_node]: [SERIAL_TX] Timestamp: 1791450985592901199, Sending command (1/1): vcx=0.000,wc=0.000
 [19 bytes written]
[INFO] [1791450985.642828236] [serial_twistctl_node]: [TWIST_RX] Received Twist message - linear.x=0.000, angular.z=0.000, scaled_angular.z=0.000
[INFO] [1791450985.642873118] [serial_twistctl_node]: [SERIAL_TX] Timestamp: 1791450985642863793, Sending command (1/1): vcx=0.000,wc=0.000
 [19 bytes written]
[INFO] [1791450985.692775016] [serial_twistctl_node]: [TWIST_RX] Received Twist message - linear.x=0.000, angular.z=0.000, scaled_angular.z=0.000
[INFO] [1791450985.692815437] [serial_twistctl_node]: [SERIAL_TX] Timestamp: 1791450985692806400, Sending command (1/1): vcx=0.000,wc=0.000
 [19 bytes written]
[INFO] [1791450985.742807784] [serial_twistctl_node]: [TWIST_RX] Received Twist message - linear.x=0.000, angular.z=0.000, scaled_angular.z=0.000
[INFO] [1791450985.742847588] [serial_twistctl_node]: [SERIAL_TX] Timestamp: 1791450985742838079, Sending command (1/1): vcx=0.000,wc=0.000
 [19 bytes written]
[INFO] [1791450985.792942321] [serial_twistctl_node]: [TWIST_RX] Received Twist message - linear.x=0.000, angular.z=0.000, scaled_angular.z=0.000
[INFO] [1791450985.792982160] [serial_twistctl_node]: [SERIAL_TX] Timestamp: 1791450985792972948, Sending command (1/1): vcx=0.000,wc=0.000
 [19 bytes written]
[INFO] [1791450985.842833431] [serial_twistctl_node]: [TWIST_RX] Received Twist message - linear.x=0.000, angular.z=0.000, scaled_angular.z=0.000
[INFO] [1791450985.842877590] [serial_twistctl_node]: [SERIAL_TX] Timestamp: 1791450985842868500, Sending command (1/1): vcx=0.000,wc=0.000
 [19 bytes written]
[INFO] [1791450985.892781888] [serial_twistctl_node]: [TWIST_RX] Received Twist message - linear.x=0.000, angular.z=0.000, scaled_angular.z=0.000
[INFO] [1791450985.892829505] [serial_twistctl_node]: [SERIAL_TX] Timestamp: 1791450985892819479, Sending command (1/1): vcx=0.000,wc=0.000
 [19 bytes written]
[INFO] [1791450985.943115948] [serial_twistctl_node]: [TWIST_RX] Received Twist message - linear.x=0.000, angular.z=0.000, scaled_angular.z=0.000
[INFO] [1791450985.943167794] [serial_twistctl_node]: [SERIAL_TX] Timestamp: 1791450985943158917, Sending command (1/1): vcx=0.000,wc=0.000
 [19 bytes written]
[INFO] [1791450985.992830649] [serial_twistctl_node]: [TWIST_RX] Received Twist message - linear.x=0.000, angular.z=0.000, scaled_angular.z=0.000
[INFO] [1791450985.992877707] [serial_twistctl_node]: [SERIAL_TX] Timestamp: 1791450985992867801, Sending command (1/1): vcx=0.000,wc=0.000
 [19 bytes written]
[INFO] [1791450986.042589703] [serial_twistctl_node]: [TWIST_RX] Received Twist message - linear.x=0.000, angular.z=0.000, scaled_angular.z=0.000
[INFO] [1791450986.042633679] [serial_twistctl_node]: [SERIAL_TX] Timestamp: 1791450986042624607, Sending command (1/1): vcx=0.000,wc=0.000
 [19 bytes written]
[INFO] [1791450986.092957632] [serial_twistctl_node]: [TWIST_RX] Received Twist message - linear.x=0.000, angular.z=0.000, scaled_angular.z=0.000
[INFO] [1791450986.092999554] [serial_twistctl_node]: [SERIAL_TX] Timestamp: 1791450986092990462, Sending command (1/1): vcx=0.000,wc=0.000
 [19 bytes written]
[INFO] [1791450986.142801113] [serial_twistctl_node]: [TWIST_RX] Received Twist message - linear.x=0.000, angular.z=0.000, scaled_angular.z=0.000
[INFO] [1791450986.142845885] [serial_twistctl_node]: [SERIAL_TX] Timestamp: 1791450986142834292, Sending command (1/1): vcx=0.000,wc=0.000
 [19 bytes written]
[INFO] [1791450986.192940170] [serial_twistctl_node]: [TWIST_RX] Received Twist message - linear.x=0.000, angular.z=0.000, scaled_angular.z=0.000
[INFO] [1791450986.192981208] [serial_twistctl_node]: [SERIAL_TX] Timestamp: 1791450986192971435, Sending command (1/1): vcx=0.000,wc=0.000
 [19 bytes written]
[INFO] [1791450986.242843577] [serial_twistctl_node]: [TWIST_RX] Received Twist message - linear.x=0.000, angular.z=0.000, scaled_angular.z=0.000
[INFO] [1791450986.242885112] [serial_twistctl_node]: [SERIAL_TX] Timestamp: 1791450986242874872, Sending command (1/1): vcx=0.000,wc=0.000
 [19 bytes written]
[INFO] [1791450986.293012351] [serial_twistctl_node]: [TWIST_RX] Received Twist message - linear.x=0.000, angular.z=0.000, scaled_angular.z=0.000
[INFO] [1791450986.293054700] [serial_twistctl_node]: [SERIAL_TX] Timestamp: 1791450986293044440, Sending command (1/1): vcx=0.000,wc=0.000
 [19 bytes written]
[INFO] [1791450986.342826209] [serial_twistctl_node]: [TWIST_RX] Received Twist message - linear.x=0.000, angular.z=0.000, scaled_angular.z=0.000
[INFO] [1791450986.342864907] [serial_twistctl_node]: [SERIAL_TX] Timestamp: 1791450986342854779, Sending command (1/1): vcx=0.000,wc=0.000
 [19 bytes written]
[INFO] [1791450986.392854416] [serial_twistctl_node]: [TWIST_RX] Received Twist message - linear.x=0.000, angular.z=0.000, scaled_angular.z=0.000
[INFO] [1791450986.392895213] [serial_twistctl_node]: [SERIAL_TX] Timestamp: 1791450986392884740, Sending command (1/1): vcx=0.000,wc=0.000
 [19 bytes written]
[INFO] [1791450986.442908676] [serial_twistctl_node]: [TWIST_RX] Received Twist message - linear.x=0.000, angular.z=0.000, scaled_angular.z=0.000
[INFO] [1791450986.442951471] [serial_twistctl_node]: [SERIAL_TX] Timestamp: 1791450986442941947, Sending command (1/1): vcx=0.000,wc=0.000
 [19 bytes written]
[INFO] [1791450986.492801518] [serial_twistctl_node]: [TWIST_RX] Received Twist message - linear.x=0.000, angular.z=0.000, scaled_angular.z=0.000
[INFO] [1791450986.492847339] [serial_twistctl_node]: [SERIAL_TX] Timestamp: 1791450986492834039, Sending command (1/1): vcx=0.000,wc=0.000
 [19 bytes written]
[INFO] [1791450986.543112549] [serial_twistctl_node]: [TWIST_RX] Received Twist message - linear.x=0.000, angular.z=0.000, scaled_angular.z=0.000
[INFO] [1791450986.543155819] [serial_twistctl_node]: [SERIAL_TX] Timestamp: 1791450986543145323, Sending command (1/1): vcx=0.000,wc=0.000
 [19 bytes written]
[INFO] [1791450986.592833740] [serial_twistctl_node]: [TWIST_RX] Received Twist message - linear.x=0.000, angular.z=0.000, scaled_angular.z=0.000
[INFO] [1791450986.592876870] [serial_twistctl_node]: [SERIAL_TX] Timestamp: 1791450986592866411, Sending command (1/1): vcx=0.000,wc=0.000
 [19 bytes written]
[INFO] [1791450986.642981834] [serial_twistctl_node]: [TWIST_RX] Received Twist message - linear.x=0.000, angular.z=0.000, scaled_angular.z=0.000
[INFO] [1791450986.643022761] [serial_twistctl_node]: [SERIAL_TX] Timestamp: 1791450986643013805, Sending command (1/1): vcx=0.000,wc=0.000
 [19 bytes written]
[INFO] [1791450986.692829280] [serial_twistctl_node]: [TWIST_RX] Received Twist message - linear.x=0.000, angular.z=0.000, scaled_angular.z=0.000
[INFO] [1791450986.692882510] [serial_twistctl_node]: [SERIAL_TX] Timestamp: 1791450986692872039, Sending command (1/1): vcx=0.000,wc=0.000
 [19 bytes written]
[INFO] [1791450986.742813282] [serial_twistctl_node]: [TWIST_RX] Received Twist message - linear.x=0.000, angular.z=0.000, scaled_angular.z=0.000
[INFO] [1791450986.742854042] [serial_twistctl_node]: [SERIAL_TX] Timestamp: 1791450986742844037, Sending command (1/1): vcx=0.000,wc=0.000
 [19 bytes written]
[INFO] [1791450986.792825836] [serial_twistctl_node]: [TWIST_RX] Received Twist message - linear.x=0.000, angular.z=0.000, scaled_angular.z=0.000
[INFO] [1791450986.792867880] [serial_twistctl_node]: [SERIAL_TX] Timestamp: 1791450986792857418, Sending command (1/1): vcx=0.000,wc=0.000
 [19 bytes written]
[INFO] [1791450986.842803875] [serial_twistctl_node]: [TWIST_RX] Received Twist message - linear.x=0.000, angular.z=0.000, scaled_angular.z=0.000
[INFO] [1791450986.842846223] [serial_twistctl_node]: [SERIAL_TX] Timestamp: 1791450986842837328, Sending command (1/1): vcx=0.000,wc=0.000
 [19 bytes written]
[INFO] [1791450986.892846146] [serial_twistctl_node]: [TWIST_RX] Received Twist message - linear.x=0.000, angular.z=0.000, scaled_angular.z=0.000
[INFO] [1791450986.892892935] [serial_twistctl_node]: [SERIAL_TX] Timestamp: 1791450986892883761, Sending command (1/1): vcx=0.000,wc=0.000
 [19 bytes written]
[INFO] [1791450986.942864600] [serial_twistctl_node]: [TWIST_RX] Received Twist message - linear.x=0.000, angular.z=0.000, scaled_angular.z=0.000
[INFO] [1791450986.942903435] [serial_twistctl_node]: [SERIAL_TX] Timestamp: 1791450986942894519, Sending command (1/1): vcx=0.000,wc=0.000
 [19 bytes written]
[INFO] [1791450986.992776867] [serial_twistctl_node]: [TWIST_RX] Received Twist message - linear.x=0.000, angular.z=0.000, scaled_angular.z=0.000
[INFO] [1791450986.992820245] [serial_twistctl_node]: [SERIAL_TX] Timestamp: 1791450986992809988, Sending command (1/1): vcx=0.000,wc=0.000
 [19 bytes written]
[INFO] [1791450987.042867163] [serial_twistctl_node]: [TWIST_RX] Received Twist message - linear.x=0.000, angular.z=0.000, scaled_angular.z=0.000
[INFO] [1791450987.042913371] [serial_twistctl_node]: [SERIAL_TX] Timestamp: 1791450987042903382, Sending command (1/1): vcx=0.000,wc=0.000
 [19 bytes written]
[INFO] [1791450987.092782301] [serial_twistctl_node]: [TWIST_RX] Received Twist message - linear.x=0.000, angular.z=0.000, scaled_angular.z=0.000
[INFO] [1791450987.092829336] [serial_twistctl_node]: [SERIAL_TX] Timestamp: 1791450987092818950, Sending command (1/1): vcx=0.000,wc=0.000
 [19 bytes written]
[INFO] [1791450987.142874920] [serial_twistctl_node]: [TWIST_RX] Received Twist message - linear.x=0.000, angular.z=0.000, scaled_angular.z=0.000
[INFO] [1791450987.142932188] [serial_twistctl_node]: [SERIAL_TX] Timestamp: 1791450987142921776, Sending command (1/1): vcx=0.000,wc=0.000
 [19 bytes written]
[INFO] [1791450987.192856088] [serial_twistctl_node]: [TWIST_RX] Received Twist message - linear.x=0.000, angular.z=0.000, scaled_angular.z=0.000
[INFO] [1791450987.192898718] [serial_twistctl_node]: [SERIAL_TX] Timestamp: 1791450987192889170, Sending command (1/1): vcx=0.000,wc=0.000
 [19 bytes written]
[INFO] [1791450987.243112910] [serial_twistctl_node]: [TWIST_RX] Received Twist message - linear.x=0.000, angular.z=0.000, scaled_angular.z=0.000
[INFO] [1791450987.243156278] [serial_twistctl_node]: [SERIAL_TX] Timestamp: 1791450987243147427, Sending command (1/1): vcx=0.000,wc=0.000
 [19 bytes written]
[INFO] [1791450987.292869050] [serial_twistctl_node]: [TWIST_RX] Received Twist message - linear.x=0.000, angular.z=0.000, scaled_angular.z=0.000
[INFO] [1791450987.292917951] [serial_twistctl_node]: [SERIAL_TX] Timestamp: 1791450987292907542, Sending command (1/1): vcx=0.000,wc=0.000
 [19 bytes written]
[INFO] [1791450987.342807184] [serial_twistctl_node]: [TWIST_RX] Received Twist message - linear.x=0.000, angular.z=0.000, scaled_angular.z=0.000
[INFO] [1791450987.342856524] [serial_twistctl_node]: [SERIAL_TX] Timestamp: 1791450987342847076, Sending command (1/1): vcx=0.000,wc=0.000
 [19 bytes written]
[INFO] [1791450987.392834828] [serial_twistctl_node]: [TWIST_RX] Received Twist message - linear.x=0.000, angular.z=0.000, scaled_angular.z=0.000
[INFO] [1791450987.392881666] [serial_twistctl_node]: [SERIAL_TX] Timestamp: 1791450987392867118, Sending command (1/1): vcx=0.000,wc=0.000
 [19 bytes written]
[INFO] [1791450987.442791611] [serial_twistctl_node]: [TWIST_RX] Received Twist message - linear.x=0.000, angular.z=0.000, scaled_angular.z=0.000
[INFO] [1791450987.501473285] [serial_twistctl_node]: [SERIAL_TX] Timestamp: 1791450987501457639, Sending command (1/1): vcx=0.000,wc=0.000
 [19 bytes written]
[INFO] [1791450987.501523053] [serial_twistctl_node]: [TWIST_RX] Received Twist message - linear.x=0.000, angular.z=0.000, scaled_angular.z=0.000
[INFO] [1791450987.501528674] [serial_twistctl_node]: [SERIAL_TX] Timestamp: 1791450987501527050, Sending command (1/1): vcx=0.000,wc=0.000
 [19 bytes written]
[INFO] [1791450987.542809242] [serial_twistctl_node]: [TWIST_RX] Received Twist message - linear.x=0.000, angular.z=0.000, scaled_angular.z=0.000
[INFO] [1791450987.542846324] [serial_twistctl_node]: [SERIAL_TX] Timestamp: 1791450987542838032, Sending command (1/1): vcx=0.000,wc=0.000
 [19 bytes written]
[INFO] [1791450987.592850023] [serial_twistctl_node]: [TWIST_RX] Received Twist message - linear.x=0.000, angular.z=0.000, scaled_angular.z=0.000
[INFO] [1791450987.592891894] [serial_twistctl_node]: [SERIAL_TX] Timestamp: 1791450987592881531, Sending command (1/1): vcx=0.000,wc=0.000
 [19 bytes written]
[INFO] [1791450987.642816350] [serial_twistctl_node]: [TWIST_RX] Received Twist message - linear.x=0.000, angular.z=0.000, scaled_angular.z=0.000
[INFO] [1791450987.642855559] [serial_twistctl_node]: [SERIAL_TX] Timestamp: 1791450987642847061, Sending command (1/1): vcx=0.000,wc=0.000
 [19 bytes written]
[INFO] [1791450987.693003067] [serial_twistctl_node]: [TWIST_RX] Received Twist message - linear.x=0.000, angular.z=0.000, scaled_angular.z=0.000
[INFO] [1791450987.693054262] [serial_twistctl_node]: [SERIAL_TX] Timestamp: 1791450987693043256, Sending command (1/1): vcx=0.000,wc=0.000
 [19 bytes written]
[INFO] [1791450987.742712354] [serial_twistctl_node]: [TWIST_RX] Received Twist message - linear.x=0.000, angular.z=0.000, scaled_angular.z=0.000
[INFO] [1791450987.742785400] [serial_twistctl_node]: [SERIAL_TX] Timestamp: 1791450987742769399, Sending command (1/1): vcx=0.000,wc=0.000
 [19 bytes written]
[INFO] [1791450987.792906530] [serial_twistctl_node]: [TWIST_RX] Received Twist message - linear.x=0.000, angular.z=0.000, scaled_angular.z=0.000
[INFO] [1791450987.792959079] [serial_twistctl_node]: [SERIAL_TX] Timestamp: 1791450987792946558, Sending command (1/1): vcx=0.000,wc=0.000
 [19 bytes written]
[INFO] [1791450987.842809049] [serial_twistctl_node]: [TWIST_RX] Received Twist message - linear.x=0.000, angular.z=0.000, scaled_angular.z=0.000
[INFO] [1791450987.842860298] [serial_twistctl_node]: [SERIAL_TX] Timestamp: 1791450987842848795, Sending command (1/1): vcx=0.000,wc=0.000
 [19 bytes written]
[INFO] [1791450987.892807124] [serial_twistctl_node]: [TWIST_RX] Received Twist message - linear.x=0.000, angular.z=0.000, scaled_angular.z=0.000
[INFO] [1791450987.892846007] [serial_twistctl_node]: [SERIAL_TX] Timestamp: 1791450987892837213, Sending command (1/1): vcx=0.000,wc=0.000
 [19 bytes written]
[INFO] [1791450987.942900178] [serial_twistctl_node]: [TWIST_RX] Received Twist message - linear.x=0.000, angular.z=0.000, scaled_angular.z=0.000
[INFO] [1791450987.942939625] [serial_twistctl_node]: [SERIAL_TX] Timestamp: 1791450987942931205, Sending command (1/1): vcx=0.000,wc=0.000
 [19 bytes written]
[INFO] [1791450987.992895911] [serial_twistctl_node]: [TWIST_RX] Received Twist message - linear.x=0.000, angular.z=0.000, scaled_angular.z=0.000
[INFO] [1791450987.992936625] [serial_twistctl_node]: [SERIAL_TX] Timestamp: 1791450987992926752, Sending command (1/1): vcx=0.000,wc=0.000
 [19 bytes written]
[INFO] [1791450988.042799619] [serial_twistctl_node]: [TWIST_RX] Received Twist message - linear.x=0.000, angular.z=0.000, scaled_angular.z=0.000
[INFO] [1791450988.042852581] [serial_twistctl_node]: [SERIAL_TX] Timestamp: 1791450988042842574, Sending command (1/1): vcx=0.000,wc=0.000
 [19 bytes written]
[INFO] [1791450988.092888177] [serial_twistctl_node]: [TWIST_RX] Received Twist message - linear.x=0.000, angular.z=0.000, scaled_angular.z=0.000
[INFO] [1791450988.092939063] [serial_twistctl_node]: [SERIAL_TX] Timestamp: 1791450988092927947, Sending command (1/1): vcx=0.000,wc=0.000
 [19 bytes written]
[INFO] [1791450988.142796457] [serial_twistctl_node]: [TWIST_RX] Received Twist message - linear.x=0.000, angular.z=0.000, scaled_angular.z=0.000
[INFO] [1791450988.142840770] [serial_twistctl_node]: [SERIAL_TX] Timestamp: 1791450988142829897, Sending command (1/1): vcx=0.000,wc=0.000
 [19 bytes written]
[INFO] [1791450988.192944040] [serial_twistctl_node]: [TWIST_RX] Received Twist message - linear.x=0.000, angular.z=0.000, scaled_angular.z=0.000
[INFO] [1791450988.192985895] [serial_twistctl_node]: [SERIAL_TX] Timestamp: 1791450988192975538, Sending command (1/1): vcx=0.000,wc=0.000
 [19 bytes written]
[INFO] [1791450988.242949867] [serial_twistctl_node]: [TWIST_RX] Received Twist message - linear.x=0.000, angular.z=0.000, scaled_angular.z=0.000
[INFO] [1791450988.243000687] [serial_twistctl_node]: [SERIAL_TX] Timestamp: 1791450988242989781, Sending command (1/1): vcx=0.000,wc=0.000
 [19 bytes written]
[INFO] [1791450988.292810312] [serial_twistctl_node]: [TWIST_RX] Received Twist message - linear.x=0.000, angular.z=0.000, scaled_angular.z=0.000
[INFO] [1791450988.292850066] [serial_twistctl_node]: [SERIAL_TX] Timestamp: 1791450988292840982, Sending command (1/1): vcx=0.000,wc=0.000
 [19 bytes written]
[INFO] [1791450988.342822182] [serial_twistctl_node]: [TWIST_RX] Received Twist message - linear.x=0.000, angular.z=0.000, scaled_angular.z=0.000
[INFO] [1791450988.342863946] [serial_twistctl_node]: [SERIAL_TX] Timestamp: 1791450988342854333, Sending command (1/1): vcx=0.000,wc=0.000
 [19 bytes written]
[INFO] [1791450988.392796998] [serial_twistctl_node]: [TWIST_RX] Received Twist message - linear.x=0.000, angular.z=0.000, scaled_angular.z=0.000
[INFO] [1791450988.392842606] [serial_twistctl_node]: [SERIAL_TX] Timestamp: 1791450988392828190, Sending command (1/1): vcx=0.000,wc=0.000
 [19 bytes written]
[INFO] [1791450988.442848258] [serial_twistctl_node]: [TWIST_RX] Received Twist message - linear.x=0.000, angular.z=0.000, scaled_angular.z=0.000
[INFO] [1791450988.442885389] [serial_twistctl_node]: [SERIAL_TX] Timestamp: 1791450988442876140, Sending command (1/1): vcx=0.000,wc=0.000
 [19 bytes written]
[INFO] [1791450988.492842855] [serial_twistctl_node]: [TWIST_RX] Received Twist message - linear.x=0.021, angular.z=0.000, scaled_angular.z=0.000
[INFO] [1791450988.492883915] [serial_twistctl_node]: [SERIAL_TX] Timestamp: 1791450988492873587, Sending command (1/1): vcx=0.021,wc=0.000
 [19 bytes written]
[INFO] [1791450988.542829574] [serial_twistctl_node]: [TWIST_RX] Received Twist message - linear.x=0.043, angular.z=0.000, scaled_angular.z=0.000
[INFO] [1791450988.542870645] [serial_twistctl_node]: [SERIAL_TX] Timestamp: 1791450988542861794, Sending command (1/1): vcx=0.043,wc=0.000
 [19 bytes written]
[INFO] [1791450988.592888417] [serial_twistctl_node]: [TWIST_RX] Received Twist message - linear.x=0.064, angular.z=0.000, scaled_angular.z=0.000
[INFO] [1791450988.592929420] [serial_twistctl_node]: [SERIAL_TX] Timestamp: 1791450988592919885, Sending command (1/1): vcx=0.064,wc=0.000
 [19 bytes written]
[INFO] [1791450988.642789259] [serial_twistctl_node]: [TWIST_RX] Received Twist message - linear.x=0.085, angular.z=0.000, scaled_angular.z=0.000
[INFO] [1791450988.642830133] [serial_twistctl_node]: [SERIAL_TX] Timestamp: 1791450988642820896, Sending command (1/1): vcx=0.085,wc=0.000
 [19 bytes written]
[INFO] [1791450988.692776474] [serial_twistctl_node]: [TWIST_RX] Received Twist message - linear.x=0.106, angular.z=0.000, scaled_angular.z=0.000
[INFO] [1791450988.692846068] [serial_twistctl_node]: [SERIAL_TX] Timestamp: 1791450988692833922, Sending command (1/1): vcx=0.106,wc=0.000
 [19 bytes written]
[INFO] [1791450988.742708798] [serial_twistctl_node]: [TWIST_RX] Received Twist message - linear.x=0.128, angular.z=0.000, scaled_angular.z=0.000
[INFO] [1791450988.742764016] [serial_twistctl_node]: [SERIAL_TX] Timestamp: 1791450988742750680, Sending command (1/1): vcx=0.128,wc=0.000
 [19 bytes written]
[INFO] [1791450988.792810107] [serial_twistctl_node]: [TWIST_RX] Received Twist message - linear.x=0.149, angular.z=0.000, scaled_angular.z=0.000
[INFO] [1791450988.792861291] [serial_twistctl_node]: [SERIAL_TX] Timestamp: 1791450988792848770, Sending command (1/1): vcx=0.149,wc=0.000
 [19 bytes written]
[INFO] [1791450988.842830084] [serial_twistctl_node]: [TWIST_RX] Received Twist message - linear.x=0.170, angular.z=0.000, scaled_angular.z=0.000
[INFO] [1791450988.842892991] [serial_twistctl_node]: [SERIAL_TX] Timestamp: 1791450988842879946, Sending command (1/1): vcx=0.170,wc=0.000
 [19 bytes written]
[INFO] [1791450988.892852528] [serial_twistctl_node]: [TWIST_RX] Received Twist message - linear.x=0.191, angular.z=0.000, scaled_angular.z=0.000
[INFO] [1791450988.892906255] [serial_twistctl_node]: [SERIAL_TX] Timestamp: 1791450988892893635, Sending command (1/1): vcx=0.191,wc=0.000
 [19 bytes written]
[INFO] [1791450988.942815621] [serial_twistctl_node]: [TWIST_RX] Received Twist message - linear.x=0.213, angular.z=0.000, scaled_angular.z=0.000
[INFO] [1791450988.942874217] [serial_twistctl_node]: [SERIAL_TX] Timestamp: 1791450988942862359, Sending command (1/1): vcx=0.213,wc=0.000
 [19 bytes written]
[INFO] [1791450988.992745756] [serial_twistctl_node]: [TWIST_RX] Received Twist message - linear.x=0.221, angular.z=0.000, scaled_angular.z=0.000
[INFO] [1791450988.992803832] [serial_twistctl_node]: [SERIAL_TX] Timestamp: 1791450988992791335, Sending command (1/1): vcx=0.221,wc=0.000
 [19 bytes written]
[INFO] [1791450989.042875962] [serial_twistctl_node]: [TWIST_RX] Received Twist message - linear.x=0.218, angular.z=0.000, scaled_angular.z=0.000
[INFO] [1791450989.042936922] [serial_twistctl_node]: [SERIAL_TX] Timestamp: 1791450989042923708, Sending command (1/1): vcx=0.218,wc=0.000
 [19 bytes written]
[INFO] [1791450989.092844522] [serial_twistctl_node]: [TWIST_RX] Received Twist message - linear.x=0.220, angular.z=0.000, scaled_angular.z=0.000
[INFO] [1791450989.092902404] [serial_twistctl_node]: [SERIAL_TX] Timestamp: 1791450989092889053, Sending command (1/1): vcx=0.220,wc=0.000
 [19 bytes written]
[INFO] [1791450989.142866935] [serial_twistctl_node]: [TWIST_RX] Received Twist message - linear.x=0.217, angular.z=0.000, scaled_angular.z=0.000
[INFO] [1791450989.142925433] [serial_twistctl_node]: [SERIAL_TX] Timestamp: 1791450989142912581, Sending command (1/1): vcx=0.217,wc=0.000
 [19 bytes written]
[INFO] [1791450989.192741602] [serial_twistctl_node]: [TWIST_RX] Received Twist message - linear.x=0.220, angular.z=0.000, scaled_angular.z=0.000
[INFO] [1791450989.192797961] [serial_twistctl_node]: [SERIAL_TX] Timestamp: 1791450989192785068, Sending command (1/1): vcx=0.220,wc=0.000
 [19 bytes written]
[INFO] [1791450989.242900428] [serial_twistctl_node]: [TWIST_RX] Received Twist message - linear.x=0.216, angular.z=0.000, scaled_angular.z=0.000
[INFO] [1791450989.242961323] [serial_twistctl_node]: [SERIAL_TX] Timestamp: 1791450989242948962, Sending command (1/1): vcx=0.216,wc=0.000
 [19 bytes written]
[INFO] [1791450989.292816413] [serial_twistctl_node]: [TWIST_RX] Received Twist message - linear.x=0.219, angular.z=0.000, scaled_angular.z=0.000
[INFO] [1791450989.292872302] [serial_twistctl_node]: [SERIAL_TX] Timestamp: 1791450989292859803, Sending command (1/1): vcx=0.219,wc=0.000
 [19 bytes written]
[INFO] [1791450989.342873324] [serial_twistctl_node]: [TWIST_RX] Received Twist message - linear.x=0.222, angular.z=0.000, scaled_angular.z=0.000
[INFO] [1791450989.342939726] [serial_twistctl_node]: [SERIAL_TX] Timestamp: 1791450989342926988, Sending command (1/1): vcx=0.222,wc=0.000
 [19 bytes written]
[INFO] [1791450989.392786611] [serial_twistctl_node]: [TWIST_RX] Received Twist message - linear.x=0.218, angular.z=0.000, scaled_angular.z=0.000
[INFO] [1791450989.392843580] [serial_twistctl_node]: [SERIAL_TX] Timestamp: 1791450989392830236, Sending command (1/1): vcx=0.218,wc=0.000
 [19 bytes written]
[INFO] [1791450989.442830341] [serial_twistctl_node]: [TWIST_RX] Received Twist message - linear.x=0.221, angular.z=0.000, scaled_angular.z=0.000
[INFO] [1791450989.442884931] [serial_twistctl_node]: [SERIAL_TX] Timestamp: 1791450989442873539, Sending command (1/1): vcx=0.221,wc=0.000
 [19 bytes written]
[INFO] [1791450989.492758755] [serial_twistctl_node]: [TWIST_RX] Received Twist message - linear.x=0.218, angular.z=0.000, scaled_angular.z=0.000
[INFO] [1791450989.492817512] [serial_twistctl_node]: [SERIAL_TX] Timestamp: 1791450989492804783, Sending command (1/1): vcx=0.218,wc=0.000
 [19 bytes written]
[INFO] [1791450989.542812205] [serial_twistctl_node]: [TWIST_RX] Received Twist message - linear.x=0.220, angular.z=0.000, scaled_angular.z=0.000
[INFO] [1791450989.542867644] [serial_twistctl_node]: [SERIAL_TX] Timestamp: 1791450989542855777, Sending command (1/1): vcx=0.220,wc=0.000
 [19 bytes written]
[INFO] [1791450989.592787713] [serial_twistctl_node]: [TWIST_RX] Received Twist message - linear.x=0.217, angular.z=0.000, scaled_angular.z=0.000
[INFO] [1791450989.592844091] [serial_twistctl_node]: [SERIAL_TX] Timestamp: 1791450989592831225, Sending command (1/1): vcx=0.217,wc=0.000
 [19 bytes written]
[INFO] [1791450989.642701942] [serial_twistctl_node]: [TWIST_RX] Received Twist message - linear.x=0.220, angular.z=0.000, scaled_angular.z=0.000
[INFO] [1791450989.642758952] [serial_twistctl_node]: [SERIAL_TX] Timestamp: 1791450989642746103, Sending command (1/1): vcx=0.220,wc=0.000
 [19 bytes written]
[INFO] [1791450989.692779567] [serial_twistctl_node]: [TWIST_RX] Received Twist message - linear.x=0.216, angular.z=0.000, scaled_angular.z=0.000
[INFO] [1791450989.692835614] [serial_twistctl_node]: [SERIAL_TX] Timestamp: 1791450989692822478, Sending command (1/1): vcx=0.216,wc=0.000
 [19 bytes written]
[INFO] [1791450989.742803344] [serial_twistctl_node]: [TWIST_RX] Received Twist message - linear.x=0.219, angular.z=0.000, scaled_angular.z=0.000
[INFO] [1791450989.742858942] [serial_twistctl_node]: [SERIAL_TX] Timestamp: 1791450989742845513, Sending command (1/1): vcx=0.219,wc=0.000
 [19 bytes written]
[INFO] [1791450989.792831082] [serial_twistctl_node]: [TWIST_RX] Received Twist message - linear.x=0.222, angular.z=0.000, scaled_angular.z=0.000
[INFO] [1791450989.792895172] [serial_twistctl_node]: [SERIAL_TX] Timestamp: 1791450989792882761, Sending command (1/1): vcx=0.222,wc=0.000
 [19 bytes written]
[INFO] [1791450989.842866691] [serial_twistctl_node]: [TWIST_RX] Received Twist message - linear.x=0.218, angular.z=0.000, scaled_angular.z=0.000
[INFO] [1791450989.842925891] [serial_twistctl_node]: [SERIAL_TX] Timestamp: 1791450989842912335, Sending command (1/1): vcx=0.218,wc=0.000
 [19 bytes written]
[INFO] [1791450989.892807100] [serial_twistctl_node]: [TWIST_RX] Received Twist message - linear.x=0.220, angular.z=0.000, scaled_angular.z=0.000
[INFO] [1791450989.892862550] [serial_twistctl_node]: [SERIAL_TX] Timestamp: 1791450989892849971, Sending command (1/1): vcx=0.220,wc=0.000
 [19 bytes written]
[INFO] [1791450989.942828580] [serial_twistctl_node]: [TWIST_RX] Received Twist message - linear.x=0.222, angular.z=0.000, scaled_angular.z=0.000
[INFO] [1791450989.942884826] [serial_twistctl_node]: [SERIAL_TX] Timestamp: 1791450989942871691, Sending command (1/1): vcx=0.222,wc=0.000
 [19 bytes written]
[INFO] [1791450989.992823958] [serial_twistctl_node]: [TWIST_RX] Received Twist message - linear.x=0.218, angular.z=0.000, scaled_angular.z=0.000
[INFO] [1791450989.992880547] [serial_twistctl_node]: [SERIAL_TX] Timestamp: 1791450989992867583, Sending command (1/1): vcx=0.218,wc=0.000
 [19 bytes written]
[INFO] [1791450990.042973546] [serial_twistctl_node]: [TWIST_RX] Received Twist message - linear.x=0.220, angular.z=0.000, scaled_angular.z=0.000
[INFO] [1791450990.043050951] [serial_twistctl_node]: [SERIAL_TX] Timestamp: 1791450990043038294, Sending command (1/1): vcx=0.220,wc=0.000
 [19 bytes written]
[INFO] [1791450990.092881316] [serial_twistctl_node]: [TWIST_RX] Received Twist message - linear.x=0.217, angular.z=0.000, scaled_angular.z=0.000
[INFO] [1791450990.092937531] [serial_twistctl_node]: [SERIAL_TX] Timestamp: 1791450990092924360, Sending command (1/1): vcx=0.217,wc=0.000
 [19 bytes written]
[INFO] [1791450990.142875909] [serial_twistctl_node]: [TWIST_RX] Received Twist message - linear.x=0.219, angular.z=0.000, scaled_angular.z=0.000
[INFO] [1791450990.142933265] [serial_twistctl_node]: [SERIAL_TX] Timestamp: 1791450990142920823, Sending command (1/1): vcx=0.219,wc=0.000
 [19 bytes written]
[INFO] [1791450990.192903652] [serial_twistctl_node]: [TWIST_RX] Received Twist message - linear.x=0.221, angular.z=0.000, scaled_angular.z=0.000
[INFO] [1791450990.192959790] [serial_twistctl_node]: [SERIAL_TX] Timestamp: 1791450990192947644, Sending command (1/1): vcx=0.221,wc=0.000
 [19 bytes written]
[INFO] [1791450990.242892544] [serial_twistctl_node]: [TWIST_RX] Received Twist message - linear.x=0.218, angular.z=0.000, scaled_angular.z=0.000
[INFO] [1791450990.242949630] [serial_twistctl_node]: [SERIAL_TX] Timestamp: 1791450990242936174, Sending command (1/1): vcx=0.218,wc=0.000
 [19 bytes written]
[INFO] [1791450990.292719675] [serial_twistctl_node]: [TWIST_RX] Received Twist message - linear.x=0.220, angular.z=0.000, scaled_angular.z=0.000
[INFO] [1791450990.292775695] [serial_twistctl_node]: [SERIAL_TX] Timestamp: 1791450990292763379, Sending command (1/1): vcx=0.220,wc=0.000
 [19 bytes written]
[INFO] [1791450990.342806251] [serial_twistctl_node]: [TWIST_RX] Received Twist message - linear.x=0.216, angular.z=0.000, scaled_angular.z=0.000
[INFO] [1791450990.342866061] [serial_twistctl_node]: [SERIAL_TX] Timestamp: 1791450990342852902, Sending command (1/1): vcx=0.216,wc=0.000
 [19 bytes written]
[INFO] [1791450990.392835093] [serial_twistctl_node]: [TWIST_RX] Received Twist message - linear.x=0.000, angular.z=0.000, scaled_angular.z=0.000
[INFO] [1791450990.392887609] [serial_twistctl_node]: [SERIAL_TX] Timestamp: 1791450990392874388, Sending command (1/1): vcx=0.000,wc=0.000
 [19 bytes written]
[INFO] [1791450990.442809723] [serial_twistctl_node]: [TWIST_RX] Received Twist message - linear.x=0.000, angular.z=0.000, scaled_angular.z=0.000
[INFO] [1791450990.442866674] [serial_twistctl_node]: [SERIAL_TX] Timestamp: 1791450990442854933, Sending command (1/1): vcx=0.000,wc=0.000
 [19 bytes written]
[INFO] [1791450990.492851225] [serial_twistctl_node]: [TWIST_RX] Received Twist message - linear.x=0.000, angular.z=0.000, scaled_angular.z=0.000
[INFO] [1791450990.492905513] [serial_twistctl_node]: [SERIAL_TX] Timestamp: 1791450990492893098, Sending command (1/1): vcx=0.000,wc=0.000
 [19 bytes written]
[INFO] [1791450990.542771741] [serial_twistctl_node]: [TWIST_RX] Received Twist message - linear.x=0.000, angular.z=0.000, scaled_angular.z=0.000
[INFO] [1791450990.542826856] [serial_twistctl_node]: [SERIAL_TX] Timestamp: 1791450990542814192, Sending command (1/1): vcx=0.000,wc=0.000
 [19 bytes written]
[INFO] [1791450990.592817848] [serial_twistctl_node]: [TWIST_RX] Received Twist message - linear.x=0.000, angular.z=0.000, scaled_angular.z=0.000
[INFO] [1791450990.592872956] [serial_twistctl_node]: [SERIAL_TX] Timestamp: 1791450990592860746, Sending command (1/1): vcx=0.000,wc=0.000
 [19 bytes written]
[INFO] [1791450990.642862411] [serial_twistctl_node]: [TWIST_RX] Received Twist message - linear.x=0.000, angular.z=0.000, scaled_angular.z=0.000
[INFO] [1791450990.642919060] [serial_twistctl_node]: [SERIAL_TX] Timestamp: 1791450990642907372, Sending command (1/1): vcx=0.000,wc=0.000
 [19 bytes written]
[INFO] [1791450990.692798937] [serial_twistctl_node]: [TWIST_RX] Received Twist message - linear.x=0.000, angular.z=0.000, scaled_angular.z=0.000
[INFO] [1791450990.692865595] [serial_twistctl_node]: [SERIAL_TX] Timestamp: 1791450990692853926, Sending command (1/1): vcx=0.000,wc=0.000
 [19 bytes written]
[INFO] [1791450990.742658226] [serial_twistctl_node]: [TWIST_RX] Received Twist message - linear.x=0.000, angular.z=0.000, scaled_angular.z=0.000
[INFO] [1791450990.742716430] [serial_twistctl_node]: [SERIAL_TX] Timestamp: 1791450990742702621, Sending command (1/1): vcx=0.000,wc=0.000
 [19 bytes written]
[INFO] [1791450990.792811577] [serial_twistctl_node]: [TWIST_RX] Received Twist message - linear.x=0.000, angular.z=0.000, scaled_angular.z=0.000
[INFO] [1791450990.792867310] [serial_twistctl_node]: [SERIAL_TX] Timestamp: 1791450990792853971, Sending command (1/1): vcx=0.000,wc=0.000
 [19 bytes written]
[INFO] [1791450990.842854990] [serial_twistctl_node]: [TWIST_RX] Received Twist message - linear.x=0.000, angular.z=0.000, scaled_angular.z=0.000
[INFO] [1791450990.842913418] [serial_twistctl_node]: [SERIAL_TX] Timestamp: 1791450990842899768, Sending command (1/1): vcx=0.000,wc=0.000
 [19 bytes written]
[INFO] [1791450990.892870675] [serial_twistctl_node]: [TWIST_RX] Received Twist message - linear.x=0.000, angular.z=0.000, scaled_angular.z=0.000
[INFO] [1791450990.892924758] [serial_twistctl_node]: [SERIAL_TX] Timestamp: 1791450990892911335, Sending command (1/1): vcx=0.000,wc=0.000
 [19 bytes written]
[INFO] [1791450990.942926897] [serial_twistctl_node]: [TWIST_RX] Received Twist message - linear.x=0.000, angular.z=0.000, scaled_angular.z=0.000
[INFO] [1791450990.942981152] [serial_twistctl_node]: [SERIAL_TX] Timestamp: 1791450990942968253, Sending command (1/1): vcx=0.000,wc=0.000
 [19 bytes written]
[INFO] [1791450990.992866351] [serial_twistctl_node]: [TWIST_RX] Received Twist message - linear.x=0.000, angular.z=0.000, scaled_angular.z=0.000
[INFO] [1791450990.992919817] [serial_twistctl_node]: [SERIAL_TX] Timestamp: 1791450990992906348, Sending command (1/1): vcx=0.000,wc=0.000
 [19 bytes written]
[INFO] [1791450991.042797792] [serial_twistctl_node]: [TWIST_RX] Received Twist message - linear.x=0.000, angular.z=0.000, scaled_angular.z=0.000
[INFO] [1791450991.042859974] [serial_twistctl_node]: [SERIAL_TX] Timestamp: 1791450991042846396, Sending command (1/1): vcx=0.000,wc=0.000
 [19 bytes written]
[INFO] [1791450991.071603276] [rclcpp]: signal_handler(SIGINT/SIGTERM)
[INFO] [1791450991.071762859] [serial_twistctl_node]: Serial port closed.
