[INFO] [1791450472.075016237] [serial_twistctl_node]: Node 文件运行成功
Error reading log config: bad file: /home/badger/XJTLU-autonomous-vehicle/runtime-data/config/log_switch.yaml
[INFO] [1791450472.075314306] [serial_twistctl_node]: Serial port /dev/pts/0 opened successfully.
[INFO] [1791450472.076039580] [serial_twistctl_node]: serial_twistctl_node node has started and subscribed to topic...
[INFO] [1791450472.368482780] [serial_twistctl_node]: [TWIST_RX] Received Twist message - linear.x=0.000, angular.z=0.000, scaled_angular.z=0.000
[INFO] [1791450472.368556457] [serial_twistctl_node]: [SERIAL_TX] Timestamp: 1791450472368530007, Sending command (1/1): vcx=0.000,wc=0.000
 [19 bytes written]
[INFO] [1791450472.418601841] [serial_twistctl_node]: [TWIST_RX] Received Twist message - linear.x=0.000, angular.z=0.000, scaled_angular.z=0.000
[INFO] [1791450472.418651501] [serial_twistctl_node]: [SERIAL_TX] Timestamp: 1791450472418638264, Sending command (1/1): vcx=0.000,wc=0.000
 [19 bytes written]
[INFO] [1791450472.468578440] [serial_twistctl_node]: [TWIST_RX] Received Twist message - linear.x=0.000, angular.z=0.000, scaled_angular.z=0.000
[INFO] [1791450472.468631678] [serial_twistctl_node]: [SERIAL_TX] Timestamp: 1791450472468618523, Sending command (1/1): vcx=0.000,wc=0.000
 [19 bytes written]
[INFO] [1791450472.518581994] [serial_twistctl_node]: [TWIST_RX] Received Twist message - linear.x=0.000, angular.z=0.000, scaled_angular.z=0.000
[INFO] [1791450472.518634094] [serial_twistctl_node]: [SERIAL_TX] Timestamp: 1791450472518622054, Sending command (1/1): vcx=0.000,wc=0.000
 [19 bytes written]
[INFO] [1791450472.568593948] [serial_twistctl_node]: [TWIST_RX] Received Twist message - linear.x=0.000, angular.z=0.000, scaled_angular.z=0.000
[INFO] [1791450472.568647860] [serial_twistctl_node]: [SERIAL_TX] Timestamp: 1791450472568636332, Sending command (1/1): vcx=0.000,wc=0.000
 [19 bytes written]
[INFO] [1791450472.618482918] [serial_twistctl_node]: [TWIST_RX] Received Twist message - linear.x=0.000, angular.z=0.000, scaled_angular.z=0.000
[INFO] [1791450472.618530433] [serial_twistctl_node]: [SERIAL_TX] Timestamp: 1791450472618518531, Sending command (1/1): vcx=0.000,wc=0.000
 [19 bytes written]
[INFO] [1791450472.668827822] [serial_twistctl_node]: [TWIST_RX] Received Twist message - linear.x=0.000, angular.z=0.000, scaled_angular.z=0.000
[INFO] [1791450472.668878532] [serial_twistctl_node]: [SERIAL_TX] Timestamp: 1791450472668867449, Sending command (1/1): vcx=0.000,wc=0.000
 [19 bytes written]
[INFO] [1791450472.718602540] [serial_twistctl_node]: [TWIST_RX] Received Twist message - linear.x=0.000, angular.z=0.000, scaled_angular.z=0.000
[INFO] [1791450472.718655247] [serial_twistctl_node]: [SERIAL_TX] Timestamp: 1791450472718643181, Sending command (1/1): vcx=0.000,wc=0.000
 [19 bytes written]
[INFO] [1791450472.768672719] [serial_twistctl_node]: [TWIST_RX] Received Twist message - linear.x=0.000, angular.z=0.000, scaled_angular.z=0.000
[INFO] [1791450472.768729045] [serial_twistctl_node]: [SERIAL_TX] Timestamp: 1791450472768713659, Sending command (1/1): vcx=0.000,wc=0.000
 [19 bytes written]
[INFO] [1791450472.818559974] [serial_twistctl_node]: [TWIST_RX] Received Twist message - linear.x=0.000, angular.z=0.000, scaled_angular.z=0.000
[INFO] [1791450472.818620387] [serial_twistctl_node]: [SERIAL_TX] Timestamp: 1791450472818608592, Sending command (1/1): vcx=0.000,wc=0.000
 [19 bytes written]
[INFO] [1791450472.868651517] [serial_twistctl_node]: [TWIST_RX] Received Twist message - linear.x=0.000, angular.z=0.000, scaled_angular.z=0.000
[INFO] [1791450472.868710944] [serial_twistctl_node]: [SERIAL_TX] Timestamp: 1791450472868699026, Sending command (1/1): vcx=0.000,wc=0.000
 [19 bytes written]
[INFO] [1791450472.918582424] [serial_twistctl_node]: [TWIST_RX] Received Twist message - linear.x=0.000, angular.z=0.000, scaled_angular.z=0.000
[INFO] [1791450472.918637543] [serial_twistctl_node]: [SERIAL_TX] Timestamp: 1791450472918624629, Sending command (1/1): vcx=0.000,wc=0.000
 [19 bytes written]
[INFO] [1791450472.968684200] [serial_twistctl_node]: [TWIST_RX] Received Twist message - linear.x=0.000, angular.z=0.000, scaled_angular.z=0.000
[INFO] [1791450472.968759394] [serial_twistctl_node]: [SERIAL_TX] Timestamp: 1791450472968747467, Sending command (1/1): vcx=0.000,wc=0.000
 [19 bytes written]
[INFO] [1791450473.018652170] [serial_twistctl_node]: [TWIST_RX] Received Twist message - linear.x=0.000, angular.z=0.000, scaled_angular.z=0.000
[INFO] [1791450473.018713368] [serial_twistctl_node]: [SERIAL_TX] Timestamp: 1791450473018701379, Sending command (1/1): vcx=0.000,wc=0.000
 [19 bytes written]
[INFO] [1791450473.068686996] [serial_twistctl_node]: [TWIST_RX] Received Twist message - linear.x=0.000, angular.z=0.000, scaled_angular.z=0.000
[INFO] [1791450473.068741404] [serial_twistctl_node]: [SERIAL_TX] Timestamp: 1791450473068729853, Sending command (1/1): vcx=0.000,wc=0.000
 [19 bytes written]
[INFO] [1791450473.118674670] [serial_twistctl_node]: [TWIST_RX] Received Twist message - linear.x=0.000, angular.z=0.000, scaled_angular.z=0.000
[INFO] [1791450473.118730517] [serial_twistctl_node]: [SERIAL_TX] Timestamp: 1791450473118717050, Sending command (1/1): vcx=0.000,wc=0.000
 [19 bytes written]
[INFO] [1791450473.168676124] [serial_twistctl_node]: [TWIST_RX] Received Twist message - linear.x=0.000, angular.z=0.000, scaled_angular.z=0.000
[INFO] [1791450473.168731220] [serial_twistctl_node]: [SERIAL_TX] Timestamp: 1791450473168719332, Sending command (1/1): vcx=0.000,wc=0.000
 [19 bytes written]
[INFO] [1791450473.218540719] [serial_twistctl_node]: [TWIST_RX] Received Twist message - linear.x=0.000, angular.z=0.000, scaled_angular.z=0.000
[INFO] [1791450473.218597445] [serial_twistctl_node]: [SERIAL_TX] Timestamp: 1791450473218585472, Sending command (1/1): vcx=0.000,wc=0.000
 [19 bytes written]
[INFO] [1791450473.268676940] [serial_twistctl_node]: [TWIST_RX] Received Twist message - linear.x=0.000, angular.z=0.000, scaled_angular.z=0.000
[INFO] [1791450473.268731296] [serial_twistctl_node]: [SERIAL_TX] Timestamp: 1791450473268719983, Sending command (1/1): vcx=0.000,wc=0.000
 [19 bytes written]
[INFO] [1791450473.318610447] [serial_twistctl_node]: [TWIST_RX] Received Twist message - linear.x=0.000, angular.z=0.000, scaled_angular.z=0.000
[INFO] [1791450473.318670754] [serial_twistctl_node]: [SERIAL_TX] Timestamp: 1791450473318658398, Sending command (1/1): vcx=0.000,wc=0.000
 [19 bytes written]
[INFO] [1791450473.368720185] [serial_twistctl_node]: [TWIST_RX] Received Twist message - linear.x=0.000, angular.z=0.000, scaled_angular.z=0.000
[INFO] [1791450473.368787010] [serial_twistctl_node]: [SERIAL_TX] Timestamp: 1791450473368775455, Sending command (1/1): vcx=0.000,wc=0.000
 [19 bytes written]
[INFO] [1791450473.418630600] [serial_twistctl_node]: [TWIST_RX] Received Twist message - linear.x=0.000, angular.z=0.000, scaled_angular.z=0.000
[INFO] [1791450473.418686508] [serial_twistctl_node]: [SERIAL_TX] Timestamp: 1791450473418674011, Sending command (1/1): vcx=0.000,wc=0.000
 [19 bytes written]
[INFO] [1791450473.468646663] [serial_twistctl_node]: [TWIST_RX] Received Twist message - linear.x=0.000, angular.z=0.000, scaled_angular.z=0.000
[INFO] [1791450473.468700774] [serial_twistctl_node]: [SERIAL_TX] Timestamp: 1791450473468689112, Sending command (1/1): vcx=0.000,wc=0.000
 [19 bytes written]
[INFO] [1791450473.518543746] [serial_twistctl_node]: [TWIST_RX] Received Twist message - linear.x=0.000, angular.z=0.000, scaled_angular.z=0.000
[INFO] [1791450473.518606204] [serial_twistctl_node]: [SERIAL_TX] Timestamp: 1791450473518593577, Sending command (1/1): vcx=0.000,wc=0.000
 [19 bytes written]
[INFO] [1791450473.568705098] [serial_twistctl_node]: [TWIST_RX] Received Twist message - linear.x=0.000, angular.z=0.000, scaled_angular.z=0.000
[INFO] [1791450473.568759810] [serial_twistctl_node]: [SERIAL_TX] Timestamp: 1791450473568748069, Sending command (1/1): vcx=0.000,wc=0.000
 [19 bytes written]
[INFO] [1791450473.618510564] [serial_twistctl_node]: [TWIST_RX] Received Twist message - linear.x=0.000, angular.z=0.000, scaled_angular.z=0.000
[INFO] [1791450473.618592978] [serial_twistctl_node]: [SERIAL_TX] Timestamp: 1791450473618567380, Sending command (1/1): vcx=0.000,wc=0.000
 [19 bytes written]
[INFO] [1791450473.668733325] [serial_twistctl_node]: [TWIST_RX] Received Twist message - linear.x=0.000, angular.z=0.000, scaled_angular.z=0.000
[INFO] [1791450473.668803101] [serial_twistctl_node]: [SERIAL_TX] Timestamp: 1791450473668789771, Sending command (1/1): vcx=0.000,wc=0.000
 [19 bytes written]
[INFO] [1791450473.718618524] [serial_twistctl_node]: [TWIST_RX] Received Twist message - linear.x=0.000, angular.z=0.000, scaled_angular.z=0.000
[INFO] [1791450473.718678107] [serial_twistctl_node]: [SERIAL_TX] Timestamp: 1791450473718662190, Sending command (1/1): vcx=0.000,wc=0.000
 [19 bytes written]
[INFO] [1791450473.768526081] [serial_twistctl_node]: [TWIST_RX] Received Twist message - linear.x=0.000, angular.z=0.000, scaled_angular.z=0.000
[INFO] [1791450473.768582051] [serial_twistctl_node]: [SERIAL_TX] Timestamp: 1791450473768569989, Sending command (1/1): vcx=0.000,wc=0.000
 [19 bytes written]
[INFO] [1791450473.818501117] [serial_twistctl_node]: [TWIST_RX] Received Twist message - linear.x=0.000, angular.z=0.000, scaled_angular.z=0.000
[INFO] [1791450473.818557015] [serial_twistctl_node]: [SERIAL_TX] Timestamp: 1791450473818544970, Sending command (1/1): vcx=0.000,wc=0.000
 [19 bytes written]
[INFO] [1791450473.868631922] [serial_twistctl_node]: [TWIST_RX] Received Twist message - linear.x=0.000, angular.z=0.000, scaled_angular.z=0.000
[INFO] [1791450473.868688432] [serial_twistctl_node]: [SERIAL_TX] Timestamp: 1791450473868675640, Sending command (1/1): vcx=0.000,wc=0.000
 [19 bytes written]
[INFO] [1791450473.918636672] [serial_twistctl_node]: [TWIST_RX] Received Twist message - linear.x=0.000, angular.z=0.000, scaled_angular.z=0.000
[INFO] [1791450473.918693403] [serial_twistctl_node]: [SERIAL_TX] Timestamp: 1791450473918681061, Sending command (1/1): vcx=0.000,wc=0.000
 [19 bytes written]
[INFO] [1791450473.968624135] [serial_twistctl_node]: [TWIST_RX] Received Twist message - linear.x=0.000, angular.z=0.000, scaled_angular.z=0.000
[INFO] [1791450473.968679746] [serial_twistctl_node]: [SERIAL_TX] Timestamp: 1791450473968667041, Sending command (1/1): vcx=0.000,wc=0.000
 [19 bytes written]
[INFO] [1791450474.018655070] [serial_twistctl_node]: [TWIST_RX] Received Twist message - linear.x=0.000, angular.z=0.000, scaled_angular.z=0.000
[INFO] [1791450474.018716034] [serial_twistctl_node]: [SERIAL_TX] Timestamp: 1791450474018702912, Sending command (1/1): vcx=0.000,wc=0.000
 [19 bytes written]
[INFO] [1791450474.068629481] [serial_twistctl_node]: [TWIST_RX] Received Twist message - linear.x=0.000, angular.z=0.000, scaled_angular.z=0.000
[INFO] [1791450474.068689178] [serial_twistctl_node]: [SERIAL_TX] Timestamp: 1791450474068673058, Sending command (1/1): vcx=0.000,wc=0.000
 [19 bytes written]
[INFO] [1791450474.118639929] [serial_twistctl_node]: [TWIST_RX] Received Twist message - linear.x=0.000, angular.z=0.000, scaled_angular.z=0.000
[INFO] [1791450474.118700452] [serial_twistctl_node]: [SERIAL_TX] Timestamp: 1791450474118686074, Sending command (1/1): vcx=0.000,wc=0.000
 [19 bytes written]
[INFO] [1791450474.168713382] [serial_twistctl_node]: [TWIST_RX] Received Twist message - linear.x=0.000, angular.z=0.000, scaled_angular.z=0.000
[INFO] [1791450474.168774610] [serial_twistctl_node]: [SERIAL_TX] Timestamp: 1791450474168762713, Sending command (1/1): vcx=0.000,wc=0.000
 [19 bytes written]
[INFO] [1791450474.218568831] [serial_twistctl_node]: [TWIST_RX] Received Twist message - linear.x=0.000, angular.z=0.000, scaled_angular.z=0.000
[INFO] [1791450474.218627560] [serial_twistctl_node]: [SERIAL_TX] Timestamp: 1791450474218612525, Sending command (1/1): vcx=0.000,wc=0.000
 [19 bytes written]
[INFO] [1791450474.268841207] [serial_twistctl_node]: [TWIST_RX] Received Twist message - linear.x=0.000, angular.z=0.000, scaled_angular.z=0.000
[INFO] [1791450474.268896199] [serial_twistctl_node]: [SERIAL_TX] Timestamp: 1791450474268884333, Sending command (1/1): vcx=0.000,wc=0.000
 [19 bytes written]
[INFO] [1791450474.318616263] [serial_twistctl_node]: [TWIST_RX] Received Twist message - linear.x=0.000, angular.z=0.000, scaled_angular.z=0.000
[INFO] [1791450474.318690770] [serial_twistctl_node]: [SERIAL_TX] Timestamp: 1791450474318678914, Sending command (1/1): vcx=0.000,wc=0.000
 [19 bytes written]
[INFO] [1791450474.368759113] [serial_twistctl_node]: [TWIST_RX] Received Twist message - linear.x=0.000, angular.z=0.000, scaled_angular.z=0.000
[INFO] [1791450474.368819383] [serial_twistctl_node]: [SERIAL_TX] Timestamp: 1791450474368806170, Sending command (1/1): vcx=0.000,wc=0.000
 [19 bytes written]
[INFO] [1791450474.418644596] [serial_twistctl_node]: [TWIST_RX] Received Twist message - linear.x=0.000, angular.z=0.000, scaled_angular.z=0.000
[INFO] [1791450474.418699372] [serial_twistctl_node]: [SERIAL_TX] Timestamp: 1791450474418685748, Sending command (1/1): vcx=0.000,wc=0.000
 [19 bytes written]
[INFO] [1791450474.468684263] [serial_twistctl_node]: [TWIST_RX] Received Twist message - linear.x=0.000, angular.z=0.000, scaled_angular.z=0.000
[INFO] [1791450474.468749203] [serial_twistctl_node]: [SERIAL_TX] Timestamp: 1791450474468732966, Sending command (1/1): vcx=0.000,wc=0.000
 [19 bytes written]
[INFO] [1791450474.518454916] [serial_twistctl_node]: [TWIST_RX] Received Twist message - linear.x=0.000, angular.z=0.000, scaled_angular.z=0.000
[INFO] [1791450474.518509270] [serial_twistctl_node]: [SERIAL_TX] Timestamp: 1791450474518497054, Sending command (1/1): vcx=0.000,wc=0.000
 [19 bytes written]
[INFO] [1791450474.568623343] [serial_twistctl_node]: [TWIST_RX] Received Twist message - linear.x=0.000, angular.z=0.000, scaled_angular.z=0.000
[INFO] [1791450474.568677654] [serial_twistctl_node]: [SERIAL_TX] Timestamp: 1791450474568666139, Sending command (1/1): vcx=0.000,wc=0.000
 [19 bytes written]
[INFO] [1791450474.618643278] [serial_twistctl_node]: [TWIST_RX] Received Twist message - linear.x=0.000, angular.z=0.000, scaled_angular.z=0.000
[INFO] [1791450474.618699548] [serial_twistctl_node]: [SERIAL_TX] Timestamp: 1791450474618687065, Sending command (1/1): vcx=0.000,wc=0.000
 [19 bytes written]
[INFO] [1791450474.668681484] [serial_twistctl_node]: [TWIST_RX] Received Twist message - linear.x=0.000, angular.z=0.000, scaled_angular.z=0.000
[INFO] [1791450474.668740446] [serial_twistctl_node]: [SERIAL_TX] Timestamp: 1791450474668728879, Sending command (1/1): vcx=0.000,wc=0.000
 [19 bytes written]
[INFO] [1791450474.718694609] [serial_twistctl_node]: [TWIST_RX] Received Twist message - linear.x=0.000, angular.z=0.000, scaled_angular.z=0.000
[INFO] [1791450474.718750868] [serial_twistctl_node]: [SERIAL_TX] Timestamp: 1791450474718738400, Sending command (1/1): vcx=0.000,wc=0.000
 [19 bytes written]
[INFO] [1791450474.768662671] [serial_twistctl_node]: [TWIST_RX] Received Twist message - linear.x=0.000, angular.z=0.000, scaled_angular.z=0.000
[INFO] [1791450474.768717050] [serial_twistctl_node]: [SERIAL_TX] Timestamp: 1791450474768704878, Sending command (1/1): vcx=0.000,wc=0.000
 [19 bytes written]
[INFO] [1791450474.818576052] [serial_twistctl_node]: [TWIST_RX] Received Twist message - linear.x=0.000, angular.z=0.000, scaled_angular.z=0.000
[INFO] [1791450474.818640203] [serial_twistctl_node]: [SERIAL_TX] Timestamp: 1791450474818628586, Sending command (1/1): vcx=0.000,wc=0.000
 [19 bytes written]
[INFO] [1791450474.868683051] [serial_twistctl_node]: [TWIST_RX] Received Twist message - linear.x=0.000, angular.z=0.000, scaled_angular.z=0.000
[INFO] [1791450474.868738092] [serial_twistctl_node]: [SERIAL_TX] Timestamp: 1791450474868726333, Sending command (1/1): vcx=0.000,wc=0.000
 [19 bytes written]
[INFO] [1791450474.918481316] [serial_twistctl_node]: [TWIST_RX] Received Twist message - linear.x=0.000, angular.z=0.000, scaled_angular.z=0.000
[INFO] [1791450474.918544239] [serial_twistctl_node]: [SERIAL_TX] Timestamp: 1791450474918531779, Sending command (1/1): vcx=0.000,wc=0.000
 [19 bytes written]
[INFO] [1791450474.968684186] [serial_twistctl_node]: [TWIST_RX] Received Twist message - linear.x=0.000, angular.z=0.000, scaled_angular.z=0.000
[INFO] [1791450474.968759764] [serial_twistctl_node]: [SERIAL_TX] Timestamp: 1791450474968742544, Sending command (1/1): vcx=0.000,wc=0.000
 [19 bytes written]
[INFO] [1791450475.018579133] [serial_twistctl_node]: [TWIST_RX] Received Twist message - linear.x=0.000, angular.z=0.000, scaled_angular.z=0.000
[INFO] [1791450475.018639159] [serial_twistctl_node]: [SERIAL_TX] Timestamp: 1791450475018625718, Sending command (1/1): vcx=0.000,wc=0.000
 [19 bytes written]
[INFO] [1791450475.068658832] [serial_twistctl_node]: [TWIST_RX] Received Twist message - linear.x=0.000, angular.z=0.000, scaled_angular.z=0.000
[INFO] [1791450475.068714279] [serial_twistctl_node]: [SERIAL_TX] Timestamp: 1791450475068702474, Sending command (1/1): vcx=0.000,wc=0.000
 [19 bytes written]
[INFO] [1791450475.118694961] [serial_twistctl_node]: [TWIST_RX] Received Twist message - linear.x=0.000, angular.z=0.000, scaled_angular.z=0.000
[INFO] [1791450475.118757933] [serial_twistctl_node]: [SERIAL_TX] Timestamp: 1791450475118744385, Sending command (1/1): vcx=0.000,wc=0.000
 [19 bytes written]
[INFO] [1791450475.168502739] [serial_twistctl_node]: [TWIST_RX] Received Twist message - linear.x=0.000, angular.z=0.000, scaled_angular.z=0.000
[INFO] [1791450475.168559269] [serial_twistctl_node]: [SERIAL_TX] Timestamp: 1791450475168546461, Sending command (1/1): vcx=0.000,wc=0.000
 [19 bytes written]
[INFO] [1791450475.218597293] [serial_twistctl_node]: [TWIST_RX] Received Twist message - linear.x=0.000, angular.z=0.000, scaled_angular.z=0.000
[INFO] [1791450475.218664306] [serial_twistctl_node]: [SERIAL_TX] Timestamp: 1791450475218651042, Sending command (1/1): vcx=0.000,wc=0.000
 [19 bytes written]
[INFO] [1791450475.268505518] [serial_twistctl_node]: [TWIST_RX] Received Twist message - linear.x=0.000, angular.z=0.000, scaled_angular.z=0.000
[INFO] [1791450475.268561744] [serial_twistctl_node]: [SERIAL_TX] Timestamp: 1791450475268548534, Sending command (1/1): vcx=0.000,wc=0.000
 [19 bytes written]
[INFO] [1791450475.318662517] [serial_twistctl_node]: [TWIST_RX] Received Twist message - linear.x=0.000, angular.z=0.000, scaled_angular.z=0.000
[INFO] [1791450475.318718613] [serial_twistctl_node]: [SERIAL_TX] Timestamp: 1791450475318702280, Sending command (1/1): vcx=0.000,wc=0.000
 [19 bytes written]
[INFO] [1791450475.368544194] [serial_twistctl_node]: [TWIST_RX] Received Twist message - linear.x=0.000, angular.z=0.000, scaled_angular.z=0.000
[INFO] [1791450475.368600951] [serial_twistctl_node]: [SERIAL_TX] Timestamp: 1791450475368588742, Sending command (1/1): vcx=0.000,wc=0.000
 [19 bytes written]
[INFO] [1791450475.418706724] [serial_twistctl_node]: [TWIST_RX] Received Twist message - linear.x=0.000, angular.z=0.000, scaled_angular.z=0.000
[INFO] [1791450475.418763550] [serial_twistctl_node]: [SERIAL_TX] Timestamp: 1791450475418751647, Sending command (1/1): vcx=0.000,wc=0.000
 [19 bytes written]
[INFO] [1791450475.468676679] [serial_twistctl_node]: [TWIST_RX] Received Twist message - linear.x=0.000, angular.z=0.000, scaled_angular.z=0.000
[INFO] [1791450475.468750248] [serial_twistctl_node]: [SERIAL_TX] Timestamp: 1791450475468737502, Sending command (1/1): vcx=0.000,wc=0.000
 [19 bytes written]
[INFO] [1791450475.518675157] [serial_twistctl_node]: [TWIST_RX] Received Twist message - linear.x=0.000, angular.z=0.000, scaled_angular.z=0.000
[INFO] [1791450475.518731445] [serial_twistctl_node]: [SERIAL_TX] Timestamp: 1791450475518718487, Sending command (1/1): vcx=0.000,wc=0.000
 [19 bytes written]
[INFO] [1791450475.568660833] [serial_twistctl_node]: [TWIST_RX] Received Twist message - linear.x=0.000, angular.z=0.000, scaled_angular.z=0.000
[INFO] [1791450475.568720698] [serial_twistctl_node]: [SERIAL_TX] Timestamp: 1791450475568707101, Sending command (1/1): vcx=0.000,wc=0.000
 [19 bytes written]
[INFO] [1791450475.618589005] [serial_twistctl_node]: [TWIST_RX] Received Twist message - linear.x=0.000, angular.z=0.000, scaled_angular.z=0.000
[INFO] [1791450475.618645437] [serial_twistctl_node]: [SERIAL_TX] Timestamp: 1791450475618632077, Sending command (1/1): vcx=0.000,wc=0.000
 [19 bytes written]
[INFO] [1791450475.668745438] [serial_twistctl_node]: [TWIST_RX] Received Twist message - linear.x=0.000, angular.z=0.000, scaled_angular.z=0.000
[INFO] [1791450475.668803171] [serial_twistctl_node]: [SERIAL_TX] Timestamp: 1791450475668790122, Sending command (1/1): vcx=0.000,wc=0.000
 [19 bytes written]
[INFO] [1791450475.718715562] [serial_twistctl_node]: [TWIST_RX] Received Twist message - linear.x=0.000, angular.z=0.000, scaled_angular.z=0.000
[INFO] [1791450475.718776932] [serial_twistctl_node]: [SERIAL_TX] Timestamp: 1791450475718759194, Sending command (1/1): vcx=0.000,wc=0.000
 [19 bytes written]
[INFO] [1791450475.768698702] [serial_twistctl_node]: [TWIST_RX] Received Twist message - linear.x=0.000, angular.z=0.000, scaled_angular.z=0.000
[INFO] [1791450475.768752657] [serial_twistctl_node]: [SERIAL_TX] Timestamp: 1791450475768741931, Sending command (1/1): vcx=0.000,wc=0.000
 [19 bytes written]
[INFO] [1791450475.818678053] [serial_twistctl_node]: [TWIST_RX] Received Twist message - linear.x=0.000, angular.z=0.000, scaled_angular.z=0.000
[INFO] [1791450475.818719434] [serial_twistctl_node]: [SERIAL_TX] Timestamp: 1791450475818711809, Sending command (1/1): vcx=0.000,wc=0.000
 [19 bytes written]
[INFO] [1791450475.868683044] [serial_twistctl_node]: [TWIST_RX] Received Twist message - linear.x=0.000, angular.z=0.000, scaled_angular.z=0.000
[INFO] [1791450475.868730126] [serial_twistctl_node]: [SERIAL_TX] Timestamp: 1791450475868718928, Sending command (1/1): vcx=0.000,wc=0.000
 [19 bytes written]
[INFO] [1791450475.918656913] [serial_twistctl_node]: [TWIST_RX] Received Twist message - linear.x=0.000, angular.z=0.000, scaled_angular.z=0.000
[INFO] [1791450475.918725776] [serial_twistctl_node]: [SERIAL_TX] Timestamp: 1791450475918712711, Sending command (1/1): vcx=0.000,wc=0.000
 [19 bytes written]
[INFO] [1791450475.968496698] [serial_twistctl_node]: [TWIST_RX] Received Twist message - linear.x=0.000, angular.z=0.000, scaled_angular.z=0.000
[INFO] [1791450475.968551305] [serial_twistctl_node]: [SERIAL_TX] Timestamp: 1791450475968539936, Sending command (1/1): vcx=0.000,wc=0.000
 [19 bytes written]
[INFO] [1791450476.018725243] [serial_twistctl_node]: [TWIST_RX] Received Twist message - linear.x=0.000, angular.z=0.000, scaled_angular.z=0.000
[INFO] [1791450476.018786329] [serial_twistctl_node]: [SERIAL_TX] Timestamp: 1791450476018773852, Sending command (1/1): vcx=0.000,wc=0.000
 [19 bytes written]
[INFO] [1791450476.068572511] [serial_twistctl_node]: [TWIST_RX] Received Twist message - linear.x=0.000, angular.z=0.000, scaled_angular.z=0.000
[INFO] [1791450476.068628852] [serial_twistctl_node]: [SERIAL_TX] Timestamp: 1791450476068615482, Sending command (1/1): vcx=0.000,wc=0.000
 [19 bytes written]
[INFO] [1791450476.118805037] [serial_twistctl_node]: [TWIST_RX] Received Twist message - linear.x=0.000, angular.z=0.000, scaled_angular.z=0.000
[INFO] [1791450476.118875360] [serial_twistctl_node]: [SERIAL_TX] Timestamp: 1791450476118860950, Sending command (1/1): vcx=0.000,wc=0.000
 [19 bytes written]
[INFO] [1791450476.168845796] [serial_twistctl_node]: [TWIST_RX] Received Twist message - linear.x=0.000, angular.z=0.000, scaled_angular.z=0.000
[INFO] [1791450476.168903712] [serial_twistctl_node]: [SERIAL_TX] Timestamp: 1791450476168890117, Sending command (1/1): vcx=0.000,wc=0.000
 [19 bytes written]
[INFO] [1791450476.218606919] [serial_twistctl_node]: [TWIST_RX] Received Twist message - linear.x=0.000, angular.z=0.000, scaled_angular.z=0.000
[INFO] [1791450476.218674125] [serial_twistctl_node]: [SERIAL_TX] Timestamp: 1791450476218660043, Sending command (1/1): vcx=0.000,wc=0.000
 [19 bytes written]
[INFO] [1791450476.268608616] [serial_twistctl_node]: [TWIST_RX] Received Twist message - linear.x=0.000, angular.z=0.000, scaled_angular.z=0.000
[INFO] [1791450476.268666692] [serial_twistctl_node]: [SERIAL_TX] Timestamp: 1791450476268653821, Sending command (1/1): vcx=0.000,wc=0.000
 [19 bytes written]
[INFO] [1791450476.318762050] [serial_twistctl_node]: [TWIST_RX] Received Twist message - linear.x=0.000, angular.z=0.000, scaled_angular.z=0.000
[INFO] [1791450476.318832951] [serial_twistctl_node]: [SERIAL_TX] Timestamp: 1791450476318819256, Sending command (1/1): vcx=0.000,wc=0.000
 [19 bytes written]
[INFO] [1791450476.368728188] [serial_twistctl_node]: [TWIST_RX] Received Twist message - linear.x=0.000, angular.z=0.000, scaled_angular.z=0.000
[INFO] [1791450476.368785555] [serial_twistctl_node]: [SERIAL_TX] Timestamp: 1791450476368772328, Sending command (1/1): vcx=0.000,wc=0.000
 [19 bytes written]
[INFO] [1791450476.418606455] [serial_twistctl_node]: [TWIST_RX] Received Twist message - linear.x=0.000, angular.z=0.000, scaled_angular.z=0.000
[INFO] [1791450476.418663601] [serial_twistctl_node]: [SERIAL_TX] Timestamp: 1791450476418651245, Sending command (1/1): vcx=0.000,wc=0.000
 [19 bytes written]
[INFO] [1791450476.468789624] [serial_twistctl_node]: [TWIST_RX] Received Twist message - linear.x=0.000, angular.z=0.000, scaled_angular.z=0.000
[INFO] [1791450476.468842963] [serial_twistctl_node]: [SERIAL_TX] Timestamp: 1791450476468831029, Sending command (1/1): vcx=0.000,wc=0.000
 [19 bytes written]
[INFO] [1791450476.518801806] [serial_twistctl_node]: [TWIST_RX] Received Twist message - linear.x=0.000, angular.z=0.000, scaled_angular.z=0.000
[INFO] [1791450476.518861079] [serial_twistctl_node]: [SERIAL_TX] Timestamp: 1791450476518848102, Sending command (1/1): vcx=0.000,wc=0.000
 [19 bytes written]
[INFO] [1791450476.568694004] [serial_twistctl_node]: [TWIST_RX] Received Twist message - linear.x=0.000, angular.z=0.000, scaled_angular.z=0.000
[INFO] [1791450476.568774962] [serial_twistctl_node]: [SERIAL_TX] Timestamp: 1791450476568748540, Sending command (1/1): vcx=0.000,wc=0.000
 [19 bytes written]
[INFO] [1791450476.618540862] [serial_twistctl_node]: [TWIST_RX] Received Twist message - linear.x=0.000, angular.z=0.000, scaled_angular.z=0.000
[INFO] [1791450476.618578683] [serial_twistctl_node]: [SERIAL_TX] Timestamp: 1791450476618570079, Sending command (1/1): vcx=0.000,wc=0.000
 [19 bytes written]
[INFO] [1791450476.668640707] [serial_twistctl_node]: [TWIST_RX] Received Twist message - linear.x=0.000, angular.z=0.000, scaled_angular.z=0.000
[INFO] [1791450476.668678400] [serial_twistctl_node]: [SERIAL_TX] Timestamp: 1791450476668670402, Sending command (1/1): vcx=0.000,wc=0.000
 [19 bytes written]
[INFO] [1791450476.718541066] [serial_twistctl_node]: [TWIST_RX] Received Twist message - linear.x=0.000, angular.z=0.000, scaled_angular.z=0.000
[INFO] [1791450476.718583384] [serial_twistctl_node]: [SERIAL_TX] Timestamp: 1791450476718573434, Sending command (1/1): vcx=0.000,wc=0.000
 [19 bytes written]
[INFO] [1791450476.768510825] [serial_twistctl_node]: [TWIST_RX] Received Twist message - linear.x=0.000, angular.z=0.000, scaled_angular.z=0.000
[INFO] [1791450476.768549074] [serial_twistctl_node]: [SERIAL_TX] Timestamp: 1791450476768540615, Sending command (1/1): vcx=0.000,wc=0.000
 [19 bytes written]
[INFO] [1791450476.818784223] [serial_twistctl_node]: [TWIST_RX] Received Twist message - linear.x=0.000, angular.z=0.000, scaled_angular.z=0.000
[INFO] [1791450476.818826373] [serial_twistctl_node]: [SERIAL_TX] Timestamp: 1791450476818817077, Sending command (1/1): vcx=0.000,wc=0.000
 [19 bytes written]
[INFO] [1791450476.868493160] [serial_twistctl_node]: [TWIST_RX] Received Twist message - linear.x=0.000, angular.z=0.000, scaled_angular.z=0.000
[INFO] [1791450476.868533883] [serial_twistctl_node]: [SERIAL_TX] Timestamp: 1791450476868524683, Sending command (1/1): vcx=0.000,wc=0.000
 [19 bytes written]
[INFO] [1791450476.918855442] [serial_twistctl_node]: [TWIST_RX] Received Twist message - linear.x=0.000, angular.z=0.000, scaled_angular.z=0.000
[INFO] [1791450476.918897286] [serial_twistctl_node]: [SERIAL_TX] Timestamp: 1791450476918887067, Sending command (1/1): vcx=0.000,wc=0.000
 [19 bytes written]
[INFO] [1791450476.968582502] [serial_twistctl_node]: [TWIST_RX] Received Twist message - linear.x=0.000, angular.z=0.000, scaled_angular.z=0.000
[INFO] [1791450476.968641119] [serial_twistctl_node]: [SERIAL_TX] Timestamp: 1791450476968629144, Sending command (1/1): vcx=0.000,wc=0.000
 [19 bytes written]
[INFO] [1791450477.018817114] [serial_twistctl_node]: [TWIST_RX] Received Twist message - linear.x=0.000, angular.z=0.000, scaled_angular.z=0.000
[INFO] [1791450477.018876002] [serial_twistctl_node]: [SERIAL_TX] Timestamp: 1791450477018863190, Sending command (1/1): vcx=0.000,wc=0.000
 [19 bytes written]
[INFO] [1791450477.068775097] [serial_twistctl_node]: [TWIST_RX] Received Twist message - linear.x=0.000, angular.z=0.000, scaled_angular.z=0.000
[INFO] [1791450477.068837711] [serial_twistctl_node]: [SERIAL_TX] Timestamp: 1791450477068820656, Sending command (1/1): vcx=0.000,wc=0.000
 [19 bytes written]
[INFO] [1791450477.118739376] [serial_twistctl_node]: [TWIST_RX] Received Twist message - linear.x=0.000, angular.z=0.000, scaled_angular.z=0.000
[INFO] [1791450477.118796842] [serial_twistctl_node]: [SERIAL_TX] Timestamp: 1791450477118783812, Sending command (1/1): vcx=0.000,wc=0.000
 [19 bytes written]
[INFO] [1791450477.168734245] [serial_twistctl_node]: [TWIST_RX] Received Twist message - linear.x=0.000, angular.z=0.000, scaled_angular.z=0.000
[INFO] [1791450477.168790832] [serial_twistctl_node]: [SERIAL_TX] Timestamp: 1791450477168778147, Sending command (1/1): vcx=0.000,wc=0.000
 [19 bytes written]
[INFO] [1791450477.218478910] [serial_twistctl_node]: [TWIST_RX] Received Twist message - linear.x=0.000, angular.z=0.000, scaled_angular.z=0.000
[INFO] [1791450477.218554427] [serial_twistctl_node]: [SERIAL_TX] Timestamp: 1791450477218541646, Sending command (1/1): vcx=0.000,wc=0.000
 [19 bytes written]
[INFO] [1791450477.268891084] [serial_twistctl_node]: [TWIST_RX] Received Twist message - linear.x=0.000, angular.z=0.000, scaled_angular.z=0.000
[INFO] [1791450477.268945793] [serial_twistctl_node]: [SERIAL_TX] Timestamp: 1791450477268934007, Sending command (1/1): vcx=0.000,wc=0.000
 [19 bytes written]
[INFO] [1791450477.318591095] [serial_twistctl_node]: [TWIST_RX] Received Twist message - linear.x=0.000, angular.z=0.000, scaled_angular.z=0.000
[INFO] [1791450477.318664754] [serial_twistctl_node]: [SERIAL_TX] Timestamp: 1791450477318639208, Sending command (1/1): vcx=0.000,wc=0.000
 [19 bytes written]
[INFO] [1791450477.368723244] [serial_twistctl_node]: [TWIST_RX] Received Twist message - linear.x=0.000, angular.z=0.000, scaled_angular.z=0.000
[INFO] [1791450477.368784606] [serial_twistctl_node]: [SERIAL_TX] Timestamp: 1791450477368772822, Sending command (1/1): vcx=0.000,wc=0.000
 [19 bytes written]
[INFO] [1791450477.418704913] [serial_twistctl_node]: [TWIST_RX] Received Twist message - linear.x=0.000, angular.z=0.000, scaled_angular.z=0.000
[INFO] [1791450477.418774534] [serial_twistctl_node]: [SERIAL_TX] Timestamp: 1791450477418762166, Sending command (1/1): vcx=0.000,wc=0.000
 [19 bytes written]
[INFO] [1791450477.468642951] [serial_twistctl_node]: [TWIST_RX] Received Twist message - linear.x=0.000, angular.z=0.000, scaled_angular.z=0.000
[INFO] [1791450477.468702947] [serial_twistctl_node]: [SERIAL_TX] Timestamp: 1791450477468689551, Sending command (1/1): vcx=0.000,wc=0.000
 [19 bytes written]
[INFO] [1791450477.518577866] [serial_twistctl_node]: [TWIST_RX] Received Twist message - linear.x=0.000, angular.z=0.000, scaled_angular.z=0.000
[INFO] [1791450477.518626947] [serial_twistctl_node]: [SERIAL_TX] Timestamp: 1791450477518615746, Sending command (1/1): vcx=0.000,wc=0.000
 [19 bytes written]
[INFO] [1791450477.568452584] [serial_twistctl_node]: [TWIST_RX] Received Twist message - linear.x=0.000, angular.z=0.000, scaled_angular.z=0.000
[INFO] [1791450477.568512126] [serial_twistctl_node]: [SERIAL_TX] Timestamp: 1791450477568499090, Sending command (1/1): vcx=0.000,wc=0.000
 [19 bytes written]
[INFO] [1791450477.618752638] [serial_twistctl_node]: [TWIST_RX] Received Twist message - linear.x=0.000, angular.z=0.000, scaled_angular.z=0.000
[INFO] [1791450477.618807907] [serial_twistctl_node]: [SERIAL_TX] Timestamp: 1791450477618796488, Sending command (1/1): vcx=0.000,wc=0.000
 [19 bytes written]
[INFO] [1791450477.668795008] [serial_twistctl_node]: [TWIST_RX] Received Twist message - linear.x=0.000, angular.z=0.000, scaled_angular.z=0.000
[INFO] [1791450477.668871937] [serial_twistctl_node]: [SERIAL_TX] Timestamp: 1791450477668859248, Sending command (1/1): vcx=0.000,wc=0.000
 [19 bytes written]
[INFO] [1791450477.718826611] [serial_twistctl_node]: [TWIST_RX] Received Twist message - linear.x=0.000, angular.z=0.000, scaled_angular.z=0.000
[INFO] [1791450477.718888798] [serial_twistctl_node]: [SERIAL_TX] Timestamp: 1791450477718875579, Sending command (1/1): vcx=0.000,wc=0.000
 [19 bytes written]
[INFO] [1791450477.768613861] [serial_twistctl_node]: [TWIST_RX] Received Twist message - linear.x=0.000, angular.z=0.000, scaled_angular.z=0.000
[INFO] [1791450477.768671217] [serial_twistctl_node]: [SERIAL_TX] Timestamp: 1791450477768653562, Sending command (1/1): vcx=0.000,wc=0.000
 [19 bytes written]
[INFO] [1791450477.818600587] [serial_twistctl_node]: [TWIST_RX] Received Twist message - linear.x=0.000, angular.z=0.000, scaled_angular.z=0.000
[INFO] [1791450477.818670248] [serial_twistctl_node]: [SERIAL_TX] Timestamp: 1791450477818657209, Sending command (1/1): vcx=0.000,wc=0.000
 [19 bytes written]
[INFO] [1791450477.868787461] [serial_twistctl_node]: [TWIST_RX] Received Twist message - linear.x=0.000, angular.z=0.000, scaled_angular.z=0.000
[INFO] [1791450477.868850906] [serial_twistctl_node]: [SERIAL_TX] Timestamp: 1791450477868838307, Sending command (1/1): vcx=0.000,wc=0.000
 [19 bytes written]
[INFO] [1791450477.918671268] [serial_twistctl_node]: [TWIST_RX] Received Twist message - linear.x=0.000, angular.z=0.000, scaled_angular.z=0.000
[INFO] [1791450477.918728315] [serial_twistctl_node]: [SERIAL_TX] Timestamp: 1791450477918714637, Sending command (1/1): vcx=0.000,wc=0.000
 [19 bytes written]
[INFO] [1791450477.968822889] [serial_twistctl_node]: [TWIST_RX] Received Twist message - linear.x=0.000, angular.z=0.000, scaled_angular.z=0.000
[INFO] [1791450477.968900282] [serial_twistctl_node]: [SERIAL_TX] Timestamp: 1791450477968885625, Sending command (1/1): vcx=0.000,wc=0.000
 [19 bytes written]
[INFO] [1791450478.018765922] [serial_twistctl_node]: [TWIST_RX] Received Twist message - linear.x=0.000, angular.z=0.000, scaled_angular.z=0.000
[INFO] [1791450478.018833244] [serial_twistctl_node]: [SERIAL_TX] Timestamp: 1791450478018818933, Sending command (1/1): vcx=0.000,wc=0.000
 [19 bytes written]
[INFO] [1791450478.068668178] [serial_twistctl_node]: [TWIST_RX] Received Twist message - linear.x=0.000, angular.z=0.000, scaled_angular.z=0.000
[INFO] [1791450478.068722072] [serial_twistctl_node]: [SERIAL_TX] Timestamp: 1791450478068710126, Sending command (1/1): vcx=0.000,wc=0.000
 [19 bytes written]
[INFO] [1791450478.118658401] [serial_twistctl_node]: [TWIST_RX] Received Twist message - linear.x=0.000, angular.z=0.000, scaled_angular.z=0.000
[INFO] [1791450478.118716559] [serial_twistctl_node]: [SERIAL_TX] Timestamp: 1791450478118703119, Sending command (1/1): vcx=0.000,wc=0.000
 [19 bytes written]
[INFO] [1791450478.168559681] [serial_twistctl_node]: [TWIST_RX] Received Twist message - linear.x=0.000, angular.z=0.000, scaled_angular.z=0.000
[INFO] [1791450478.168614904] [serial_twistctl_node]: [SERIAL_TX] Timestamp: 1791450478168603544, Sending command (1/1): vcx=0.000,wc=0.000
 [19 bytes written]
[INFO] [1791450478.218607460] [serial_twistctl_node]: [TWIST_RX] Received Twist message - linear.x=0.000, angular.z=0.000, scaled_angular.z=0.000
[INFO] [1791450478.218667174] [serial_twistctl_node]: [SERIAL_TX] Timestamp: 1791450478218654277, Sending command (1/1): vcx=0.000,wc=0.000
 [19 bytes written]
[INFO] [1791450478.268563102] [serial_twistctl_node]: [TWIST_RX] Received Twist message - linear.x=0.000, angular.z=0.000, scaled_angular.z=0.000
[INFO] [1791450478.268620541] [serial_twistctl_node]: [SERIAL_TX] Timestamp: 1791450478268608786, Sending command (1/1): vcx=0.000,wc=0.000
 [19 bytes written]
[INFO] [1791450478.318710375] [serial_twistctl_node]: [TWIST_RX] Received Twist message - linear.x=0.000, angular.z=0.000, scaled_angular.z=0.000
[INFO] [1791450478.318777027] [serial_twistctl_node]: [SERIAL_TX] Timestamp: 1791450478318765339, Sending command (1/1): vcx=0.000,wc=0.000
 [19 bytes written]
[INFO] [1791450478.368566660] [serial_twistctl_node]: [TWIST_RX] Received Twist message - linear.x=0.000, angular.z=0.000, scaled_angular.z=0.000
[INFO] [1791450478.368623935] [serial_twistctl_node]: [SERIAL_TX] Timestamp: 1791450478368611660, Sending command (1/1): vcx=0.000,wc=0.000
 [19 bytes written]
[INFO] [1791450478.418740462] [serial_twistctl_node]: [TWIST_RX] Received Twist message - linear.x=0.000, angular.z=0.000, scaled_angular.z=0.000
[INFO] [1791450478.418800405] [serial_twistctl_node]: [SERIAL_TX] Timestamp: 1791450478418787966, Sending command (1/1): vcx=0.000,wc=0.000
 [19 bytes written]
[INFO] [1791450478.468707411] [serial_twistctl_node]: [TWIST_RX] Received Twist message - linear.x=0.000, angular.z=0.000, scaled_angular.z=0.000
[INFO] [1791450478.468770808] [serial_twistctl_node]: [SERIAL_TX] Timestamp: 1791450478468757557, Sending command (1/1): vcx=0.000,wc=0.000
 [19 bytes written]
[INFO] [1791450478.518797941] [serial_twistctl_node]: [TWIST_RX] Received Twist message - linear.x=0.000, angular.z=0.000, scaled_angular.z=0.000
[INFO] [1791450478.518859509] [serial_twistctl_node]: [SERIAL_TX] Timestamp: 1791450478518847925, Sending command (1/1): vcx=0.000,wc=0.000
 [19 bytes written]
[INFO] [1791450478.568517338] [serial_twistctl_node]: [TWIST_RX] Received Twist message - linear.x=0.000, angular.z=0.000, scaled_angular.z=0.000
[INFO] [1791450478.568575802] [serial_twistctl_node]: [SERIAL_TX] Timestamp: 1791450478568563991, Sending command (1/1): vcx=0.000,wc=0.000
 [19 bytes written]
[INFO] [1791450478.618854386] [serial_twistctl_node]: [TWIST_RX] Received Twist message - linear.x=0.000, angular.z=0.000, scaled_angular.z=0.000
[INFO] [1791450478.618916549] [serial_twistctl_node]: [SERIAL_TX] Timestamp: 1791450478618902031, Sending command (1/1): vcx=0.000,wc=0.000
 [19 bytes written]
[INFO] [1791450478.668723663] [serial_twistctl_node]: [TWIST_RX] Received Twist message - linear.x=0.000, angular.z=0.000, scaled_angular.z=0.000
[INFO] [1791450478.668781608] [serial_twistctl_node]: [SERIAL_TX] Timestamp: 1791450478668767661, Sending command (1/1): vcx=0.000,wc=0.000
 [19 bytes written]
[INFO] [1791450478.718536945] [serial_twistctl_node]: [TWIST_RX] Received Twist message - linear.x=0.000, angular.z=0.000, scaled_angular.z=0.000
[INFO] [1791450478.718595067] [serial_twistctl_node]: [SERIAL_TX] Timestamp: 1791450478718581548, Sending command (1/1): vcx=0.000,wc=0.000
 [19 bytes written]
[INFO] [1791450478.768730255] [serial_twistctl_node]: [TWIST_RX] Received Twist message - linear.x=0.000, angular.z=0.000, scaled_angular.z=0.000
[INFO] [1791450478.768792093] [serial_twistctl_node]: [SERIAL_TX] Timestamp: 1791450478768776584, Sending command (1/1): vcx=0.000,wc=0.000
 [19 bytes written]
[INFO] [1791450478.818856130] [serial_twistctl_node]: [TWIST_RX] Received Twist message - linear.x=0.000, angular.z=0.000, scaled_angular.z=0.000
[INFO] [1791450478.818911126] [serial_twistctl_node]: [SERIAL_TX] Timestamp: 1791450478818897573, Sending command (1/1): vcx=0.000,wc=0.000
 [19 bytes written]
[INFO] [1791450478.868727459] [serial_twistctl_node]: [TWIST_RX] Received Twist message - linear.x=0.000, angular.z=0.000, scaled_angular.z=0.000
[INFO] [1791450478.868783558] [serial_twistctl_node]: [SERIAL_TX] Timestamp: 1791450478868770892, Sending command (1/1): vcx=0.000,wc=0.000
 [19 bytes written]
[INFO] [1791450478.918742121] [serial_twistctl_node]: [TWIST_RX] Received Twist message - linear.x=0.000, angular.z=0.000, scaled_angular.z=0.000
[INFO] [1791450478.918798155] [serial_twistctl_node]: [SERIAL_TX] Timestamp: 1791450478918786647, Sending command (1/1): vcx=0.000,wc=0.000
 [19 bytes written]
[INFO] [1791450478.968515518] [serial_twistctl_node]: [TWIST_RX] Received Twist message - linear.x=0.000, angular.z=0.000, scaled_angular.z=0.000
[INFO] [1791450478.968570878] [serial_twistctl_node]: [SERIAL_TX] Timestamp: 1791450478968559514, Sending command (1/1): vcx=0.000,wc=0.000
 [19 bytes written]
[INFO] [1791450479.018645195] [serial_twistctl_node]: [TWIST_RX] Received Twist message - linear.x=0.000, angular.z=0.000, scaled_angular.z=0.000
[INFO] [1791450479.018708831] [serial_twistctl_node]: [SERIAL_TX] Timestamp: 1791450479018691764, Sending command (1/1): vcx=0.000,wc=0.000
 [19 bytes written]
[INFO] [1791450479.068635166] [serial_twistctl_node]: [TWIST_RX] Received Twist message - linear.x=0.000, angular.z=0.000, scaled_angular.z=0.000
[INFO] [1791450479.068689869] [serial_twistctl_node]: [SERIAL_TX] Timestamp: 1791450479068677013, Sending command (1/1): vcx=0.000,wc=0.000
 [19 bytes written]
[INFO] [1791450479.118680138] [serial_twistctl_node]: [TWIST_RX] Received Twist message - linear.x=0.000, angular.z=0.000, scaled_angular.z=0.000
[INFO] [1791450479.118760425] [serial_twistctl_node]: [SERIAL_TX] Timestamp: 1791450479118745725, Sending command (1/1): vcx=0.000,wc=0.000
 [19 bytes written]
[INFO] [1791450479.168716353] [serial_twistctl_node]: [TWIST_RX] Received Twist message - linear.x=0.000, angular.z=0.000, scaled_angular.z=0.000
[INFO] [1791450479.168788202] [serial_twistctl_node]: [SERIAL_TX] Timestamp: 1791450479168774886, Sending command (1/1): vcx=0.000,wc=0.000
 [19 bytes written]
[INFO] [1791450479.218595541] [serial_twistctl_node]: [TWIST_RX] Received Twist message - linear.x=0.000, angular.z=0.000, scaled_angular.z=0.000
[INFO] [1791450479.218661920] [serial_twistctl_node]: [SERIAL_TX] Timestamp: 1791450479218648270, Sending command (1/1): vcx=0.000,wc=0.000
 [19 bytes written]
[INFO] [1791450479.268736114] [serial_twistctl_node]: [TWIST_RX] Received Twist message - linear.x=0.000, angular.z=0.000, scaled_angular.z=0.000
[INFO] [1791450479.268793728] [serial_twistctl_node]: [SERIAL_TX] Timestamp: 1791450479268780820, Sending command (1/1): vcx=0.000,wc=0.000
 [19 bytes written]
[INFO] [1791450479.318541359] [serial_twistctl_node]: [TWIST_RX] Received Twist message - linear.x=0.000, angular.z=0.000, scaled_angular.z=0.000
[INFO] [1791450479.318610329] [serial_twistctl_node]: [SERIAL_TX] Timestamp: 1791450479318597639, Sending command (1/1): vcx=0.000,wc=0.000
 [19 bytes written]
[INFO] [1791450479.368694940] [serial_twistctl_node]: [TWIST_RX] Received Twist message - linear.x=0.000, angular.z=0.000, scaled_angular.z=0.000
[INFO] [1791450479.368749503] [serial_twistctl_node]: [SERIAL_TX] Timestamp: 1791450479368738044, Sending command (1/1): vcx=0.000,wc=0.000
 [19 bytes written]
[INFO] [1791450479.418580931] [serial_twistctl_node]: [TWIST_RX] Received Twist message - linear.x=0.000, angular.z=0.000, scaled_angular.z=0.000
[INFO] [1791450479.418649089] [serial_twistctl_node]: [SERIAL_TX] Timestamp: 1791450479418636955, Sending command (1/1): vcx=0.000,wc=0.000
 [19 bytes written]
[INFO] [1791450479.468662758] [serial_twistctl_node]: [TWIST_RX] Received Twist message - linear.x=0.000, angular.z=0.000, scaled_angular.z=0.000
[INFO] [1791450479.468726385] [serial_twistctl_node]: [SERIAL_TX] Timestamp: 1791450479468714295, Sending command (1/1): vcx=0.000,wc=0.000
 [19 bytes written]
[INFO] [1791450479.518746709] [serial_twistctl_node]: [TWIST_RX] Received Twist message - linear.x=0.000, angular.z=0.000, scaled_angular.z=0.000
[INFO] [1791450479.518805004] [serial_twistctl_node]: [SERIAL_TX] Timestamp: 1791450479518791015, Sending command (1/1): vcx=0.000,wc=0.000
 [19 bytes written]
[INFO] [1791450479.568594845] [serial_twistctl_node]: [TWIST_RX] Received Twist message - linear.x=0.000, angular.z=0.000, scaled_angular.z=0.000
[INFO] [1791450479.568651659] [serial_twistctl_node]: [SERIAL_TX] Timestamp: 1791450479568637918, Sending command (1/1): vcx=0.000,wc=0.000
 [19 bytes written]
[INFO] [1791450479.618682121] [serial_twistctl_node]: [TWIST_RX] Received Twist message - linear.x=0.000, angular.z=0.000, scaled_angular.z=0.000
[INFO] [1791450479.618754701] [serial_twistctl_node]: [SERIAL_TX] Timestamp: 1791450479618741650, Sending command (1/1): vcx=0.000,wc=0.000
 [19 bytes written]
[INFO] [1791450479.668731188] [serial_twistctl_node]: [TWIST_RX] Received Twist message - linear.x=0.000, angular.z=0.000, scaled_angular.z=0.000
[INFO] [1791450479.668798740] [serial_twistctl_node]: [SERIAL_TX] Timestamp: 1791450479668785651, Sending command (1/1): vcx=0.000,wc=0.000
 [19 bytes written]
[INFO] [1791450479.718671496] [serial_twistctl_node]: [TWIST_RX] Received Twist message - linear.x=0.000, angular.z=0.000, scaled_angular.z=0.000
[INFO] [1791450479.718742809] [serial_twistctl_node]: [SERIAL_TX] Timestamp: 1791450479718729073, Sending command (1/1): vcx=0.000,wc=0.000
 [19 bytes written]
[INFO] [1791450479.768554174] [serial_twistctl_node]: [TWIST_RX] Received Twist message - linear.x=0.000, angular.z=0.000, scaled_angular.z=0.000
[INFO] [1791450479.768609177] [serial_twistctl_node]: [SERIAL_TX] Timestamp: 1791450479768597030, Sending command (1/1): vcx=0.000,wc=0.000
 [19 bytes written]
[INFO] [1791450479.818826554] [serial_twistctl_node]: [TWIST_RX] Received Twist message - linear.x=0.000, angular.z=0.000, scaled_angular.z=0.000
[INFO] [1791450479.818894596] [serial_twistctl_node]: [SERIAL_TX] Timestamp: 1791450479818881614, Sending command (1/1): vcx=0.000,wc=0.000
 [19 bytes written]
[INFO] [1791450479.868469689] [serial_twistctl_node]: [TWIST_RX] Received Twist message - linear.x=0.000, angular.z=0.000, scaled_angular.z=0.000
[INFO] [1791450479.868530657] [serial_twistctl_node]: [SERIAL_TX] Timestamp: 1791450479868513680, Sending command (1/1): vcx=0.000,wc=0.000
 [19 bytes written]
[INFO] [1791450479.918863394] [serial_twistctl_node]: [TWIST_RX] Received Twist message - linear.x=0.000, angular.z=0.000, scaled_angular.z=0.000
[INFO] [1791450479.918926040] [serial_twistctl_node]: [SERIAL_TX] Timestamp: 1791450479918913033, Sending command (1/1): vcx=0.000,wc=0.000
 [19 bytes written]
[INFO] [1791450479.968645506] [serial_twistctl_node]: [TWIST_RX] Received Twist message - linear.x=0.000, angular.z=0.000, scaled_angular.z=0.000
[INFO] [1791450479.968718543] [serial_twistctl_node]: [SERIAL_TX] Timestamp: 1791450479968705457, Sending command (1/1): vcx=0.000,wc=0.000
 [19 bytes written]
[INFO] [1791450480.018684794] [serial_twistctl_node]: [TWIST_RX] Received Twist message - linear.x=0.000, angular.z=0.000, scaled_angular.z=0.000
[INFO] [1791450480.018746297] [serial_twistctl_node]: [SERIAL_TX] Timestamp: 1791450480018733971, Sending command (1/1): vcx=0.000,wc=0.000
 [19 bytes written]
[INFO] [1791450480.068767682] [serial_twistctl_node]: [TWIST_RX] Received Twist message - linear.x=0.000, angular.z=0.000, scaled_angular.z=0.000
[INFO] [1791450480.068823186] [serial_twistctl_node]: [SERIAL_TX] Timestamp: 1791450480068811377, Sending command (1/1): vcx=0.000,wc=0.000
 [19 bytes written]
[INFO] [1791450480.118717608] [serial_twistctl_node]: [TWIST_RX] Received Twist message - linear.x=0.000, angular.z=0.000, scaled_angular.z=0.000
[INFO] [1791450480.118785128] [serial_twistctl_node]: [SERIAL_TX] Timestamp: 1791450480118772072, Sending command (1/1): vcx=0.000,wc=0.000
 [19 bytes written]
[INFO] [1791450480.168746696] [serial_twistctl_node]: [TWIST_RX] Received Twist message - linear.x=0.000, angular.z=0.000, scaled_angular.z=0.000
[INFO] [1791450480.168812899] [serial_twistctl_node]: [SERIAL_TX] Timestamp: 1791450480168800060, Sending command (1/1): vcx=0.000,wc=0.000
 [19 bytes written]
[INFO] [1791450480.218512349] [serial_twistctl_node]: [TWIST_RX] Received Twist message - linear.x=0.000, angular.z=0.000, scaled_angular.z=0.000
[INFO] [1791450480.218575387] [serial_twistctl_node]: [SERIAL_TX] Timestamp: 1791450480218561152, Sending command (1/1): vcx=0.000,wc=0.000
 [19 bytes written]
[INFO] [1791450480.268786936] [serial_twistctl_node]: [TWIST_RX] Received Twist message - linear.x=0.000, angular.z=0.000, scaled_angular.z=0.000
[INFO] [1791450480.268842526] [serial_twistctl_node]: [SERIAL_TX] Timestamp: 1791450480268830761, Sending command (1/1): vcx=0.000,wc=0.000
 [19 bytes written]
[INFO] [1791450480.318755893] [serial_twistctl_node]: [TWIST_RX] Received Twist message - linear.x=0.000, angular.z=0.000, scaled_angular.z=0.000
[INFO] [1791450480.318822659] [serial_twistctl_node]: [SERIAL_TX] Timestamp: 1791450480318809398, Sending command (1/1): vcx=0.000,wc=0.000
 [19 bytes written]
[INFO] [1791450480.368748932] [serial_twistctl_node]: [TWIST_RX] Received Twist message - linear.x=0.000, angular.z=0.000, scaled_angular.z=0.000
[INFO] [1791450480.368812501] [serial_twistctl_node]: [SERIAL_TX] Timestamp: 1791450480368801426, Sending command (1/1): vcx=0.000,wc=0.000
 [19 bytes written]
[INFO] [1791450480.418802088] [serial_twistctl_node]: [TWIST_RX] Received Twist message - linear.x=0.000, angular.z=0.000, scaled_angular.z=0.000
[INFO] [1791450480.418853713] [serial_twistctl_node]: [SERIAL_TX] Timestamp: 1791450480418843290, Sending command (1/1): vcx=0.000,wc=0.000
 [19 bytes written]
[INFO] [1791450480.468658784] [serial_twistctl_node]: [TWIST_RX] Received Twist message - linear.x=0.000, angular.z=0.000, scaled_angular.z=0.000
[INFO] [1791450480.468714719] [serial_twistctl_node]: [SERIAL_TX] Timestamp: 1791450480468702770, Sending command (1/1): vcx=0.000,wc=0.000
 [19 bytes written]
[INFO] [1791450480.518857620] [serial_twistctl_node]: [TWIST_RX] Received Twist message - linear.x=0.000, angular.z=0.000, scaled_angular.z=0.000
[INFO] [1791450480.518913790] [serial_twistctl_node]: [SERIAL_TX] Timestamp: 1791450480518900525, Sending command (1/1): vcx=0.000,wc=0.000
 [19 bytes written]
[INFO] [1791450480.568512556] [serial_twistctl_node]: [TWIST_RX] Received Twist message - linear.x=0.000, angular.z=0.000, scaled_angular.z=0.000
[INFO] [1791450480.568567047] [serial_twistctl_node]: [SERIAL_TX] Timestamp: 1791450480568555308, Sending command (1/1): vcx=0.000,wc=0.000
 [19 bytes written]
[INFO] [1791450480.618841730] [serial_twistctl_node]: [TWIST_RX] Received Twist message - linear.x=0.000, angular.z=0.000, scaled_angular.z=0.000
[INFO] [1791450480.618897545] [serial_twistctl_node]: [SERIAL_TX] Timestamp: 1791450480618885184, Sending command (1/1): vcx=0.000,wc=0.000
 [19 bytes written]
[INFO] [1791450480.668719423] [serial_twistctl_node]: [TWIST_RX] Received Twist message - linear.x=0.000, angular.z=0.000, scaled_angular.z=0.000
[INFO] [1791450480.668774910] [serial_twistctl_node]: [SERIAL_TX] Timestamp: 1791450480668762347, Sending command (1/1): vcx=0.000,wc=0.000
 [19 bytes written]
[INFO] [1791450480.718662160] [serial_twistctl_node]: [TWIST_RX] Received Twist message - linear.x=0.000, angular.z=0.000, scaled_angular.z=0.000
[INFO] [1791450480.718717643] [serial_twistctl_node]: [SERIAL_TX] Timestamp: 1791450480718706425, Sending command (1/1): vcx=0.000,wc=0.000
 [19 bytes written]
[INFO] [1791450480.768621165] [serial_twistctl_node]: [TWIST_RX] Received Twist message - linear.x=0.000, angular.z=0.000, scaled_angular.z=0.000
[INFO] [1791450480.768675791] [serial_twistctl_node]: [SERIAL_TX] Timestamp: 1791450480768664202, Sending command (1/1): vcx=0.000,wc=0.000
 [19 bytes written]
[INFO] [1791450480.818809974] [serial_twistctl_node]: [TWIST_RX] Received Twist message - linear.x=0.000, angular.z=0.000, scaled_angular.z=0.000
[INFO] [1791450480.818866858] [serial_twistctl_node]: [SERIAL_TX] Timestamp: 1791450480818853790, Sending command (1/1): vcx=0.000,wc=0.000
 [19 bytes written]
[INFO] [1791450480.868822509] [serial_twistctl_node]: [TWIST_RX] Received Twist message - linear.x=0.000, angular.z=0.000, scaled_angular.z=0.000
[INFO] [1791450480.868879476] [serial_twistctl_node]: [SERIAL_TX] Timestamp: 1791450480868866451, Sending command (1/1): vcx=0.000,wc=0.000
 [19 bytes written]
[INFO] [1791450480.918568349] [serial_twistctl_node]: [TWIST_RX] Received Twist message - linear.x=0.000, angular.z=0.000, scaled_angular.z=0.000
[INFO] [1791450480.918624986] [serial_twistctl_node]: [SERIAL_TX] Timestamp: 1791450480918613264, Sending command (1/1): vcx=0.000,wc=0.000
 [19 bytes written]
[INFO] [1791450480.968690660] [serial_twistctl_node]: [TWIST_RX] Received Twist message - linear.x=0.000, angular.z=0.000, scaled_angular.z=0.000
[INFO] [1791450480.968746209] [serial_twistctl_node]: [SERIAL_TX] Timestamp: 1791450480968734396, Sending command (1/1): vcx=0.000,wc=0.000
 [19 bytes written]
[INFO] [1791450481.018589739] [serial_twistctl_node]: [TWIST_RX] Received Twist message - linear.x=0.000, angular.z=0.000, scaled_angular.z=0.000
[INFO] [1791450481.018660532] [serial_twistctl_node]: [SERIAL_TX] Timestamp: 1791450481018648269, Sending command (1/1): vcx=0.000,wc=0.000
 [19 bytes written]
[INFO] [1791450481.068699019] [serial_twistctl_node]: [TWIST_RX] Received Twist message - linear.x=0.000, angular.z=0.000, scaled_angular.z=0.000
[INFO] [1791450481.068762757] [serial_twistctl_node]: [SERIAL_TX] Timestamp: 1791450481068747123, Sending command (1/1): vcx=0.000,wc=0.000
 [19 bytes written]
[INFO] [1791450481.118704935] [serial_twistctl_node]: [TWIST_RX] Received Twist message - linear.x=0.000, angular.z=0.000, scaled_angular.z=0.000
[INFO] [1791450481.118768812] [serial_twistctl_node]: [SERIAL_TX] Timestamp: 1791450481118755294, Sending command (1/1): vcx=0.000,wc=0.000
 [19 bytes written]
[INFO] [1791450481.168582830] [serial_twistctl_node]: [TWIST_RX] Received Twist message - linear.x=0.000, angular.z=0.000, scaled_angular.z=0.000
[INFO] [1791450481.168642243] [serial_twistctl_node]: [SERIAL_TX] Timestamp: 1791450481168628751, Sending command (1/1): vcx=0.000,wc=0.000
 [19 bytes written]
[INFO] [1791450481.218568570] [serial_twistctl_node]: [TWIST_RX] Received Twist message - linear.x=0.000, angular.z=0.000, scaled_angular.z=0.000
[INFO] [1791450481.218629011] [serial_twistctl_node]: [SERIAL_TX] Timestamp: 1791450481218615171, Sending command (1/1): vcx=0.000,wc=0.000
 [19 bytes written]
[INFO] [1791450481.268738426] [serial_twistctl_node]: [TWIST_RX] Received Twist message - linear.x=0.000, angular.z=0.000, scaled_angular.z=0.000
[INFO] [1791450481.268794758] [serial_twistctl_node]: [SERIAL_TX] Timestamp: 1791450481268784895, Sending command (1/1): vcx=0.000,wc=0.000
 [19 bytes written]
[INFO] [1791450481.318834199] [serial_twistctl_node]: [TWIST_RX] Received Twist message - linear.x=0.000, angular.z=0.000, scaled_angular.z=0.000
[INFO] [1791450481.318891191] [serial_twistctl_node]: [SERIAL_TX] Timestamp: 1791450481318879268, Sending command (1/1): vcx=0.000,wc=0.000
 [19 bytes written]
[INFO] [1791450481.368735898] [serial_twistctl_node]: [TWIST_RX] Received Twist message - linear.x=0.000, angular.z=0.000, scaled_angular.z=0.000
[INFO] [1791450481.368792529] [serial_twistctl_node]: [SERIAL_TX] Timestamp: 1791450481368780919, Sending command (1/1): vcx=0.000,wc=0.000
 [19 bytes written]
[INFO] [1791450481.418850003] [serial_twistctl_node]: [TWIST_RX] Received Twist message - linear.x=0.000, angular.z=0.000, scaled_angular.z=0.000
[INFO] [1791450481.418909750] [serial_twistctl_node]: [SERIAL_TX] Timestamp: 1791450481418898033, Sending command (1/1): vcx=0.000,wc=0.000
 [19 bytes written]
[INFO] [1791450481.468661946] [serial_twistctl_node]: [TWIST_RX] Received Twist message - linear.x=0.000, angular.z=0.000, scaled_angular.z=0.000
[INFO] [1791450481.468718222] [serial_twistctl_node]: [SERIAL_TX] Timestamp: 1791450481468705358, Sending command (1/1): vcx=0.000,wc=0.000
 [19 bytes written]
[INFO] [1791450481.518894883] [serial_twistctl_node]: [TWIST_RX] Received Twist message - linear.x=0.000, angular.z=0.000, scaled_angular.z=0.000
[INFO] [1791450481.518949663] [serial_twistctl_node]: [SERIAL_TX] Timestamp: 1791450481518937354, Sending command (1/1): vcx=0.000,wc=0.000
 [19 bytes written]
[INFO] [1791450481.568578570] [serial_twistctl_node]: [TWIST_RX] Received Twist message - linear.x=0.000, angular.z=0.000, scaled_angular.z=0.000
[INFO] [1791450481.568633006] [serial_twistctl_node]: [SERIAL_TX] Timestamp: 1791450481568621648, Sending command (1/1): vcx=0.000,wc=0.000
 [19 bytes written]
[INFO] [1791450481.618773118] [serial_twistctl_node]: [TWIST_RX] Received Twist message - linear.x=0.000, angular.z=0.000, scaled_angular.z=0.000
[INFO] [1791450481.618828969] [serial_twistctl_node]: [SERIAL_TX] Timestamp: 1791450481618817033, Sending command (1/1): vcx=0.000,wc=0.000
 [19 bytes written]
[INFO] [1791450481.668747730] [serial_twistctl_node]: [TWIST_RX] Received Twist message - linear.x=0.000, angular.z=0.000, scaled_angular.z=0.000
[INFO] [1791450481.668817723] [serial_twistctl_node]: [SERIAL_TX] Timestamp: 1791450481668806126, Sending command (1/1): vcx=0.000,wc=0.000
 [19 bytes written]
[INFO] [1791450481.718680404] [serial_twistctl_node]: [TWIST_RX] Received Twist message - linear.x=0.000, angular.z=0.000, scaled_angular.z=0.000
[INFO] [1791450481.718735785] [serial_twistctl_node]: [SERIAL_TX] Timestamp: 1791450481718723931, Sending command (1/1): vcx=0.000,wc=0.000
 [19 bytes written]
[INFO] [1791450481.768738537] [serial_twistctl_node]: [TWIST_RX] Received Twist message - linear.x=0.000, angular.z=0.000, scaled_angular.z=0.000
[INFO] [1791450481.768794001] [serial_twistctl_node]: [SERIAL_TX] Timestamp: 1791450481768781893, Sending command (1/1): vcx=0.000,wc=0.000
 [19 bytes written]
[INFO] [1791450481.818684623] [serial_twistctl_node]: [TWIST_RX] Received Twist message - linear.x=0.000, angular.z=0.000, scaled_angular.z=0.000
[INFO] [1791450481.818740511] [serial_twistctl_node]: [SERIAL_TX] Timestamp: 1791450481818729202, Sending command (1/1): vcx=0.000,wc=0.000
 [19 bytes written]
[INFO] [1791450481.868816079] [serial_twistctl_node]: [TWIST_RX] Received Twist message - linear.x=0.000, angular.z=0.000, scaled_angular.z=0.000
[INFO] [1791450481.868875066] [serial_twistctl_node]: [SERIAL_TX] Timestamp: 1791450481868859549, Sending command (1/1): vcx=0.000,wc=0.000
 [19 bytes written]
[INFO] [1791450481.918619978] [serial_twistctl_node]: [TWIST_RX] Received Twist message - linear.x=0.000, angular.z=0.000, scaled_angular.z=0.000
[INFO] [1791450481.918677799] [serial_twistctl_node]: [SERIAL_TX] Timestamp: 1791450481918664571, Sending command (1/1): vcx=0.000,wc=0.000
 [19 bytes written]
[INFO] [1791450481.968714654] [serial_twistctl_node]: [TWIST_RX] Received Twist message - linear.x=0.000, angular.z=0.000, scaled_angular.z=0.000
[INFO] [1791450481.968772713] [serial_twistctl_node]: [SERIAL_TX] Timestamp: 1791450481968760374, Sending command (1/1): vcx=0.000,wc=0.000
 [19 bytes written]
[INFO] [1791450482.018744115] [serial_twistctl_node]: [TWIST_RX] Received Twist message - linear.x=0.000, angular.z=0.000, scaled_angular.z=0.000
[INFO] [1791450482.018803304] [serial_twistctl_node]: [SERIAL_TX] Timestamp: 1791450482018791744, Sending command (1/1): vcx=0.000,wc=0.000
 [19 bytes written]
[INFO] [1791450482.068609975] [serial_twistctl_node]: [TWIST_RX] Received Twist message - linear.x=0.000, angular.z=0.000, scaled_angular.z=0.000
[INFO] [1791450482.068674482] [serial_twistctl_node]: [SERIAL_TX] Timestamp: 1791450482068662666, Sending command (1/1): vcx=0.000,wc=0.000
 [19 bytes written]
[INFO] [1791450482.118790982] [serial_twistctl_node]: [TWIST_RX] Received Twist message - linear.x=0.000, angular.z=0.000, scaled_angular.z=0.000
[INFO] [1791450482.118858540] [serial_twistctl_node]: [SERIAL_TX] Timestamp: 1791450482118843867, Sending command (1/1): vcx=0.000,wc=0.000
 [19 bytes written]
[INFO] [1791450482.168574005] [serial_twistctl_node]: [TWIST_RX] Received Twist message - linear.x=0.000, angular.z=0.000, scaled_angular.z=0.000
[INFO] [1791450482.168656308] [serial_twistctl_node]: [SERIAL_TX] Timestamp: 1791450482168643964, Sending command (1/1): vcx=0.000,wc=0.000
 [19 bytes written]
[INFO] [1791450482.218698753] [serial_twistctl_node]: [TWIST_RX] Received Twist message - linear.x=0.000, angular.z=0.000, scaled_angular.z=0.000
[INFO] [1791450482.218760803] [serial_twistctl_node]: [SERIAL_TX] Timestamp: 1791450482218748642, Sending command (1/1): vcx=0.000,wc=0.000
 [19 bytes written]
[INFO] [1791450482.268603346] [serial_twistctl_node]: [TWIST_RX] Received Twist message - linear.x=0.000, angular.z=0.000, scaled_angular.z=0.000
[INFO] [1791450482.268664719] [serial_twistctl_node]: [SERIAL_TX] Timestamp: 1791450482268651290, Sending command (1/1): vcx=0.000,wc=0.000
 [19 bytes written]
[INFO] [1791450482.318770703] [serial_twistctl_node]: [TWIST_RX] Received Twist message - linear.x=0.000, angular.z=0.000, scaled_angular.z=0.000
[INFO] [1791450482.318862188] [serial_twistctl_node]: [SERIAL_TX] Timestamp: 1791450482318848209, Sending command (1/1): vcx=0.000,wc=0.000
 [19 bytes written]
[INFO] [1791450482.368810312] [serial_twistctl_node]: [TWIST_RX] Received Twist message - linear.x=0.000, angular.z=0.000, scaled_angular.z=0.000
[INFO] [1791450482.368867550] [serial_twistctl_node]: [SERIAL_TX] Timestamp: 1791450482368853889, Sending command (1/1): vcx=0.000,wc=0.000
 [19 bytes written]
[INFO] [1791450482.418803105] [serial_twistctl_node]: [TWIST_RX] Received Twist message - linear.x=0.000, angular.z=0.000, scaled_angular.z=0.000
[INFO] [1791450482.418860590] [serial_twistctl_node]: [SERIAL_TX] Timestamp: 1791450482418849415, Sending command (1/1): vcx=0.000,wc=0.000
 [19 bytes written]
[INFO] [1791450482.468701864] [serial_twistctl_node]: [TWIST_RX] Received Twist message - linear.x=0.000, angular.z=0.000, scaled_angular.z=0.000
[INFO] [1791450482.468761150] [serial_twistctl_node]: [SERIAL_TX] Timestamp: 1791450482468748410, Sending command (1/1): vcx=0.000,wc=0.000
 [19 bytes written]
[INFO] [1791450482.518665054] [serial_twistctl_node]: [TWIST_RX] Received Twist message - linear.x=0.000, angular.z=0.000, scaled_angular.z=0.000
[INFO] [1791450482.518719580] [serial_twistctl_node]: [SERIAL_TX] Timestamp: 1791450482518707259, Sending command (1/1): vcx=0.000,wc=0.000
 [19 bytes written]
[INFO] [1791450482.568750376] [serial_twistctl_node]: [TWIST_RX] Received Twist message - linear.x=0.000, angular.z=0.000, scaled_angular.z=0.000
[INFO] [1791450482.568815741] [serial_twistctl_node]: [SERIAL_TX] Timestamp: 1791450482568804376, Sending command (1/1): vcx=0.000,wc=0.000
 [19 bytes written]
[INFO] [1791450482.618653334] [serial_twistctl_node]: [TWIST_RX] Received Twist message - linear.x=0.000, angular.z=0.000, scaled_angular.z=0.000
[INFO] [1791450482.618706731] [serial_twistctl_node]: [SERIAL_TX] Timestamp: 1791450482618694248, Sending command (1/1): vcx=0.000,wc=0.000
 [19 bytes written]
[INFO] [1791450482.668650395] [serial_twistctl_node]: [TWIST_RX] Received Twist message - linear.x=0.000, angular.z=0.000, scaled_angular.z=0.000
[INFO] [1791450482.668724027] [serial_twistctl_node]: [SERIAL_TX] Timestamp: 1791450482668711763, Sending command (1/1): vcx=0.000,wc=0.000
 [19 bytes written]
[INFO] [1791450482.718772320] [serial_twistctl_node]: [TWIST_RX] Received Twist message - linear.x=0.000, angular.z=0.000, scaled_angular.z=0.000
[INFO] [1791450482.718825407] [serial_twistctl_node]: [SERIAL_TX] Timestamp: 1791450482718813850, Sending command (1/1): vcx=0.000,wc=0.000
 [19 bytes written]
[INFO] [1791450482.768796275] [serial_twistctl_node]: [TWIST_RX] Received Twist message - linear.x=0.000, angular.z=0.000, scaled_angular.z=0.000
[INFO] [1791450482.768852110] [serial_twistctl_node]: [SERIAL_TX] Timestamp: 1791450482768835860, Sending command (1/1): vcx=0.000,wc=0.000
 [19 bytes written]
[INFO] [1791450482.818719816] [serial_twistctl_node]: [TWIST_RX] Received Twist message - linear.x=0.000, angular.z=0.000, scaled_angular.z=0.000
[INFO] [1791450482.818780135] [serial_twistctl_node]: [SERIAL_TX] Timestamp: 1791450482818767032, Sending command (1/1): vcx=0.000,wc=0.000
 [19 bytes written]
[INFO] [1791450482.868711887] [serial_twistctl_node]: [TWIST_RX] Received Twist message - linear.x=0.000, angular.z=0.000, scaled_angular.z=0.000
[INFO] [1791450482.868777900] [serial_twistctl_node]: [SERIAL_TX] Timestamp: 1791450482868761717, Sending command (1/1): vcx=0.000,wc=0.000
 [19 bytes written]
[INFO] [1791450482.918687807] [serial_twistctl_node]: [TWIST_RX] Received Twist message - linear.x=0.000, angular.z=0.000, scaled_angular.z=0.000
[INFO] [1791450482.918751531] [serial_twistctl_node]: [SERIAL_TX] Timestamp: 1791450482918733222, Sending command (1/1): vcx=0.000,wc=0.000
 [19 bytes written]
[INFO] [1791450482.968693183] [serial_twistctl_node]: [TWIST_RX] Received Twist message - linear.x=0.000, angular.z=0.000, scaled_angular.z=0.000
[INFO] [1791450482.968748703] [serial_twistctl_node]: [SERIAL_TX] Timestamp: 1791450482968737067, Sending command (1/1): vcx=0.000,wc=0.000
 [19 bytes written]
[INFO] [1791450483.018772583] [serial_twistctl_node]: [TWIST_RX] Received Twist message - linear.x=0.000, angular.z=0.000, scaled_angular.z=0.000
[INFO] [1791450483.018849390] [serial_twistctl_node]: [SERIAL_TX] Timestamp: 1791450483018837542, Sending command (1/1): vcx=0.000,wc=0.000
 [19 bytes written]
[INFO] [1791450483.068591180] [serial_twistctl_node]: [TWIST_RX] Received Twist message - linear.x=0.000, angular.z=0.000, scaled_angular.z=0.000
[INFO] [1791450483.068650443] [serial_twistctl_node]: [SERIAL_TX] Timestamp: 1791450483068634987, Sending command (1/1): vcx=0.000,wc=0.000
 [19 bytes written]
[INFO] [1791450483.118607650] [serial_twistctl_node]: [TWIST_RX] Received Twist message - linear.x=0.000, angular.z=0.000, scaled_angular.z=0.000
[INFO] [1791450483.118668094] [serial_twistctl_node]: [SERIAL_TX] Timestamp: 1791450483118654307, Sending command (1/1): vcx=0.000,wc=0.000
 [19 bytes written]
[INFO] [1791450483.168612679] [serial_twistctl_node]: [TWIST_RX] Received Twist message - linear.x=0.000, angular.z=0.000, scaled_angular.z=0.000
[INFO] [1791450483.168669362] [serial_twistctl_node]: [SERIAL_TX] Timestamp: 1791450483168657491, Sending command (1/1): vcx=0.000,wc=0.000
 [19 bytes written]
[INFO] [1791450483.218553870] [serial_twistctl_node]: [TWIST_RX] Received Twist message - linear.x=0.000, angular.z=0.000, scaled_angular.z=0.000
[INFO] [1791450483.218609888] [serial_twistctl_node]: [SERIAL_TX] Timestamp: 1791450483218597792, Sending command (1/1): vcx=0.000,wc=0.000
 [19 bytes written]
[INFO] [1791450483.268826459] [serial_twistctl_node]: [TWIST_RX] Received Twist message - linear.x=0.000, angular.z=0.000, scaled_angular.z=0.000
[INFO] [1791450483.268890437] [serial_twistctl_node]: [SERIAL_TX] Timestamp: 1791450483268873745, Sending command (1/1): vcx=0.000,wc=0.000
 [19 bytes written]
[INFO] [1791450483.318611420] [serial_twistctl_node]: [TWIST_RX] Received Twist message - linear.x=0.000, angular.z=0.000, scaled_angular.z=0.000
[INFO] [1791450483.318668599] [serial_twistctl_node]: [SERIAL_TX] Timestamp: 1791450483318656756, Sending command (1/1): vcx=0.000,wc=0.000
 [19 bytes written]
[INFO] [1791450483.368750763] [serial_twistctl_node]: [TWIST_RX] Received Twist message - linear.x=0.000, angular.z=0.000, scaled_angular.z=0.000
[INFO] [1791450483.368812454] [serial_twistctl_node]: [SERIAL_TX] Timestamp: 1791450483368799184, Sending command (1/1): vcx=0.000,wc=0.000
 [19 bytes written]
[INFO] [1791450483.418563749] [serial_twistctl_node]: [TWIST_RX] Received Twist message - linear.x=0.000, angular.z=0.000, scaled_angular.z=0.000
[INFO] [1791450483.418625523] [serial_twistctl_node]: [SERIAL_TX] Timestamp: 1791450483418613028, Sending command (1/1): vcx=0.000,wc=0.000
 [19 bytes written]
[INFO] [1791450483.468747622] [serial_twistctl_node]: [TWIST_RX] Received Twist message - linear.x=0.000, angular.z=0.000, scaled_angular.z=0.000
[INFO] [1791450483.468806188] [serial_twistctl_node]: [SERIAL_TX] Timestamp: 1791450483468793623, Sending command (1/1): vcx=0.000,wc=0.000
 [19 bytes written]
[INFO] [1791450483.518570971] [serial_twistctl_node]: [TWIST_RX] Received Twist message - linear.x=0.000, angular.z=0.000, scaled_angular.z=0.000
[INFO] [1791450483.518631115] [serial_twistctl_node]: [SERIAL_TX] Timestamp: 1791450483518618544, Sending command (1/1): vcx=0.000,wc=0.000
 [19 bytes written]
[INFO] [1791450483.568814786] [serial_twistctl_node]: [TWIST_RX] Received Twist message - linear.x=0.000, angular.z=0.000, scaled_angular.z=0.000
[INFO] [1791450483.568872356] [serial_twistctl_node]: [SERIAL_TX] Timestamp: 1791450483568856863, Sending command (1/1): vcx=0.000,wc=0.000
 [19 bytes written]
[INFO] [1791450483.618556955] [serial_twistctl_node]: [TWIST_RX] Received Twist message - linear.x=0.000, angular.z=0.000, scaled_angular.z=0.000
[INFO] [1791450483.618610106] [serial_twistctl_node]: [SERIAL_TX] Timestamp: 1791450483618598582, Sending command (1/1): vcx=0.000,wc=0.000
 [19 bytes written]
[INFO] [1791450483.668641277] [serial_twistctl_node]: [TWIST_RX] Received Twist message - linear.x=0.000, angular.z=0.000, scaled_angular.z=0.000
[INFO] [1791450483.668700624] [serial_twistctl_node]: [SERIAL_TX] Timestamp: 1791450483668690003, Sending command (1/1): vcx=0.000,wc=0.000
 [19 bytes written]
[INFO] [1791450483.718720893] [serial_twistctl_node]: [TWIST_RX] Received Twist message - linear.x=0.000, angular.z=0.000, scaled_angular.z=0.000
[INFO] [1791450483.718775406] [serial_twistctl_node]: [SERIAL_TX] Timestamp: 1791450483718763578, Sending command (1/1): vcx=0.000,wc=0.000
 [19 bytes written]
[INFO] [1791450483.768771949] [serial_twistctl_node]: [TWIST_RX] Received Twist message - linear.x=0.000, angular.z=0.000, scaled_angular.z=0.000
[INFO] [1791450483.768825481] [serial_twistctl_node]: [SERIAL_TX] Timestamp: 1791450483768814354, Sending command (1/1): vcx=0.000,wc=0.000
 [19 bytes written]
[INFO] [1791450483.818748343] [serial_twistctl_node]: [TWIST_RX] Received Twist message - linear.x=0.000, angular.z=0.000, scaled_angular.z=0.000
[INFO] [1791450483.818801151] [serial_twistctl_node]: [SERIAL_TX] Timestamp: 1791450483818789925, Sending command (1/1): vcx=0.000,wc=0.000
 [19 bytes written]
[INFO] [1791450483.868709565] [serial_twistctl_node]: [TWIST_RX] Received Twist message - linear.x=0.000, angular.z=0.000, scaled_angular.z=0.000
[INFO] [1791450483.868763445] [serial_twistctl_node]: [SERIAL_TX] Timestamp: 1791450483868751677, Sending command (1/1): vcx=0.000,wc=0.000
 [19 bytes written]
[INFO] [1791450483.918743272] [serial_twistctl_node]: [TWIST_RX] Received Twist message - linear.x=0.000, angular.z=0.000, scaled_angular.z=0.000
[INFO] [1791450483.918799991] [serial_twistctl_node]: [SERIAL_TX] Timestamp: 1791450483918787333, Sending command (1/1): vcx=0.000,wc=0.000
 [19 bytes written]
[INFO] [1791450483.968544546] [serial_twistctl_node]: [TWIST_RX] Received Twist message - linear.x=0.000, angular.z=0.000, scaled_angular.z=0.000
[INFO] [1791450483.968613429] [serial_twistctl_node]: [SERIAL_TX] Timestamp: 1791450483968601616, Sending command (1/1): vcx=0.000,wc=0.000
 [19 bytes written]
[INFO] [1791450484.018713593] [serial_twistctl_node]: [TWIST_RX] Received Twist message - linear.x=0.000, angular.z=0.000, scaled_angular.z=0.000
[INFO] [1791450484.018775553] [serial_twistctl_node]: [SERIAL_TX] Timestamp: 1791450484018759410, Sending command (1/1): vcx=0.000,wc=0.000
 [19 bytes written]
[INFO] [1791450484.068690029] [serial_twistctl_node]: [TWIST_RX] Received Twist message - linear.x=0.000, angular.z=0.000, scaled_angular.z=0.000
[INFO] [1791450484.068747065] [serial_twistctl_node]: [SERIAL_TX] Timestamp: 1791450484068733774, Sending command (1/1): vcx=0.000,wc=0.000
 [19 bytes written]
[INFO] [1791450484.118605989] [serial_twistctl_node]: [TWIST_RX] Received Twist message - linear.x=0.000, angular.z=0.000, scaled_angular.z=0.000
[INFO] [1791450484.118677874] [serial_twistctl_node]: [SERIAL_TX] Timestamp: 1791450484118665149, Sending command (1/1): vcx=0.000,wc=0.000
 [19 bytes written]
[INFO] [1791450484.168545473] [serial_twistctl_node]: [TWIST_RX] Received Twist message - linear.x=0.000, angular.z=0.000, scaled_angular.z=0.000
[INFO] [1791450484.168604421] [serial_twistctl_node]: [SERIAL_TX] Timestamp: 1791450484168593295, Sending command (1/1): vcx=0.000,wc=0.000
 [19 bytes written]
[INFO] [1791450484.218683720] [serial_twistctl_node]: [TWIST_RX] Received Twist message - linear.x=0.000, angular.z=0.000, scaled_angular.z=0.000
[INFO] [1791450484.218736304] [serial_twistctl_node]: [SERIAL_TX] Timestamp: 1791450484218725327, Sending command (1/1): vcx=0.000,wc=0.000
 [19 bytes written]
[INFO] [1791450484.268811119] [serial_twistctl_node]: [TWIST_RX] Received Twist message - linear.x=0.021, angular.z=0.000, scaled_angular.z=0.000
[INFO] [1791450484.268879995] [serial_twistctl_node]: [SERIAL_TX] Timestamp: 1791450484268866816, Sending command (1/1): vcx=0.021,wc=0.000
 [19 bytes written]
[INFO] [1791450484.318683764] [serial_twistctl_node]: [TWIST_RX] Received Twist message - linear.x=0.042, angular.z=0.000, scaled_angular.z=0.000
[INFO] [1791450484.318740696] [serial_twistctl_node]: [SERIAL_TX] Timestamp: 1791450484318727444, Sending command (1/1): vcx=0.042,wc=0.000
 [19 bytes written]
[INFO] [1791450484.368870994] [serial_twistctl_node]: [TWIST_RX] Received Twist message - linear.x=0.064, angular.z=0.000, scaled_angular.z=0.000
[INFO] [1791450484.368925701] [serial_twistctl_node]: [SERIAL_TX] Timestamp: 1791450484368913554, Sending command (1/1): vcx=0.064,wc=0.000
 [19 bytes written]
[INFO] [1791450484.418544810] [serial_twistctl_node]: [TWIST_RX] Received Twist message - linear.x=0.085, angular.z=0.000, scaled_angular.z=0.000
[INFO] [1791450484.418601970] [serial_twistctl_node]: [SERIAL_TX] Timestamp: 1791450484418589461, Sending command (1/1): vcx=0.085,wc=0.000
 [19 bytes written]
[INFO] [1791450484.468664568] [serial_twistctl_node]: [TWIST_RX] Received Twist message - linear.x=0.106, angular.z=0.000, scaled_angular.z=0.000
[INFO] [1791450484.468720587] [serial_twistctl_node]: [SERIAL_TX] Timestamp: 1791450484468708661, Sending command (1/1): vcx=0.106,wc=0.000
 [19 bytes written]
[INFO] [1791450484.518608012] [serial_twistctl_node]: [TWIST_RX] Received Twist message - linear.x=0.127, angular.z=0.000, scaled_angular.z=0.000
[INFO] [1791450484.518662929] [serial_twistctl_node]: [SERIAL_TX] Timestamp: 1791450484518651443, Sending command (1/1): vcx=0.127,wc=0.000
 [19 bytes written]
[INFO] [1791450484.568731882] [serial_twistctl_node]: [TWIST_RX] Received Twist message - linear.x=0.149, angular.z=0.000, scaled_angular.z=0.000
[INFO] [1791450484.568782903] [serial_twistctl_node]: [SERIAL_TX] Timestamp: 1791450484568771274, Sending command (1/1): vcx=0.149,wc=0.000
 [19 bytes written]
[INFO] [1791450484.618571791] [serial_twistctl_node]: [TWIST_RX] Received Twist message - linear.x=0.170, angular.z=0.000, scaled_angular.z=0.000
[INFO] [1791450484.618629163] [serial_twistctl_node]: [SERIAL_TX] Timestamp: 1791450484618615783, Sending command (1/1): vcx=0.170,wc=0.000
 [19 bytes written]
[INFO] [1791450484.668686835] [serial_twistctl_node]: [TWIST_RX] Received Twist message - linear.x=0.191, angular.z=0.000, scaled_angular.z=0.000
[INFO] [1791450484.668744865] [serial_twistctl_node]: [SERIAL_TX] Timestamp: 1791450484668733462, Sending command (1/1): vcx=0.191,wc=0.000
 [19 bytes written]
[INFO] [1791450484.718578784] [serial_twistctl_node]: [TWIST_RX] Received Twist message - linear.x=0.212, angular.z=0.000, scaled_angular.z=0.000
[INFO] [1791450484.718633167] [serial_twistctl_node]: [SERIAL_TX] Timestamp: 1791450484718621691, Sending command (1/1): vcx=0.212,wc=0.000
 [19 bytes written]
[INFO] [1791450484.768540020] [serial_twistctl_node]: [TWIST_RX] Received Twist message - linear.x=0.220, angular.z=0.000, scaled_angular.z=0.000
[INFO] [1791450484.768594552] [serial_twistctl_node]: [SERIAL_TX] Timestamp: 1791450484768583454, Sending command (1/1): vcx=0.220,wc=0.000
 [19 bytes written]
[INFO] [1791450484.818562081] [serial_twistctl_node]: [TWIST_RX] Received Twist message - linear.x=0.217, angular.z=0.000, scaled_angular.z=0.000
[INFO] [1791450484.818617623] [serial_twistctl_node]: [SERIAL_TX] Timestamp: 1791450484818605639, Sending command (1/1): vcx=0.217,wc=0.000
 [19 bytes written]
[INFO] [1791450484.868506698] [serial_twistctl_node]: [TWIST_RX] Received Twist message - linear.x=0.219, angular.z=0.000, scaled_angular.z=0.000
[INFO] [1791450484.868563910] [serial_twistctl_node]: [SERIAL_TX] Timestamp: 1791450484868551650, Sending command (1/1): vcx=0.219,wc=0.000
 [19 bytes written]
[INFO] [1791450484.918649044] [serial_twistctl_node]: [TWIST_RX] Received Twist message - linear.x=0.216, angular.z=0.000, scaled_angular.z=0.000
[INFO] [1791450484.918697808] [serial_twistctl_node]: [SERIAL_TX] Timestamp: 1791450484918687868, Sending command (1/1): vcx=0.216,wc=0.000
 [19 bytes written]
[INFO] [1791450484.968642676] [serial_twistctl_node]: [TWIST_RX] Received Twist message - linear.x=0.218, angular.z=0.000, scaled_angular.z=0.000
[INFO] [1791450484.968697675] [serial_twistctl_node]: [SERIAL_TX] Timestamp: 1791450484968685035, Sending command (1/1): vcx=0.218,wc=0.000
 [19 bytes written]
[INFO] [1791450485.018583257] [serial_twistctl_node]: [TWIST_RX] Received Twist message - linear.x=0.221, angular.z=0.000, scaled_angular.z=0.000
[INFO] [1791450485.018656218] [serial_twistctl_node]: [SERIAL_TX] Timestamp: 1791450485018645240, Sending command (1/1): vcx=0.221,wc=0.000
 [19 bytes written]
[INFO] [1791450485.068707637] [serial_twistctl_node]: [TWIST_RX] Received Twist message - linear.x=0.218, angular.z=0.000, scaled_angular.z=0.000
[INFO] [1791450485.068760317] [serial_twistctl_node]: [SERIAL_TX] Timestamp: 1791450485068749480, Sending command (1/1): vcx=0.218,wc=0.000
 [19 bytes written]
[INFO] [1791450485.118670376] [serial_twistctl_node]: [TWIST_RX] Received Twist message - linear.x=0.221, angular.z=0.000, scaled_angular.z=0.000
[INFO] [1791450485.118737700] [serial_twistctl_node]: [SERIAL_TX] Timestamp: 1791450485118723763, Sending command (1/1): vcx=0.221,wc=0.000
 [19 bytes written]
[INFO] [1791450485.168768000] [serial_twistctl_node]: [TWIST_RX] Received Twist message - linear.x=0.217, angular.z=0.000, scaled_angular.z=0.000
[INFO] [1791450485.168820777] [serial_twistctl_node]: [SERIAL_TX] Timestamp: 1791450485168809150, Sending command (1/1): vcx=0.217,wc=0.000
 [19 bytes written]
[INFO] [1791450485.218533332] [serial_twistctl_node]: [TWIST_RX] Received Twist message - linear.x=0.220, angular.z=0.000, scaled_angular.z=0.000
[INFO] [1791450485.218590007] [serial_twistctl_node]: [SERIAL_TX] Timestamp: 1791450485218577717, Sending command (1/1): vcx=0.220,wc=0.000
 [19 bytes written]
[INFO] [1791450485.268667096] [serial_twistctl_node]: [TWIST_RX] Received Twist message - linear.x=0.216, angular.z=0.000, scaled_angular.z=0.000
[INFO] [1791450485.268729304] [serial_twistctl_node]: [SERIAL_TX] Timestamp: 1791450485268714228, Sending command (1/1): vcx=0.216,wc=0.000
 [19 bytes written]
[INFO] [1791450485.318709438] [serial_twistctl_node]: [TWIST_RX] Received Twist message - linear.x=0.218, angular.z=0.000, scaled_angular.z=0.000
[INFO] [1791450485.318789703] [serial_twistctl_node]: [SERIAL_TX] Timestamp: 1791450485318752347, Sending command (1/1): vcx=0.218,wc=0.000
 [19 bytes written]
[INFO] [1791450485.368615061] [serial_twistctl_node]: [TWIST_RX] Received Twist message - linear.x=0.221, angular.z=0.000, scaled_angular.z=0.000
[INFO] [1791450485.368685807] [serial_twistctl_node]: [SERIAL_TX] Timestamp: 1791450485368660414, Sending command (1/1): vcx=0.221,wc=0.000
 [19 bytes written]
[INFO] [1791450485.418618216] [serial_twistctl_node]: [TWIST_RX] Received Twist message - linear.x=0.217, angular.z=0.000, scaled_angular.z=0.000
[INFO] [1791450485.418671942] [serial_twistctl_node]: [SERIAL_TX] Timestamp: 1791450485418661028, Sending command (1/1): vcx=0.217,wc=0.000
 [19 bytes written]
[INFO] [1791450485.468548913] [serial_twistctl_node]: [TWIST_RX] Received Twist message - linear.x=0.220, angular.z=0.000, scaled_angular.z=0.000
[INFO] [1791450485.468603120] [serial_twistctl_node]: [SERIAL_TX] Timestamp: 1791450485468591733, Sending command (1/1): vcx=0.220,wc=0.000
 [19 bytes written]
[INFO] [1791450485.518608414] [serial_twistctl_node]: [TWIST_RX] Received Twist message - linear.x=0.217, angular.z=0.000, scaled_angular.z=0.000
[INFO] [1791450485.518662388] [serial_twistctl_node]: [SERIAL_TX] Timestamp: 1791450485518649020, Sending command (1/1): vcx=0.217,wc=0.000
 [19 bytes written]
[INFO] [1791450485.568567214] [serial_twistctl_node]: [TWIST_RX] Received Twist message - linear.x=0.219, angular.z=0.000, scaled_angular.z=0.000
[INFO] [1791450485.568625226] [serial_twistctl_node]: [SERIAL_TX] Timestamp: 1791450485568608020, Sending command (1/1): vcx=0.219,wc=0.000
 [19 bytes written]
[INFO] [1791450485.618706641] [serial_twistctl_node]: [TWIST_RX] Received Twist message - linear.x=0.216, angular.z=0.000, scaled_angular.z=0.000
[INFO] [1791450485.618760104] [serial_twistctl_node]: [SERIAL_TX] Timestamp: 1791450485618748308, Sending command (1/1): vcx=0.216,wc=0.000
 [19 bytes written]
[INFO] [1791450485.668826262] [serial_twistctl_node]: [TWIST_RX] Received Twist message - linear.x=0.218, angular.z=0.000, scaled_angular.z=0.000
[INFO] [1791450485.668895085] [serial_twistctl_node]: [SERIAL_TX] Timestamp: 1791450485668882633, Sending command (1/1): vcx=0.218,wc=0.000
 [19 bytes written]
[INFO] [1791450485.718717320] [serial_twistctl_node]: [TWIST_RX] Received Twist message - linear.x=0.000, angular.z=0.000, scaled_angular.z=0.000
[INFO] [1791450485.718765116] [serial_twistctl_node]: [SERIAL_TX] Timestamp: 1791450485718752922, Sending command (1/1): vcx=0.000,wc=0.000
 [19 bytes written]
[INFO] [1791450485.768693664] [serial_twistctl_node]: [TWIST_RX] Received Twist message - linear.x=0.000, angular.z=0.000, scaled_angular.z=0.000
[INFO] [1791450485.768748421] [serial_twistctl_node]: [SERIAL_TX] Timestamp: 1791450485768736676, Sending command (1/1): vcx=0.000,wc=0.000
 [19 bytes written]
[INFO] [1791450485.818636958] [serial_twistctl_node]: [TWIST_RX] Received Twist message - linear.x=0.000, angular.z=0.000, scaled_angular.z=0.000
[INFO] [1791450485.818688627] [serial_twistctl_node]: [SERIAL_TX] Timestamp: 1791450485818676597, Sending command (1/1): vcx=0.000,wc=0.000
 [19 bytes written]
[INFO] [1791450485.868700394] [serial_twistctl_node]: [TWIST_RX] Received Twist message - linear.x=0.000, angular.z=0.000, scaled_angular.z=0.000
[INFO] [1791450485.868752398] [serial_twistctl_node]: [SERIAL_TX] Timestamp: 1791450485868741385, Sending command (1/1): vcx=0.000,wc=0.000
 [19 bytes written]
[INFO] [1791450485.918599147] [serial_twistctl_node]: [TWIST_RX] Received Twist message - linear.x=0.000, angular.z=0.000, scaled_angular.z=0.000
[INFO] [1791450485.918648824] [serial_twistctl_node]: [SERIAL_TX] Timestamp: 1791450485918637809, Sending command (1/1): vcx=0.000,wc=0.000
 [19 bytes written]
[INFO] [1791450485.968628347] [serial_twistctl_node]: [TWIST_RX] Received Twist message - linear.x=0.000, angular.z=0.000, scaled_angular.z=0.000
[INFO] [1791450485.968681026] [serial_twistctl_node]: [SERIAL_TX] Timestamp: 1791450485968669811, Sending command (1/1): vcx=0.000,wc=0.000
 [19 bytes written]
[INFO] [1791450486.018587402] [serial_twistctl_node]: [TWIST_RX] Received Twist message - linear.x=0.000, angular.z=0.000, scaled_angular.z=0.000
[INFO] [1791450486.018647066] [serial_twistctl_node]: [SERIAL_TX] Timestamp: 1791450486018633884, Sending command (1/1): vcx=0.000,wc=0.000
 [19 bytes written]
[INFO] [1791450486.068604131] [serial_twistctl_node]: [TWIST_RX] Received Twist message - linear.x=0.000, angular.z=0.000, scaled_angular.z=0.000
[INFO] [1791450486.068656713] [serial_twistctl_node]: [SERIAL_TX] Timestamp: 1791450486068645115, Sending command (1/1): vcx=0.000,wc=0.000
 [19 bytes written]
[INFO] [1791450486.118685439] [serial_twistctl_node]: [TWIST_RX] Received Twist message - linear.x=0.000, angular.z=0.000, scaled_angular.z=0.000
[INFO] [1791450486.118745229] [serial_twistctl_node]: [SERIAL_TX] Timestamp: 1791450486118733685, Sending command (1/1): vcx=0.000,wc=0.000
 [19 bytes written]
[INFO] [1791450486.168653832] [serial_twistctl_node]: [TWIST_RX] Received Twist message - linear.x=0.000, angular.z=0.000, scaled_angular.z=0.000
[INFO] [1791450486.168714529] [serial_twistctl_node]: [SERIAL_TX] Timestamp: 1791450486168698369, Sending command (1/1): vcx=0.000,wc=0.000
 [19 bytes written]
[INFO] [1791450486.218692384] [serial_twistctl_node]: [TWIST_RX] Received Twist message - linear.x=0.000, angular.z=0.000, scaled_angular.z=0.000
[INFO] [1791450486.218747216] [serial_twistctl_node]: [SERIAL_TX] Timestamp: 1791450486218734620, Sending command (1/1): vcx=0.000,wc=0.000
 [19 bytes written]
[INFO] [1791450486.268585977] [serial_twistctl_node]: [TWIST_RX] Received Twist message - linear.x=0.000, angular.z=0.000, scaled_angular.z=0.000
[INFO] [1791450486.268639998] [serial_twistctl_node]: [SERIAL_TX] Timestamp: 1791450486268628659, Sending command (1/1): vcx=0.000,wc=0.000
 [19 bytes written]
[INFO] [1791450486.318613489] [serial_twistctl_node]: [TWIST_RX] Received Twist message - linear.x=0.000, angular.z=0.000, scaled_angular.z=0.000
[INFO] [1791450486.318667962] [serial_twistctl_node]: [SERIAL_TX] Timestamp: 1791450486318655865, Sending command (1/1): vcx=0.000,wc=0.000
 [19 bytes written]
[INFO] [1791450486.368484525] [serial_twistctl_node]: [TWIST_RX] Received Twist message - linear.x=0.000, angular.z=0.000, scaled_angular.z=0.000
[INFO] [1791450486.368550463] [serial_twistctl_node]: [SERIAL_TX] Timestamp: 1791450486368539049, Sending command (1/1): vcx=0.000,wc=0.000
 [19 bytes written]
[INFO] [1791450486.418628046] [serial_twistctl_node]: [TWIST_RX] Received Twist message - linear.x=0.000, angular.z=0.000, scaled_angular.z=0.000
[INFO] [1791450486.418681297] [serial_twistctl_node]: [SERIAL_TX] Timestamp: 1791450486418670364, Sending command (1/1): vcx=0.000,wc=0.000
 [19 bytes written]
[INFO] [1791450486.468670808] [serial_twistctl_node]: [TWIST_RX] Received Twist message - linear.x=0.000, angular.z=0.000, scaled_angular.z=0.000
[INFO] [1791450486.468708166] [serial_twistctl_node]: [SERIAL_TX] Timestamp: 1791450486468699032, Sending command (1/1): vcx=0.000,wc=0.000
 [19 bytes written]
[INFO] [1791450486.518611499] [serial_twistctl_node]: [TWIST_RX] Received Twist message - linear.x=0.000, angular.z=0.000, scaled_angular.z=0.000
[INFO] [1791450486.518663233] [serial_twistctl_node]: [SERIAL_TX] Timestamp: 1791450486518651168, Sending command (1/1): vcx=0.000,wc=0.000
 [19 bytes written]
[INFO] [1791450486.568702732] [serial_twistctl_node]: [TWIST_RX] Received Twist message - linear.x=0.000, angular.z=0.000, scaled_angular.z=0.000
[INFO] [1791450486.568753009] [serial_twistctl_node]: [SERIAL_TX] Timestamp: 1791450486568742732, Sending command (1/1): vcx=0.000,wc=0.000
 [19 bytes written]
[INFO] [1791450486.618616140] [serial_twistctl_node]: [TWIST_RX] Received Twist message - linear.x=0.000, angular.z=0.000, scaled_angular.z=0.000
[INFO] [1791450486.618653843] [serial_twistctl_node]: [SERIAL_TX] Timestamp: 1791450486618644976, Sending command (1/1): vcx=0.000,wc=0.000
 [19 bytes written]
[INFO] [1791450486.668650662] [serial_twistctl_node]: [TWIST_RX] Received Twist message - linear.x=0.000, angular.z=0.000, scaled_angular.z=0.000
[INFO] [1791450486.668686632] [serial_twistctl_node]: [SERIAL_TX] Timestamp: 1791450486668678041, Sending command (1/1): vcx=0.000,wc=0.000
 [19 bytes written]
[INFO] [1791450486.718592456] [serial_twistctl_node]: [TWIST_RX] Received Twist message - linear.x=0.000, angular.z=0.000, scaled_angular.z=0.000
[INFO] [1791450486.718631368] [serial_twistctl_node]: [SERIAL_TX] Timestamp: 1791450486718622023, Sending command (1/1): vcx=0.000,wc=0.000
 [19 bytes written]
[INFO] [1791450486.768587129] [serial_twistctl_node]: [TWIST_RX] Received Twist message - linear.x=0.000, angular.z=0.000, scaled_angular.z=0.000
[INFO] [1791450486.768619262] [serial_twistctl_node]: [SERIAL_TX] Timestamp: 1791450486768610776, Sending command (1/1): vcx=0.000,wc=0.000
 [19 bytes written]
[INFO] [1791450486.818754048] [serial_twistctl_node]: [TWIST_RX] Received Twist message - linear.x=0.000, angular.z=0.000, scaled_angular.z=0.000
[INFO] [1791450486.818792555] [serial_twistctl_node]: [SERIAL_TX] Timestamp: 1791450486818783669, Sending command (1/1): vcx=0.000,wc=0.000
 [19 bytes written]
[INFO] [1791450486.868629072] [serial_twistctl_node]: [TWIST_RX] Received Twist message - linear.x=0.000, angular.z=0.000, scaled_angular.z=0.000
[INFO] [1791450486.868659293] [serial_twistctl_node]: [SERIAL_TX] Timestamp: 1791450486868651942, Sending command (1/1): vcx=0.000,wc=0.000
 [19 bytes written]
[INFO] [1791450486.918474603] [serial_twistctl_node]: [TWIST_RX] Received Twist message - linear.x=0.000, angular.z=0.000, scaled_angular.z=0.000
[INFO] [1791450486.918526510] [serial_twistctl_node]: [SERIAL_TX] Timestamp: 1791450486918515402, Sending command (1/1): vcx=0.000,wc=0.000
 [19 bytes written]
[INFO] [1791450486.968530579] [serial_twistctl_node]: [TWIST_RX] Received Twist message - linear.x=0.000, angular.z=0.000, scaled_angular.z=0.000
[INFO] [1791450486.968560940] [serial_twistctl_node]: [SERIAL_TX] Timestamp: 1791450486968552795, Sending command (1/1): vcx=0.000,wc=0.000
 [19 bytes written]
[INFO] [1791450487.018651847] [serial_twistctl_node]: [TWIST_RX] Received Twist message - linear.x=0.000, angular.z=0.000, scaled_angular.z=0.000
[INFO] [1791450487.018699567] [serial_twistctl_node]: [SERIAL_TX] Timestamp: 1791450487018691066, Sending command (1/1): vcx=0.000,wc=0.000
 [19 bytes written]
[INFO] [1791450487.068576151] [serial_twistctl_node]: [TWIST_RX] Received Twist message - linear.x=0.000, angular.z=0.000, scaled_angular.z=0.000
[INFO] [1791450487.068629891] [serial_twistctl_node]: [SERIAL_TX] Timestamp: 1791450487068617280, Sending command (1/1): vcx=0.000,wc=0.000
 [19 bytes written]
[INFO] [1791450487.118665860] [serial_twistctl_node]: [TWIST_RX] Received Twist message - linear.x=0.000, angular.z=0.000, scaled_angular.z=0.000
[INFO] [1791450487.118721238] [serial_twistctl_node]: [SERIAL_TX] Timestamp: 1791450487118708487, Sending command (1/1): vcx=0.000,wc=0.000
 [19 bytes written]
[INFO] [1791450487.168487913] [serial_twistctl_node]: [TWIST_RX] Received Twist message - linear.x=0.000, angular.z=0.000, scaled_angular.z=0.000
[INFO] [1791450487.168528337] [serial_twistctl_node]: [SERIAL_TX] Timestamp: 1791450487168519118, Sending command (1/1): vcx=0.000,wc=0.000
 [19 bytes written]
[INFO] [1791450487.218683888] [serial_twistctl_node]: [TWIST_RX] Received Twist message - linear.x=0.000, angular.z=0.000, scaled_angular.z=0.000
[INFO] [1791450487.218740153] [serial_twistctl_node]: [SERIAL_TX] Timestamp: 1791450487218727404, Sending command (1/1): vcx=0.000,wc=0.000
 [19 bytes written]
[INFO] [1791450487.268596243] [serial_twistctl_node]: [TWIST_RX] Received Twist message - linear.x=0.000, angular.z=0.000, scaled_angular.z=0.000
[INFO] [1791450487.268651543] [serial_twistctl_node]: [SERIAL_TX] Timestamp: 1791450487268637747, Sending command (1/1): vcx=0.000,wc=0.000
 [19 bytes written]
[INFO] [1791450487.318559999] [serial_twistctl_node]: [TWIST_RX] Received Twist message - linear.x=0.000, angular.z=0.000, scaled_angular.z=0.000
[INFO] [1791450487.318603207] [serial_twistctl_node]: [SERIAL_TX] Timestamp: 1791450487318592174, Sending command (1/1): vcx=0.000,wc=0.000
 [19 bytes written]
[INFO] [1791450487.368546421] [serial_twistctl_node]: [TWIST_RX] Received Twist message - linear.x=0.000, angular.z=0.000, scaled_angular.z=0.000
[INFO] [1791450487.368583284] [serial_twistctl_node]: [SERIAL_TX] Timestamp: 1791450487368574901, Sending command (1/1): vcx=0.000,wc=0.000
 [19 bytes written]
[INFO] [1791450487.418669911] [serial_twistctl_node]: [TWIST_RX] Received Twist message - linear.x=0.000, angular.z=0.000, scaled_angular.z=0.000
[INFO] [1791450487.418720642] [serial_twistctl_node]: [SERIAL_TX] Timestamp: 1791450487418708567, Sending command (1/1): vcx=0.000,wc=0.000
 [19 bytes written]
[INFO] [1791450487.468554120] [serial_twistctl_node]: [TWIST_RX] Received Twist message - linear.x=0.000, angular.z=0.000, scaled_angular.z=0.000
[INFO] [1791450487.468616958] [serial_twistctl_node]: [SERIAL_TX] Timestamp: 1791450487468604788, Sending command (1/1): vcx=0.000,wc=0.000
 [19 bytes written]
[INFO] [1791450487.518547598] [serial_twistctl_node]: [TWIST_RX] Received Twist message - linear.x=0.000, angular.z=0.000, scaled_angular.z=0.000
[INFO] [1791450487.518602609] [serial_twistctl_node]: [SERIAL_TX] Timestamp: 1791450487518588983, Sending command (1/1): vcx=0.000,wc=0.000
 [19 bytes written]
[INFO] [1791450487.568679642] [serial_twistctl_node]: [TWIST_RX] Received Twist message - linear.x=0.000, angular.z=0.000, scaled_angular.z=0.000
[INFO] [1791450487.568734604] [serial_twistctl_node]: [SERIAL_TX] Timestamp: 1791450487568722022, Sending command (1/1): vcx=0.000,wc=0.000
 [19 bytes written]
[INFO] [1791450487.618831336] [serial_twistctl_node]: [TWIST_RX] Received Twist message - linear.x=0.000, angular.z=0.000, scaled_angular.z=0.000
[INFO] [1791450487.618890914] [serial_twistctl_node]: [SERIAL_TX] Timestamp: 1791450487618877153, Sending command (1/1): vcx=0.000,wc=0.000
 [19 bytes written]
[INFO] [1791450487.668707907] [serial_twistctl_node]: [TWIST_RX] Received Twist message - linear.x=0.000, angular.z=0.000, scaled_angular.z=0.000
[INFO] [1791450487.668764020] [serial_twistctl_node]: [SERIAL_TX] Timestamp: 1791450487668750858, Sending command (1/1): vcx=0.000,wc=0.000
 [19 bytes written]
[INFO] [1791450487.718513855] [serial_twistctl_node]: [TWIST_RX] Received Twist message - linear.x=0.000, angular.z=0.000, scaled_angular.z=0.000
[INFO] [1791450487.718572200] [serial_twistctl_node]: [SERIAL_TX] Timestamp: 1791450487718558192, Sending command (1/1): vcx=0.000,wc=0.000
 [19 bytes written]
[INFO] [1791450487.768645070] [serial_twistctl_node]: [TWIST_RX] Received Twist message - linear.x=0.000, angular.z=0.000, scaled_angular.z=0.000
[INFO] [1791450487.768710059] [serial_twistctl_node]: [SERIAL_TX] Timestamp: 1791450487768683360, Sending command (1/1): vcx=0.000,wc=0.000
 [19 bytes written]
[INFO] [1791450487.818638320] [serial_twistctl_node]: [TWIST_RX] Received Twist message - linear.x=0.000, angular.z=0.000, scaled_angular.z=0.000
[INFO] [1791450487.818692478] [serial_twistctl_node]: [SERIAL_TX] Timestamp: 1791450487818680085, Sending command (1/1): vcx=0.000,wc=0.000
 [19 bytes written]
[INFO] [1791450487.868672762] [serial_twistctl_node]: [TWIST_RX] Received Twist message - linear.x=0.000, angular.z=0.000, scaled_angular.z=0.000
[INFO] [1791450487.868725945] [serial_twistctl_node]: [SERIAL_TX] Timestamp: 1791450487868714007, Sending command (1/1): vcx=0.000,wc=0.000
 [19 bytes written]
[INFO] [1791450487.918675728] [serial_twistctl_node]: [TWIST_RX] Received Twist message - linear.x=0.000, angular.z=0.000, scaled_angular.z=0.000
[INFO] [1791450487.918729458] [serial_twistctl_node]: [SERIAL_TX] Timestamp: 1791450487918717694, Sending command (1/1): vcx=0.000,wc=0.000
 [19 bytes written]
[INFO] [1791450487.968775720] [serial_twistctl_node]: [TWIST_RX] Received Twist message - linear.x=0.000, angular.z=0.000, scaled_angular.z=0.000
[INFO] [1791450487.968830029] [serial_twistctl_node]: [SERIAL_TX] Timestamp: 1791450487968818529, Sending command (1/1): vcx=0.000,wc=0.000
 [19 bytes written]
[INFO] [1791450488.018694061] [serial_twistctl_node]: [TWIST_RX] Received Twist message - linear.x=0.000, angular.z=0.000, scaled_angular.z=0.000
[INFO] [1791450488.018760246] [serial_twistctl_node]: [SERIAL_TX] Timestamp: 1791450488018747398, Sending command (1/1): vcx=0.000,wc=0.000
 [19 bytes written]
[INFO] [1791450488.068546853] [serial_twistctl_node]: [TWIST_RX] Received Twist message - linear.x=0.000, angular.z=0.000, scaled_angular.z=0.000
[INFO] [1791450488.068598473] [serial_twistctl_node]: [SERIAL_TX] Timestamp: 1791450488068588156, Sending command (1/1): vcx=0.000,wc=0.000
 [19 bytes written]
[INFO] [1791450488.118585238] [serial_twistctl_node]: [TWIST_RX] Received Twist message - linear.x=0.000, angular.z=0.000, scaled_angular.z=0.000
[INFO] [1791450488.118636936] [serial_twistctl_node]: [SERIAL_TX] Timestamp: 1791450488118626853, Sending command (1/1): vcx=0.000,wc=0.000
 [19 bytes written]
[INFO] [1791450488.168577947] [serial_twistctl_node]: [TWIST_RX] Received Twist message - linear.x=0.000, angular.z=0.000, scaled_angular.z=0.000
[INFO] [1791450488.168631158] [serial_twistctl_node]: [SERIAL_TX] Timestamp: 1791450488168619673, Sending command (1/1): vcx=0.000,wc=0.000
 [19 bytes written]
[INFO] [1791450488.218625340] [serial_twistctl_node]: [TWIST_RX] Received Twist message - linear.x=0.000, angular.z=0.000, scaled_angular.z=0.000
[INFO] [1791450488.218680238] [serial_twistctl_node]: [SERIAL_TX] Timestamp: 1791450488218668465, Sending command (1/1): vcx=0.000,wc=0.000
 [19 bytes written]
[INFO] [1791450488.268542325] [serial_twistctl_node]: [TWIST_RX] Received Twist message - linear.x=0.000, angular.z=0.000, scaled_angular.z=0.000
[INFO] [1791450488.268608262] [serial_twistctl_node]: [SERIAL_TX] Timestamp: 1791450488268596800, Sending command (1/1): vcx=0.000,wc=0.000
 [19 bytes written]
[INFO] [1791450488.318656863] [serial_twistctl_node]: [TWIST_RX] Received Twist message - linear.x=0.000, angular.z=0.000, scaled_angular.z=0.000
[INFO] [1791450488.318707037] [serial_twistctl_node]: [SERIAL_TX] Timestamp: 1791450488318695805, Sending command (1/1): vcx=0.000,wc=0.000
 [19 bytes written]
[INFO] [1791450488.368548096] [serial_twistctl_node]: [TWIST_RX] Received Twist message - linear.x=0.000, angular.z=0.000, scaled_angular.z=0.000
[INFO] [1791450488.368628442] [serial_twistctl_node]: [SERIAL_TX] Timestamp: 1791450488368617293, Sending command (1/1): vcx=0.000,wc=0.000
 [19 bytes written]
[INFO] [1791450488.418603799] [serial_twistctl_node]: [TWIST_RX] Received Twist message - linear.x=0.000, angular.z=0.000, scaled_angular.z=0.000
[INFO] [1791450488.418649583] [serial_twistctl_node]: [SERIAL_TX] Timestamp: 1791450488418639359, Sending command (1/1): vcx=0.000,wc=0.000
 [19 bytes written]
[INFO] [1791450488.468598681] [serial_twistctl_node]: [TWIST_RX] Received Twist message - linear.x=0.000, angular.z=0.000, scaled_angular.z=0.000
[INFO] [1791450488.468651258] [serial_twistctl_node]: [SERIAL_TX] Timestamp: 1791450488468640132, Sending command (1/1): vcx=0.000,wc=0.000
 [19 bytes written]
[INFO] [1791450488.518549861] [serial_twistctl_node]: [TWIST_RX] Received Twist message - linear.x=0.000, angular.z=0.000, scaled_angular.z=0.000
[INFO] [1791450488.518595916] [serial_twistctl_node]: [SERIAL_TX] Timestamp: 1791450488518585078, Sending command (1/1): vcx=0.000,wc=0.000
 [19 bytes written]
[INFO] [1791450488.568486175] [serial_twistctl_node]: [TWIST_RX] Received Twist message - linear.x=0.021, angular.z=0.000, scaled_angular.z=0.000
[INFO] [1791450488.568540905] [serial_twistctl_node]: [SERIAL_TX] Timestamp: 1791450488568526389, Sending command (1/1): vcx=0.021,wc=0.000
 [19 bytes written]
[INFO] [1791450488.618634138] [serial_twistctl_node]: [TWIST_RX] Received Twist message - linear.x=0.043, angular.z=0.000, scaled_angular.z=0.000
[INFO] [1791450488.618688041] [serial_twistctl_node]: [SERIAL_TX] Timestamp: 1791450488618676153, Sending command (1/1): vcx=0.043,wc=0.000
 [19 bytes written]
[INFO] [1791450488.668508458] [serial_twistctl_node]: [TWIST_RX] Received Twist message - linear.x=0.064, angular.z=0.000, scaled_angular.z=0.000
[INFO] [1791450488.668561638] [serial_twistctl_node]: [SERIAL_TX] Timestamp: 1791450488668550557, Sending command (1/1): vcx=0.064,wc=0.000
 [19 bytes written]
[INFO] [1791450488.718691441] [serial_twistctl_node]: [TWIST_RX] Received Twist message - linear.x=0.085, angular.z=0.000, scaled_angular.z=0.000
[INFO] [1791450488.718747947] [serial_twistctl_node]: [SERIAL_TX] Timestamp: 1791450488718737150, Sending command (1/1): vcx=0.085,wc=0.000
 [19 bytes written]
[INFO] [1791450488.768570717] [serial_twistctl_node]: [TWIST_RX] Received Twist message - linear.x=0.106, angular.z=0.000, scaled_angular.z=0.000
[INFO] [1791450488.768622765] [serial_twistctl_node]: [SERIAL_TX] Timestamp: 1791450488768611976, Sending command (1/1): vcx=0.106,wc=0.000
 [19 bytes written]
[INFO] [1791450488.818555774] [serial_twistctl_node]: [TWIST_RX] Received Twist message - linear.x=0.128, angular.z=0.000, scaled_angular.z=0.000
[INFO] [1791450488.818627169] [serial_twistctl_node]: [SERIAL_TX] Timestamp: 1791450488818612054, Sending command (1/1): vcx=0.128,wc=0.000
 [19 bytes written]
[INFO] [1791450488.868535026] [serial_twistctl_node]: [TWIST_RX] Received Twist message - linear.x=0.149, angular.z=0.000, scaled_angular.z=0.000
[INFO] [1791450488.868588534] [serial_twistctl_node]: [SERIAL_TX] Timestamp: 1791450488868577837, Sending command (1/1): vcx=0.149,wc=0.000
 [19 bytes written]
[INFO] [1791450488.918553124] [serial_twistctl_node]: [TWIST_RX] Received Twist message - linear.x=0.170, angular.z=0.000, scaled_angular.z=0.000
[INFO] [1791450488.918611859] [serial_twistctl_node]: [SERIAL_TX] Timestamp: 1791450488918600888, Sending command (1/1): vcx=0.170,wc=0.000
 [19 bytes written]
[INFO] [1791450488.968563932] [serial_twistctl_node]: [TWIST_RX] Received Twist message - linear.x=0.191, angular.z=0.000, scaled_angular.z=0.000
[INFO] [1791450488.968621747] [serial_twistctl_node]: [SERIAL_TX] Timestamp: 1791450488968609703, Sending command (1/1): vcx=0.191,wc=0.000
 [19 bytes written]
[INFO] [1791450489.018675175] [serial_twistctl_node]: [TWIST_RX] Received Twist message - linear.x=0.212, angular.z=0.000, scaled_angular.z=0.000
[INFO] [1791450489.018741970] [serial_twistctl_node]: [SERIAL_TX] Timestamp: 1791450489018729746, Sending command (1/1): vcx=0.212,wc=0.000
 [19 bytes written]
[INFO] [1791450489.068511336] [serial_twistctl_node]: [TWIST_RX] Received Twist message - linear.x=0.219, angular.z=0.000, scaled_angular.z=0.000
[INFO] [1791450489.068565554] [serial_twistctl_node]: [SERIAL_TX] Timestamp: 1791450489068554489, Sending command (1/1): vcx=0.219,wc=0.000
 [19 bytes written]
[INFO] [1791450489.118508168] [serial_twistctl_node]: [TWIST_RX] Received Twist message - linear.x=0.216, angular.z=0.000, scaled_angular.z=0.000
[INFO] [1791450489.118562303] [serial_twistctl_node]: [SERIAL_TX] Timestamp: 1791450489118550462, Sending command (1/1): vcx=0.216,wc=0.000
 [19 bytes written]
[INFO] [1791450489.168493977] [serial_twistctl_node]: [TWIST_RX] Received Twist message - linear.x=0.218, angular.z=0.000, scaled_angular.z=0.000
[INFO] [1791450489.168548595] [serial_twistctl_node]: [SERIAL_TX] Timestamp: 1791450489168538062, Sending command (1/1): vcx=0.218,wc=0.000
 [19 bytes written]
[INFO] [1791450489.218551006] [serial_twistctl_node]: [TWIST_RX] Received Twist message - linear.x=0.221, angular.z=0.000, scaled_angular.z=0.000
[INFO] [1791450489.218610383] [serial_twistctl_node]: [SERIAL_TX] Timestamp: 1791450489218596230, Sending command (1/1): vcx=0.221,wc=0.000
 [19 bytes written]
[INFO] [1791450489.268614145] [serial_twistctl_node]: [TWIST_RX] Received Twist message - linear.x=0.218, angular.z=0.000, scaled_angular.z=0.000
[INFO] [1791450489.268669034] [serial_twistctl_node]: [SERIAL_TX] Timestamp: 1791450489268656329, Sending command (1/1): vcx=0.218,wc=0.000
 [19 bytes written]
[INFO] [1791450489.318503228] [serial_twistctl_node]: [TWIST_RX] Received Twist message - linear.x=0.221, angular.z=0.000, scaled_angular.z=0.000
[INFO] [1791450489.318558477] [serial_twistctl_node]: [SERIAL_TX] Timestamp: 1791450489318545925, Sending command (1/1): vcx=0.221,wc=0.000
 [19 bytes written]
[INFO] [1791450489.368784566] [serial_twistctl_node]: [TWIST_RX] Received Twist message - linear.x=0.217, angular.z=0.000, scaled_angular.z=0.000
[INFO] [1791450489.368863314] [serial_twistctl_node]: [SERIAL_TX] Timestamp: 1791450489368850496, Sending command (1/1): vcx=0.217,wc=0.000
 [19 bytes written]
[INFO] [1791450489.418557055] [serial_twistctl_node]: [TWIST_RX] Received Twist message - linear.x=0.220, angular.z=0.000, scaled_angular.z=0.000
[INFO] [1791450489.418605286] [serial_twistctl_node]: [SERIAL_TX] Timestamp: 1791450489418594171, Sending command (1/1): vcx=0.220,wc=0.000
 [19 bytes written]
[INFO] [1791450489.468690371] [serial_twistctl_node]: [TWIST_RX] Received Twist message - linear.x=0.217, angular.z=0.000, scaled_angular.z=0.000
[INFO] [1791450489.468746041] [serial_twistctl_node]: [SERIAL_TX] Timestamp: 1791450489468734732, Sending command (1/1): vcx=0.217,wc=0.000
 [19 bytes written]
[INFO] [1791450489.518551070] [serial_twistctl_node]: [TWIST_RX] Received Twist message - linear.x=0.219, angular.z=0.000, scaled_angular.z=0.000
[INFO] [1791450489.518600614] [serial_twistctl_node]: [SERIAL_TX] Timestamp: 1791450489518588730, Sending command (1/1): vcx=0.219,wc=0.000
 [19 bytes written]
[INFO] [1791450489.568701152] [serial_twistctl_node]: [TWIST_RX] Received Twist message - linear.x=0.216, angular.z=0.000, scaled_angular.z=0.000
[INFO] [1791450489.568742806] [serial_twistctl_node]: [SERIAL_TX] Timestamp: 1791450489568733707, Sending command (1/1): vcx=0.216,wc=0.000
 [19 bytes written]
[INFO] [1791450489.618795983] [serial_twistctl_node]: [TWIST_RX] Received Twist message - linear.x=0.218, angular.z=0.000, scaled_angular.z=0.000
[INFO] [1791450489.618838965] [serial_twistctl_node]: [SERIAL_TX] Timestamp: 1791450489618829778, Sending command (1/1): vcx=0.218,wc=0.000
 [19 bytes written]
[INFO] [1791450489.668706650] [serial_twistctl_node]: [TWIST_RX] Received Twist message - linear.x=0.221, angular.z=0.000, scaled_angular.z=0.000
[INFO] [1791450489.668760563] [serial_twistctl_node]: [SERIAL_TX] Timestamp: 1791450489668748670, Sending command (1/1): vcx=0.221,wc=0.000
 [19 bytes written]
[INFO] [1791450489.718713799] [serial_twistctl_node]: [TWIST_RX] Received Twist message - linear.x=0.218, angular.z=0.000, scaled_angular.z=0.000
[INFO] [1791450489.718774008] [serial_twistctl_node]: [SERIAL_TX] Timestamp: 1791450489718763203, Sending command (1/1): vcx=0.218,wc=0.000
 [19 bytes written]
[INFO] [1791450489.768724121] [serial_twistctl_node]: [TWIST_RX] Received Twist message - linear.x=0.221, angular.z=0.000, scaled_angular.z=0.000
[INFO] [1791450489.768785817] [serial_twistctl_node]: [SERIAL_TX] Timestamp: 1791450489768773491, Sending command (1/1): vcx=0.221,wc=0.000
 [19 bytes written]
[INFO] [1791450489.818823449] [serial_twistctl_node]: [TWIST_RX] Received Twist message - linear.x=0.217, angular.z=0.000, scaled_angular.z=0.000
[INFO] [1791450489.818877949] [serial_twistctl_node]: [SERIAL_TX] Timestamp: 1791450489818866208, Sending command (1/1): vcx=0.217,wc=0.000
 [19 bytes written]
[INFO] [1791450489.868604151] [serial_twistctl_node]: [TWIST_RX] Received Twist message - linear.x=0.220, angular.z=0.000, scaled_angular.z=0.000
[INFO] [1791450489.868659223] [serial_twistctl_node]: [SERIAL_TX] Timestamp: 1791450489868647769, Sending command (1/1): vcx=0.220,wc=0.000
 [19 bytes written]
[INFO] [1791450489.918690705] [serial_twistctl_node]: [TWIST_RX] Received Twist message - linear.x=0.217, angular.z=0.000, scaled_angular.z=0.000
[INFO] [1791450489.918744691] [serial_twistctl_node]: [SERIAL_TX] Timestamp: 1791450489918733372, Sending command (1/1): vcx=0.217,wc=0.000
 [19 bytes written]
[INFO] [1791450489.968504788] [serial_twistctl_node]: [TWIST_RX] Received Twist message - linear.x=0.219, angular.z=0.000, scaled_angular.z=0.000
[INFO] [1791450489.968561371] [serial_twistctl_node]: [SERIAL_TX] Timestamp: 1791450489968549270, Sending command (1/1): vcx=0.219,wc=0.000
 [19 bytes written]
[INFO] [1791450490.018622423] [serial_twistctl_node]: [TWIST_RX] Received Twist message - linear.x=0.000, angular.z=0.000, scaled_angular.z=0.000
[INFO] [1791450490.018675923] [serial_twistctl_node]: [SERIAL_TX] Timestamp: 1791450490018664414, Sending command (1/1): vcx=0.000,wc=0.000
 [19 bytes written]
[INFO] [1791450490.068617307] [serial_twistctl_node]: [TWIST_RX] Received Twist message - linear.x=0.000, angular.z=0.000, scaled_angular.z=0.000
[INFO] [1791450490.068675912] [serial_twistctl_node]: [SERIAL_TX] Timestamp: 1791450490068664739, Sending command (1/1): vcx=0.000,wc=0.000
 [19 bytes written]
[INFO] [1791450490.118679042] [serial_twistctl_node]: [TWIST_RX] Received Twist message - linear.x=0.000, angular.z=0.000, scaled_angular.z=0.000
[INFO] [1791450490.118745756] [serial_twistctl_node]: [SERIAL_TX] Timestamp: 1791450490118731821, Sending command (1/1): vcx=0.000,wc=0.000
 [19 bytes written]
[INFO] [1791450490.168577489] [serial_twistctl_node]: [TWIST_RX] Received Twist message - linear.x=0.000, angular.z=0.000, scaled_angular.z=0.000
[INFO] [1791450490.168639885] [serial_twistctl_node]: [SERIAL_TX] Timestamp: 1791450490168624244, Sending command (1/1): vcx=0.000,wc=0.000
 [19 bytes written]
[INFO] [1791450490.218541562] [serial_twistctl_node]: [TWIST_RX] Received Twist message - linear.x=0.000, angular.z=0.000, scaled_angular.z=0.000
[INFO] [1791450490.218596146] [serial_twistctl_node]: [SERIAL_TX] Timestamp: 1791450490218584632, Sending command (1/1): vcx=0.000,wc=0.000
 [19 bytes written]
[INFO] [1791450490.268686593] [serial_twistctl_node]: [TWIST_RX] Received Twist message - linear.x=0.000, angular.z=0.000, scaled_angular.z=0.000
[INFO] [1791450490.268742000] [serial_twistctl_node]: [SERIAL_TX] Timestamp: 1791450490268729482, Sending command (1/1): vcx=0.000,wc=0.000
 [19 bytes written]
[INFO] [1791450490.318582946] [serial_twistctl_node]: [TWIST_RX] Received Twist message - linear.x=0.000, angular.z=0.000, scaled_angular.z=0.000
[INFO] [1791450490.318653116] [serial_twistctl_node]: [SERIAL_TX] Timestamp: 1791450490318642230, Sending command (1/1): vcx=0.000,wc=0.000
 [19 bytes written]
[INFO] [1791450490.368611781] [serial_twistctl_node]: [TWIST_RX] Received Twist message - linear.x=0.000, angular.z=0.000, scaled_angular.z=0.000
[INFO] [1791450490.368679130] [serial_twistctl_node]: [SERIAL_TX] Timestamp: 1791450490368668211, Sending command (1/1): vcx=0.000,wc=0.000
 [19 bytes written]
[INFO] [1791450490.418457084] [serial_twistctl_node]: [TWIST_RX] Received Twist message - linear.x=0.000, angular.z=0.000, scaled_angular.z=0.000
[INFO] [1791450490.418504809] [serial_twistctl_node]: [SERIAL_TX] Timestamp: 1791450490418493351, Sending command (1/1): vcx=0.000,wc=0.000
 [19 bytes written]
[INFO] [1791450490.468695412] [serial_twistctl_node]: [TWIST_RX] Received Twist message - linear.x=0.000, angular.z=0.000, scaled_angular.z=0.000
[INFO] [1791450490.468755337] [serial_twistctl_node]: [SERIAL_TX] Timestamp: 1791450490468744277, Sending command (1/1): vcx=0.000,wc=0.000
 [19 bytes written]
[INFO] [1791450490.518538489] [serial_twistctl_node]: [TWIST_RX] Received Twist message - linear.x=0.000, angular.z=0.000, scaled_angular.z=0.000
[INFO] [1791450490.518593179] [serial_twistctl_node]: [SERIAL_TX] Timestamp: 1791450490518580917, Sending command (1/1): vcx=0.000,wc=0.000
 [19 bytes written]
[INFO] [1791450490.568605685] [serial_twistctl_node]: [TWIST_RX] Received Twist message - linear.x=0.000, angular.z=0.000, scaled_angular.z=0.000
[INFO] [1791450490.568660403] [serial_twistctl_node]: [SERIAL_TX] Timestamp: 1791450490568646988, Sending command (1/1): vcx=0.000,wc=0.000
 [19 bytes written]
[INFO] [1791450490.618789431] [serial_twistctl_node]: [TWIST_RX] Received Twist message - linear.x=0.000, angular.z=0.000, scaled_angular.z=0.000
[INFO] [1791450490.618844338] [serial_twistctl_node]: [SERIAL_TX] Timestamp: 1791450490618832451, Sending command (1/1): vcx=0.000,wc=0.000
 [19 bytes written]
[INFO] [1791450490.668570837] [serial_twistctl_node]: [TWIST_RX] Received Twist message - linear.x=0.000, angular.z=0.000, scaled_angular.z=0.000
[INFO] [1791450490.668623643] [serial_twistctl_node]: [SERIAL_TX] Timestamp: 1791450490668611878, Sending command (1/1): vcx=0.000,wc=0.000
 [19 bytes written]
[INFO] [1791450490.718629019] [serial_twistctl_node]: [TWIST_RX] Received Twist message - linear.x=0.000, angular.z=0.000, scaled_angular.z=0.000
[INFO] [1791450490.718681519] [serial_twistctl_node]: [SERIAL_TX] Timestamp: 1791450490718670102, Sending command (1/1): vcx=0.000,wc=0.000
 [19 bytes written]
[INFO] [1791450490.768628359] [serial_twistctl_node]: [TWIST_RX] Received Twist message - linear.x=0.000, angular.z=0.000, scaled_angular.z=0.000
[INFO] [1791450490.768658703] [serial_twistctl_node]: [SERIAL_TX] Timestamp: 1791450490768651805, Sending command (1/1): vcx=0.000,wc=0.000
 [19 bytes written]
[INFO] [1791450490.818588084] [serial_twistctl_node]: [TWIST_RX] Received Twist message - linear.x=0.000, angular.z=0.000, scaled_angular.z=0.000
[INFO] [1791450490.818627139] [serial_twistctl_node]: [SERIAL_TX] Timestamp: 1791450490818618228, Sending command (1/1): vcx=0.000,wc=0.000
 [19 bytes written]
[INFO] [1791450490.868571624] [serial_twistctl_node]: [TWIST_RX] Received Twist message - linear.x=0.000, angular.z=0.000, scaled_angular.z=0.000
[INFO] [1791450490.868609937] [serial_twistctl_node]: [SERIAL_TX] Timestamp: 1791450490868600878, Sending command (1/1): vcx=0.000,wc=0.000
 [19 bytes written]
[INFO] [1791450490.918581415] [serial_twistctl_node]: [TWIST_RX] Received Twist message - linear.x=0.000, angular.z=0.000, scaled_angular.z=0.000
[INFO] [1791450490.918625367] [serial_twistctl_node]: [SERIAL_TX] Timestamp: 1791450490918615039, Sending command (1/1): vcx=0.000,wc=0.000
 [19 bytes written]
[INFO] [1791450490.968495008] [serial_twistctl_node]: [TWIST_RX] Received Twist message - linear.x=0.000, angular.z=0.000, scaled_angular.z=0.000
[INFO] [1791450490.968528401] [serial_twistctl_node]: [SERIAL_TX] Timestamp: 1791450490968520592, Sending command (1/1): vcx=0.000,wc=0.000
 [19 bytes written]
[INFO] [1791450491.018613895] [serial_twistctl_node]: [TWIST_RX] Received Twist message - linear.x=0.000, angular.z=0.000, scaled_angular.z=0.000
[INFO] [1791450491.018674996] [serial_twistctl_node]: [SERIAL_TX] Timestamp: 1791450491018660060, Sending command (1/1): vcx=0.000,wc=0.000
 [19 bytes written]
[INFO] [1791450491.068430740] [serial_twistctl_node]: [TWIST_RX] Received Twist message - linear.x=0.000, angular.z=0.000, scaled_angular.z=0.000
[INFO] [1791450491.068462503] [serial_twistctl_node]: [SERIAL_TX] Timestamp: 1791450491068454723, Sending command (1/1): vcx=0.000,wc=0.000
 [19 bytes written]
[INFO] [1791450491.118451068] [serial_twistctl_node]: [TWIST_RX] Received Twist message - linear.x=0.000, angular.z=0.000, scaled_angular.z=0.000
[INFO] [1791450491.118498736] [serial_twistctl_node]: [SERIAL_TX] Timestamp: 1791450491118488854, Sending command (1/1): vcx=0.000,wc=0.000
 [19 bytes written]
[INFO] [1791450491.168568036] [serial_twistctl_node]: [TWIST_RX] Received Twist message - linear.x=0.000, angular.z=0.000, scaled_angular.z=0.000
[INFO] [1791450491.168594323] [serial_twistctl_node]: [SERIAL_TX] Timestamp: 1791450491168587857, Sending command (1/1): vcx=0.000,wc=0.000
 [19 bytes written]
[INFO] [1791450491.218588623] [serial_twistctl_node]: [TWIST_RX] Received Twist message - linear.x=0.000, angular.z=0.000, scaled_angular.z=0.000
[INFO] [1791450491.218635624] [serial_twistctl_node]: [SERIAL_TX] Timestamp: 1791450491218626407, Sending command (1/1): vcx=0.000,wc=0.000
 [19 bytes written]
[INFO] [1791450491.268573025] [serial_twistctl_node]: [TWIST_RX] Received Twist message - linear.x=0.000, angular.z=0.000, scaled_angular.z=0.000
[INFO] [1791450491.268603645] [serial_twistctl_node]: [SERIAL_TX] Timestamp: 1791450491268596460, Sending command (1/1): vcx=0.000,wc=0.000
 [19 bytes written]
[INFO] [1791450491.318679074] [serial_twistctl_node]: [TWIST_RX] Received Twist message - linear.x=0.000, angular.z=0.000, scaled_angular.z=0.000
[INFO] [1791450491.318722974] [serial_twistctl_node]: [SERIAL_TX] Timestamp: 1791450491318712105, Sending command (1/1): vcx=0.000,wc=0.000
 [19 bytes written]
[INFO] [1791450491.368563241] [serial_twistctl_node]: [TWIST_RX] Received Twist message - linear.x=0.000, angular.z=0.000, scaled_angular.z=0.000
[INFO] [1791450491.368595679] [serial_twistctl_node]: [SERIAL_TX] Timestamp: 1791450491368588054, Sending command (1/1): vcx=0.000,wc=0.000
 [19 bytes written]
[INFO] [1791450491.418573404] [serial_twistctl_node]: [TWIST_RX] Received Twist message - linear.x=0.000, angular.z=0.000, scaled_angular.z=0.000
[INFO] [1791450491.418622942] [serial_twistctl_node]: [SERIAL_TX] Timestamp: 1791450491418611551, Sending command (1/1): vcx=0.000,wc=0.000
 [19 bytes written]
[INFO] [1791450491.468601065] [serial_twistctl_node]: [TWIST_RX] Received Twist message - linear.x=0.000, angular.z=0.000, scaled_angular.z=0.000
[INFO] [1791450491.468655913] [serial_twistctl_node]: [SERIAL_TX] Timestamp: 1791450491468643552, Sending command (1/1): vcx=0.000,wc=0.000
 [19 bytes written]
[INFO] [1791450491.518565405] [serial_twistctl_node]: [TWIST_RX] Received Twist message - linear.x=0.000, angular.z=0.000, scaled_angular.z=0.000
[INFO] [1791450491.518622317] [serial_twistctl_node]: [SERIAL_TX] Timestamp: 1791450491518608183, Sending command (1/1): vcx=0.000,wc=0.000
 [19 bytes written]
[INFO] [1791450491.568646419] [serial_twistctl_node]: [TWIST_RX] Received Twist message - linear.x=0.000, angular.z=0.000, scaled_angular.z=0.000
[INFO] [1791450491.568700027] [serial_twistctl_node]: [SERIAL_TX] Timestamp: 1791450491568687457, Sending command (1/1): vcx=0.000,wc=0.000
 [19 bytes written]
[INFO] [1791450491.618710959] [serial_twistctl_node]: [TWIST_RX] Received Twist message - linear.x=0.000, angular.z=0.000, scaled_angular.z=0.000
[INFO] [1791450491.618764298] [serial_twistctl_node]: [SERIAL_TX] Timestamp: 1791450491618752414, Sending command (1/1): vcx=0.000,wc=0.000
 [19 bytes written]
[INFO] [1791450491.668631481] [serial_twistctl_node]: [TWIST_RX] Received Twist message - linear.x=0.000, angular.z=0.000, scaled_angular.z=0.000
[INFO] [1791450491.668685154] [serial_twistctl_node]: [SERIAL_TX] Timestamp: 1791450491668673540, Sending command (1/1): vcx=0.000,wc=0.000
 [19 bytes written]
[INFO] [1791450491.718660503] [serial_twistctl_node]: [TWIST_RX] Received Twist message - linear.x=0.000, angular.z=0.000, scaled_angular.z=0.000
[INFO] [1791450491.718726178] [serial_twistctl_node]: [SERIAL_TX] Timestamp: 1791450491718714258, Sending command (1/1): vcx=0.000,wc=0.000
 [19 bytes written]
[INFO] [1791450491.768482799] [serial_twistctl_node]: [TWIST_RX] Received Twist message - linear.x=0.000, angular.z=0.000, scaled_angular.z=0.000
[INFO] [1791450491.768534742] [serial_twistctl_node]: [SERIAL_TX] Timestamp: 1791450491768524139, Sending command (1/1): vcx=0.000,wc=0.000
 [19 bytes written]
[INFO] [1791450491.818621380] [serial_twistctl_node]: [TWIST_RX] Received Twist message - linear.x=0.000, angular.z=0.000, scaled_angular.z=0.000
[INFO] [1791450491.818676345] [serial_twistctl_node]: [SERIAL_TX] Timestamp: 1791450491818665643, Sending command (1/1): vcx=0.000,wc=0.000
 [19 bytes written]
[INFO] [1791450491.868641791] [serial_twistctl_node]: [TWIST_RX] Received Twist message - linear.x=0.000, angular.z=0.000, scaled_angular.z=0.000
[INFO] [1791450491.868696590] [serial_twistctl_node]: [SERIAL_TX] Timestamp: 1791450491868684695, Sending command (1/1): vcx=0.000,wc=0.000
 [19 bytes written]
[INFO] [1791450491.918609081] [serial_twistctl_node]: [TWIST_RX] Received Twist message - linear.x=0.000, angular.z=0.000, scaled_angular.z=0.000
[INFO] [1791450491.918640233] [serial_twistctl_node]: [SERIAL_TX] Timestamp: 1791450491918632047, Sending command (1/1): vcx=0.000,wc=0.000
 [19 bytes written]
[INFO] [1791450491.968615977] [serial_twistctl_node]: [TWIST_RX] Received Twist message - linear.x=0.000, angular.z=0.000, scaled_angular.z=0.000
[INFO] [1791450491.968645485] [serial_twistctl_node]: [SERIAL_TX] Timestamp: 1791450491968637718, Sending command (1/1): vcx=0.000,wc=0.000
 [19 bytes written]
[INFO] [1791450492.018699989] [serial_twistctl_node]: [TWIST_RX] Received Twist message - linear.x=0.000, angular.z=0.000, scaled_angular.z=0.000
[INFO] [1791450492.018754579] [serial_twistctl_node]: [SERIAL_TX] Timestamp: 1791450492018743045, Sending command (1/1): vcx=0.000,wc=0.000
 [19 bytes written]
[INFO] [1791450492.068513014] [serial_twistctl_node]: [TWIST_RX] Received Twist message - linear.x=0.000, angular.z=0.000, scaled_angular.z=0.000
[INFO] [1791450492.068568236] [serial_twistctl_node]: [SERIAL_TX] Timestamp: 1791450492068556415, Sending command (1/1): vcx=0.000,wc=0.000
 [19 bytes written]
[INFO] [1791450492.118515351] [serial_twistctl_node]: [TWIST_RX] Received Twist message - linear.x=0.000, angular.z=0.000, scaled_angular.z=0.000
[INFO] [1791450492.118569862] [serial_twistctl_node]: [SERIAL_TX] Timestamp: 1791450492118558282, Sending command (1/1): vcx=0.000,wc=0.000
 [19 bytes written]
[INFO] [1791450492.168603363] [serial_twistctl_node]: [TWIST_RX] Received Twist message - linear.x=0.000, angular.z=0.000, scaled_angular.z=0.000
[INFO] [1791450492.168660163] [serial_twistctl_node]: [SERIAL_TX] Timestamp: 1791450492168648681, Sending command (1/1): vcx=0.000,wc=0.000
 [19 bytes written]
[INFO] [1791450492.218720001] [serial_twistctl_node]: [TWIST_RX] Received Twist message - linear.x=0.000, angular.z=0.000, scaled_angular.z=0.000
[INFO] [1791450492.218775367] [serial_twistctl_node]: [SERIAL_TX] Timestamp: 1791450492218762375, Sending command (1/1): vcx=0.000,wc=0.000
 [19 bytes written]
[INFO] [1791450492.268645360] [serial_twistctl_node]: [TWIST_RX] Received Twist message - linear.x=0.000, angular.z=0.000, scaled_angular.z=0.000
[INFO] [1791450492.268698838] [serial_twistctl_node]: [SERIAL_TX] Timestamp: 1791450492268688350, Sending command (1/1): vcx=0.000,wc=0.000
 [19 bytes written]
[INFO] [1791450492.318637280] [serial_twistctl_node]: [TWIST_RX] Received Twist message - linear.x=0.000, angular.z=0.000, scaled_angular.z=0.000
[INFO] [1791450492.318692791] [serial_twistctl_node]: [SERIAL_TX] Timestamp: 1791450492318680369, Sending command (1/1): vcx=0.000,wc=0.000
 [19 bytes written]
[INFO] [1791450492.368647447] [serial_twistctl_node]: [TWIST_RX] Received Twist message - linear.x=0.000, angular.z=0.000, scaled_angular.z=0.000
[INFO] [1791450492.368709583] [serial_twistctl_node]: [SERIAL_TX] Timestamp: 1791450492368697952, Sending command (1/1): vcx=0.000,wc=0.000
 [19 bytes written]
[INFO] [1791450492.418446984] [serial_twistctl_node]: [TWIST_RX] Received Twist message - linear.x=0.000, angular.z=0.000, scaled_angular.z=0.000
[INFO] [1791450492.418502016] [serial_twistctl_node]: [SERIAL_TX] Timestamp: 1791450492418489038, Sending command (1/1): vcx=0.000,wc=0.000
 [19 bytes written]
[INFO] [1791450492.468709586] [serial_twistctl_node]: [TWIST_RX] Received Twist message - linear.x=0.000, angular.z=0.000, scaled_angular.z=0.000
[INFO] [1791450492.468758801] [serial_twistctl_node]: [SERIAL_TX] Timestamp: 1791450492468748110, Sending command (1/1): vcx=0.000,wc=0.000
 [19 bytes written]
[INFO] [1791450492.518693273] [serial_twistctl_node]: [TWIST_RX] Received Twist message - linear.x=0.000, angular.z=0.000, scaled_angular.z=0.000
[INFO] [1791450492.518755953] [serial_twistctl_node]: [SERIAL_TX] Timestamp: 1791450492518742184, Sending command (1/1): vcx=0.000,wc=0.000
 [19 bytes written]
[INFO] [1791450492.568498743] [serial_twistctl_node]: [TWIST_RX] Received Twist message - linear.x=0.000, angular.z=0.000, scaled_angular.z=0.000
[INFO] [1791450492.568555662] [serial_twistctl_node]: [SERIAL_TX] Timestamp: 1791450492568543959, Sending command (1/1): vcx=0.000,wc=0.000
 [19 bytes written]
[INFO] [1791450492.618654769] [serial_twistctl_node]: [TWIST_RX] Received Twist message - linear.x=0.000, angular.z=0.000, scaled_angular.z=0.000
[INFO] [1791450492.618707000] [serial_twistctl_node]: [SERIAL_TX] Timestamp: 1791450492618695521, Sending command (1/1): vcx=0.000,wc=0.000
 [19 bytes written]
[INFO] [1791450492.668549184] [serial_twistctl_node]: [TWIST_RX] Received Twist message - linear.x=0.000, angular.z=0.000, scaled_angular.z=0.000
[INFO] [1791450492.668601208] [serial_twistctl_node]: [SERIAL_TX] Timestamp: 1791450492668590273, Sending command (1/1): vcx=0.000,wc=0.000
 [19 bytes written]
[INFO] [1791450492.718675860] [serial_twistctl_node]: [TWIST_RX] Received Twist message - linear.x=0.000, angular.z=0.000, scaled_angular.z=0.000
[INFO] [1791450492.718728060] [serial_twistctl_node]: [SERIAL_TX] Timestamp: 1791450492718717134, Sending command (1/1): vcx=0.000,wc=0.000
 [19 bytes written]
[INFO] [1791450492.768466849] [serial_twistctl_node]: [TWIST_RX] Received Twist message - linear.x=0.000, angular.z=0.000, scaled_angular.z=0.000
[INFO] [1791450492.768500073] [serial_twistctl_node]: [SERIAL_TX] Timestamp: 1791450492768492153, Sending command (1/1): vcx=0.000,wc=0.000
 [19 bytes written]
[INFO] [1791450492.818532156] [serial_twistctl_node]: [TWIST_RX] Received Twist message - linear.x=0.000, angular.z=0.000, scaled_angular.z=0.000
[INFO] [1791450492.818578461] [serial_twistctl_node]: [SERIAL_TX] Timestamp: 1791450492818567098, Sending command (1/1): vcx=0.000,wc=0.000
 [19 bytes written]
[INFO] [1791450492.868628976] [serial_twistctl_node]: [TWIST_RX] Received Twist message - linear.x=0.021, angular.z=0.000, scaled_angular.z=0.000
[INFO] [1791450492.868677420] [serial_twistctl_node]: [SERIAL_TX] Timestamp: 1791450492868666765, Sending command (1/1): vcx=0.021,wc=0.000
 [19 bytes written]
[INFO] [1791450492.918761122] [serial_twistctl_node]: [TWIST_RX] Received Twist message - linear.x=0.043, angular.z=0.000, scaled_angular.z=0.000
[INFO] [1791450492.918799329] [serial_twistctl_node]: [SERIAL_TX] Timestamp: 1791450492918791503, Sending command (1/1): vcx=0.043,wc=0.000
 [19 bytes written]
[INFO] [1791450492.968742405] [serial_twistctl_node]: [TWIST_RX] Received Twist message - linear.x=0.064, angular.z=0.000, scaled_angular.z=0.000
[INFO] [1791450492.968778548] [serial_twistctl_node]: [SERIAL_TX] Timestamp: 1791450492968769921, Sending command (1/1): vcx=0.064,wc=0.000
 [19 bytes written]
[INFO] [1791450493.018820051] [serial_twistctl_node]: [TWIST_RX] Received Twist message - linear.x=0.085, angular.z=0.000, scaled_angular.z=0.000
[INFO] [1791450493.018860977] [serial_twistctl_node]: [SERIAL_TX] Timestamp: 1791450493018852779, Sending command (1/1): vcx=0.085,wc=0.000
 [19 bytes written]
[INFO] [1791450493.068722244] [serial_twistctl_node]: [TWIST_RX] Received Twist message - linear.x=0.106, angular.z=0.000, scaled_angular.z=0.000
[INFO] [1791450493.068756834] [serial_twistctl_node]: [SERIAL_TX] Timestamp: 1791450493068749272, Sending command (1/1): vcx=0.106,wc=0.000
 [19 bytes written]
[INFO] [1791450493.118730717] [serial_twistctl_node]: [TWIST_RX] Received Twist message - linear.x=0.128, angular.z=0.000, scaled_angular.z=0.000
[INFO] [1791450493.118774226] [serial_twistctl_node]: [SERIAL_TX] Timestamp: 1791450493118764782, Sending command (1/1): vcx=0.128,wc=0.000
 [19 bytes written]
[INFO] [1791450493.168754871] [serial_twistctl_node]: [TWIST_RX] Received Twist message - linear.x=0.149, angular.z=0.000, scaled_angular.z=0.000
[INFO] [1791450493.168790580] [serial_twistctl_node]: [SERIAL_TX] Timestamp: 1791450493168782551, Sending command (1/1): vcx=0.149,wc=0.000
 [19 bytes written]
[INFO] [1791450493.218748439] [serial_twistctl_node]: [TWIST_RX] Received Twist message - linear.x=0.170, angular.z=0.000, scaled_angular.z=0.000
[INFO] [1791450493.218795934] [serial_twistctl_node]: [SERIAL_TX] Timestamp: 1791450493218786239, Sending command (1/1): vcx=0.170,wc=0.000
 [19 bytes written]
[INFO] [1791450493.268872068] [serial_twistctl_node]: [TWIST_RX] Received Twist message - linear.x=0.191, angular.z=0.000, scaled_angular.z=0.000
[INFO] [1791450493.268911843] [serial_twistctl_node]: [SERIAL_TX] Timestamp: 1791450493268903075, Sending command (1/1): vcx=0.191,wc=0.000
 [19 bytes written]
[INFO] [1791450493.318632008] [serial_twistctl_node]: [TWIST_RX] Received Twist message - linear.x=0.213, angular.z=0.000, scaled_angular.z=0.000
[INFO] [1791450493.318672310] [serial_twistctl_node]: [SERIAL_TX] Timestamp: 1791450493318663181, Sending command (1/1): vcx=0.213,wc=0.000
 [19 bytes written]
[INFO] [1791450493.368835540] [serial_twistctl_node]: [TWIST_RX] Received Twist message - linear.x=0.217, angular.z=0.000, scaled_angular.z=0.000
[INFO] [1791450493.368868116] [serial_twistctl_node]: [SERIAL_TX] Timestamp: 1791450493368860644, Sending command (1/1): vcx=0.217,wc=0.000
 [19 bytes written]
[INFO] [1791450493.418479222] [serial_twistctl_node]: [TWIST_RX] Received Twist message - linear.x=0.219, angular.z=0.000, scaled_angular.z=0.000
[INFO] [1791450493.418533248] [serial_twistctl_node]: [SERIAL_TX] Timestamp: 1791450493418516808, Sending command (1/1): vcx=0.219,wc=0.000
 [19 bytes written]
[INFO] [1791450493.468685986] [serial_twistctl_node]: [TWIST_RX] Received Twist message - linear.x=0.216, angular.z=0.000, scaled_angular.z=0.000
[INFO] [1791450493.468741089] [serial_twistctl_node]: [SERIAL_TX] Timestamp: 1791450493468729625, Sending command (1/1): vcx=0.216,wc=0.000
 [19 bytes written]
[INFO] [1791450493.518657093] [serial_twistctl_node]: [TWIST_RX] Received Twist message - linear.x=0.218, angular.z=0.000, scaled_angular.z=0.000
[INFO] [1791450493.518712027] [serial_twistctl_node]: [SERIAL_TX] Timestamp: 1791450493518699990, Sending command (1/1): vcx=0.218,wc=0.000
 [19 bytes written]
[INFO] [1791450493.568667437] [serial_twistctl_node]: [TWIST_RX] Received Twist message - linear.x=0.221, angular.z=0.000, scaled_angular.z=0.000
[INFO] [1791450493.568732301] [serial_twistctl_node]: [SERIAL_TX] Timestamp: 1791450493568707007, Sending command (1/1): vcx=0.221,wc=0.000
 [19 bytes written]
[INFO] [1791450493.618734758] [serial_twistctl_node]: [TWIST_RX] Received Twist message - linear.x=0.218, angular.z=0.000, scaled_angular.z=0.000
[INFO] [1791450493.618785080] [serial_twistctl_node]: [SERIAL_TX] Timestamp: 1791450493618772673, Sending command (1/1): vcx=0.218,wc=0.000
 [19 bytes written]
[INFO] [1791450493.668737731] [serial_twistctl_node]: [TWIST_RX] Received Twist message - linear.x=0.220, angular.z=0.000, scaled_angular.z=0.000
[INFO] [1791450493.668793925] [serial_twistctl_node]: [SERIAL_TX] Timestamp: 1791450493668780283, Sending command (1/1): vcx=0.220,wc=0.000
 [19 bytes written]
[INFO] [1791450493.718663168] [serial_twistctl_node]: [TWIST_RX] Received Twist message - linear.x=0.217, angular.z=0.000, scaled_angular.z=0.000
[INFO] [1791450493.718717412] [serial_twistctl_node]: [SERIAL_TX] Timestamp: 1791450493718706156, Sending command (1/1): vcx=0.217,wc=0.000
 [19 bytes written]
[INFO] [1791450493.768543645] [serial_twistctl_node]: [TWIST_RX] Received Twist message - linear.x=0.220, angular.z=0.000, scaled_angular.z=0.000
[INFO] [1791450493.768592247] [serial_twistctl_node]: [SERIAL_TX] Timestamp: 1791450493768582620, Sending command (1/1): vcx=0.220,wc=0.000
 [19 bytes written]
[INFO] [1791450493.818682060] [serial_twistctl_node]: [TWIST_RX] Received Twist message - linear.x=0.216, angular.z=0.000, scaled_angular.z=0.000
[INFO] [1791450493.818728894] [serial_twistctl_node]: [SERIAL_TX] Timestamp: 1791450493818718751, Sending command (1/1): vcx=0.216,wc=0.000
 [19 bytes written]
[INFO] [1791450493.868603876] [serial_twistctl_node]: [TWIST_RX] Received Twist message - linear.x=0.219, angular.z=0.000, scaled_angular.z=0.000
[INFO] [1791450493.868651059] [serial_twistctl_node]: [SERIAL_TX] Timestamp: 1791450493868640365, Sending command (1/1): vcx=0.219,wc=0.000
 [19 bytes written]
[INFO] [1791450493.918642728] [serial_twistctl_node]: [TWIST_RX] Received Twist message - linear.x=0.216, angular.z=0.000, scaled_angular.z=0.000
[INFO] [1791450493.918688679] [serial_twistctl_node]: [SERIAL_TX] Timestamp: 1791450493918678736, Sending command (1/1): vcx=0.216,wc=0.000
 [19 bytes written]
[INFO] [1791450493.968652043] [serial_twistctl_node]: [TWIST_RX] Received Twist message - linear.x=0.218, angular.z=0.000, scaled_angular.z=0.000
[INFO] [1791450493.968684673] [serial_twistctl_node]: [SERIAL_TX] Timestamp: 1791450493968677532, Sending command (1/1): vcx=0.218,wc=0.000
 [19 bytes written]
[INFO] [1791450494.018730814] [serial_twistctl_node]: [TWIST_RX] Received Twist message - linear.x=0.221, angular.z=0.000, scaled_angular.z=0.000
[INFO] [1791450494.018771663] [serial_twistctl_node]: [SERIAL_TX] Timestamp: 1791450494018763189, Sending command (1/1): vcx=0.221,wc=0.000
 [19 bytes written]
[INFO] [1791450494.068624594] [serial_twistctl_node]: [TWIST_RX] Received Twist message - linear.x=0.218, angular.z=0.000, scaled_angular.z=0.000
[INFO] [1791450494.068664098] [serial_twistctl_node]: [SERIAL_TX] Timestamp: 1791450494068656096, Sending command (1/1): vcx=0.218,wc=0.000
 [19 bytes written]
[INFO] [1791450494.118625947] [serial_twistctl_node]: [TWIST_RX] Received Twist message - linear.x=0.221, angular.z=0.000, scaled_angular.z=0.000
[INFO] [1791450494.118665182] [serial_twistctl_node]: [SERIAL_TX] Timestamp: 1791450494118656483, Sending command (1/1): vcx=0.221,wc=0.000
 [19 bytes written]
[INFO] [1791450494.168629805] [serial_twistctl_node]: [TWIST_RX] Received Twist message - linear.x=0.218, angular.z=0.000, scaled_angular.z=0.000
[INFO] [1791450494.168666656] [serial_twistctl_node]: [SERIAL_TX] Timestamp: 1791450494168659346, Sending command (1/1): vcx=0.218,wc=0.000
 [19 bytes written]
[INFO] [1791450494.218607945] [serial_twistctl_node]: [TWIST_RX] Received Twist message - linear.x=0.220, angular.z=0.000, scaled_angular.z=0.000
[INFO] [1791450494.218647495] [serial_twistctl_node]: [SERIAL_TX] Timestamp: 1791450494218639051, Sending command (1/1): vcx=0.220,wc=0.000
 [19 bytes written]
[INFO] [1791450494.268711079] [serial_twistctl_node]: [TWIST_RX] Received Twist message - linear.x=0.217, angular.z=0.000, scaled_angular.z=0.000
[INFO] [1791450494.268749702] [serial_twistctl_node]: [SERIAL_TX] Timestamp: 1791450494268741314, Sending command (1/1): vcx=0.217,wc=0.000
 [19 bytes written]
[INFO] [1791450494.318549406] [serial_twistctl_node]: [TWIST_RX] Received Twist message - linear.x=0.220, angular.z=0.000, scaled_angular.z=0.000
[INFO] [1791450494.318588983] [serial_twistctl_node]: [SERIAL_TX] Timestamp: 1791450494318580293, Sending command (1/1): vcx=0.220,wc=0.000
 [19 bytes written]
[INFO] [1791450494.368569862] [serial_twistctl_node]: [TWIST_RX] Received Twist message - linear.x=0.000, angular.z=0.000, scaled_angular.z=0.000
[INFO] [1791450494.368617855] [serial_twistctl_node]: [SERIAL_TX] Timestamp: 1791450494368608637, Sending command (1/1): vcx=0.000,wc=0.000
 [19 bytes written]
[INFO] [1791450494.418600539] [serial_twistctl_node]: [TWIST_RX] Received Twist message - linear.x=0.000, angular.z=0.000, scaled_angular.z=0.000
[INFO] [1791450494.418639330] [serial_twistctl_node]: [SERIAL_TX] Timestamp: 1791450494418629687, Sending command (1/1): vcx=0.000,wc=0.000
 [19 bytes written]
[INFO] [1791450494.468734947] [serial_twistctl_node]: [TWIST_RX] Received Twist message - linear.x=0.000, angular.z=0.000, scaled_angular.z=0.000
[INFO] [1791450494.468770376] [serial_twistctl_node]: [SERIAL_TX] Timestamp: 1791450494468762466, Sending command (1/1): vcx=0.000,wc=0.000
 [19 bytes written]
[INFO] [1791450494.518653261] [serial_twistctl_node]: [TWIST_RX] Received Twist message - linear.x=0.000, angular.z=0.000, scaled_angular.z=0.000
[INFO] [1791450494.518691703] [serial_twistctl_node]: [SERIAL_TX] Timestamp: 1791450494518682816, Sending command (1/1): vcx=0.000,wc=0.000
 [19 bytes written]
[INFO] [1791450494.568677749] [serial_twistctl_node]: [TWIST_RX] Received Twist message - linear.x=0.000, angular.z=0.000, scaled_angular.z=0.000
[INFO] [1791450494.568714217] [serial_twistctl_node]: [SERIAL_TX] Timestamp: 1791450494568706728, Sending command (1/1): vcx=0.000,wc=0.000
 [19 bytes written]
[INFO] [1791450494.618724657] [serial_twistctl_node]: [TWIST_RX] Received Twist message - linear.x=0.000, angular.z=0.000, scaled_angular.z=0.000
[INFO] [1791450494.618764290] [serial_twistctl_node]: [SERIAL_TX] Timestamp: 1791450494618756073, Sending command (1/1): vcx=0.000,wc=0.000
 [19 bytes written]
[INFO] [1791450494.668716677] [serial_twistctl_node]: [TWIST_RX] Received Twist message - linear.x=0.000, angular.z=0.000, scaled_angular.z=0.000
[INFO] [1791450494.668755527] [serial_twistctl_node]: [SERIAL_TX] Timestamp: 1791450494668747576, Sending command (1/1): vcx=0.000,wc=0.000
 [19 bytes written]
[INFO] [1791450494.718774349] [serial_twistctl_node]: [TWIST_RX] Received Twist message - linear.x=0.000, angular.z=0.000, scaled_angular.z=0.000
[INFO] [1791450494.718811458] [serial_twistctl_node]: [SERIAL_TX] Timestamp: 1791450494718803374, Sending command (1/1): vcx=0.000,wc=0.000
 [19 bytes written]
[INFO] [1791450494.768559682] [serial_twistctl_node]: [TWIST_RX] Received Twist message - linear.x=0.000, angular.z=0.000, scaled_angular.z=0.000
[INFO] [1791450494.768598774] [serial_twistctl_node]: [SERIAL_TX] Timestamp: 1791450494768590133, Sending command (1/1): vcx=0.000,wc=0.000
 [19 bytes written]
[INFO] [1791450494.818639067] [serial_twistctl_node]: [TWIST_RX] Received Twist message - linear.x=0.000, angular.z=0.000, scaled_angular.z=0.000
[INFO] [1791450494.818675125] [serial_twistctl_node]: [SERIAL_TX] Timestamp: 1791450494818667136, Sending command (1/1): vcx=0.000,wc=0.000
 [19 bytes written]
[INFO] [1791450494.868629546] [serial_twistctl_node]: [TWIST_RX] Received Twist message - linear.x=0.000, angular.z=0.000, scaled_angular.z=0.000
[INFO] [1791450494.868669792] [serial_twistctl_node]: [SERIAL_TX] Timestamp: 1791450494868661210, Sending command (1/1): vcx=0.000,wc=0.000
 [19 bytes written]
[INFO] [1791450494.918667659] [serial_twistctl_node]: [TWIST_RX] Received Twist message - linear.x=0.000, angular.z=0.000, scaled_angular.z=0.000
[INFO] [1791450494.918707911] [serial_twistctl_node]: [SERIAL_TX] Timestamp: 1791450494918699575, Sending command (1/1): vcx=0.000,wc=0.000
 [19 bytes written]
[INFO] [1791450494.968583142] [serial_twistctl_node]: [TWIST_RX] Received Twist message - linear.x=0.000, angular.z=0.000, scaled_angular.z=0.000
[INFO] [1791450494.968619240] [serial_twistctl_node]: [SERIAL_TX] Timestamp: 1791450494968611097, Sending command (1/1): vcx=0.000,wc=0.000
 [19 bytes written]
[INFO] [1791450495.018644949] [serial_twistctl_node]: [TWIST_RX] Received Twist message - linear.x=0.000, angular.z=0.000, scaled_angular.z=0.000
[INFO] [1791450495.018685351] [serial_twistctl_node]: [SERIAL_TX] Timestamp: 1791450495018676796, Sending command (1/1): vcx=0.000,wc=0.000
 [19 bytes written]
[INFO] [1791450495.068681824] [serial_twistctl_node]: [TWIST_RX] Received Twist message - linear.x=0.000, angular.z=0.000, scaled_angular.z=0.000
[INFO] [1791450495.068732001] [serial_twistctl_node]: [SERIAL_TX] Timestamp: 1791450495068723098, Sending command (1/1): vcx=0.000,wc=0.000
 [19 bytes written]
[INFO] [1791450495.118638306] [serial_twistctl_node]: [TWIST_RX] Received Twist message - linear.x=0.000, angular.z=0.000, scaled_angular.z=0.000
[INFO] [1791450495.118680583] [serial_twistctl_node]: [SERIAL_TX] Timestamp: 1791450495118671089, Sending command (1/1): vcx=0.000,wc=0.000
 [19 bytes written]
[INFO] [1791450495.168780241] [serial_twistctl_node]: [TWIST_RX] Received Twist message - linear.x=0.000, angular.z=0.000, scaled_angular.z=0.000
[INFO] [1791450495.168815301] [serial_twistctl_node]: [SERIAL_TX] Timestamp: 1791450495168807989, Sending command (1/1): vcx=0.000,wc=0.000
 [19 bytes written]
[INFO] [1791450495.218706954] [serial_twistctl_node]: [TWIST_RX] Received Twist message - linear.x=0.000, angular.z=0.000, scaled_angular.z=0.000
[INFO] [1791450495.218753980] [serial_twistctl_node]: [SERIAL_TX] Timestamp: 1791450495218743987, Sending command (1/1): vcx=0.000,wc=0.000
 [19 bytes written]
[INFO] [1791450495.268719289] [serial_twistctl_node]: [TWIST_RX] Received Twist message - linear.x=0.000, angular.z=0.000, scaled_angular.z=0.000
[INFO] [1791450495.268757232] [serial_twistctl_node]: [SERIAL_TX] Timestamp: 1791450495268749436, Sending command (1/1): vcx=0.000,wc=0.000
 [19 bytes written]
[INFO] [1791450495.318490405] [serial_twistctl_node]: [TWIST_RX] Received Twist message - linear.x=0.000, angular.z=0.000, scaled_angular.z=0.000
[INFO] [1791450495.318530763] [serial_twistctl_node]: [SERIAL_TX] Timestamp: 1791450495318521973, Sending command (1/1): vcx=0.000,wc=0.000
 [19 bytes written]
[INFO] [1791450495.368704861] [serial_twistctl_node]: [TWIST_RX] Received Twist message - linear.x=0.000, angular.z=0.000, scaled_angular.z=0.000
[INFO] [1791450495.368743694] [serial_twistctl_node]: [SERIAL_TX] Timestamp: 1791450495368734980, Sending command (1/1): vcx=0.000,wc=0.000
 [19 bytes written]
[INFO] [1791450495.418530396] [serial_twistctl_node]: [TWIST_RX] Received Twist message - linear.x=0.000, angular.z=0.000, scaled_angular.z=0.000
[INFO] [1791450495.418568315] [serial_twistctl_node]: [SERIAL_TX] Timestamp: 1791450495418559148, Sending command (1/1): vcx=0.000,wc=0.000
 [19 bytes written]
[INFO] [1791450495.468594226] [serial_twistctl_node]: [TWIST_RX] Received Twist message - linear.x=0.000, angular.z=0.000, scaled_angular.z=0.000
[INFO] [1791450495.468629502] [serial_twistctl_node]: [SERIAL_TX] Timestamp: 1791450495468621838, Sending command (1/1): vcx=0.000,wc=0.000
 [19 bytes written]
[INFO] [1791450495.518828347] [serial_twistctl_node]: [TWIST_RX] Received Twist message - linear.x=0.000, angular.z=0.000, scaled_angular.z=0.000
[INFO] [1791450495.518863763] [serial_twistctl_node]: [SERIAL_TX] Timestamp: 1791450495518855666, Sending command (1/1): vcx=0.000,wc=0.000
 [19 bytes written]
[INFO] [1791450495.568602307] [serial_twistctl_node]: [TWIST_RX] Received Twist message - linear.x=0.000, angular.z=0.000, scaled_angular.z=0.000
[INFO] [1791450495.568638259] [serial_twistctl_node]: [SERIAL_TX] Timestamp: 1791450495568629340, Sending command (1/1): vcx=0.000,wc=0.000
 [19 bytes written]
[INFO] [1791450495.618651304] [serial_twistctl_node]: [TWIST_RX] Received Twist message - linear.x=0.000, angular.z=0.000, scaled_angular.z=0.000
[INFO] [1791450495.618699350] [serial_twistctl_node]: [SERIAL_TX] Timestamp: 1791450495618689305, Sending command (1/1): vcx=0.000,wc=0.000
 [19 bytes written]
[INFO] [1791450495.668685927] [serial_twistctl_node]: [TWIST_RX] Received Twist message - linear.x=0.000, angular.z=0.000, scaled_angular.z=0.000
[INFO] [1791450495.668723476] [serial_twistctl_node]: [SERIAL_TX] Timestamp: 1791450495668714567, Sending command (1/1): vcx=0.000,wc=0.000
 [19 bytes written]
[INFO] [1791450495.718621614] [serial_twistctl_node]: [TWIST_RX] Received Twist message - linear.x=0.000, angular.z=0.000, scaled_angular.z=0.000
[INFO] [1791450495.718665516] [serial_twistctl_node]: [SERIAL_TX] Timestamp: 1791450495718657834, Sending command (1/1): vcx=0.000,wc=0.000
 [19 bytes written]
[INFO] [1791450495.768417659] [serial_twistctl_node]: [TWIST_RX] Received Twist message - linear.x=0.000, angular.z=0.000, scaled_angular.z=0.000
[INFO] [1791450495.768454816] [serial_twistctl_node]: [SERIAL_TX] Timestamp: 1791450495768446813, Sending command (1/1): vcx=0.000,wc=0.000
 [19 bytes written]
[INFO] [1791450495.818550349] [serial_twistctl_node]: [TWIST_RX] Received Twist message - linear.x=0.000, angular.z=0.000, scaled_angular.z=0.000
[INFO] [1791450495.818589008] [serial_twistctl_node]: [SERIAL_TX] Timestamp: 1791450495818580564, Sending command (1/1): vcx=0.000,wc=0.000
 [19 bytes written]
[INFO] [1791450495.868467973] [serial_twistctl_node]: [TWIST_RX] Received Twist message - linear.x=0.000, angular.z=0.000, scaled_angular.z=0.000
[INFO] [1791450495.868500800] [serial_twistctl_node]: [SERIAL_TX] Timestamp: 1791450495868493606, Sending command (1/1): vcx=0.000,wc=0.000
 [19 bytes written]
[INFO] [1791450495.918489318] [serial_twistctl_node]: [TWIST_RX] Received Twist message - linear.x=0.000, angular.z=0.000, scaled_angular.z=0.000
[INFO] [1791450495.918527232] [serial_twistctl_node]: [SERIAL_TX] Timestamp: 1791450495918518194, Sending command (1/1): vcx=0.000,wc=0.000
 [19 bytes written]
[INFO] [1791450495.968371067] [serial_twistctl_node]: [TWIST_RX] Received Twist message - linear.x=0.000, angular.z=0.000, scaled_angular.z=0.000
[INFO] [1791450495.968409695] [serial_twistctl_node]: [SERIAL_TX] Timestamp: 1791450495968400273, Sending command (1/1): vcx=0.000,wc=0.000
 [19 bytes written]
[INFO] [1791450496.018550182] [serial_twistctl_node]: [TWIST_RX] Received Twist message - linear.x=0.000, angular.z=0.000, scaled_angular.z=0.000
[INFO] [1791450496.018590575] [serial_twistctl_node]: [SERIAL_TX] Timestamp: 1791450496018580944, Sending command (1/1): vcx=0.000,wc=0.000
 [19 bytes written]
[INFO] [1791450496.068550048] [serial_twistctl_node]: [TWIST_RX] Received Twist message - linear.x=0.000, angular.z=0.000, scaled_angular.z=0.000
[INFO] [1791450496.068583573] [serial_twistctl_node]: [SERIAL_TX] Timestamp: 1791450496068575715, Sending command (1/1): vcx=0.000,wc=0.000
 [19 bytes written]
[INFO] [1791450496.118630016] [serial_twistctl_node]: [TWIST_RX] Received Twist message - linear.x=0.000, angular.z=0.000, scaled_angular.z=0.000
[INFO] [1791450496.118679429] [serial_twistctl_node]: [SERIAL_TX] Timestamp: 1791450496118670543, Sending command (1/1): vcx=0.000,wc=0.000
 [19 bytes written]
[INFO] [1791450496.168732250] [serial_twistctl_node]: [TWIST_RX] Received Twist message - linear.x=0.000, angular.z=0.000, scaled_angular.z=0.000
[INFO] [1791450496.168776710] [serial_twistctl_node]: [SERIAL_TX] Timestamp: 1791450496168766132, Sending command (1/1): vcx=0.000,wc=0.000
 [19 bytes written]
[INFO] [1791450496.218773256] [serial_twistctl_node]: [TWIST_RX] Received Twist message - linear.x=0.000, angular.z=0.000, scaled_angular.z=0.000
[INFO] [1791450496.218815850] [serial_twistctl_node]: [SERIAL_TX] Timestamp: 1791450496218806460, Sending command (1/1): vcx=0.000,wc=0.000
 [19 bytes written]
[INFO] [1791450496.268803457] [serial_twistctl_node]: [TWIST_RX] Received Twist message - linear.x=0.000, angular.z=0.000, scaled_angular.z=0.000
[INFO] [1791450496.268842632] [serial_twistctl_node]: [SERIAL_TX] Timestamp: 1791450496268834160, Sending command (1/1): vcx=0.000,wc=0.000
 [19 bytes written]
[INFO] [1791450496.318725733] [serial_twistctl_node]: [TWIST_RX] Received Twist message - linear.x=0.000, angular.z=0.000, scaled_angular.z=0.000
[INFO] [1791450496.318764806] [serial_twistctl_node]: [SERIAL_TX] Timestamp: 1791450496318755863, Sending command (1/1): vcx=0.000,wc=0.000
 [19 bytes written]
[INFO] [1791450496.368797904] [serial_twistctl_node]: [TWIST_RX] Received Twist message - linear.x=0.000, angular.z=0.000, scaled_angular.z=0.000
[INFO] [1791450496.368834184] [serial_twistctl_node]: [SERIAL_TX] Timestamp: 1791450496368826399, Sending command (1/1): vcx=0.000,wc=0.000
 [19 bytes written]
[INFO] [1791450496.418661927] [serial_twistctl_node]: [TWIST_RX] Received Twist message - linear.x=0.000, angular.z=0.000, scaled_angular.z=0.000
[INFO] [1791450496.418700408] [serial_twistctl_node]: [SERIAL_TX] Timestamp: 1791450496418692023, Sending command (1/1): vcx=0.000,wc=0.000
 [19 bytes written]
[INFO] [1791450496.468777790] [serial_twistctl_node]: [TWIST_RX] Received Twist message - linear.x=0.000, angular.z=0.000, scaled_angular.z=0.000
[INFO] [1791450496.468813623] [serial_twistctl_node]: [SERIAL_TX] Timestamp: 1791450496468805313, Sending command (1/1): vcx=0.000,wc=0.000
 [19 bytes written]
[INFO] [1791450496.518817724] [serial_twistctl_node]: [TWIST_RX] Received Twist message - linear.x=0.000, angular.z=0.000, scaled_angular.z=0.000
[INFO] [1791450496.518864223] [serial_twistctl_node]: [SERIAL_TX] Timestamp: 1791450496518854188, Sending command (1/1): vcx=0.000,wc=0.000
 [19 bytes written]
[INFO] [1791450496.568776333] [serial_twistctl_node]: [TWIST_RX] Received Twist message - linear.x=0.000, angular.z=0.000, scaled_angular.z=0.000
[INFO] [1791450496.568814720] [serial_twistctl_node]: [SERIAL_TX] Timestamp: 1791450496568805348, Sending command (1/1): vcx=0.000,wc=0.000
 [19 bytes written]
[INFO] [1791450496.618719060] [serial_twistctl_node]: [TWIST_RX] Received Twist message - linear.x=0.000, angular.z=0.000, scaled_angular.z=0.000
[INFO] [1791450496.618756597] [serial_twistctl_node]: [SERIAL_TX] Timestamp: 1791450496618747646, Sending command (1/1): vcx=0.000,wc=0.000
 [19 bytes written]
[INFO] [1791450496.668663435] [serial_twistctl_node]: [TWIST_RX] Received Twist message - linear.x=0.000, angular.z=0.000, scaled_angular.z=0.000
[INFO] [1791450496.668704265] [serial_twistctl_node]: [SERIAL_TX] Timestamp: 1791450496668695462, Sending command (1/1): vcx=0.000,wc=0.000
 [19 bytes written]
[INFO] [1791450496.718649635] [serial_twistctl_node]: [TWIST_RX] Received Twist message - linear.x=0.000, angular.z=0.000, scaled_angular.z=0.000
[INFO] [1791450496.718685993] [serial_twistctl_node]: [SERIAL_TX] Timestamp: 1791450496718678321, Sending command (1/1): vcx=0.000,wc=0.000
 [19 bytes written]
[INFO] [1791450496.768612274] [serial_twistctl_node]: [TWIST_RX] Received Twist message - linear.x=0.000, angular.z=0.000, scaled_angular.z=0.000
[INFO] [1791450496.768651852] [serial_twistctl_node]: [SERIAL_TX] Timestamp: 1791450496768643525, Sending command (1/1): vcx=0.000,wc=0.000
 [19 bytes written]
[INFO] [1791450496.818691459] [serial_twistctl_node]: [TWIST_RX] Received Twist message - linear.x=0.000, angular.z=0.000, scaled_angular.z=0.000
[INFO] [1791450496.818734977] [serial_twistctl_node]: [SERIAL_TX] Timestamp: 1791450496818725832, Sending command (1/1): vcx=0.000,wc=0.000
 [19 bytes written]
[INFO] [1791450496.868469380] [serial_twistctl_node]: [TWIST_RX] Received Twist message - linear.x=0.000, angular.z=0.000, scaled_angular.z=0.000
[INFO] [1791450496.868518802] [serial_twistctl_node]: [SERIAL_TX] Timestamp: 1791450496868510800, Sending command (1/1): vcx=0.000,wc=0.000
 [19 bytes written]
[INFO] [1791450496.918568475] [serial_twistctl_node]: [TWIST_RX] Received Twist message - linear.x=0.000, angular.z=0.000, scaled_angular.z=0.000
[INFO] [1791450496.918608200] [serial_twistctl_node]: [SERIAL_TX] Timestamp: 1791450496918599141, Sending command (1/1): vcx=0.000,wc=0.000
 [19 bytes written]
[INFO] [1791450496.968582699] [serial_twistctl_node]: [TWIST_RX] Received Twist message - linear.x=0.000, angular.z=0.000, scaled_angular.z=0.000
[INFO] [1791450496.968620862] [serial_twistctl_node]: [SERIAL_TX] Timestamp: 1791450496968612049, Sending command (1/1): vcx=0.000,wc=0.000
 [19 bytes written]
[INFO] [1791450497.018684917] [serial_twistctl_node]: [TWIST_RX] Received Twist message - linear.x=0.000, angular.z=0.000, scaled_angular.z=0.000
[INFO] [1791450497.018724582] [serial_twistctl_node]: [SERIAL_TX] Timestamp: 1791450497018716418, Sending command (1/1): vcx=0.000,wc=0.000
 [19 bytes written]
[INFO] [1791450497.068691981] [serial_twistctl_node]: [TWIST_RX] Received Twist message - linear.x=0.000, angular.z=0.000, scaled_angular.z=0.000
[INFO] [1791450497.068742237] [serial_twistctl_node]: [SERIAL_TX] Timestamp: 1791450497068732902, Sending command (1/1): vcx=0.000,wc=0.000
 [19 bytes written]
[INFO] [1791450497.118740695] [serial_twistctl_node]: [TWIST_RX] Received Twist message - linear.x=0.000, angular.z=0.000, scaled_angular.z=0.000
[INFO] [1791450497.118782977] [serial_twistctl_node]: [SERIAL_TX] Timestamp: 1791450497118773511, Sending command (1/1): vcx=0.000,wc=0.000
 [19 bytes written]
[INFO] [1791450497.168738266] [serial_twistctl_node]: [TWIST_RX] Received Twist message - linear.x=0.000, angular.z=0.000, scaled_angular.z=0.000
[INFO] [1791450497.168776829] [serial_twistctl_node]: [SERIAL_TX] Timestamp: 1791450497168768469, Sending command (1/1): vcx=0.000,wc=0.000
 [19 bytes written]
[INFO] [1791450497.218468081] [serial_twistctl_node]: [TWIST_RX] Received Twist message - linear.x=0.000, angular.z=0.000, scaled_angular.z=0.000
[INFO] [1791450497.218510333] [serial_twistctl_node]: [SERIAL_TX] Timestamp: 1791450497218501024, Sending command (1/1): vcx=0.000,wc=0.000
 [19 bytes written]
[INFO] [1791450497.268566660] [serial_twistctl_node]: [TWIST_RX] Received Twist message - linear.x=0.021, angular.z=0.000, scaled_angular.z=0.000
[INFO] [1791450497.268612804] [serial_twistctl_node]: [SERIAL_TX] Timestamp: 1791450497268603140, Sending command (1/1): vcx=0.021,wc=0.000
 [19 bytes written]
[INFO] [1791450497.318576857] [serial_twistctl_node]: [TWIST_RX] Received Twist message - linear.x=0.043, angular.z=0.000, scaled_angular.z=0.000
[INFO] [1791450497.318617223] [serial_twistctl_node]: [SERIAL_TX] Timestamp: 1791450497318607935, Sending command (1/1): vcx=0.043,wc=0.000
 [19 bytes written]
[INFO] [1791450497.368621966] [serial_twistctl_node]: [TWIST_RX] Received Twist message - linear.x=0.064, angular.z=0.000, scaled_angular.z=0.000
[INFO] [1791450497.368654623] [serial_twistctl_node]: [SERIAL_TX] Timestamp: 1791450497368646814, Sending command (1/1): vcx=0.064,wc=0.000
 [19 bytes written]
[INFO] [1791450497.418660755] [serial_twistctl_node]: [TWIST_RX] Received Twist message - linear.x=0.085, angular.z=0.000, scaled_angular.z=0.000
[INFO] [1791450497.418701816] [serial_twistctl_node]: [SERIAL_TX] Timestamp: 1791450497418692775, Sending command (1/1): vcx=0.085,wc=0.000
 [19 bytes written]
[INFO] [1791450497.468744973] [serial_twistctl_node]: [TWIST_RX] Received Twist message - linear.x=0.106, angular.z=0.000, scaled_angular.z=0.000
[INFO] [1791450497.468783338] [serial_twistctl_node]: [SERIAL_TX] Timestamp: 1791450497468773699, Sending command (1/1): vcx=0.106,wc=0.000
 [19 bytes written]
[INFO] [1791450497.518729594] [serial_twistctl_node]: [TWIST_RX] Received Twist message - linear.x=0.128, angular.z=0.000, scaled_angular.z=0.000
[INFO] [1791450497.518767773] [serial_twistctl_node]: [SERIAL_TX] Timestamp: 1791450497518758785, Sending command (1/1): vcx=0.128,wc=0.000
 [19 bytes written]
[INFO] [1791450497.568663372] [serial_twistctl_node]: [TWIST_RX] Received Twist message - linear.x=0.149, angular.z=0.000, scaled_angular.z=0.000
[INFO] [1791450497.568707871] [serial_twistctl_node]: [SERIAL_TX] Timestamp: 1791450497568699885, Sending command (1/1): vcx=0.149,wc=0.000
 [19 bytes written]
[INFO] [1791450497.618715528] [serial_twistctl_node]: [TWIST_RX] Received Twist message - linear.x=0.170, angular.z=0.000, scaled_angular.z=0.000
[INFO] [1791450497.618755199] [serial_twistctl_node]: [SERIAL_TX] Timestamp: 1791450497618743207, Sending command (1/1): vcx=0.170,wc=0.000
 [19 bytes written]
[INFO] [1791450497.668600275] [serial_twistctl_node]: [TWIST_RX] Received Twist message - linear.x=0.191, angular.z=0.000, scaled_angular.z=0.000
[INFO] [1791450497.668638742] [serial_twistctl_node]: [SERIAL_TX] Timestamp: 1791450497668630648, Sending command (1/1): vcx=0.191,wc=0.000
 [19 bytes written]
[INFO] [1791450497.718665278] [serial_twistctl_node]: [TWIST_RX] Received Twist message - linear.x=0.213, angular.z=0.000, scaled_angular.z=0.000
[INFO] [1791450497.718710709] [serial_twistctl_node]: [SERIAL_TX] Timestamp: 1791450497718702488, Sending command (1/1): vcx=0.213,wc=0.000
 [19 bytes written]
[INFO] [1791450497.768629665] [serial_twistctl_node]: [TWIST_RX] Received Twist message - linear.x=0.220, angular.z=0.000, scaled_angular.z=0.000
[INFO] [1791450497.768667705] [serial_twistctl_node]: [SERIAL_TX] Timestamp: 1791450497768659297, Sending command (1/1): vcx=0.220,wc=0.000
 [19 bytes written]
[INFO] [1791450497.818654067] [serial_twistctl_node]: [TWIST_RX] Received Twist message - linear.x=0.217, angular.z=0.000, scaled_angular.z=0.000
[INFO] [1791450497.818688754] [serial_twistctl_node]: [SERIAL_TX] Timestamp: 1791450497818681551, Sending command (1/1): vcx=0.217,wc=0.000
 [19 bytes written]
[INFO] [1791450497.868557528] [serial_twistctl_node]: [TWIST_RX] Received Twist message - linear.x=0.220, angular.z=0.000, scaled_angular.z=0.000
[INFO] [1791450497.868591822] [serial_twistctl_node]: [SERIAL_TX] Timestamp: 1791450497868584513, Sending command (1/1): vcx=0.220,wc=0.000
 [19 bytes written]
[INFO] [1791450497.918597374] [serial_twistctl_node]: [TWIST_RX] Received Twist message - linear.x=0.217, angular.z=0.000, scaled_angular.z=0.000
[INFO] [1791450497.918634772] [serial_twistctl_node]: [SERIAL_TX] Timestamp: 1791450497918626519, Sending command (1/1): vcx=0.217,wc=0.000
 [19 bytes written]
[INFO] [1791450497.968539624] [serial_twistctl_node]: [TWIST_RX] Received Twist message - linear.x=0.220, angular.z=0.000, scaled_angular.z=0.000
[INFO] [1791450497.968582007] [serial_twistctl_node]: [SERIAL_TX] Timestamp: 1791450497968572257, Sending command (1/1): vcx=0.220,wc=0.000
 [19 bytes written]
[INFO] [1791450498.018758144] [serial_twistctl_node]: [TWIST_RX] Received Twist message - linear.x=0.216, angular.z=0.000, scaled_angular.z=0.000
[INFO] [1791450498.018812575] [serial_twistctl_node]: [SERIAL_TX] Timestamp: 1791450498018801419, Sending command (1/1): vcx=0.216,wc=0.000
 [19 bytes written]
[INFO] [1791450498.068486169] [serial_twistctl_node]: [TWIST_RX] Received Twist message - linear.x=0.219, angular.z=0.000, scaled_angular.z=0.000
[INFO] [1791450498.068526324] [serial_twistctl_node]: [SERIAL_TX] Timestamp: 1791450498068516316, Sending command (1/1): vcx=0.219,wc=0.000
 [19 bytes written]
[INFO] [1791450498.118697684] [serial_twistctl_node]: [TWIST_RX] Received Twist message - linear.x=0.216, angular.z=0.000, scaled_angular.z=0.000
[INFO] [1791450498.118739220] [serial_twistctl_node]: [SERIAL_TX] Timestamp: 1791450498118728745, Sending command (1/1): vcx=0.216,wc=0.000
 [19 bytes written]
[INFO] [1791450498.168666913] [serial_twistctl_node]: [TWIST_RX] Received Twist message - linear.x=0.218, angular.z=0.000, scaled_angular.z=0.000
[INFO] [1791450498.168704636] [serial_twistctl_node]: [SERIAL_TX] Timestamp: 1791450498168697236, Sending command (1/1): vcx=0.218,wc=0.000
 [19 bytes written]
[INFO] [1791450498.218607281] [serial_twistctl_node]: [TWIST_RX] Received Twist message - linear.x=0.221, angular.z=0.000, scaled_angular.z=0.000
[INFO] [1791450498.218655017] [serial_twistctl_node]: [SERIAL_TX] Timestamp: 1791450498218643716, Sending command (1/1): vcx=0.221,wc=0.000
 [19 bytes written]
[INFO] [1791450498.268586400] [serial_twistctl_node]: [TWIST_RX] Received Twist message - linear.x=0.218, angular.z=0.000, scaled_angular.z=0.000
[INFO] [1791450498.268645183] [serial_twistctl_node]: [SERIAL_TX] Timestamp: 1791450498268635709, Sending command (1/1): vcx=0.218,wc=0.000
 [19 bytes written]
[INFO] [1791450498.318618769] [serial_twistctl_node]: [TWIST_RX] Received Twist message - linear.x=0.220, angular.z=0.000, scaled_angular.z=0.000
[INFO] [1791450498.318662192] [serial_twistctl_node]: [SERIAL_TX] Timestamp: 1791450498318648414, Sending command (1/1): vcx=0.220,wc=0.000
 [19 bytes written]
[INFO] [1791450498.368593901] [serial_twistctl_node]: [TWIST_RX] Received Twist message - linear.x=0.217, angular.z=0.000, scaled_angular.z=0.000
[INFO] [1791450498.368643064] [serial_twistctl_node]: [SERIAL_TX] Timestamp: 1791450498368629247, Sending command (1/1): vcx=0.217,wc=0.000
 [19 bytes written]
[INFO] [1791450498.418438725] [serial_twistctl_node]: [TWIST_RX] Received Twist message - linear.x=0.220, angular.z=0.000, scaled_angular.z=0.000
[INFO] [1791450498.418486198] [serial_twistctl_node]: [SERIAL_TX] Timestamp: 1791450498418477896, Sending command (1/1): vcx=0.220,wc=0.000
 [19 bytes written]
[INFO] [1791450498.468697699] [serial_twistctl_node]: [TWIST_RX] Received Twist message - linear.x=0.217, angular.z=0.000, scaled_angular.z=0.000
[INFO] [1791450498.468736595] [serial_twistctl_node]: [SERIAL_TX] Timestamp: 1791450498468728291, Sending command (1/1): vcx=0.217,wc=0.000
 [19 bytes written]
[INFO] [1791450498.518529718] [serial_twistctl_node]: [TWIST_RX] Received Twist message - linear.x=0.219, angular.z=0.000, scaled_angular.z=0.000
[INFO] [1791450498.518570870] [serial_twistctl_node]: [SERIAL_TX] Timestamp: 1791450498518562378, Sending command (1/1): vcx=0.219,wc=0.000
 [19 bytes written]
[INFO] [1791450498.568581824] [serial_twistctl_node]: [TWIST_RX] Received Twist message - linear.x=0.216, angular.z=0.000, scaled_angular.z=0.000
[INFO] [1791450498.568617967] [serial_twistctl_node]: [SERIAL_TX] Timestamp: 1791450498568610465, Sending command (1/1): vcx=0.216,wc=0.000
 [19 bytes written]
[INFO] [1791450498.618392135] [serial_twistctl_node]: [TWIST_RX] Received Twist message - linear.x=0.218, angular.z=0.000, scaled_angular.z=0.000
[INFO] [1791450498.618427682] [serial_twistctl_node]: [SERIAL_TX] Timestamp: 1791450498618419491, Sending command (1/1): vcx=0.218,wc=0.000
 [19 bytes written]
[INFO] [1791450498.668563802] [serial_twistctl_node]: [TWIST_RX] Received Twist message - linear.x=0.216, angular.z=0.000, scaled_angular.z=0.000
[INFO] [1791450498.668605674] [serial_twistctl_node]: [SERIAL_TX] Timestamp: 1791450498668596720, Sending command (1/1): vcx=0.216,wc=0.000
 [19 bytes written]
[INFO] [1791450498.718463431] [serial_twistctl_node]: [TWIST_RX] Received Twist message - linear.x=0.218, angular.z=0.000, scaled_angular.z=0.000
[INFO] [1791450498.718509466] [serial_twistctl_node]: [SERIAL_TX] Timestamp: 1791450498718498483, Sending command (1/1): vcx=0.218,wc=0.000
 [19 bytes written]
[INFO] [1791450498.768617744] [serial_twistctl_node]: [TWIST_RX] Received Twist message - linear.x=0.216, angular.z=0.000, scaled_angular.z=0.000
[INFO] [1791450498.768654426] [serial_twistctl_node]: [SERIAL_TX] Timestamp: 1791450498768646274, Sending command (1/1): vcx=0.216,wc=0.000
 [19 bytes written]
[INFO] [1791450498.818584891] [serial_twistctl_node]: [TWIST_RX] Received Twist message - linear.x=0.219, angular.z=0.000, scaled_angular.z=0.000
[INFO] [1791450498.818627217] [serial_twistctl_node]: [SERIAL_TX] Timestamp: 1791450498818617109, Sending command (1/1): vcx=0.219,wc=0.000
 [19 bytes written]
[INFO] [1791450498.868604217] [serial_twistctl_node]: [TWIST_RX] Received Twist message - linear.x=0.217, angular.z=0.000, scaled_angular.z=0.000
[INFO] [1791450498.868635610] [serial_twistctl_node]: [SERIAL_TX] Timestamp: 1791450498868628776, Sending command (1/1): vcx=0.217,wc=0.000
 [19 bytes written]
[INFO] [1791450498.918573693] [serial_twistctl_node]: [TWIST_RX] Received Twist message - linear.x=0.219, angular.z=0.000, scaled_angular.z=0.000
[INFO] [1791450498.918612676] [serial_twistctl_node]: [SERIAL_TX] Timestamp: 1791450498918603901, Sending command (1/1): vcx=0.219,wc=0.000
 [19 bytes written]
[INFO] [1791450498.968715252] [serial_twistctl_node]: [TWIST_RX] Received Twist message - linear.x=0.217, angular.z=0.000, scaled_angular.z=0.000
[INFO] [1791450498.968755111] [serial_twistctl_node]: [SERIAL_TX] Timestamp: 1791450498968746082, Sending command (1/1): vcx=0.217,wc=0.000
 [19 bytes written]
[INFO] [1791450499.018749174] [serial_twistctl_node]: [TWIST_RX] Received Twist message - linear.x=0.219, angular.z=0.000, scaled_angular.z=0.000
[INFO] [1791450499.018790300] [serial_twistctl_node]: [SERIAL_TX] Timestamp: 1791450499018781190, Sending command (1/1): vcx=0.219,wc=0.000
 [19 bytes written]
[INFO] [1791450499.068802461] [serial_twistctl_node]: [TWIST_RX] Received Twist message - linear.x=0.217, angular.z=0.000, scaled_angular.z=0.000
[INFO] [1791450499.068846474] [serial_twistctl_node]: [SERIAL_TX] Timestamp: 1791450499068839021, Sending command (1/1): vcx=0.217,wc=0.000
 [19 bytes written]
[INFO] [1791450499.118697811] [serial_twistctl_node]: [TWIST_RX] Received Twist message - linear.x=0.000, angular.z=0.000, scaled_angular.z=0.000
[INFO] [1791450499.118733950] [serial_twistctl_node]: [SERIAL_TX] Timestamp: 1791450499118725169, Sending command (1/1): vcx=0.000,wc=0.000
 [19 bytes written]
[INFO] [1791450499.168568079] [serial_twistctl_node]: [TWIST_RX] Received Twist message - linear.x=0.000, angular.z=0.000, scaled_angular.z=0.000
[INFO] [1791450499.168600395] [serial_twistctl_node]: [SERIAL_TX] Timestamp: 1791450499168592756, Sending command (1/1): vcx=0.000,wc=0.000
 [19 bytes written]
[INFO] [1791450499.218474116] [serial_twistctl_node]: [TWIST_RX] Received Twist message - linear.x=0.000, angular.z=0.000, scaled_angular.z=0.000
[INFO] [1791450499.218524179] [serial_twistctl_node]: [SERIAL_TX] Timestamp: 1791450499218513160, Sending command (1/1): vcx=0.000,wc=0.000
 [19 bytes written]
[INFO] [1791450499.268731403] [serial_twistctl_node]: [TWIST_RX] Received Twist message - linear.x=0.000, angular.z=0.000, scaled_angular.z=0.000
[INFO] [1791450499.268767014] [serial_twistctl_node]: [SERIAL_TX] Timestamp: 1791450499268758985, Sending command (1/1): vcx=0.000,wc=0.000
 [19 bytes written]
[INFO] [1791450499.318465405] [serial_twistctl_node]: [TWIST_RX] Received Twist message - linear.x=0.000, angular.z=0.000, scaled_angular.z=0.000
[INFO] [1791450499.318503209] [serial_twistctl_node]: [SERIAL_TX] Timestamp: 1791450499318495215, Sending command (1/1): vcx=0.000,wc=0.000
 [19 bytes written]
[INFO] [1791450499.368732714] [serial_twistctl_node]: [TWIST_RX] Received Twist message - linear.x=0.000, angular.z=0.000, scaled_angular.z=0.000
[INFO] [1791450499.368765220] [serial_twistctl_node]: [SERIAL_TX] Timestamp: 1791450499368758308, Sending command (1/1): vcx=0.000,wc=0.000
 [19 bytes written]
[INFO] [1791450499.418461172] [serial_twistctl_node]: [TWIST_RX] Received Twist message - linear.x=0.000, angular.z=0.000, scaled_angular.z=0.000
[INFO] [1791450499.418496387] [serial_twistctl_node]: [SERIAL_TX] Timestamp: 1791450499418488123, Sending command (1/1): vcx=0.000,wc=0.000
 [19 bytes written]
[INFO] [1791450499.468709805] [serial_twistctl_node]: [TWIST_RX] Received Twist message - linear.x=0.000, angular.z=0.000, scaled_angular.z=0.000
[INFO] [1791450499.468743885] [serial_twistctl_node]: [SERIAL_TX] Timestamp: 1791450499468736487, Sending command (1/1): vcx=0.000,wc=0.000
 [19 bytes written]
[INFO] [1791450499.518429398] [serial_twistctl_node]: [TWIST_RX] Received Twist message - linear.x=0.000, angular.z=0.000, scaled_angular.z=0.000
[INFO] [1791450499.518471846] [serial_twistctl_node]: [SERIAL_TX] Timestamp: 1791450499518461562, Sending command (1/1): vcx=0.000,wc=0.000
 [19 bytes written]
[INFO] [1791450499.568528929] [serial_twistctl_node]: [TWIST_RX] Received Twist message - linear.x=0.000, angular.z=0.000, scaled_angular.z=0.000
[INFO] [1791450499.568561679] [serial_twistctl_node]: [SERIAL_TX] Timestamp: 1791450499568553486, Sending command (1/1): vcx=0.000,wc=0.000
 [19 bytes written]
[INFO] [1791450499.618599329] [serial_twistctl_node]: [TWIST_RX] Received Twist message - linear.x=0.000, angular.z=0.000, scaled_angular.z=0.000
[INFO] [1791450499.618636311] [serial_twistctl_node]: [SERIAL_TX] Timestamp: 1791450499618627213, Sending command (1/1): vcx=0.000,wc=0.000
 [19 bytes written]
[INFO] [1791450499.668614425] [serial_twistctl_node]: [TWIST_RX] Received Twist message - linear.x=0.000, angular.z=0.000, scaled_angular.z=0.000
[INFO] [1791450499.668647665] [serial_twistctl_node]: [SERIAL_TX] Timestamp: 1791450499668640159, Sending command (1/1): vcx=0.000,wc=0.000
 [19 bytes written]
[INFO] [1791450499.718596894] [serial_twistctl_node]: [TWIST_RX] Received Twist message - linear.x=0.000, angular.z=0.000, scaled_angular.z=0.000
[INFO] [1791450499.718636029] [serial_twistctl_node]: [SERIAL_TX] Timestamp: 1791450499718626394, Sending command (1/1): vcx=0.000,wc=0.000
 [19 bytes written]
[INFO] [1791450499.768594017] [serial_twistctl_node]: [TWIST_RX] Received Twist message - linear.x=0.000, angular.z=0.000, scaled_angular.z=0.000
[INFO] [1791450499.768630127] [serial_twistctl_node]: [SERIAL_TX] Timestamp: 1791450499768621728, Sending command (1/1): vcx=0.000,wc=0.000
 [19 bytes written]
[INFO] [1791450499.818598033] [serial_twistctl_node]: [TWIST_RX] Received Twist message - linear.x=0.000, angular.z=0.000, scaled_angular.z=0.000
[INFO] [1791450499.818635669] [serial_twistctl_node]: [SERIAL_TX] Timestamp: 1791450499818626920, Sending command (1/1): vcx=0.000,wc=0.000
 [19 bytes written]
[INFO] [1791450499.868393743] [serial_twistctl_node]: [TWIST_RX] Received Twist message - linear.x=0.000, angular.z=0.000, scaled_angular.z=0.000
[INFO] [1791450499.868430567] [serial_twistctl_node]: [SERIAL_TX] Timestamp: 1791450499868422000, Sending command (1/1): vcx=0.000,wc=0.000
 [19 bytes written]
[INFO] [1791450499.918615479] [serial_twistctl_node]: [TWIST_RX] Received Twist message - linear.x=0.000, angular.z=0.000, scaled_angular.z=0.000
[INFO] [1791450499.918653681] [serial_twistctl_node]: [SERIAL_TX] Timestamp: 1791450499918644995, Sending command (1/1): vcx=0.000,wc=0.000
 [19 bytes written]
[INFO] [1791450499.968495933] [serial_twistctl_node]: [TWIST_RX] Received Twist message - linear.x=0.000, angular.z=0.000, scaled_angular.z=0.000
[INFO] [1791450499.968533460] [serial_twistctl_node]: [SERIAL_TX] Timestamp: 1791450499968525225, Sending command (1/1): vcx=0.000,wc=0.000
 [19 bytes written]
[INFO] [1791450500.018484122] [serial_twistctl_node]: [TWIST_RX] Received Twist message - linear.x=0.000, angular.z=0.000, scaled_angular.z=0.000
[INFO] [1791450500.018525230] [serial_twistctl_node]: [SERIAL_TX] Timestamp: 1791450500018517300, Sending command (1/1): vcx=0.000,wc=0.000
 [19 bytes written]
[INFO] [1791450500.068571669] [serial_twistctl_node]: [TWIST_RX] Received Twist message - linear.x=0.000, angular.z=0.000, scaled_angular.z=0.000
[INFO] [1791450500.068616218] [serial_twistctl_node]: [SERIAL_TX] Timestamp: 1791450500068606161, Sending command (1/1): vcx=0.000,wc=0.000
 [19 bytes written]
[INFO] [1791450500.118558948] [serial_twistctl_node]: [TWIST_RX] Received Twist message - linear.x=0.000, angular.z=0.000, scaled_angular.z=0.000
[INFO] [1791450500.118597572] [serial_twistctl_node]: [SERIAL_TX] Timestamp: 1791450500118588585, Sending command (1/1): vcx=0.000,wc=0.000
 [19 bytes written]
[INFO] [1791450500.168544726] [serial_twistctl_node]: [TWIST_RX] Received Twist message - linear.x=0.000, angular.z=0.000, scaled_angular.z=0.000
[INFO] [1791450500.168578190] [serial_twistctl_node]: [SERIAL_TX] Timestamp: 1791450500168570960, Sending command (1/1): vcx=0.000,wc=0.000
 [19 bytes written]
[INFO] [1791450500.218466928] [serial_twistctl_node]: [TWIST_RX] Received Twist message - linear.x=0.000, angular.z=0.000, scaled_angular.z=0.000
[INFO] [1791450500.218513553] [serial_twistctl_node]: [SERIAL_TX] Timestamp: 1791450500218503279, Sending command (1/1): vcx=0.000,wc=0.000
 [19 bytes written]
[INFO] [1791450500.268540392] [serial_twistctl_node]: [TWIST_RX] Received Twist message - linear.x=0.000, angular.z=0.000, scaled_angular.z=0.000
[INFO] [1791450500.268582034] [serial_twistctl_node]: [SERIAL_TX] Timestamp: 1791450500268572599, Sending command (1/1): vcx=0.000,wc=0.000
 [19 bytes written]
[INFO] [1791450500.318424532] [serial_twistctl_node]: [TWIST_RX] Received Twist message - linear.x=0.000, angular.z=0.000, scaled_angular.z=0.000
[INFO] [1791450500.318463723] [serial_twistctl_node]: [SERIAL_TX] Timestamp: 1791450500318454965, Sending command (1/1): vcx=0.000,wc=0.000
 [19 bytes written]
[INFO] [1791450500.368477044] [serial_twistctl_node]: [TWIST_RX] Received Twist message - linear.x=0.000, angular.z=0.000, scaled_angular.z=0.000
[INFO] [1791450500.368509763] [serial_twistctl_node]: [SERIAL_TX] Timestamp: 1791450500368502248, Sending command (1/1): vcx=0.000,wc=0.000
 [19 bytes written]
[INFO] [1791450500.418530426] [serial_twistctl_node]: [TWIST_RX] Received Twist message - linear.x=0.000, angular.z=0.000, scaled_angular.z=0.000
[INFO] [1791450500.418575194] [serial_twistctl_node]: [SERIAL_TX] Timestamp: 1791450500418567293, Sending command (1/1): vcx=0.000,wc=0.000
 [19 bytes written]
[INFO] [1791450500.468532243] [serial_twistctl_node]: [TWIST_RX] Received Twist message - linear.x=0.000, angular.z=0.000, scaled_angular.z=0.000
[INFO] [1791450500.468567423] [serial_twistctl_node]: [SERIAL_TX] Timestamp: 1791450500468558777, Sending command (1/1): vcx=0.000,wc=0.000
 [19 bytes written]
[INFO] [1791450500.518695966] [serial_twistctl_node]: [TWIST_RX] Received Twist message - linear.x=0.000, angular.z=0.000, scaled_angular.z=0.000
[INFO] [1791450500.518736039] [serial_twistctl_node]: [SERIAL_TX] Timestamp: 1791450500518726187, Sending command (1/1): vcx=0.000,wc=0.000
 [19 bytes written]
[INFO] [1791450500.568459794] [serial_twistctl_node]: [TWIST_RX] Received Twist message - linear.x=0.000, angular.z=0.000, scaled_angular.z=0.000
[INFO] [1791450500.568492904] [serial_twistctl_node]: [SERIAL_TX] Timestamp: 1791450500568485635, Sending command (1/1): vcx=0.000,wc=0.000
 [19 bytes written]
[INFO] [1791450500.618598827] [serial_twistctl_node]: [TWIST_RX] Received Twist message - linear.x=0.000, angular.z=0.000, scaled_angular.z=0.000
[INFO] [1791450500.618635786] [serial_twistctl_node]: [SERIAL_TX] Timestamp: 1791450500618627262, Sending command (1/1): vcx=0.000,wc=0.000
 [19 bytes written]
[INFO] [1791450500.668629953] [serial_twistctl_node]: [TWIST_RX] Received Twist message - linear.x=0.000, angular.z=0.000, scaled_angular.z=0.000
[INFO] [1791450500.668663017] [serial_twistctl_node]: [SERIAL_TX] Timestamp: 1791450500668655364, Sending command (1/1): vcx=0.000,wc=0.000
 [19 bytes written]
[INFO] [1791450500.718532644] [serial_twistctl_node]: [TWIST_RX] Received Twist message - linear.x=0.000, angular.z=0.000, scaled_angular.z=0.000
[INFO] [1791450500.718567287] [serial_twistctl_node]: [SERIAL_TX] Timestamp: 1791450500718559332, Sending command (1/1): vcx=0.000,wc=0.000
 [19 bytes written]
[INFO] [1791450500.768523168] [serial_twistctl_node]: [TWIST_RX] Received Twist message - linear.x=0.000, angular.z=0.000, scaled_angular.z=0.000
[INFO] [1791450500.768566676] [serial_twistctl_node]: [SERIAL_TX] Timestamp: 1791450500768556465, Sending command (1/1): vcx=0.000,wc=0.000
 [19 bytes written]
[INFO] [1791450500.818541369] [serial_twistctl_node]: [TWIST_RX] Received Twist message - linear.x=0.000, angular.z=0.000, scaled_angular.z=0.000
[INFO] [1791450500.818578942] [serial_twistctl_node]: [SERIAL_TX] Timestamp: 1791450500818570942, Sending command (1/1): vcx=0.000,wc=0.000
 [19 bytes written]
[INFO] [1791450500.868558805] [serial_twistctl_node]: [TWIST_RX] Received Twist message - linear.x=0.000, angular.z=0.000, scaled_angular.z=0.000
[INFO] [1791450500.868592169] [serial_twistctl_node]: [SERIAL_TX] Timestamp: 1791450500868584521, Sending command (1/1): vcx=0.000,wc=0.000
 [19 bytes written]
[INFO] [1791450500.918554408] [serial_twistctl_node]: [TWIST_RX] Received Twist message - linear.x=0.000, angular.z=0.000, scaled_angular.z=0.000
[INFO] [1791450500.918596669] [serial_twistctl_node]: [SERIAL_TX] Timestamp: 1791450500918587353, Sending command (1/1): vcx=0.000,wc=0.000
 [19 bytes written]
[INFO] [1791450500.968488693] [serial_twistctl_node]: [TWIST_RX] Received Twist message - linear.x=0.000, angular.z=0.000, scaled_angular.z=0.000
[INFO] [1791450500.968523661] [serial_twistctl_node]: [SERIAL_TX] Timestamp: 1791450500968515301, Sending command (1/1): vcx=0.000,wc=0.000
 [19 bytes written]
[INFO] [1791450501.018606614] [serial_twistctl_node]: [TWIST_RX] Received Twist message - linear.x=0.000, angular.z=0.000, scaled_angular.z=0.000
[INFO] [1791450501.018648727] [serial_twistctl_node]: [SERIAL_TX] Timestamp: 1791450501018639704, Sending command (1/1): vcx=0.000,wc=0.000
 [19 bytes written]
[INFO] [1791450501.068631585] [serial_twistctl_node]: [TWIST_RX] Received Twist message - linear.x=0.000, angular.z=0.000, scaled_angular.z=0.000
[INFO] [1791450501.068675767] [serial_twistctl_node]: [SERIAL_TX] Timestamp: 1791450501068667790, Sending command (1/1): vcx=0.000,wc=0.000
 [19 bytes written]
[INFO] [1791450501.118499035] [serial_twistctl_node]: [TWIST_RX] Received Twist message - linear.x=0.000, angular.z=0.000, scaled_angular.z=0.000
[INFO] [1791450501.118535502] [serial_twistctl_node]: [SERIAL_TX] Timestamp: 1791450501118527781, Sending command (1/1): vcx=0.000,wc=0.000
 [19 bytes written]
[INFO] [1791450501.168677658] [serial_twistctl_node]: [TWIST_RX] Received Twist message - linear.x=0.000, angular.z=0.000, scaled_angular.z=0.000
[INFO] [1791450501.168710764] [serial_twistctl_node]: [SERIAL_TX] Timestamp: 1791450501168703562, Sending command (1/1): vcx=0.000,wc=0.000
 [19 bytes written]
[INFO] [1791450501.218514166] [serial_twistctl_node]: [TWIST_RX] Received Twist message - linear.x=0.000, angular.z=0.000, scaled_angular.z=0.000
[INFO] [1791450501.218553558] [serial_twistctl_node]: [SERIAL_TX] Timestamp: 1791450501218544870, Sending command (1/1): vcx=0.000,wc=0.000
 [19 bytes written]
[INFO] [1791450501.268613647] [serial_twistctl_node]: [TWIST_RX] Received Twist message - linear.x=0.000, angular.z=0.000, scaled_angular.z=0.000
[INFO] [1791450501.268651243] [serial_twistctl_node]: [SERIAL_TX] Timestamp: 1791450501268643625, Sending command (1/1): vcx=0.000,wc=0.000
 [19 bytes written]
[INFO] [1791450501.318630059] [serial_twistctl_node]: [TWIST_RX] Received Twist message - linear.x=0.000, angular.z=0.000, scaled_angular.z=0.000
[INFO] [1791450501.318668970] [serial_twistctl_node]: [SERIAL_TX] Timestamp: 1791450501318660834, Sending command (1/1): vcx=0.000,wc=0.000
 [19 bytes written]
[INFO] [1791450501.368560873] [serial_twistctl_node]: [TWIST_RX] Received Twist message - linear.x=0.000, angular.z=0.000, scaled_angular.z=0.000
[INFO] [1791450501.368597093] [serial_twistctl_node]: [SERIAL_TX] Timestamp: 1791450501368589382, Sending command (1/1): vcx=0.000,wc=0.000
 [19 bytes written]
[INFO] [1791450501.418562021] [serial_twistctl_node]: [TWIST_RX] Received Twist message - linear.x=0.000, angular.z=0.000, scaled_angular.z=0.000
[INFO] [1791450501.418606750] [serial_twistctl_node]: [SERIAL_TX] Timestamp: 1791450501418598403, Sending command (1/1): vcx=0.000,wc=0.000
 [19 bytes written]
[INFO] [1791450501.468607007] [serial_twistctl_node]: [TWIST_RX] Received Twist message - linear.x=0.000, angular.z=0.000, scaled_angular.z=0.000
[INFO] [1791450501.468641539] [serial_twistctl_node]: [SERIAL_TX] Timestamp: 1791450501468633918, Sending command (1/1): vcx=0.000,wc=0.000
 [19 bytes written]
[INFO] [1791450501.518637164] [serial_twistctl_node]: [TWIST_RX] Received Twist message - linear.x=0.000, angular.z=0.000, scaled_angular.z=0.000
[INFO] [1791450501.518674636] [serial_twistctl_node]: [SERIAL_TX] Timestamp: 1791450501518665460, Sending command (1/1): vcx=0.000,wc=0.000
 [19 bytes written]
[INFO] [1791450501.568609575] [serial_twistctl_node]: [TWIST_RX] Received Twist message - linear.x=0.021, angular.z=0.000, scaled_angular.z=0.000
[INFO] [1791450501.568643680] [serial_twistctl_node]: [SERIAL_TX] Timestamp: 1791450501568636413, Sending command (1/1): vcx=0.021,wc=0.000
 [19 bytes written]
[INFO] [1791450501.618613010] [serial_twistctl_node]: [TWIST_RX] Received Twist message - linear.x=0.042, angular.z=0.000, scaled_angular.z=0.000
[INFO] [1791450501.618650271] [serial_twistctl_node]: [SERIAL_TX] Timestamp: 1791450501618643011, Sending command (1/1): vcx=0.042,wc=0.000
 [19 bytes written]
[INFO] [1791450501.668585877] [serial_twistctl_node]: [TWIST_RX] Received Twist message - linear.x=0.064, angular.z=0.000, scaled_angular.z=0.000
[INFO] [1791450501.668624497] [serial_twistctl_node]: [SERIAL_TX] Timestamp: 1791450501668617579, Sending command (1/1): vcx=0.064,wc=0.000
 [19 bytes written]
[INFO] [1791450501.718611993] [serial_twistctl_node]: [TWIST_RX] Received Twist message - linear.x=0.085, angular.z=0.000, scaled_angular.z=0.000
[INFO] [1791450501.718646322] [serial_twistctl_node]: [SERIAL_TX] Timestamp: 1791450501718638875, Sending command (1/1): vcx=0.085,wc=0.000
 [19 bytes written]
[INFO] [1791450501.768642875] [serial_twistctl_node]: [TWIST_RX] Received Twist message - linear.x=0.106, angular.z=0.000, scaled_angular.z=0.000
[INFO] [1791450501.768686522] [serial_twistctl_node]: [SERIAL_TX] Timestamp: 1791450501768678904, Sending command (1/1): vcx=0.106,wc=0.000
 [19 bytes written]
[INFO] [1791450501.818876336] [serial_twistctl_node]: [TWIST_RX] Received Twist message - linear.x=0.127, angular.z=0.000, scaled_angular.z=0.000
[INFO] [1791450501.818915485] [serial_twistctl_node]: [SERIAL_TX] Timestamp: 1791450501818908003, Sending command (1/1): vcx=0.127,wc=0.000
 [19 bytes written]
[INFO] [1791450501.868631688] [serial_twistctl_node]: [TWIST_RX] Received Twist message - linear.x=0.149, angular.z=0.000, scaled_angular.z=0.000
[INFO] [1791450501.868662748] [serial_twistctl_node]: [SERIAL_TX] Timestamp: 1791450501868656346, Sending command (1/1): vcx=0.149,wc=0.000
 [19 bytes written]
[INFO] [1791450501.918645925] [serial_twistctl_node]: [TWIST_RX] Received Twist message - linear.x=0.170, angular.z=0.000, scaled_angular.z=0.000
[INFO] [1791450501.918688023] [serial_twistctl_node]: [SERIAL_TX] Timestamp: 1791450501918678743, Sending command (1/1): vcx=0.170,wc=0.000
 [19 bytes written]
[INFO] [1791450501.968578087] [serial_twistctl_node]: [TWIST_RX] Received Twist message - linear.x=0.191, angular.z=0.000, scaled_angular.z=0.000
[INFO] [1791450501.968611784] [serial_twistctl_node]: [SERIAL_TX] Timestamp: 1791450501968604010, Sending command (1/1): vcx=0.191,wc=0.000
 [19 bytes written]
[INFO] [1791450502.018618468] [serial_twistctl_node]: [TWIST_RX] Received Twist message - linear.x=0.212, angular.z=0.000, scaled_angular.z=0.000
[INFO] [1791450502.018661629] [serial_twistctl_node]: [SERIAL_TX] Timestamp: 1791450502018652989, Sending command (1/1): vcx=0.212,wc=0.000
 [19 bytes written]
[INFO] [1791450502.068666370] [serial_twistctl_node]: [TWIST_RX] Received Twist message - linear.x=0.217, angular.z=0.000, scaled_angular.z=0.000
[INFO] [1791450502.068699589] [serial_twistctl_node]: [SERIAL_TX] Timestamp: 1791450502068692151, Sending command (1/1): vcx=0.217,wc=0.000
 [19 bytes written]
[INFO] [1791450502.118527297] [serial_twistctl_node]: [TWIST_RX] Received Twist message - linear.x=0.220, angular.z=0.000, scaled_angular.z=0.000
[INFO] [1791450502.118566449] [serial_twistctl_node]: [SERIAL_TX] Timestamp: 1791450502118557193, Sending command (1/1): vcx=0.220,wc=0.000
 [19 bytes written]
[INFO] [1791450502.168569998] [serial_twistctl_node]: [TWIST_RX] Received Twist message - linear.x=0.217, angular.z=0.000, scaled_angular.z=0.000
[INFO] [1791450502.168603231] [serial_twistctl_node]: [SERIAL_TX] Timestamp: 1791450502168595996, Sending command (1/1): vcx=0.217,wc=0.000
 [19 bytes written]
[INFO] [1791450502.218517430] [serial_twistctl_node]: [TWIST_RX] Received Twist message - linear.x=0.220, angular.z=0.000, scaled_angular.z=0.000
[INFO] [1791450502.218566685] [serial_twistctl_node]: [SERIAL_TX] Timestamp: 1791450502218556659, Sending command (1/1): vcx=0.220,wc=0.000
 [19 bytes written]
[INFO] [1791450502.268570734] [serial_twistctl_node]: [TWIST_RX] Received Twist message - linear.x=0.217, angular.z=0.000, scaled_angular.z=0.000
[INFO] [1791450502.268613802] [serial_twistctl_node]: [SERIAL_TX] Timestamp: 1791450502268604333, Sending command (1/1): vcx=0.217,wc=0.000
 [19 bytes written]
[INFO] [1791450502.318525513] [serial_twistctl_node]: [TWIST_RX] Received Twist message - linear.x=0.219, angular.z=0.000, scaled_angular.z=0.000
[INFO] [1791450502.318565642] [serial_twistctl_node]: [SERIAL_TX] Timestamp: 1791450502318556960, Sending command (1/1): vcx=0.219,wc=0.000
 [19 bytes written]
[INFO] [1791450502.368566721] [serial_twistctl_node]: [TWIST_RX] Received Twist message - linear.x=0.216, angular.z=0.000, scaled_angular.z=0.000
[INFO] [1791450502.368605023] [serial_twistctl_node]: [SERIAL_TX] Timestamp: 1791450502368596713, Sending command (1/1): vcx=0.216,wc=0.000
 [19 bytes written]
[INFO] [1791450502.418705359] [serial_twistctl_node]: [TWIST_RX] Received Twist message - linear.x=0.218, angular.z=0.000, scaled_angular.z=0.000
[INFO] [1791450502.418755578] [serial_twistctl_node]: [SERIAL_TX] Timestamp: 1791450502418746676, Sending command (1/1): vcx=0.218,wc=0.000
 [19 bytes written]
[INFO] [1791450502.468571442] [serial_twistctl_node]: [TWIST_RX] Received Twist message - linear.x=0.221, angular.z=0.000, scaled_angular.z=0.000
[INFO] [1791450502.468612178] [serial_twistctl_node]: [SERIAL_TX] Timestamp: 1791450502468603454, Sending command (1/1): vcx=0.221,wc=0.000
 [19 bytes written]
[INFO] [1791450502.518586557] [serial_twistctl_node]: [TWIST_RX] Received Twist message - linear.x=0.218, angular.z=0.000, scaled_angular.z=0.000
[INFO] [1791450502.518624274] [serial_twistctl_node]: [SERIAL_TX] Timestamp: 1791450502518615943, Sending command (1/1): vcx=0.218,wc=0.000
 [19 bytes written]
[INFO] [1791450502.568554337] [serial_twistctl_node]: [TWIST_RX] Received Twist message - linear.x=0.221, angular.z=0.000, scaled_angular.z=0.000
[INFO] [1791450502.568595129] [serial_twistctl_node]: [SERIAL_TX] Timestamp: 1791450502568585821, Sending command (1/1): vcx=0.221,wc=0.000
 [19 bytes written]
[INFO] [1791450502.618594141] [serial_twistctl_node]: [TWIST_RX] Received Twist message - linear.x=0.218, angular.z=0.000, scaled_angular.z=0.000
[INFO] [1791450502.618630425] [serial_twistctl_node]: [SERIAL_TX] Timestamp: 1791450502618622718, Sending command (1/1): vcx=0.218,wc=0.000
 [19 bytes written]
[INFO] [1791450502.668552421] [serial_twistctl_node]: [TWIST_RX] Received Twist message - linear.x=0.221, angular.z=0.000, scaled_angular.z=0.000
[INFO] [1791450502.668587353] [serial_twistctl_node]: [SERIAL_TX] Timestamp: 1791450502668579083, Sending command (1/1): vcx=0.221,wc=0.000
 [19 bytes written]
[INFO] [1791450502.718657291] [serial_twistctl_node]: [TWIST_RX] Received Twist message - linear.x=0.217, angular.z=0.000, scaled_angular.z=0.000
[INFO] [1791450502.718707637] [serial_twistctl_node]: [SERIAL_TX] Timestamp: 1791450502718699640, Sending command (1/1): vcx=0.217,wc=0.000
 [19 bytes written]
[INFO] [1791450502.768585190] [serial_twistctl_node]: [TWIST_RX] Received Twist message - linear.x=0.220, angular.z=0.000, scaled_angular.z=0.000
[INFO] [1791450502.768626226] [serial_twistctl_node]: [SERIAL_TX] Timestamp: 1791450502768617513, Sending command (1/1): vcx=0.220,wc=0.000
 [19 bytes written]
[INFO] [1791450502.818676635] [serial_twistctl_node]: [TWIST_RX] Received Twist message - linear.x=0.217, angular.z=0.000, scaled_angular.z=0.000
[INFO] [1791450502.818715509] [serial_twistctl_node]: [SERIAL_TX] Timestamp: 1791450502818707791, Sending command (1/1): vcx=0.217,wc=0.000
 [19 bytes written]
[INFO] [1791450502.868453745] [serial_twistctl_node]: [TWIST_RX] Received Twist message - linear.x=0.219, angular.z=0.000, scaled_angular.z=0.000
[INFO] [1791450502.868491631] [serial_twistctl_node]: [SERIAL_TX] Timestamp: 1791450502868483088, Sending command (1/1): vcx=0.219,wc=0.000
 [19 bytes written]
[INFO] [1791450502.918673829] [serial_twistctl_node]: [TWIST_RX] Received Twist message - linear.x=0.216, angular.z=0.000, scaled_angular.z=0.000
[INFO] [1791450502.918711491] [serial_twistctl_node]: [SERIAL_TX] Timestamp: 1791450502918703570, Sending command (1/1): vcx=0.216,wc=0.000
 [19 bytes written]
[INFO] [1791450502.968606761] [serial_twistctl_node]: [TWIST_RX] Received Twist message - linear.x=0.000, angular.z=0.000, scaled_angular.z=0.000
[INFO] [1791450502.968651997] [serial_twistctl_node]: [SERIAL_TX] Timestamp: 1791450502968642288, Sending command (1/1): vcx=0.000,wc=0.000
 [19 bytes written]
[INFO] [1791450503.018681107] [serial_twistctl_node]: [TWIST_RX] Received Twist message - linear.x=0.000, angular.z=0.000, scaled_angular.z=0.000
[INFO] [1791450503.018721801] [serial_twistctl_node]: [SERIAL_TX] Timestamp: 1791450503018713490, Sending command (1/1): vcx=0.000,wc=0.000
 [19 bytes written]
[INFO] [1791450503.068682803] [serial_twistctl_node]: [TWIST_RX] Received Twist message - linear.x=0.000, angular.z=0.000, scaled_angular.z=0.000
[INFO] [1791450503.068728445] [serial_twistctl_node]: [SERIAL_TX] Timestamp: 1791450503068720207, Sending command (1/1): vcx=0.000,wc=0.000
 [19 bytes written]
[INFO] [1791450503.118536074] [serial_twistctl_node]: [TWIST_RX] Received Twist message - linear.x=0.000, angular.z=0.000, scaled_angular.z=0.000
[INFO] [1791450503.118573033] [serial_twistctl_node]: [SERIAL_TX] Timestamp: 1791450503118565021, Sending command (1/1): vcx=0.000,wc=0.000
 [19 bytes written]
[INFO] [1791450503.168548070] [serial_twistctl_node]: [TWIST_RX] Received Twist message - linear.x=0.000, angular.z=0.000, scaled_angular.z=0.000
[INFO] [1791450503.168580332] [serial_twistctl_node]: [SERIAL_TX] Timestamp: 1791450503168573351, Sending command (1/1): vcx=0.000,wc=0.000
 [19 bytes written]
[INFO] [1791450503.218506975] [serial_twistctl_node]: [TWIST_RX] Received Twist message - linear.x=0.000, angular.z=0.000, scaled_angular.z=0.000
[INFO] [1791450503.218549983] [serial_twistctl_node]: [SERIAL_TX] Timestamp: 1791450503218540887, Sending command (1/1): vcx=0.000,wc=0.000
 [19 bytes written]
[INFO] [1791450503.268548777] [serial_twistctl_node]: [TWIST_RX] Received Twist message - linear.x=0.000, angular.z=0.000, scaled_angular.z=0.000
[INFO] [1791450503.268587337] [serial_twistctl_node]: [SERIAL_TX] Timestamp: 1791450503268579018, Sending command (1/1): vcx=0.000,wc=0.000
 [19 bytes written]
[INFO] [1791450503.318483294] [serial_twistctl_node]: [TWIST_RX] Received Twist message - linear.x=0.000, angular.z=0.000, scaled_angular.z=0.000
[INFO] [1791450503.318525076] [serial_twistctl_node]: [SERIAL_TX] Timestamp: 1791450503318516228, Sending command (1/1): vcx=0.000,wc=0.000
 [19 bytes written]
[INFO] [1791450503.368552939] [serial_twistctl_node]: [TWIST_RX] Received Twist message - linear.x=0.000, angular.z=0.000, scaled_angular.z=0.000
[INFO] [1791450503.368586407] [serial_twistctl_node]: [SERIAL_TX] Timestamp: 1791450503368579728, Sending command (1/1): vcx=0.000,wc=0.000
 [19 bytes written]
[INFO] [1791450503.418517443] [serial_twistctl_node]: [TWIST_RX] Received Twist message - linear.x=0.000, angular.z=0.000, scaled_angular.z=0.000
[INFO] [1791450503.418559878] [serial_twistctl_node]: [SERIAL_TX] Timestamp: 1791450503418549567, Sending command (1/1): vcx=0.000,wc=0.000
 [19 bytes written]
[INFO] [1791450503.468630358] [serial_twistctl_node]: [TWIST_RX] Received Twist message - linear.x=0.000, angular.z=0.000, scaled_angular.z=0.000
[INFO] [1791450503.468670562] [serial_twistctl_node]: [SERIAL_TX] Timestamp: 1791450503468662558, Sending command (1/1): vcx=0.000,wc=0.000
 [19 bytes written]
[INFO] [1791450503.518677411] [serial_twistctl_node]: [TWIST_RX] Received Twist message - linear.x=0.000, angular.z=0.000, scaled_angular.z=0.000
[INFO] [1791450503.518715975] [serial_twistctl_node]: [SERIAL_TX] Timestamp: 1791450503518707394, Sending command (1/1): vcx=0.000,wc=0.000
 [19 bytes written]
[INFO] [1791450503.568443578] [serial_twistctl_node]: [TWIST_RX] Received Twist message - linear.x=0.000, angular.z=0.000, scaled_angular.z=0.000
[INFO] [1791450503.568485576] [serial_twistctl_node]: [SERIAL_TX] Timestamp: 1791450503568476678, Sending command (1/1): vcx=0.000,wc=0.000
 [19 bytes written]
[INFO] [1791450503.618554266] [serial_twistctl_node]: [TWIST_RX] Received Twist message - linear.x=0.000, angular.z=0.000, scaled_angular.z=0.000
[INFO] [1791450503.618592362] [serial_twistctl_node]: [SERIAL_TX] Timestamp: 1791450503618583762, Sending command (1/1): vcx=0.000,wc=0.000
 [19 bytes written]
[INFO] [1791450503.668562772] [serial_twistctl_node]: [TWIST_RX] Received Twist message - linear.x=0.000, angular.z=0.000, scaled_angular.z=0.000
[INFO] [1791450503.668608459] [serial_twistctl_node]: [SERIAL_TX] Timestamp: 1791450503668598838, Sending command (1/1): vcx=0.000,wc=0.000
 [19 bytes written]
[INFO] [1791450503.718670297] [serial_twistctl_node]: [TWIST_RX] Received Twist message - linear.x=0.000, angular.z=0.000, scaled_angular.z=0.000
[INFO] [1791450503.718707328] [serial_twistctl_node]: [SERIAL_TX] Timestamp: 1791450503718698661, Sending command (1/1): vcx=0.000,wc=0.000
 [19 bytes written]
[INFO] [1791450503.768595175] [serial_twistctl_node]: [TWIST_RX] Received Twist message - linear.x=0.000, angular.z=0.000, scaled_angular.z=0.000
[INFO] [1791450503.768646643] [serial_twistctl_node]: [SERIAL_TX] Timestamp: 1791450503768639386, Sending command (1/1): vcx=0.000,wc=0.000
 [19 bytes written]
[INFO] [1791450503.818620061] [serial_twistctl_node]: [TWIST_RX] Received Twist message - linear.x=0.000, angular.z=0.000, scaled_angular.z=0.000
[INFO] [1791450503.818657924] [serial_twistctl_node]: [SERIAL_TX] Timestamp: 1791450503818649414, Sending command (1/1): vcx=0.000,wc=0.000
 [19 bytes written]
[INFO] [1791450503.868453728] [serial_twistctl_node]: [TWIST_RX] Received Twist message - linear.x=0.000, angular.z=0.000, scaled_angular.z=0.000
[INFO] [1791450503.868488829] [serial_twistctl_node]: [SERIAL_TX] Timestamp: 1791450503868480931, Sending command (1/1): vcx=0.000,wc=0.000
 [19 bytes written]
[INFO] [1791450503.918549389] [serial_twistctl_node]: [TWIST_RX] Received Twist message - linear.x=0.000, angular.z=0.000, scaled_angular.z=0.000
[INFO] [1791450503.918587362] [serial_twistctl_node]: [SERIAL_TX] Timestamp: 1791450503918579323, Sending command (1/1): vcx=0.000,wc=0.000
 [19 bytes written]
[INFO] [1791450503.968601293] [serial_twistctl_node]: [TWIST_RX] Received Twist message - linear.x=0.000, angular.z=0.000, scaled_angular.z=0.000
[INFO] [1791450503.968637588] [serial_twistctl_node]: [SERIAL_TX] Timestamp: 1791450503968629845, Sending command (1/1): vcx=0.000,wc=0.000
 [19 bytes written]
[INFO] [1791450504.018613565] [serial_twistctl_node]: [TWIST_RX] Received Twist message - linear.x=0.000, angular.z=0.000, scaled_angular.z=0.000
[INFO] [1791450504.018656896] [serial_twistctl_node]: [SERIAL_TX] Timestamp: 1791450504018647739, Sending command (1/1): vcx=0.000,wc=0.000
 [19 bytes written]
[INFO] [1791450504.068629152] [serial_twistctl_node]: [TWIST_RX] Received Twist message - linear.x=0.000, angular.z=0.000, scaled_angular.z=0.000
[INFO] [1791450504.068678014] [serial_twistctl_node]: [SERIAL_TX] Timestamp: 1791450504068667106, Sending command (1/1): vcx=0.000,wc=0.000
 [19 bytes written]
[INFO] [1791450504.118444002] [serial_twistctl_node]: [TWIST_RX] Received Twist message - linear.x=0.000, angular.z=0.000, scaled_angular.z=0.000
[INFO] [1791450504.118483257] [serial_twistctl_node]: [SERIAL_TX] Timestamp: 1791450504118474862, Sending command (1/1): vcx=0.000,wc=0.000
 [19 bytes written]
[INFO] [1791450504.168696607] [serial_twistctl_node]: [TWIST_RX] Received Twist message - linear.x=0.000, angular.z=0.000, scaled_angular.z=0.000
[INFO] [1791450504.168737867] [serial_twistctl_node]: [SERIAL_TX] Timestamp: 1791450504168728963, Sending command (1/1): vcx=0.000,wc=0.000
 [19 bytes written]
[INFO] [1791450504.218570924] [serial_twistctl_node]: [TWIST_RX] Received Twist message - linear.x=0.000, angular.z=0.000, scaled_angular.z=0.000
[INFO] [1791450504.218613760] [serial_twistctl_node]: [SERIAL_TX] Timestamp: 1791450504218603014, Sending command (1/1): vcx=0.000,wc=0.000
 [19 bytes written]
[INFO] [1791450504.268565186] [serial_twistctl_node]: [TWIST_RX] Received Twist message - linear.x=0.000, angular.z=0.000, scaled_angular.z=0.000
[INFO] [1791450504.268611275] [serial_twistctl_node]: [SERIAL_TX] Timestamp: 1791450504268601642, Sending command (1/1): vcx=0.000,wc=0.000
 [19 bytes written]
[INFO] [1791450504.318482569] [serial_twistctl_node]: [TWIST_RX] Received Twist message - linear.x=0.000, angular.z=0.000, scaled_angular.z=0.000
[INFO] [1791450504.318523685] [serial_twistctl_node]: [SERIAL_TX] Timestamp: 1791450504318514149, Sending command (1/1): vcx=0.000,wc=0.000
 [19 bytes written]
[INFO] [1791450504.368564474] [serial_twistctl_node]: [TWIST_RX] Received Twist message - linear.x=0.000, angular.z=0.000, scaled_angular.z=0.000
[INFO] [1791450504.368603222] [serial_twistctl_node]: [SERIAL_TX] Timestamp: 1791450504368594856, Sending command (1/1): vcx=0.000,wc=0.000
 [19 bytes written]
[INFO] [1791450504.418448551] [serial_twistctl_node]: [TWIST_RX] Received Twist message - linear.x=0.000, angular.z=0.000, scaled_angular.z=0.000
[INFO] [1791450504.418505949] [serial_twistctl_node]: [SERIAL_TX] Timestamp: 1791450504418494548, Sending command (1/1): vcx=0.000,wc=0.000
 [19 bytes written]
[INFO] [1791450504.468536700] [serial_twistctl_node]: [TWIST_RX] Received Twist message - linear.x=0.000, angular.z=0.000, scaled_angular.z=0.000
[INFO] [1791450504.468587674] [serial_twistctl_node]: [SERIAL_TX] Timestamp: 1791450504468576265, Sending command (1/1): vcx=0.000,wc=0.000
 [19 bytes written]
[INFO] [1791450504.518410175] [serial_twistctl_node]: [TWIST_RX] Received Twist message - linear.x=0.000, angular.z=0.000, scaled_angular.z=0.000
[INFO] [1791450504.518462678] [serial_twistctl_node]: [SERIAL_TX] Timestamp: 1791450504518450942, Sending command (1/1): vcx=0.000,wc=0.000
 [19 bytes written]
[INFO] [1791450504.568487733] [serial_twistctl_node]: [TWIST_RX] Received Twist message - linear.x=0.000, angular.z=0.000, scaled_angular.z=0.000
[INFO] [1791450504.568540942] [serial_twistctl_node]: [SERIAL_TX] Timestamp: 1791450504568528918, Sending command (1/1): vcx=0.000,wc=0.000
 [19 bytes written]
[INFO] [1791450504.618541382] [serial_twistctl_node]: [TWIST_RX] Received Twist message - linear.x=0.000, angular.z=0.000, scaled_angular.z=0.000
[INFO] [1791450504.618602413] [serial_twistctl_node]: [SERIAL_TX] Timestamp: 1791450504618589533, Sending command (1/1): vcx=0.000,wc=0.000
 [19 bytes written]
[INFO] [1791450504.668533237] [serial_twistctl_node]: [TWIST_RX] Received Twist message - linear.x=0.000, angular.z=0.000, scaled_angular.z=0.000
[INFO] [1791450504.668586343] [serial_twistctl_node]: [SERIAL_TX] Timestamp: 1791450504668574876, Sending command (1/1): vcx=0.000,wc=0.000
 [19 bytes written]
[INFO] [1791450504.718593761] [serial_twistctl_node]: [TWIST_RX] Received Twist message - linear.x=0.000, angular.z=0.000, scaled_angular.z=0.000
[INFO] [1791450504.718649039] [serial_twistctl_node]: [SERIAL_TX] Timestamp: 1791450504718636470, Sending command (1/1): vcx=0.000,wc=0.000
 [19 bytes written]
[INFO] [1791450504.768368951] [serial_twistctl_node]: [TWIST_RX] Received Twist message - linear.x=0.000, angular.z=0.000, scaled_angular.z=0.000
[INFO] [1791450504.768422569] [serial_twistctl_node]: [SERIAL_TX] Timestamp: 1791450504768410803, Sending command (1/1): vcx=0.000,wc=0.000
 [19 bytes written]
[INFO] [1791450504.818721664] [serial_twistctl_node]: [TWIST_RX] Received Twist message - linear.x=0.000, angular.z=0.000, scaled_angular.z=0.000
[INFO] [1791450504.818773456] [serial_twistctl_node]: [SERIAL_TX] Timestamp: 1791450504818760991, Sending command (1/1): vcx=0.000,wc=0.000
 [19 bytes written]
[INFO] [1791450504.868546464] [serial_twistctl_node]: [TWIST_RX] Received Twist message - linear.x=0.000, angular.z=0.000, scaled_angular.z=0.000
[INFO] [1791450504.868603504] [serial_twistctl_node]: [SERIAL_TX] Timestamp: 1791450504868590662, Sending command (1/1): vcx=0.000,wc=0.000
 [19 bytes written]
[INFO] [1791450504.918481445] [serial_twistctl_node]: [TWIST_RX] Received Twist message - linear.x=0.000, angular.z=0.000, scaled_angular.z=0.000
[INFO] [1791450504.918542703] [serial_twistctl_node]: [SERIAL_TX] Timestamp: 1791450504918529286, Sending command (1/1): vcx=0.000,wc=0.000
 [19 bytes written]
[INFO] [1791450504.968526383] [serial_twistctl_node]: [TWIST_RX] Received Twist message - linear.x=0.000, angular.z=0.000, scaled_angular.z=0.000
[INFO] [1791450504.968587036] [serial_twistctl_node]: [SERIAL_TX] Timestamp: 1791450504968573968, Sending command (1/1): vcx=0.000,wc=0.000
 [19 bytes written]
[INFO] [1791450505.018594559] [serial_twistctl_node]: [TWIST_RX] Received Twist message - linear.x=0.000, angular.z=0.000, scaled_angular.z=0.000
[INFO] [1791450505.018652360] [serial_twistctl_node]: [SERIAL_TX] Timestamp: 1791450505018640865, Sending command (1/1): vcx=0.000,wc=0.000
 [19 bytes written]
[INFO] [1791450505.068534875] [serial_twistctl_node]: [TWIST_RX] Received Twist message - linear.x=0.000, angular.z=0.000, scaled_angular.z=0.000
[INFO] [1791450505.068576729] [serial_twistctl_node]: [SERIAL_TX] Timestamp: 1791450505068567946, Sending command (1/1): vcx=0.000,wc=0.000
 [19 bytes written]
[INFO] [1791450505.118472603] [serial_twistctl_node]: [TWIST_RX] Received Twist message - linear.x=0.000, angular.z=0.000, scaled_angular.z=0.000
[INFO] [1791450505.118529959] [serial_twistctl_node]: [SERIAL_TX] Timestamp: 1791450505118516362, Sending command (1/1): vcx=0.000,wc=0.000
 [19 bytes written]
[INFO] [1791450505.168636364] [serial_twistctl_node]: [TWIST_RX] Received Twist message - linear.x=0.000, angular.z=0.000, scaled_angular.z=0.000
[INFO] [1791450505.168685196] [serial_twistctl_node]: [SERIAL_TX] Timestamp: 1791450505168673689, Sending command (1/1): vcx=0.000,wc=0.000
 [19 bytes written]
[INFO] [1791450505.218610583] [serial_twistctl_node]: [TWIST_RX] Received Twist message - linear.x=0.000, angular.z=0.000, scaled_angular.z=0.000
[INFO] [1791450505.218665786] [serial_twistctl_node]: [SERIAL_TX] Timestamp: 1791450505218652934, Sending command (1/1): vcx=0.000,wc=0.000
 [19 bytes written]
[INFO] [1791450505.268642043] [serial_twistctl_node]: [TWIST_RX] Received Twist message - linear.x=0.000, angular.z=0.000, scaled_angular.z=0.000
[INFO] [1791450505.268697813] [serial_twistctl_node]: [SERIAL_TX] Timestamp: 1791450505268685840, Sending command (1/1): vcx=0.000,wc=0.000
 [19 bytes written]
[INFO] [1791450505.318674402] [serial_twistctl_node]: [TWIST_RX] Received Twist message - linear.x=0.000, angular.z=0.000, scaled_angular.z=0.000
[INFO] [1791450505.318728736] [serial_twistctl_node]: [SERIAL_TX] Timestamp: 1791450505318716777, Sending command (1/1): vcx=0.000,wc=0.000
 [19 bytes written]
[INFO] [1791450505.368649024] [serial_twistctl_node]: [TWIST_RX] Received Twist message - linear.x=0.000, angular.z=0.000, scaled_angular.z=0.000
[INFO] [1791450505.368682744] [serial_twistctl_node]: [SERIAL_TX] Timestamp: 1791450505368674195, Sending command (1/1): vcx=0.000,wc=0.000
 [19 bytes written]
[INFO] [1791450505.418517441] [serial_twistctl_node]: [TWIST_RX] Received Twist message - linear.x=0.000, angular.z=0.000, scaled_angular.z=0.000
[INFO] [1791450505.418555374] [serial_twistctl_node]: [SERIAL_TX] Timestamp: 1791450505418545933, Sending command (1/1): vcx=0.000,wc=0.000
 [19 bytes written]
[INFO] [1791450505.468513706] [serial_twistctl_node]: [TWIST_RX] Received Twist message - linear.x=0.000, angular.z=0.000, scaled_angular.z=0.000
[INFO] [1791450505.468557333] [serial_twistctl_node]: [SERIAL_TX] Timestamp: 1791450505468547047, Sending command (1/1): vcx=0.000,wc=0.000
 [19 bytes written]
[INFO] [1791450505.518720466] [serial_twistctl_node]: [TWIST_RX] Received Twist message - linear.x=0.000, angular.z=0.000, scaled_angular.z=0.000
[INFO] [1791450505.518776288] [serial_twistctl_node]: [SERIAL_TX] Timestamp: 1791450505518761914, Sending command (1/1): vcx=0.000,wc=0.000
 [19 bytes written]
[INFO] [1791450505.568491629] [serial_twistctl_node]: [TWIST_RX] Received Twist message - linear.x=0.000, angular.z=0.000, scaled_angular.z=0.000
[INFO] [1791450505.568552812] [serial_twistctl_node]: [SERIAL_TX] Timestamp: 1791450505568540073, Sending command (1/1): vcx=0.000,wc=0.000
 [19 bytes written]
[INFO] [1791450505.618695330] [serial_twistctl_node]: [TWIST_RX] Received Twist message - linear.x=0.000, angular.z=0.000, scaled_angular.z=0.000
[INFO] [1791450505.618750811] [serial_twistctl_node]: [SERIAL_TX] Timestamp: 1791450505618738657, Sending command (1/1): vcx=0.000,wc=0.000
 [19 bytes written]
[INFO] [1791450505.668527134] [serial_twistctl_node]: [TWIST_RX] Received Twist message - linear.x=0.000, angular.z=0.000, scaled_angular.z=0.000
[INFO] [1791450505.668580802] [serial_twistctl_node]: [SERIAL_TX] Timestamp: 1791450505668568597, Sending command (1/1): vcx=0.000,wc=0.000
 [19 bytes written]
[INFO] [1791450505.718510110] [serial_twistctl_node]: [TWIST_RX] Received Twist message - linear.x=0.000, angular.z=0.000, scaled_angular.z=0.000
[INFO] [1791450505.718544404] [serial_twistctl_node]: [SERIAL_TX] Timestamp: 1791450505718535628, Sending command (1/1): vcx=0.000,wc=0.000
 [19 bytes written]
[INFO] [1791450505.768490559] [serial_twistctl_node]: [TWIST_RX] Received Twist message - linear.x=0.000, angular.z=0.000, scaled_angular.z=0.000
[INFO] [1791450505.768535965] [serial_twistctl_node]: [SERIAL_TX] Timestamp: 1791450505768528400, Sending command (1/1): vcx=0.000,wc=0.000
 [19 bytes written]
[INFO] [1791450505.818614951] [serial_twistctl_node]: [TWIST_RX] Received Twist message - linear.x=0.000, angular.z=0.000, scaled_angular.z=0.000
[INFO] [1791450505.818658710] [serial_twistctl_node]: [SERIAL_TX] Timestamp: 1791450505818649956, Sending command (1/1): vcx=0.000,wc=0.000
 [19 bytes written]
[INFO] [1791450505.868515766] [serial_twistctl_node]: [TWIST_RX] Received Twist message - linear.x=0.000, angular.z=0.000, scaled_angular.z=0.000
[INFO] [1791450505.868557594] [serial_twistctl_node]: [SERIAL_TX] Timestamp: 1791450505868548180, Sending command (1/1): vcx=0.000,wc=0.000
 [19 bytes written]
[INFO] [1791450505.918577546] [serial_twistctl_node]: [TWIST_RX] Received Twist message - linear.x=0.000, angular.z=0.000, scaled_angular.z=0.000
[INFO] [1791450505.918631697] [serial_twistctl_node]: [SERIAL_TX] Timestamp: 1791450505918620779, Sending command (1/1): vcx=0.000,wc=0.000
 [19 bytes written]
[INFO] [1791450505.968693546] [serial_twistctl_node]: [TWIST_RX] Received Twist message - linear.x=0.000, angular.z=0.000, scaled_angular.z=0.000
[INFO] [1791450505.968746234] [serial_twistctl_node]: [SERIAL_TX] Timestamp: 1791450505968735003, Sending command (1/1): vcx=0.000,wc=0.000
 [19 bytes written]
[INFO] [1791450506.018486744] [serial_twistctl_node]: [TWIST_RX] Received Twist message - linear.x=0.000, angular.z=0.000, scaled_angular.z=0.000
[INFO] [1791450506.018533634] [serial_twistctl_node]: [SERIAL_TX] Timestamp: 1791450506018523326, Sending command (1/1): vcx=0.000,wc=0.000
 [19 bytes written]
[INFO] [1791450506.068456359] [serial_twistctl_node]: [TWIST_RX] Received Twist message - linear.x=0.000, angular.z=0.000, scaled_angular.z=0.000
[INFO] [1791450506.068489637] [serial_twistctl_node]: [SERIAL_TX] Timestamp: 1791450506068481742, Sending command (1/1): vcx=0.000,wc=0.000
 [19 bytes written]
[INFO] [1791450506.118568481] [serial_twistctl_node]: [TWIST_RX] Received Twist message - linear.x=0.000, angular.z=0.000, scaled_angular.z=0.000
[INFO] [1791450506.118623401] [serial_twistctl_node]: [SERIAL_TX] Timestamp: 1791450506118611538, Sending command (1/1): vcx=0.000,wc=0.000
 [19 bytes written]
[INFO] [1791450506.168503543] [serial_twistctl_node]: [TWIST_RX] Received Twist message - linear.x=0.000, angular.z=0.000, scaled_angular.z=0.000
[INFO] [1791450506.168548848] [serial_twistctl_node]: [SERIAL_TX] Timestamp: 1791450506168538889, Sending command (1/1): vcx=0.000,wc=0.000
 [19 bytes written]
[INFO] [1791450506.218504477] [serial_twistctl_node]: [TWIST_RX] Received Twist message - linear.x=0.000, angular.z=0.000, scaled_angular.z=0.000
[INFO] [1791450506.218551151] [serial_twistctl_node]: [SERIAL_TX] Timestamp: 1791450506218540700, Sending command (1/1): vcx=0.000,wc=0.000
 [19 bytes written]
[INFO] [1791450506.268629371] [serial_twistctl_node]: [TWIST_RX] Received Twist message - linear.x=0.000, angular.z=0.000, scaled_angular.z=0.000
[INFO] [1791450506.268668690] [serial_twistctl_node]: [SERIAL_TX] Timestamp: 1791450506268659674, Sending command (1/1): vcx=0.000,wc=0.000
 [19 bytes written]
[INFO] [1791450506.318640211] [serial_twistctl_node]: [TWIST_RX] Received Twist message - linear.x=0.000, angular.z=0.000, scaled_angular.z=0.000
[INFO] [1791450506.318675758] [serial_twistctl_node]: [SERIAL_TX] Timestamp: 1791450506318667811, Sending command (1/1): vcx=0.000,wc=0.000
 [19 bytes written]
[INFO] [1791450506.368508297] [serial_twistctl_node]: [TWIST_RX] Received Twist message - linear.x=0.000, angular.z=0.000, scaled_angular.z=0.000
[INFO] [1791450506.368552821] [serial_twistctl_node]: [SERIAL_TX] Timestamp: 1791450506368540044, Sending command (1/1): vcx=0.000,wc=0.000
 [19 bytes written]
[INFO] [1791450506.418574054] [serial_twistctl_node]: [TWIST_RX] Received Twist message - linear.x=0.000, angular.z=0.000, scaled_angular.z=0.000
[INFO] [1791450506.418629562] [serial_twistctl_node]: [SERIAL_TX] Timestamp: 1791450506418615867, Sending command (1/1): vcx=0.000,wc=0.000
 [19 bytes written]
[INFO] [1791450506.468477028] [serial_twistctl_node]: [TWIST_RX] Received Twist message - linear.x=0.000, angular.z=0.000, scaled_angular.z=0.000
[INFO] [1791450506.468514878] [serial_twistctl_node]: [SERIAL_TX] Timestamp: 1791450506468506018, Sending command (1/1): vcx=0.000,wc=0.000
 [19 bytes written]
[INFO] [1791450506.518556531] [serial_twistctl_node]: [TWIST_RX] Received Twist message - linear.x=0.000, angular.z=0.000, scaled_angular.z=0.000
[INFO] [1791450506.518596252] [serial_twistctl_node]: [SERIAL_TX] Timestamp: 1791450506518587110, Sending command (1/1): vcx=0.000,wc=0.000
 [19 bytes written]
[INFO] [1791450506.568479585] [serial_twistctl_node]: [TWIST_RX] Received Twist message - linear.x=0.000, angular.z=0.000, scaled_angular.z=0.000
[INFO] [1791450506.568508298] [serial_twistctl_node]: [SERIAL_TX] Timestamp: 1791450506568501647, Sending command (1/1): vcx=0.000,wc=0.000
 [19 bytes written]
[INFO] [1791450506.618507084] [serial_twistctl_node]: [TWIST_RX] Received Twist message - linear.x=0.000, angular.z=0.000, scaled_angular.z=0.000
[INFO] [1791450506.618547748] [serial_twistctl_node]: [SERIAL_TX] Timestamp: 1791450506618538852, Sending command (1/1): vcx=0.000,wc=0.000
 [19 bytes written]
[INFO] [1791450506.668465787] [serial_twistctl_node]: [TWIST_RX] Received Twist message - linear.x=0.000, angular.z=0.000, scaled_angular.z=0.000
[INFO] [1791450506.668506446] [serial_twistctl_node]: [SERIAL_TX] Timestamp: 1791450506668499683, Sending command (1/1): vcx=0.000,wc=0.000
 [19 bytes written]
[INFO] [1791450506.718687658] [serial_twistctl_node]: [TWIST_RX] Received Twist message - linear.x=0.000, angular.z=0.000, scaled_angular.z=0.000
[INFO] [1791450506.718737304] [serial_twistctl_node]: [SERIAL_TX] Timestamp: 1791450506718726460, Sending command (1/1): vcx=0.000,wc=0.000
 [19 bytes written]
[INFO] [1791450506.768664128] [serial_twistctl_node]: [TWIST_RX] Received Twist message - linear.x=0.021, angular.z=0.000, scaled_angular.z=0.000
[INFO] [1791450506.768717882] [serial_twistctl_node]: [SERIAL_TX] Timestamp: 1791450506768705764, Sending command (1/1): vcx=0.021,wc=0.000
 [19 bytes written]
[INFO] [1791450506.818637443] [serial_twistctl_node]: [TWIST_RX] Received Twist message - linear.x=0.042, angular.z=0.000, scaled_angular.z=0.000
[INFO] [1791450506.818695919] [serial_twistctl_node]: [SERIAL_TX] Timestamp: 1791450506818683355, Sending command (1/1): vcx=0.042,wc=0.000
 [19 bytes written]
[INFO] [1791450506.868745848] [serial_twistctl_node]: [TWIST_RX] Received Twist message - linear.x=0.064, angular.z=0.000, scaled_angular.z=0.000
[INFO] [1791450506.868799100] [serial_twistctl_node]: [SERIAL_TX] Timestamp: 1791450506868787649, Sending command (1/1): vcx=0.064,wc=0.000
 [19 bytes written]
[INFO] [1791450506.918517782] [serial_twistctl_node]: [TWIST_RX] Received Twist message - linear.x=0.085, angular.z=0.000, scaled_angular.z=0.000
[INFO] [1791450506.918573412] [serial_twistctl_node]: [SERIAL_TX] Timestamp: 1791450506918560828, Sending command (1/1): vcx=0.085,wc=0.000
 [19 bytes written]
[INFO] [1791450506.968672605] [serial_twistctl_node]: [TWIST_RX] Received Twist message - linear.x=0.106, angular.z=0.000, scaled_angular.z=0.000
[INFO] [1791450506.968729378] [serial_twistctl_node]: [SERIAL_TX] Timestamp: 1791450506968717422, Sending command (1/1): vcx=0.106,wc=0.000
 [19 bytes written]
[INFO] [1791450507.018654943] [serial_twistctl_node]: [TWIST_RX] Received Twist message - linear.x=0.128, angular.z=0.000, scaled_angular.z=0.000
[INFO] [1791450507.018717227] [serial_twistctl_node]: [SERIAL_TX] Timestamp: 1791450507018703792, Sending command (1/1): vcx=0.128,wc=0.000
 [19 bytes written]
[INFO] [1791450507.068701044] [serial_twistctl_node]: [TWIST_RX] Received Twist message - linear.x=0.149, angular.z=0.000, scaled_angular.z=0.000
[INFO] [1791450507.068757914] [serial_twistctl_node]: [SERIAL_TX] Timestamp: 1791450507068746026, Sending command (1/1): vcx=0.149,wc=0.000
 [19 bytes written]
[INFO] [1791450507.118619787] [serial_twistctl_node]: [TWIST_RX] Received Twist message - linear.x=0.170, angular.z=0.000, scaled_angular.z=0.000
[INFO] [1791450507.118676095] [serial_twistctl_node]: [SERIAL_TX] Timestamp: 1791450507118665681, Sending command (1/1): vcx=0.170,wc=0.000
 [19 bytes written]
[INFO] [1791450507.168751906] [serial_twistctl_node]: [TWIST_RX] Received Twist message - linear.x=0.191, angular.z=0.000, scaled_angular.z=0.000
[INFO] [1791450507.168791749] [serial_twistctl_node]: [SERIAL_TX] Timestamp: 1791450507168783503, Sending command (1/1): vcx=0.191,wc=0.000
 [19 bytes written]
[INFO] [1791450507.218763509] [serial_twistctl_node]: [TWIST_RX] Received Twist message - linear.x=0.213, angular.z=0.000, scaled_angular.z=0.000
[INFO] [1791450507.218804301] [serial_twistctl_node]: [SERIAL_TX] Timestamp: 1791450507218796141, Sending command (1/1): vcx=0.213,wc=0.000
 [19 bytes written]
[INFO] [1791450507.268877200] [serial_twistctl_node]: [TWIST_RX] Received Twist message - linear.x=0.220, angular.z=0.000, scaled_angular.z=0.000
[INFO] [1791450507.268913338] [serial_twistctl_node]: [SERIAL_TX] Timestamp: 1791450507268905581, Sending command (1/1): vcx=0.220,wc=0.000
 [19 bytes written]
[INFO] [1791450507.318719493] [serial_twistctl_node]: [TWIST_RX] Received Twist message - linear.x=0.217, angular.z=0.000, scaled_angular.z=0.000
[INFO] [1791450507.318757986] [serial_twistctl_node]: [SERIAL_TX] Timestamp: 1791450507318749601, Sending command (1/1): vcx=0.217,wc=0.000
 [19 bytes written]
[INFO] [1791450507.368663622] [serial_twistctl_node]: [TWIST_RX] Received Twist message - linear.x=0.220, angular.z=0.000, scaled_angular.z=0.000
[INFO] [1791450507.368700905] [serial_twistctl_node]: [SERIAL_TX] Timestamp: 1791450507368693059, Sending command (1/1): vcx=0.220,wc=0.000
 [19 bytes written]
[INFO] [1791450507.418713419] [serial_twistctl_node]: [TWIST_RX] Received Twist message - linear.x=0.217, angular.z=0.000, scaled_angular.z=0.000
[INFO] [1791450507.418751371] [serial_twistctl_node]: [SERIAL_TX] Timestamp: 1791450507418743190, Sending command (1/1): vcx=0.217,wc=0.000
 [19 bytes written]
[INFO] [1791450507.468558595] [serial_twistctl_node]: [TWIST_RX] Received Twist message - linear.x=0.219, angular.z=0.000, scaled_angular.z=0.000
[INFO] [1791450507.468596943] [serial_twistctl_node]: [SERIAL_TX] Timestamp: 1791450507468588483, Sending command (1/1): vcx=0.219,wc=0.000
 [19 bytes written]
[INFO] [1791450507.518712355] [serial_twistctl_node]: [TWIST_RX] Received Twist message - linear.x=0.216, angular.z=0.000, scaled_angular.z=0.000
[INFO] [1791450507.518750742] [serial_twistctl_node]: [SERIAL_TX] Timestamp: 1791450507518742619, Sending command (1/1): vcx=0.216,wc=0.000
 [19 bytes written]
[INFO] [1791450507.568681849] [serial_twistctl_node]: [TWIST_RX] Received Twist message - linear.x=0.218, angular.z=0.000, scaled_angular.z=0.000
[INFO] [1791450507.568713894] [serial_twistctl_node]: [SERIAL_TX] Timestamp: 1791450507568707019, Sending command (1/1): vcx=0.218,wc=0.000
 [19 bytes written]
[INFO] [1791450507.618788380] [serial_twistctl_node]: [TWIST_RX] Received Twist message - linear.x=0.221, angular.z=0.000, scaled_angular.z=0.000
[INFO] [1791450507.618826868] [serial_twistctl_node]: [SERIAL_TX] Timestamp: 1791450507618818066, Sending command (1/1): vcx=0.221,wc=0.000
 [19 bytes written]
[INFO] [1791450507.668740062] [serial_twistctl_node]: [TWIST_RX] Received Twist message - linear.x=0.218, angular.z=0.000, scaled_angular.z=0.000
[INFO] [1791450507.668778121] [serial_twistctl_node]: [SERIAL_TX] Timestamp: 1791450507668769651, Sending command (1/1): vcx=0.218,wc=0.000
 [19 bytes written]
[INFO] [1791450507.718775582] [serial_twistctl_node]: [TWIST_RX] Received Twist message - linear.x=0.220, angular.z=0.000, scaled_angular.z=0.000
[INFO] [1791450507.718816539] [serial_twistctl_node]: [SERIAL_TX] Timestamp: 1791450507718807348, Sending command (1/1): vcx=0.220,wc=0.000
 [19 bytes written]
[INFO] [1791450507.768724518] [serial_twistctl_node]: [TWIST_RX] Received Twist message - linear.x=0.217, angular.z=0.000, scaled_angular.z=0.000
[INFO] [1791450507.768767898] [serial_twistctl_node]: [SERIAL_TX] Timestamp: 1791450507768759424, Sending command (1/1): vcx=0.217,wc=0.000
 [19 bytes written]
[INFO] [1791450507.818503639] [serial_twistctl_node]: [TWIST_RX] Received Twist message - linear.x=0.220, angular.z=0.000, scaled_angular.z=0.000
[INFO] [1791450507.818544493] [serial_twistctl_node]: [SERIAL_TX] Timestamp: 1791450507818537019, Sending command (1/1): vcx=0.220,wc=0.000
 [19 bytes written]
[INFO] [1791450507.868619845] [serial_twistctl_node]: [TWIST_RX] Received Twist message - linear.x=0.217, angular.z=0.000, scaled_angular.z=0.000
[INFO] [1791450507.868656598] [serial_twistctl_node]: [SERIAL_TX] Timestamp: 1791450507868649289, Sending command (1/1): vcx=0.217,wc=0.000
 [19 bytes written]
[INFO] [1791450507.918545724] [serial_twistctl_node]: [TWIST_RX] Received Twist message - linear.x=0.219, angular.z=0.000, scaled_angular.z=0.000
[INFO] [1791450507.918582652] [serial_twistctl_node]: [SERIAL_TX] Timestamp: 1791450507918574096, Sending command (1/1): vcx=0.219,wc=0.000
 [19 bytes written]
[INFO] [1791450507.968644725] [serial_twistctl_node]: [TWIST_RX] Received Twist message - linear.x=0.216, angular.z=0.000, scaled_angular.z=0.000
[INFO] [1791450507.968677700] [serial_twistctl_node]: [SERIAL_TX] Timestamp: 1791450507968670945, Sending command (1/1): vcx=0.216,wc=0.000
 [19 bytes written]
[INFO] [1791450508.018904568] [serial_twistctl_node]: [TWIST_RX] Received Twist message - linear.x=0.218, angular.z=0.000, scaled_angular.z=0.000
[INFO] [1791450508.018946128] [serial_twistctl_node]: [SERIAL_TX] Timestamp: 1791450508018938317, Sending command (1/1): vcx=0.218,wc=0.000
 [19 bytes written]
[INFO] [1791450508.068750762] [serial_twistctl_node]: [TWIST_RX] Received Twist message - linear.x=0.221, angular.z=0.000, scaled_angular.z=0.000
[INFO] [1791450508.068786859] [serial_twistctl_node]: [SERIAL_TX] Timestamp: 1791450508068779417, Sending command (1/1): vcx=0.221,wc=0.000
 [19 bytes written]
[INFO] [1791450508.118826284] [serial_twistctl_node]: [TWIST_RX] Received Twist message - linear.x=0.218, angular.z=0.000, scaled_angular.z=0.000
[INFO] [1791450508.118869226] [serial_twistctl_node]: [SERIAL_TX] Timestamp: 1791450508118859926, Sending command (1/1): vcx=0.218,wc=0.000
 [19 bytes written]
[INFO] [1791450508.168735628] [serial_twistctl_node]: [TWIST_RX] Received Twist message - linear.x=0.221, angular.z=0.000, scaled_angular.z=0.000
[INFO] [1791450508.168774755] [serial_twistctl_node]: [SERIAL_TX] Timestamp: 1791450508168766789, Sending command (1/1): vcx=0.221,wc=0.000
 [19 bytes written]
[INFO] [1791450508.218763945] [serial_twistctl_node]: [TWIST_RX] Received Twist message - linear.x=0.000, angular.z=0.000, scaled_angular.z=0.000
[INFO] [1791450508.218809326] [serial_twistctl_node]: [SERIAL_TX] Timestamp: 1791450508218798600, Sending command (1/1): vcx=0.000,wc=0.000
 [19 bytes written]
[INFO] [1791450508.268622430] [serial_twistctl_node]: [TWIST_RX] Received Twist message - linear.x=0.000, angular.z=0.000, scaled_angular.z=0.000
[INFO] [1791450508.268663309] [serial_twistctl_node]: [SERIAL_TX] Timestamp: 1791450508268651161, Sending command (1/1): vcx=0.000,wc=0.000
 [19 bytes written]
[INFO] [1791450508.318626363] [serial_twistctl_node]: [TWIST_RX] Received Twist message - linear.x=0.000, angular.z=0.000, scaled_angular.z=0.000
[INFO] [1791450508.318652306] [serial_twistctl_node]: [SERIAL_TX] Timestamp: 1791450508318646194, Sending command (1/1): vcx=0.000,wc=0.000
 [19 bytes written]
[INFO] [1791450508.368464342] [serial_twistctl_node]: [TWIST_RX] Received Twist message - linear.x=0.000, angular.z=0.000, scaled_angular.z=0.000
[INFO] [1791450508.368485013] [serial_twistctl_node]: [SERIAL_TX] Timestamp: 1791450508368480150, Sending command (1/1): vcx=0.000,wc=0.000
 [19 bytes written]
[INFO] [1791450508.418647857] [serial_twistctl_node]: [TWIST_RX] Received Twist message - linear.x=0.000, angular.z=0.000, scaled_angular.z=0.000
[INFO] [1791450508.418681802] [serial_twistctl_node]: [SERIAL_TX] Timestamp: 1791450508418674706, Sending command (1/1): vcx=0.000,wc=0.000
 [19 bytes written]
[INFO] [1791450508.468624450] [serial_twistctl_node]: [TWIST_RX] Received Twist message - linear.x=0.000, angular.z=0.000, scaled_angular.z=0.000
[INFO] [1791450508.468661203] [serial_twistctl_node]: [SERIAL_TX] Timestamp: 1791450508468654258, Sending command (1/1): vcx=0.000,wc=0.000
 [19 bytes written]
[INFO] [1791450508.518595574] [serial_twistctl_node]: [TWIST_RX] Received Twist message - linear.x=0.000, angular.z=0.000, scaled_angular.z=0.000
[INFO] [1791450508.518631574] [serial_twistctl_node]: [SERIAL_TX] Timestamp: 1791450508518623409, Sending command (1/1): vcx=0.000,wc=0.000
 [19 bytes written]
[INFO] [1791450508.568651796] [serial_twistctl_node]: [TWIST_RX] Received Twist message - linear.x=0.000, angular.z=0.000, scaled_angular.z=0.000
[INFO] [1791450508.568687647] [serial_twistctl_node]: [SERIAL_TX] Timestamp: 1791450508568679916, Sending command (1/1): vcx=0.000,wc=0.000
 [19 bytes written]
[INFO] [1791450508.618696852] [serial_twistctl_node]: [TWIST_RX] Received Twist message - linear.x=0.000, angular.z=0.000, scaled_angular.z=0.000
[INFO] [1791450508.618730710] [serial_twistctl_node]: [SERIAL_TX] Timestamp: 1791450508618723532, Sending command (1/1): vcx=0.000,wc=0.000
 [19 bytes written]
[INFO] [1791450508.668522262] [serial_twistctl_node]: [TWIST_RX] Received Twist message - linear.x=0.000, angular.z=0.000, scaled_angular.z=0.000
[INFO] [1791450508.668554747] [serial_twistctl_node]: [SERIAL_TX] Timestamp: 1791450508668547058, Sending command (1/1): vcx=0.000,wc=0.000
 [19 bytes written]
[INFO] [1791450508.718628457] [serial_twistctl_node]: [TWIST_RX] Received Twist message - linear.x=0.000, angular.z=0.000, scaled_angular.z=0.000
[INFO] [1791450508.718658890] [serial_twistctl_node]: [SERIAL_TX] Timestamp: 1791450508718651881, Sending command (1/1): vcx=0.000,wc=0.000
 [19 bytes written]
[INFO] [1791450508.768519395] [serial_twistctl_node]: [TWIST_RX] Received Twist message - linear.x=0.000, angular.z=0.000, scaled_angular.z=0.000
[INFO] [1791450508.768550607] [serial_twistctl_node]: [SERIAL_TX] Timestamp: 1791450508768542927, Sending command (1/1): vcx=0.000,wc=0.000
 [19 bytes written]
[INFO] [1791450508.818757856] [serial_twistctl_node]: [TWIST_RX] Received Twist message - linear.x=0.000, angular.z=0.000, scaled_angular.z=0.000
[INFO] [1791450508.818795762] [serial_twistctl_node]: [SERIAL_TX] Timestamp: 1791450508818787414, Sending command (1/1): vcx=0.000,wc=0.000
 [19 bytes written]
[INFO] [1791450508.868706301] [serial_twistctl_node]: [TWIST_RX] Received Twist message - linear.x=0.000, angular.z=0.000, scaled_angular.z=0.000
[INFO] [1791450508.868734774] [serial_twistctl_node]: [SERIAL_TX] Timestamp: 1791450508868728219, Sending command (1/1): vcx=0.000,wc=0.000
 [19 bytes written]
[INFO] [1791450508.918638290] [serial_twistctl_node]: [TWIST_RX] Received Twist message - linear.x=0.000, angular.z=0.000, scaled_angular.z=0.000
[INFO] [1791450508.918680263] [serial_twistctl_node]: [SERIAL_TX] Timestamp: 1791450508918671503, Sending command (1/1): vcx=0.000,wc=0.000
 [19 bytes written]
[INFO] [1791450508.968748691] [serial_twistctl_node]: [TWIST_RX] Received Twist message - linear.x=0.000, angular.z=0.000, scaled_angular.z=0.000
[INFO] [1791450508.968790620] [serial_twistctl_node]: [SERIAL_TX] Timestamp: 1791450508968782572, Sending command (1/1): vcx=0.000,wc=0.000
 [19 bytes written]
[INFO] [1791450509.018670745] [serial_twistctl_node]: [TWIST_RX] Received Twist message - linear.x=0.000, angular.z=0.000, scaled_angular.z=0.000
[INFO] [1791450509.018711548] [serial_twistctl_node]: [SERIAL_TX] Timestamp: 1791450509018702552, Sending command (1/1): vcx=0.000,wc=0.000
 [19 bytes written]
[INFO] [1791450509.068740343] [serial_twistctl_node]: [TWIST_RX] Received Twist message - linear.x=0.000, angular.z=0.000, scaled_angular.z=0.000
[INFO] [1791450509.068776541] [serial_twistctl_node]: [SERIAL_TX] Timestamp: 1791450509068769679, Sending command (1/1): vcx=0.000,wc=0.000
 [19 bytes written]
[INFO] [1791450509.118701052] [serial_twistctl_node]: [TWIST_RX] Received Twist message - linear.x=0.000, angular.z=0.000, scaled_angular.z=0.000
[INFO] [1791450509.118750056] [serial_twistctl_node]: [SERIAL_TX] Timestamp: 1791450509118740514, Sending command (1/1): vcx=0.000,wc=0.000
 [19 bytes written]
[INFO] [1791450509.168730878] [serial_twistctl_node]: [TWIST_RX] Received Twist message - linear.x=0.000, angular.z=0.000, scaled_angular.z=0.000
[INFO] [1791450509.168769530] [serial_twistctl_node]: [SERIAL_TX] Timestamp: 1791450509168761010, Sending command (1/1): vcx=0.000,wc=0.000
 [19 bytes written]
[INFO] [1791450509.218508035] [serial_twistctl_node]: [TWIST_RX] Received Twist message - linear.x=0.000, angular.z=0.000, scaled_angular.z=0.000
[INFO] [1791450509.218558922] [serial_twistctl_node]: [SERIAL_TX] Timestamp: 1791450509218544941, Sending command (1/1): vcx=0.000,wc=0.000
 [19 bytes written]
[INFO] [1791450509.268795996] [serial_twistctl_node]: [TWIST_RX] Received Twist message - linear.x=0.000, angular.z=0.000, scaled_angular.z=0.000
[INFO] [1791450509.268846751] [serial_twistctl_node]: [SERIAL_TX] Timestamp: 1791450509268830457, Sending command (1/1): vcx=0.000,wc=0.000
 [19 bytes written]
[INFO] [1791450509.318474725] [serial_twistctl_node]: [TWIST_RX] Received Twist message - linear.x=0.000, angular.z=0.000, scaled_angular.z=0.000
[INFO] [1791450509.318535515] [serial_twistctl_node]: [SERIAL_TX] Timestamp: 1791450509318518741, Sending command (1/1): vcx=0.000,wc=0.000
 [19 bytes written]
[INFO] [1791450509.368503651] [serial_twistctl_node]: [TWIST_RX] Received Twist message - linear.x=0.000, angular.z=0.000, scaled_angular.z=0.000
[INFO] [1791450509.368531972] [serial_twistctl_node]: [SERIAL_TX] Timestamp: 1791450509368525729, Sending command (1/1): vcx=0.000,wc=0.000
 [19 bytes written]
[INFO] [1791450509.418615913] [serial_twistctl_node]: [TWIST_RX] Received Twist message - linear.x=0.000, angular.z=0.000, scaled_angular.z=0.000
[INFO] [1791450509.418644548] [serial_twistctl_node]: [SERIAL_TX] Timestamp: 1791450509418638201, Sending command (1/1): vcx=0.000,wc=0.000
 [19 bytes written]
[INFO] [1791450509.468605443] [serial_twistctl_node]: [TWIST_RX] Received Twist message - linear.x=0.000, angular.z=0.000, scaled_angular.z=0.000
[INFO] [1791450509.468632172] [serial_twistctl_node]: [SERIAL_TX] Timestamp: 1791450509468626274, Sending command (1/1): vcx=0.000,wc=0.000
 [19 bytes written]
[INFO] [1791450509.518744219] [serial_twistctl_node]: [TWIST_RX] Received Twist message - linear.x=0.000, angular.z=0.000, scaled_angular.z=0.000
[INFO] [1791450509.518775127] [serial_twistctl_node]: [SERIAL_TX] Timestamp: 1791450509518768578, Sending command (1/1): vcx=0.000,wc=0.000
 [19 bytes written]
[INFO] [1791450509.568967062] [serial_twistctl_node]: [TWIST_RX] Received Twist message - linear.x=0.000, angular.z=0.000, scaled_angular.z=0.000
[INFO] [1791450509.568994336] [serial_twistctl_node]: [SERIAL_TX] Timestamp: 1791450509568987993, Sending command (1/1): vcx=0.000,wc=0.000
 [19 bytes written]
[INFO] [1791450509.618892870] [serial_twistctl_node]: [TWIST_RX] Received Twist message - linear.x=0.000, angular.z=0.000, scaled_angular.z=0.000
[INFO] [1791450509.618924814] [serial_twistctl_node]: [SERIAL_TX] Timestamp: 1791450509618917744, Sending command (1/1): vcx=0.000,wc=0.000
 [19 bytes written]
[INFO] [1791450509.668393217] [serial_twistctl_node]: [TWIST_RX] Received Twist message - linear.x=0.000, angular.z=0.000, scaled_angular.z=0.000
[INFO] [1791450509.668443902] [serial_twistctl_node]: [SERIAL_TX] Timestamp: 1791450509668431563, Sending command (1/1): vcx=0.000,wc=0.000
 [19 bytes written]
[INFO] [1791450509.718552086] [serial_twistctl_node]: [TWIST_RX] Received Twist message - linear.x=0.000, angular.z=0.000, scaled_angular.z=0.000
[INFO] [1791450509.718600253] [serial_twistctl_node]: [SERIAL_TX] Timestamp: 1791450509718589305, Sending command (1/1): vcx=0.000,wc=0.000
 [19 bytes written]
[INFO] [1791450509.768607017] [serial_twistctl_node]: [TWIST_RX] Received Twist message - linear.x=0.000, angular.z=0.000, scaled_angular.z=0.000
[INFO] [1791450509.768659045] [serial_twistctl_node]: [SERIAL_TX] Timestamp: 1791450509768649867, Sending command (1/1): vcx=0.000,wc=0.000
 [19 bytes written]
[INFO] [1791450509.818631158] [serial_twistctl_node]: [TWIST_RX] Received Twist message - linear.x=0.000, angular.z=0.000, scaled_angular.z=0.000
[INFO] [1791450509.818679601] [serial_twistctl_node]: [SERIAL_TX] Timestamp: 1791450509818668872, Sending command (1/1): vcx=0.000,wc=0.000
 [19 bytes written]
[INFO] [1791450509.868634940] [serial_twistctl_node]: [TWIST_RX] Received Twist message - linear.x=0.000, angular.z=0.000, scaled_angular.z=0.000
[INFO] [1791450509.868684299] [serial_twistctl_node]: [SERIAL_TX] Timestamp: 1791450509868673397, Sending command (1/1): vcx=0.000,wc=0.000
 [19 bytes written]
[INFO] [1791450509.918521994] [serial_twistctl_node]: [TWIST_RX] Received Twist message - linear.x=0.000, angular.z=0.000, scaled_angular.z=0.000
[INFO] [1791450509.918578198] [serial_twistctl_node]: [SERIAL_TX] Timestamp: 1791450509918565221, Sending command (1/1): vcx=0.000,wc=0.000
 [19 bytes written]
[INFO] [1791450509.968625272] [serial_twistctl_node]: [TWIST_RX] Received Twist message - linear.x=0.000, angular.z=0.000, scaled_angular.z=0.000
[INFO] [1791450509.968678193] [serial_twistctl_node]: [SERIAL_TX] Timestamp: 1791450509968667160, Sending command (1/1): vcx=0.000,wc=0.000
 [19 bytes written]
[INFO] [1791450510.018692093] [serial_twistctl_node]: [TWIST_RX] Received Twist message - linear.x=0.000, angular.z=0.000, scaled_angular.z=0.000
[INFO] [1791450510.018745452] [serial_twistctl_node]: [SERIAL_TX] Timestamp: 1791450510018735027, Sending command (1/1): vcx=0.000,wc=0.000
 [19 bytes written]
[INFO] [1791450510.068630454] [serial_twistctl_node]: [TWIST_RX] Received Twist message - linear.x=0.000, angular.z=0.000, scaled_angular.z=0.000
[INFO] [1791450510.068699797] [serial_twistctl_node]: [SERIAL_TX] Timestamp: 1791450510068687727, Sending command (1/1): vcx=0.000,wc=0.000
 [19 bytes written]
[INFO] [1791450510.118600322] [serial_twistctl_node]: [TWIST_RX] Received Twist message - linear.x=0.000, angular.z=0.000, scaled_angular.z=0.000
[INFO] [1791450510.118658782] [serial_twistctl_node]: [SERIAL_TX] Timestamp: 1791450510118645956, Sending command (1/1): vcx=0.000,wc=0.000
 [19 bytes written]
[INFO] [1791450510.168615175] [serial_twistctl_node]: [TWIST_RX] Received Twist message - linear.x=0.000, angular.z=0.000, scaled_angular.z=0.000
[INFO] [1791450510.168670535] [serial_twistctl_node]: [SERIAL_TX] Timestamp: 1791450510168657496, Sending command (1/1): vcx=0.000,wc=0.000
 [19 bytes written]
[INFO] [1791450510.218531089] [serial_twistctl_node]: [TWIST_RX] Received Twist message - linear.x=0.000, angular.z=0.000, scaled_angular.z=0.000
[INFO] [1791450510.218587929] [serial_twistctl_node]: [SERIAL_TX] Timestamp: 1791450510218573876, Sending command (1/1): vcx=0.000,wc=0.000
 [19 bytes written]
[INFO] [1791450510.268639232] [serial_twistctl_node]: [TWIST_RX] Received Twist message - linear.x=0.000, angular.z=0.000, scaled_angular.z=0.000
[INFO] [1791450510.268697132] [serial_twistctl_node]: [SERIAL_TX] Timestamp: 1791450510268684959, Sending command (1/1): vcx=0.000,wc=0.000
 [19 bytes written]
[INFO] [1791450510.318557773] [serial_twistctl_node]: [TWIST_RX] Received Twist message - linear.x=0.000, angular.z=0.000, scaled_angular.z=0.000
[INFO] [1791450510.318622317] [serial_twistctl_node]: [SERIAL_TX] Timestamp: 1791450510318611229, Sending command (1/1): vcx=0.000,wc=0.000
 [19 bytes written]
[INFO] [1791450510.368596787] [serial_twistctl_node]: [TWIST_RX] Received Twist message - linear.x=0.000, angular.z=0.000, scaled_angular.z=0.000
[INFO] [1791450510.368654674] [serial_twistctl_node]: [SERIAL_TX] Timestamp: 1791450510368642622, Sending command (1/1): vcx=0.000,wc=0.000
 [19 bytes written]
[INFO] [1791450510.418610911] [serial_twistctl_node]: [TWIST_RX] Received Twist message - linear.x=0.000, angular.z=0.000, scaled_angular.z=0.000
[INFO] [1791450510.418669774] [serial_twistctl_node]: [SERIAL_TX] Timestamp: 1791450510418655977, Sending command (1/1): vcx=0.000,wc=0.000
 [19 bytes written]
[INFO] [1791450510.468529086] [serial_twistctl_node]: [TWIST_RX] Received Twist message - linear.x=0.000, angular.z=0.000, scaled_angular.z=0.000
[INFO] [1791450510.468601851] [serial_twistctl_node]: [SERIAL_TX] Timestamp: 1791450510468588451, Sending command (1/1): vcx=0.000,wc=0.000
 [19 bytes written]
[INFO] [1791450510.518737625] [serial_twistctl_node]: [TWIST_RX] Received Twist message - linear.x=0.000, angular.z=0.000, scaled_angular.z=0.000
[INFO] [1791450510.518792317] [serial_twistctl_node]: [SERIAL_TX] Timestamp: 1791450510518778954, Sending command (1/1): vcx=0.000,wc=0.000
 [19 bytes written]
[INFO] [1791450510.568730714] [serial_twistctl_node]: [TWIST_RX] Received Twist message - linear.x=0.000, angular.z=0.000, scaled_angular.z=0.000
[INFO] [1791450510.568791738] [serial_twistctl_node]: [SERIAL_TX] Timestamp: 1791450510568776696, Sending command (1/1): vcx=0.000,wc=0.000
 [19 bytes written]
[INFO] [1791450510.618551311] [serial_twistctl_node]: [TWIST_RX] Received Twist message - linear.x=0.000, angular.z=0.000, scaled_angular.z=0.000
[INFO] [1791450510.618605103] [serial_twistctl_node]: [SERIAL_TX] Timestamp: 1791450510618593147, Sending command (1/1): vcx=0.000,wc=0.000
 [19 bytes written]
[INFO] [1791450510.668632659] [serial_twistctl_node]: [TWIST_RX] Received Twist message - linear.x=0.000, angular.z=0.000, scaled_angular.z=0.000
[INFO] [1791450510.668691725] [serial_twistctl_node]: [SERIAL_TX] Timestamp: 1791450510668678398, Sending command (1/1): vcx=0.000,wc=0.000
 [19 bytes written]
[INFO] [1791450510.718692200] [serial_twistctl_node]: [TWIST_RX] Received Twist message - linear.x=0.000, angular.z=0.000, scaled_angular.z=0.000
[INFO] [1791450510.718749472] [serial_twistctl_node]: [SERIAL_TX] Timestamp: 1791450510718735916, Sending command (1/1): vcx=0.000,wc=0.000
 [19 bytes written]
[INFO] [1791450510.768604652] [serial_twistctl_node]: [TWIST_RX] Received Twist message - linear.x=0.000, angular.z=0.000, scaled_angular.z=0.000
[INFO] [1791450510.768658160] [serial_twistctl_node]: [SERIAL_TX] Timestamp: 1791450510768646487, Sending command (1/1): vcx=0.000,wc=0.000
 [19 bytes written]
[INFO] [1791450510.818685819] [serial_twistctl_node]: [TWIST_RX] Received Twist message - linear.x=0.000, angular.z=0.000, scaled_angular.z=0.000
[INFO] [1791450510.818741972] [serial_twistctl_node]: [SERIAL_TX] Timestamp: 1791450510818728508, Sending command (1/1): vcx=0.000,wc=0.000
 [19 bytes written]
[INFO] [1791450510.868719532] [serial_twistctl_node]: [TWIST_RX] Received Twist message - linear.x=0.000, angular.z=0.000, scaled_angular.z=0.000
[INFO] [1791450510.868774836] [serial_twistctl_node]: [SERIAL_TX] Timestamp: 1791450510868762270, Sending command (1/1): vcx=0.000,wc=0.000
 [19 bytes written]
[INFO] [1791450510.918659549] [serial_twistctl_node]: [TWIST_RX] Received Twist message - linear.x=0.000, angular.z=0.000, scaled_angular.z=0.000
[INFO] [1791450510.918714784] [serial_twistctl_node]: [SERIAL_TX] Timestamp: 1791450510918701740, Sending command (1/1): vcx=0.000,wc=0.000
 [19 bytes written]
[INFO] [1791450510.968701752] [serial_twistctl_node]: [TWIST_RX] Received Twist message - linear.x=0.000, angular.z=0.000, scaled_angular.z=0.000
[INFO] [1791450510.968760958] [serial_twistctl_node]: [SERIAL_TX] Timestamp: 1791450510968747707, Sending command (1/1): vcx=0.000,wc=0.000
 [19 bytes written]
[INFO] [1791450511.018533227] [serial_twistctl_node]: [TWIST_RX] Received Twist message - linear.x=0.000, angular.z=0.000, scaled_angular.z=0.000
[INFO] [1791450511.018591468] [serial_twistctl_node]: [SERIAL_TX] Timestamp: 1791450511018579314, Sending command (1/1): vcx=0.000,wc=0.000
 [19 bytes written]
[INFO] [1791450511.068717258] [serial_twistctl_node]: [TWIST_RX] Received Twist message - linear.x=0.000, angular.z=0.000, scaled_angular.z=0.000
[INFO] [1791450511.068774477] [serial_twistctl_node]: [SERIAL_TX] Timestamp: 1791450511068761492, Sending command (1/1): vcx=0.000,wc=0.000
 [19 bytes written]
[INFO] [1791450511.118666722] [serial_twistctl_node]: [TWIST_RX] Received Twist message - linear.x=0.000, angular.z=0.000, scaled_angular.z=0.000
[INFO] [1791450511.118739459] [serial_twistctl_node]: [SERIAL_TX] Timestamp: 1791450511118723004, Sending command (1/1): vcx=0.000,wc=0.000
 [19 bytes written]
[INFO] [1791450511.168657292] [serial_twistctl_node]: [TWIST_RX] Received Twist message - linear.x=0.000, angular.z=0.000, scaled_angular.z=0.000
[INFO] [1791450511.168711842] [serial_twistctl_node]: [SERIAL_TX] Timestamp: 1791450511168698923, Sending command (1/1): vcx=0.000,wc=0.000
 [19 bytes written]
[INFO] [1791450511.218676789] [serial_twistctl_node]: [TWIST_RX] Received Twist message - linear.x=0.000, angular.z=0.000, scaled_angular.z=0.000
[INFO] [1791450511.218733075] [serial_twistctl_node]: [SERIAL_TX] Timestamp: 1791450511218719433, Sending command (1/1): vcx=0.000,wc=0.000
 [19 bytes written]
[INFO] [1791450511.268683199] [serial_twistctl_node]: [TWIST_RX] Received Twist message - linear.x=0.000, angular.z=0.000, scaled_angular.z=0.000
[INFO] [1791450511.268743028] [serial_twistctl_node]: [SERIAL_TX] Timestamp: 1791450511268728534, Sending command (1/1): vcx=0.000,wc=0.000
 [19 bytes written]
[INFO] [1791450511.318712453] [serial_twistctl_node]: [TWIST_RX] Received Twist message - linear.x=0.000, angular.z=0.000, scaled_angular.z=0.000
[INFO] [1791450511.318769127] [serial_twistctl_node]: [SERIAL_TX] Timestamp: 1791450511318755897, Sending command (1/1): vcx=0.000,wc=0.000
 [19 bytes written]
[INFO] [1791450511.368496904] [serial_twistctl_node]: [TWIST_RX] Received Twist message - linear.x=0.000, angular.z=0.000, scaled_angular.z=0.000
[INFO] [1791450511.368564862] [serial_twistctl_node]: [SERIAL_TX] Timestamp: 1791450511368551083, Sending command (1/1): vcx=0.000,wc=0.000
 [19 bytes written]
[INFO] [1791450511.418648147] [serial_twistctl_node]: [TWIST_RX] Received Twist message - linear.x=0.000, angular.z=0.000, scaled_angular.z=0.000
[INFO] [1791450511.418703427] [serial_twistctl_node]: [SERIAL_TX] Timestamp: 1791450511418689911, Sending command (1/1): vcx=0.000,wc=0.000
 [19 bytes written]
[INFO] [1791450511.468654482] [serial_twistctl_node]: [TWIST_RX] Received Twist message - linear.x=0.000, angular.z=0.000, scaled_angular.z=0.000
[INFO] [1791450511.468713071] [serial_twistctl_node]: [SERIAL_TX] Timestamp: 1791450511468700837, Sending command (1/1): vcx=0.000,wc=0.000
 [19 bytes written]
[INFO] [1791450511.518580174] [serial_twistctl_node]: [TWIST_RX] Received Twist message - linear.x=0.000, angular.z=0.000, scaled_angular.z=0.000
[INFO] [1791450511.518637345] [serial_twistctl_node]: [SERIAL_TX] Timestamp: 1791450511518624088, Sending command (1/1): vcx=0.000,wc=0.000
 [19 bytes written]
[INFO] [1791450511.568595104] [serial_twistctl_node]: [TWIST_RX] Received Twist message - linear.x=0.000, angular.z=0.000, scaled_angular.z=0.000
[INFO] [1791450511.568651270] [serial_twistctl_node]: [SERIAL_TX] Timestamp: 1791450511568640035, Sending command (1/1): vcx=0.000,wc=0.000
 [19 bytes written]
[INFO] [1791450511.618489408] [serial_twistctl_node]: [TWIST_RX] Received Twist message - linear.x=0.000, angular.z=0.000, scaled_angular.z=0.000
[INFO] [1791450511.618545354] [serial_twistctl_node]: [SERIAL_TX] Timestamp: 1791450511618533466, Sending command (1/1): vcx=0.000,wc=0.000
 [19 bytes written]
[INFO] [1791450511.668474806] [serial_twistctl_node]: [TWIST_RX] Received Twist message - linear.x=0.000, angular.z=0.000, scaled_angular.z=0.000
[INFO] [1791450511.668533154] [serial_twistctl_node]: [SERIAL_TX] Timestamp: 1791450511668520949, Sending command (1/1): vcx=0.000,wc=0.000
 [19 bytes written]
[INFO] [1791450511.718650260] [serial_twistctl_node]: [TWIST_RX] Received Twist message - linear.x=0.000, angular.z=0.000, scaled_angular.z=0.000
[INFO] [1791450511.718697491] [serial_twistctl_node]: [SERIAL_TX] Timestamp: 1791450511718686649, Sending command (1/1): vcx=0.000,wc=0.000
 [19 bytes written]
[INFO] [1791450511.768532472] [serial_twistctl_node]: [TWIST_RX] Received Twist message - linear.x=0.000, angular.z=0.000, scaled_angular.z=0.000
[INFO] [1791450511.768598190] [serial_twistctl_node]: [SERIAL_TX] Timestamp: 1791450511768586348, Sending command (1/1): vcx=0.000,wc=0.000
 [19 bytes written]
[INFO] [1791450511.818597048] [serial_twistctl_node]: [TWIST_RX] Received Twist message - linear.x=0.000, angular.z=0.000, scaled_angular.z=0.000
[INFO] [1791450511.818650744] [serial_twistctl_node]: [SERIAL_TX] Timestamp: 1791450511818638433, Sending command (1/1): vcx=0.000,wc=0.000
 [19 bytes written]
[INFO] [1791450511.868674423] [serial_twistctl_node]: [TWIST_RX] Received Twist message - linear.x=0.000, angular.z=0.000, scaled_angular.z=0.000
[INFO] [1791450511.868734884] [serial_twistctl_node]: [SERIAL_TX] Timestamp: 1791450511868723023, Sending command (1/1): vcx=0.000,wc=0.000
 [19 bytes written]
[INFO] [1791450511.918597859] [serial_twistctl_node]: [TWIST_RX] Received Twist message - linear.x=0.000, angular.z=0.000, scaled_angular.z=0.000
[INFO] [1791450511.918653426] [serial_twistctl_node]: [SERIAL_TX] Timestamp: 1791450511918640235, Sending command (1/1): vcx=0.000,wc=0.000
 [19 bytes written]
[INFO] [1791450511.968708425] [serial_twistctl_node]: [TWIST_RX] Received Twist message - linear.x=0.000, angular.z=0.000, scaled_angular.z=0.000
[INFO] [1791450511.968763857] [serial_twistctl_node]: [SERIAL_TX] Timestamp: 1791450511968751210, Sending command (1/1): vcx=0.000,wc=0.000
 [19 bytes written]
[INFO] [1791450512.018731062] [serial_twistctl_node]: [TWIST_RX] Received Twist message - linear.x=0.000, angular.z=0.000, scaled_angular.z=0.000
[INFO] [1791450512.018791485] [serial_twistctl_node]: [SERIAL_TX] Timestamp: 1791450512018777555, Sending command (1/1): vcx=0.000,wc=0.000
 [19 bytes written]
[INFO] [1791450512.068603885] [serial_twistctl_node]: [TWIST_RX] Received Twist message - linear.x=0.000, angular.z=0.000, scaled_angular.z=0.000
[INFO] [1791450512.068661087] [serial_twistctl_node]: [SERIAL_TX] Timestamp: 1791450512068648370, Sending command (1/1): vcx=0.000,wc=0.000
 [19 bytes written]
[INFO] [1791450512.118543061] [serial_twistctl_node]: [TWIST_RX] Received Twist message - linear.x=0.000, angular.z=0.000, scaled_angular.z=0.000
[INFO] [1791450512.118593624] [serial_twistctl_node]: [SERIAL_TX] Timestamp: 1791450512118581807, Sending command (1/1): vcx=0.000,wc=0.000
 [19 bytes written]
[INFO] [1791450512.168698122] [serial_twistctl_node]: [TWIST_RX] Received Twist message - linear.x=0.021, angular.z=0.000, scaled_angular.z=0.000
[INFO] [1791450512.168752492] [serial_twistctl_node]: [SERIAL_TX] Timestamp: 1791450512168739703, Sending command (1/1): vcx=0.021,wc=0.000
 [19 bytes written]
[INFO] [1791450512.218559441] [serial_twistctl_node]: [TWIST_RX] Received Twist message - linear.x=0.042, angular.z=0.000, scaled_angular.z=0.000
[INFO] [1791450512.218616329] [serial_twistctl_node]: [SERIAL_TX] Timestamp: 1791450512218602636, Sending command (1/1): vcx=0.042,wc=0.000
 [19 bytes written]
[INFO] [1791450512.268627381] [serial_twistctl_node]: [TWIST_RX] Received Twist message - linear.x=0.064, angular.z=0.000, scaled_angular.z=0.000
[INFO] [1791450512.268683014] [serial_twistctl_node]: [SERIAL_TX] Timestamp: 1791450512268668321, Sending command (1/1): vcx=0.064,wc=0.000
 [19 bytes written]
[INFO] [1791450512.318654348] [serial_twistctl_node]: [TWIST_RX] Received Twist message - linear.x=0.085, angular.z=0.000, scaled_angular.z=0.000
[INFO] [1791450512.318713196] [serial_twistctl_node]: [SERIAL_TX] Timestamp: 1791450512318699749, Sending command (1/1): vcx=0.085,wc=0.000
 [19 bytes written]
[INFO] [1791450512.368702378] [serial_twistctl_node]: [TWIST_RX] Received Twist message - linear.x=0.106, angular.z=0.000, scaled_angular.z=0.000
[INFO] [1791450512.368755323] [serial_twistctl_node]: [SERIAL_TX] Timestamp: 1791450512368742973, Sending command (1/1): vcx=0.106,wc=0.000
 [19 bytes written]
[INFO] [1791450512.418696482] [serial_twistctl_node]: [TWIST_RX] Received Twist message - linear.x=0.127, angular.z=0.000, scaled_angular.z=0.000
[INFO] [1791450512.418746672] [serial_twistctl_node]: [SERIAL_TX] Timestamp: 1791450512418735243, Sending command (1/1): vcx=0.127,wc=0.000
 [19 bytes written]
[INFO] [1791450512.468646419] [serial_twistctl_node]: [TWIST_RX] Received Twist message - linear.x=0.149, angular.z=0.000, scaled_angular.z=0.000
[INFO] [1791450512.468713599] [serial_twistctl_node]: [SERIAL_TX] Timestamp: 1791450512468700861, Sending command (1/1): vcx=0.149,wc=0.000
 [19 bytes written]
[INFO] [1791450512.518514500] [serial_twistctl_node]: [TWIST_RX] Received Twist message - linear.x=0.170, angular.z=0.000, scaled_angular.z=0.000
[INFO] [1791450512.518575055] [serial_twistctl_node]: [SERIAL_TX] Timestamp: 1791450512518561858, Sending command (1/1): vcx=0.170,wc=0.000
 [19 bytes written]
[INFO] [1791450512.568609595] [serial_twistctl_node]: [TWIST_RX] Received Twist message - linear.x=0.191, angular.z=0.000, scaled_angular.z=0.000
[INFO] [1791450512.568667983] [serial_twistctl_node]: [SERIAL_TX] Timestamp: 1791450512568655187, Sending command (1/1): vcx=0.191,wc=0.000
 [19 bytes written]
[INFO] [1791450512.618445888] [serial_twistctl_node]: [TWIST_RX] Received Twist message - linear.x=0.213, angular.z=0.000, scaled_angular.z=0.000
[INFO] [1791450512.618502728] [serial_twistctl_node]: [SERIAL_TX] Timestamp: 1791450512618489834, Sending command (1/1): vcx=0.213,wc=0.000
 [19 bytes written]
[INFO] [1791450512.668603358] [serial_twistctl_node]: [TWIST_RX] Received Twist message - linear.x=0.216, angular.z=0.000, scaled_angular.z=0.000
[INFO] [1791450512.668660523] [serial_twistctl_node]: [SERIAL_TX] Timestamp: 1791450512668648131, Sending command (1/1): vcx=0.216,wc=0.000
 [19 bytes written]
[INFO] [1791450512.718770327] [serial_twistctl_node]: [TWIST_RX] Received Twist message - linear.x=0.219, angular.z=0.000, scaled_angular.z=0.000
[INFO] [1791450512.718825744] [serial_twistctl_node]: [SERIAL_TX] Timestamp: 1791450512718813373, Sending command (1/1): vcx=0.219,wc=0.000
 [19 bytes written]
[INFO] [1791450512.768688693] [serial_twistctl_node]: [TWIST_RX] Received Twist message - linear.x=0.221, angular.z=0.000, scaled_angular.z=0.000
[INFO] [1791450512.768742682] [serial_twistctl_node]: [SERIAL_TX] Timestamp: 1791450512768730011, Sending command (1/1): vcx=0.221,wc=0.000
 [19 bytes written]
[INFO] [1791450512.818553267] [serial_twistctl_node]: [TWIST_RX] Received Twist message - linear.x=0.218, angular.z=0.000, scaled_angular.z=0.000
[INFO] [1791450512.818602333] [serial_twistctl_node]: [SERIAL_TX] Timestamp: 1791450512818591094, Sending command (1/1): vcx=0.218,wc=0.000
 [19 bytes written]
[INFO] [1791450512.868518789] [serial_twistctl_node]: [TWIST_RX] Received Twist message - linear.x=0.220, angular.z=0.000, scaled_angular.z=0.000
[INFO] [1791450512.868573907] [serial_twistctl_node]: [SERIAL_TX] Timestamp: 1791450512868561714, Sending command (1/1): vcx=0.220,wc=0.000
 [19 bytes written]
[INFO] [1791450512.918727292] [serial_twistctl_node]: [TWIST_RX] Received Twist message - linear.x=0.217, angular.z=0.000, scaled_angular.z=0.000
[INFO] [1791450512.918792499] [serial_twistctl_node]: [SERIAL_TX] Timestamp: 1791450512918779195, Sending command (1/1): vcx=0.217,wc=0.000
 [19 bytes written]
[INFO] [1791450512.968507612] [serial_twistctl_node]: [TWIST_RX] Received Twist message - linear.x=0.219, angular.z=0.000, scaled_angular.z=0.000
[INFO] [1791450512.968568864] [serial_twistctl_node]: [SERIAL_TX] Timestamp: 1791450512968556028, Sending command (1/1): vcx=0.219,wc=0.000
 [19 bytes written]
[INFO] [1791450513.018481365] [serial_twistctl_node]: [TWIST_RX] Received Twist message - linear.x=0.221, angular.z=0.000, scaled_angular.z=0.000
[INFO] [1791450513.018538522] [serial_twistctl_node]: [SERIAL_TX] Timestamp: 1791450513018527270, Sending command (1/1): vcx=0.221,wc=0.000
 [19 bytes written]
[INFO] [1791450513.068648844] [serial_twistctl_node]: [TWIST_RX] Received Twist message - linear.x=0.218, angular.z=0.000, scaled_angular.z=0.000
[INFO] [1791450513.068703043] [serial_twistctl_node]: [SERIAL_TX] Timestamp: 1791450513068691310, Sending command (1/1): vcx=0.218,wc=0.000
 [19 bytes written]
[INFO] [1791450513.118565136] [serial_twistctl_node]: [TWIST_RX] Received Twist message - linear.x=0.220, angular.z=0.000, scaled_angular.z=0.000
[INFO] [1791450513.118637009] [serial_twistctl_node]: [SERIAL_TX] Timestamp: 1791450513118624365, Sending command (1/1): vcx=0.220,wc=0.000
 [19 bytes written]
[INFO] [1791450513.168654883] [serial_twistctl_node]: [TWIST_RX] Received Twist message - linear.x=0.218, angular.z=0.000, scaled_angular.z=0.000
[INFO] [1791450513.168710742] [serial_twistctl_node]: [SERIAL_TX] Timestamp: 1791450513168698062, Sending command (1/1): vcx=0.218,wc=0.000
 [19 bytes written]
[INFO] [1791450513.218599324] [serial_twistctl_node]: [TWIST_RX] Received Twist message - linear.x=0.220, angular.z=0.000, scaled_angular.z=0.000
[INFO] [1791450513.218656945] [serial_twistctl_node]: [SERIAL_TX] Timestamp: 1791450513218641889, Sending command (1/1): vcx=0.220,wc=0.000
 [19 bytes written]
[INFO] [1791450513.268776860] [serial_twistctl_node]: [TWIST_RX] Received Twist message - linear.x=0.217, angular.z=0.000, scaled_angular.z=0.000
[INFO] [1791450513.268827085] [serial_twistctl_node]: [SERIAL_TX] Timestamp: 1791450513268815062, Sending command (1/1): vcx=0.217,wc=0.000
 [19 bytes written]
[INFO] [1791450513.318680147] [serial_twistctl_node]: [TWIST_RX] Received Twist message - linear.x=0.219, angular.z=0.000, scaled_angular.z=0.000
[INFO] [1791450513.318732211] [serial_twistctl_node]: [SERIAL_TX] Timestamp: 1791450513318721106, Sending command (1/1): vcx=0.219,wc=0.000
 [19 bytes written]
[INFO] [1791450513.368627441] [serial_twistctl_node]: [TWIST_RX] Received Twist message - linear.x=0.221, angular.z=0.000, scaled_angular.z=0.000
[INFO] [1791450513.368682714] [serial_twistctl_node]: [SERIAL_TX] Timestamp: 1791450513368671351, Sending command (1/1): vcx=0.221,wc=0.000
 [19 bytes written]
[INFO] [1791450513.418628234] [serial_twistctl_node]: [TWIST_RX] Received Twist message - linear.x=0.219, angular.z=0.000, scaled_angular.z=0.000
[INFO] [1791450513.418686411] [serial_twistctl_node]: [SERIAL_TX] Timestamp: 1791450513418672659, Sending command (1/1): vcx=0.219,wc=0.000
 [19 bytes written]
[INFO] [1791450513.468715073] [serial_twistctl_node]: [TWIST_RX] Received Twist message - linear.x=0.220, angular.z=0.000, scaled_angular.z=0.000
[INFO] [1791450513.468770522] [serial_twistctl_node]: [SERIAL_TX] Timestamp: 1791450513468758321, Sending command (1/1): vcx=0.220,wc=0.000
 [19 bytes written]
[INFO] [1791450513.518694248] [serial_twistctl_node]: [TWIST_RX] Received Twist message - linear.x=0.218, angular.z=0.000, scaled_angular.z=0.000
[INFO] [1791450513.518746923] [serial_twistctl_node]: [SERIAL_TX] Timestamp: 1791450513518735679, Sending command (1/1): vcx=0.218,wc=0.000
 [19 bytes written]
[INFO] [1791450513.568462260] [serial_twistctl_node]: [TWIST_RX] Received Twist message - linear.x=0.220, angular.z=0.000, scaled_angular.z=0.000
[INFO] [1791450513.568522370] [serial_twistctl_node]: [SERIAL_TX] Timestamp: 1791450513568510138, Sending command (1/1): vcx=0.220,wc=0.000
 [19 bytes written]
[INFO] [1791450513.618684594] [serial_twistctl_node]: [TWIST_RX] Received Twist message - linear.x=0.217, angular.z=0.000, scaled_angular.z=0.000
[INFO] [1791450513.618736057] [serial_twistctl_node]: [SERIAL_TX] Timestamp: 1791450513618725179, Sending command (1/1): vcx=0.217,wc=0.000
 [19 bytes written]
[INFO] [1791450513.668526821] [serial_twistctl_node]: [TWIST_RX] Received Twist message - linear.x=0.220, angular.z=0.000, scaled_angular.z=0.000
[INFO] [1791450513.668583070] [serial_twistctl_node]: [SERIAL_TX] Timestamp: 1791450513668570314, Sending command (1/1): vcx=0.220,wc=0.000
 [19 bytes written]
[INFO] [1791450513.718638139] [serial_twistctl_node]: [TWIST_RX] Received Twist message - linear.x=0.000, angular.z=0.000, scaled_angular.z=0.000
[INFO] [1791450513.718683234] [serial_twistctl_node]: [SERIAL_TX] Timestamp: 1791450513718671957, Sending command (1/1): vcx=0.000,wc=0.000
 [19 bytes written]
[INFO] [1791450513.768500415] [serial_twistctl_node]: [TWIST_RX] Received Twist message - linear.x=0.000, angular.z=0.000, scaled_angular.z=0.000
[INFO] [1791450513.768556072] [serial_twistctl_node]: [SERIAL_TX] Timestamp: 1791450513768543829, Sending command (1/1): vcx=0.000,wc=0.000
 [19 bytes written]
[INFO] [1791450513.818443203] [serial_twistctl_node]: [TWIST_RX] Received Twist message - linear.x=0.000, angular.z=0.000, scaled_angular.z=0.000
[INFO] [1791450513.818492636] [serial_twistctl_node]: [SERIAL_TX] Timestamp: 1791450513818481535, Sending command (1/1): vcx=0.000,wc=0.000
 [19 bytes written]
[INFO] [1791450513.868479699] [serial_twistctl_node]: [TWIST_RX] Received Twist message - linear.x=0.000, angular.z=0.000, scaled_angular.z=0.000
[INFO] [1791450513.868534964] [serial_twistctl_node]: [SERIAL_TX] Timestamp: 1791450513868523619, Sending command (1/1): vcx=0.000,wc=0.000
 [19 bytes written]
[INFO] [1791450513.918621766] [serial_twistctl_node]: [TWIST_RX] Received Twist message - linear.x=0.000, angular.z=0.000, scaled_angular.z=0.000
[INFO] [1791450513.918680378] [serial_twistctl_node]: [SERIAL_TX] Timestamp: 1791450513918667374, Sending command (1/1): vcx=0.000,wc=0.000
 [19 bytes written]
[INFO] [1791450513.968795005] [serial_twistctl_node]: [TWIST_RX] Received Twist message - linear.x=0.000, angular.z=0.000, scaled_angular.z=0.000
[INFO] [1791450513.968847365] [serial_twistctl_node]: [SERIAL_TX] Timestamp: 1791450513968835846, Sending command (1/1): vcx=0.000,wc=0.000
 [19 bytes written]
[INFO] [1791450514.018511530] [serial_twistctl_node]: [TWIST_RX] Received Twist message - linear.x=0.000, angular.z=0.000, scaled_angular.z=0.000
[INFO] [1791450514.018572764] [serial_twistctl_node]: [SERIAL_TX] Timestamp: 1791450514018560917, Sending command (1/1): vcx=0.000,wc=0.000
 [19 bytes written]
[INFO] [1791450514.068582294] [serial_twistctl_node]: [TWIST_RX] Received Twist message - linear.x=0.000, angular.z=0.000, scaled_angular.z=0.000
[INFO] [1791450514.068631970] [serial_twistctl_node]: [SERIAL_TX] Timestamp: 1791450514068621074, Sending command (1/1): vcx=0.000,wc=0.000
 [19 bytes written]
[INFO] [1791450514.118524194] [serial_twistctl_node]: [TWIST_RX] Received Twist message - linear.x=0.000, angular.z=0.000, scaled_angular.z=0.000
[INFO] [1791450514.118578299] [serial_twistctl_node]: [SERIAL_TX] Timestamp: 1791450514118566950, Sending command (1/1): vcx=0.000,wc=0.000
 [19 bytes written]
[INFO] [1791450514.168525143] [serial_twistctl_node]: [TWIST_RX] Received Twist message - linear.x=0.000, angular.z=0.000, scaled_angular.z=0.000
[INFO] [1791450514.168584231] [serial_twistctl_node]: [SERIAL_TX] Timestamp: 1791450514168569780, Sending command (1/1): vcx=0.000,wc=0.000
 [19 bytes written]
[INFO] [1791450514.218680997] [serial_twistctl_node]: [TWIST_RX] Received Twist message - linear.x=0.000, angular.z=0.000, scaled_angular.z=0.000
[INFO] [1791450514.218737668] [serial_twistctl_node]: [SERIAL_TX] Timestamp: 1791450514218725132, Sending command (1/1): vcx=0.000,wc=0.000
 [19 bytes written]
[INFO] [1791450514.268594568] [serial_twistctl_node]: [TWIST_RX] Received Twist message - linear.x=0.000, angular.z=0.000, scaled_angular.z=0.000
[INFO] [1791450514.268654494] [serial_twistctl_node]: [SERIAL_TX] Timestamp: 1791450514268642560, Sending command (1/1): vcx=0.000,wc=0.000
 [19 bytes written]
[INFO] [1791450514.318602956] [serial_twistctl_node]: [TWIST_RX] Received Twist message - linear.x=0.000, angular.z=0.000, scaled_angular.z=0.000
[INFO] [1791450514.318654750] [serial_twistctl_node]: [SERIAL_TX] Timestamp: 1791450514318643344, Sending command (1/1): vcx=0.000,wc=0.000
 [19 bytes written]
[INFO] [1791450514.368689215] [serial_twistctl_node]: [TWIST_RX] Received Twist message - linear.x=0.000, angular.z=0.000, scaled_angular.z=0.000
[INFO] [1791450514.368745154] [serial_twistctl_node]: [SERIAL_TX] Timestamp: 1791450514368733327, Sending command (1/1): vcx=0.000,wc=0.000
 [19 bytes written]
[INFO] [1791450514.418525653] [serial_twistctl_node]: [TWIST_RX] Received Twist message - linear.x=0.000, angular.z=0.000, scaled_angular.z=0.000
[INFO] [1791450514.418583465] [serial_twistctl_node]: [SERIAL_TX] Timestamp: 1791450514418571156, Sending command (1/1): vcx=0.000,wc=0.000
 [19 bytes written]
[INFO] [1791450514.468541744] [serial_twistctl_node]: [TWIST_RX] Received Twist message - linear.x=0.000, angular.z=0.000, scaled_angular.z=0.000
[INFO] [1791450514.468604910] [serial_twistctl_node]: [SERIAL_TX] Timestamp: 1791450514468594081, Sending command (1/1): vcx=0.000,wc=0.000
 [19 bytes written]
[INFO] [1791450514.518543465] [serial_twistctl_node]: [TWIST_RX] Received Twist message - linear.x=0.000, angular.z=0.000, scaled_angular.z=0.000
[INFO] [1791450514.518598401] [serial_twistctl_node]: [SERIAL_TX] Timestamp: 1791450514518586118, Sending command (1/1): vcx=0.000,wc=0.000
 [19 bytes written]
[INFO] [1791450514.568513095] [serial_twistctl_node]: [TWIST_RX] Received Twist message - linear.x=0.000, angular.z=0.000, scaled_angular.z=0.000
[INFO] [1791450514.568562669] [serial_twistctl_node]: [SERIAL_TX] Timestamp: 1791450514568550510, Sending command (1/1): vcx=0.000,wc=0.000
 [19 bytes written]
[INFO] [1791450514.618542873] [serial_twistctl_node]: [TWIST_RX] Received Twist message - linear.x=0.000, angular.z=0.000, scaled_angular.z=0.000
[INFO] [1791450514.618595347] [serial_twistctl_node]: [SERIAL_TX] Timestamp: 1791450514618582986, Sending command (1/1): vcx=0.000,wc=0.000
 [19 bytes written]
[INFO] [1791450514.668573965] [serial_twistctl_node]: [TWIST_RX] Received Twist message - linear.x=0.000, angular.z=0.000, scaled_angular.z=0.000
[INFO] [1791450514.668626714] [serial_twistctl_node]: [SERIAL_TX] Timestamp: 1791450514668614617, Sending command (1/1): vcx=0.000,wc=0.000
 [19 bytes written]
[INFO] [1791450514.718468410] [serial_twistctl_node]: [TWIST_RX] Received Twist message - linear.x=0.000, angular.z=0.000, scaled_angular.z=0.000
[INFO] [1791450514.718536205] [serial_twistctl_node]: [SERIAL_TX] Timestamp: 1791450514718521541, Sending command (1/1): vcx=0.000,wc=0.000
 [19 bytes written]
[INFO] [1791450514.768405814] [serial_twistctl_node]: [TWIST_RX] Received Twist message - linear.x=0.000, angular.z=0.000, scaled_angular.z=0.000
[INFO] [1791450514.768452279] [serial_twistctl_node]: [SERIAL_TX] Timestamp: 1791450514768439261, Sending command (1/1): vcx=0.000,wc=0.000
 [19 bytes written]
[INFO] [1791450514.818488554] [serial_twistctl_node]: [TWIST_RX] Received Twist message - linear.x=0.000, angular.z=0.000, scaled_angular.z=0.000
[INFO] [1791450514.818542263] [serial_twistctl_node]: [SERIAL_TX] Timestamp: 1791450514818527730, Sending command (1/1): vcx=0.000,wc=0.000
 [19 bytes written]
[INFO] [1791450514.868683719] [serial_twistctl_node]: [TWIST_RX] Received Twist message - linear.x=0.000, angular.z=0.000, scaled_angular.z=0.000
[INFO] [1791450514.868725611] [serial_twistctl_node]: [SERIAL_TX] Timestamp: 1791450514868714618, Sending command (1/1): vcx=0.000,wc=0.000
 [19 bytes written]
[INFO] [1791450514.918720141] [serial_twistctl_node]: [TWIST_RX] Received Twist message - linear.x=0.000, angular.z=0.000, scaled_angular.z=0.000
[INFO] [1791450514.918767477] [serial_twistctl_node]: [SERIAL_TX] Timestamp: 1791450514918755684, Sending command (1/1): vcx=0.000,wc=0.000
 [19 bytes written]
[INFO] [1791450514.968787246] [serial_twistctl_node]: [TWIST_RX] Received Twist message - linear.x=0.000, angular.z=0.000, scaled_angular.z=0.000
[INFO] [1791450514.968838666] [serial_twistctl_node]: [SERIAL_TX] Timestamp: 1791450514968827049, Sending command (1/1): vcx=0.000,wc=0.000
 [19 bytes written]
[INFO] [1791450515.018797524] [serial_twistctl_node]: [TWIST_RX] Received Twist message - linear.x=0.000, angular.z=0.000, scaled_angular.z=0.000
[INFO] [1791450515.018853012] [serial_twistctl_node]: [SERIAL_TX] Timestamp: 1791450515018842020, Sending command (1/1): vcx=0.000,wc=0.000
 [19 bytes written]
[INFO] [1791450515.068622650] [serial_twistctl_node]: [TWIST_RX] Received Twist message - linear.x=0.000, angular.z=0.000, scaled_angular.z=0.000
[INFO] [1791450515.068672884] [serial_twistctl_node]: [SERIAL_TX] Timestamp: 1791450515068662260, Sending command (1/1): vcx=0.000,wc=0.000
 [19 bytes written]
[INFO] [1791450515.118696093] [serial_twistctl_node]: [TWIST_RX] Received Twist message - linear.x=0.000, angular.z=0.000, scaled_angular.z=0.000
[INFO] [1791450515.118758192] [serial_twistctl_node]: [SERIAL_TX] Timestamp: 1791450515118746755, Sending command (1/1): vcx=0.000,wc=0.000
 [19 bytes written]
[INFO] [1791450515.168896461] [serial_twistctl_node]: [TWIST_RX] Received Twist message - linear.x=0.000, angular.z=0.000, scaled_angular.z=0.000
[INFO] [1791450515.168947048] [serial_twistctl_node]: [SERIAL_TX] Timestamp: 1791450515168936201, Sending command (1/1): vcx=0.000,wc=0.000
 [19 bytes written]
[INFO] [1791450515.218595864] [serial_twistctl_node]: [TWIST_RX] Received Twist message - linear.x=0.000, angular.z=0.000, scaled_angular.z=0.000
[INFO] [1791450515.218652132] [serial_twistctl_node]: [SERIAL_TX] Timestamp: 1791450515218639889, Sending command (1/1): vcx=0.000,wc=0.000
 [19 bytes written]
[INFO] [1791450515.268598723] [serial_twistctl_node]: [TWIST_RX] Received Twist message - linear.x=0.000, angular.z=0.000, scaled_angular.z=0.000
[INFO] [1791450515.268652684] [serial_twistctl_node]: [SERIAL_TX] Timestamp: 1791450515268640601, Sending command (1/1): vcx=0.000,wc=0.000
 [19 bytes written]
[INFO] [1791450515.318595174] [serial_twistctl_node]: [TWIST_RX] Received Twist message - linear.x=0.000, angular.z=0.000, scaled_angular.z=0.000
[INFO] [1791450515.318649115] [serial_twistctl_node]: [SERIAL_TX] Timestamp: 1791450515318637371, Sending command (1/1): vcx=0.000,wc=0.000
 [19 bytes written]
[INFO] [1791450515.368745739] [serial_twistctl_node]: [TWIST_RX] Received Twist message - linear.x=0.000, angular.z=0.000, scaled_angular.z=0.000
[INFO] [1791450515.368798217] [serial_twistctl_node]: [SERIAL_TX] Timestamp: 1791450515368786689, Sending command (1/1): vcx=0.000,wc=0.000
 [19 bytes written]
[INFO] [1791450515.418666048] [serial_twistctl_node]: [TWIST_RX] Received Twist message - linear.x=0.000, angular.z=0.000, scaled_angular.z=0.000
[INFO] [1791450515.418719245] [serial_twistctl_node]: [SERIAL_TX] Timestamp: 1791450515418707693, Sending command (1/1): vcx=0.000,wc=0.000
 [19 bytes written]
[INFO] [1791450515.468745813] [serial_twistctl_node]: [TWIST_RX] Received Twist message - linear.x=0.000, angular.z=0.000, scaled_angular.z=0.000
[INFO] [1791450515.468797740] [serial_twistctl_node]: [SERIAL_TX] Timestamp: 1791450515468786886, Sending command (1/1): vcx=0.000,wc=0.000
 [19 bytes written]
[INFO] [1791450515.518689667] [serial_twistctl_node]: [TWIST_RX] Received Twist message - linear.x=0.000, angular.z=0.000, scaled_angular.z=0.000
[INFO] [1791450515.518749791] [serial_twistctl_node]: [SERIAL_TX] Timestamp: 1791450515518738453, Sending command (1/1): vcx=0.000,wc=0.000
 [19 bytes written]
[INFO] [1791450515.568669734] [serial_twistctl_node]: [TWIST_RX] Received Twist message - linear.x=0.000, angular.z=0.000, scaled_angular.z=0.000
[INFO] [1791450515.568721011] [serial_twistctl_node]: [SERIAL_TX] Timestamp: 1791450515568710096, Sending command (1/1): vcx=0.000,wc=0.000
 [19 bytes written]
[INFO] [1791450515.618810534] [serial_twistctl_node]: [TWIST_RX] Received Twist message - linear.x=0.000, angular.z=0.000, scaled_angular.z=0.000
[INFO] [1791450515.618865666] [serial_twistctl_node]: [SERIAL_TX] Timestamp: 1791450515618852261, Sending command (1/1): vcx=0.000,wc=0.000
 [19 bytes written]
[INFO] [1791450515.668710813] [serial_twistctl_node]: [TWIST_RX] Received Twist message - linear.x=0.000, angular.z=0.000, scaled_angular.z=0.000
[INFO] [1791450515.668759998] [serial_twistctl_node]: [SERIAL_TX] Timestamp: 1791450515668748681, Sending command (1/1): vcx=0.000,wc=0.000
 [19 bytes written]
[INFO] [1791450515.718601194] [serial_twistctl_node]: [TWIST_RX] Received Twist message - linear.x=0.000, angular.z=0.000, scaled_angular.z=0.000
[INFO] [1791450515.718654289] [serial_twistctl_node]: [SERIAL_TX] Timestamp: 1791450515718641668, Sending command (1/1): vcx=0.000,wc=0.000
 [19 bytes written]
[INFO] [1791450515.768537413] [serial_twistctl_node]: [TWIST_RX] Received Twist message - linear.x=0.000, angular.z=0.000, scaled_angular.z=0.000
[INFO] [1791450515.768578761] [serial_twistctl_node]: [SERIAL_TX] Timestamp: 1791450515768568758, Sending command (1/1): vcx=0.000,wc=0.000
 [19 bytes written]
[INFO] [1791450515.818638287] [serial_twistctl_node]: [TWIST_RX] Received Twist message - linear.x=0.000, angular.z=0.000, scaled_angular.z=0.000
[INFO] [1791450515.818705484] [serial_twistctl_node]: [SERIAL_TX] Timestamp: 1791450515818694473, Sending command (1/1): vcx=0.000,wc=0.000
 [19 bytes written]
[INFO] [1791450515.868547340] [serial_twistctl_node]: [TWIST_RX] Received Twist message - linear.x=0.000, angular.z=0.000, scaled_angular.z=0.000
[INFO] [1791450515.868593557] [serial_twistctl_node]: [SERIAL_TX] Timestamp: 1791450515868581379, Sending command (1/1): vcx=0.000,wc=0.000
 [19 bytes written]
[INFO] [1791450515.918795721] [serial_twistctl_node]: [TWIST_RX] Received Twist message - linear.x=0.000, angular.z=0.000, scaled_angular.z=0.000
[INFO] [1791450515.918850465] [serial_twistctl_node]: [SERIAL_TX] Timestamp: 1791450515918836987, Sending command (1/1): vcx=0.000,wc=0.000
 [19 bytes written]
[INFO] [1791450515.968783479] [serial_twistctl_node]: [TWIST_RX] Received Twist message - linear.x=0.000, angular.z=0.000, scaled_angular.z=0.000
[INFO] [1791450515.968833686] [serial_twistctl_node]: [SERIAL_TX] Timestamp: 1791450515968822251, Sending command (1/1): vcx=0.000,wc=0.000
 [19 bytes written]
[INFO] [1791450516.018701888] [serial_twistctl_node]: [TWIST_RX] Received Twist message - linear.x=0.000, angular.z=0.000, scaled_angular.z=0.000
[INFO] [1791450516.018764483] [serial_twistctl_node]: [SERIAL_TX] Timestamp: 1791450516018750558, Sending command (1/1): vcx=0.000,wc=0.000
 [19 bytes written]
[INFO] [1791450516.068758091] [serial_twistctl_node]: [TWIST_RX] Received Twist message - linear.x=0.000, angular.z=0.000, scaled_angular.z=0.000
[INFO] [1791450516.068814736] [serial_twistctl_node]: [SERIAL_TX] Timestamp: 1791450516068801213, Sending command (1/1): vcx=0.000,wc=0.000
 [19 bytes written]
[INFO] [1791450516.118753164] [serial_twistctl_node]: [TWIST_RX] Received Twist message - linear.x=0.000, angular.z=0.000, scaled_angular.z=0.000
[INFO] [1791450516.118807300] [serial_twistctl_node]: [SERIAL_TX] Timestamp: 1791450516118794190, Sending command (1/1): vcx=0.000,wc=0.000
 [19 bytes written]
[INFO] [1791450516.168742715] [serial_twistctl_node]: [TWIST_RX] Received Twist message - linear.x=0.000, angular.z=0.000, scaled_angular.z=0.000
[INFO] [1791450516.168797394] [serial_twistctl_node]: [SERIAL_TX] Timestamp: 1791450516168784548, Sending command (1/1): vcx=0.000,wc=0.000
 [19 bytes written]
[INFO] [1791450516.218799867] [serial_twistctl_node]: [TWIST_RX] Received Twist message - linear.x=0.000, angular.z=0.000, scaled_angular.z=0.000
[INFO] [1791450516.218860151] [serial_twistctl_node]: [SERIAL_TX] Timestamp: 1791450516218845667, Sending command (1/1): vcx=0.000,wc=0.000
 [19 bytes written]
[INFO] [1791450516.268719102] [serial_twistctl_node]: [TWIST_RX] Received Twist message - linear.x=0.000, angular.z=0.000, scaled_angular.z=0.000
[INFO] [1791450516.268775301] [serial_twistctl_node]: [SERIAL_TX] Timestamp: 1791450516268762991, Sending command (1/1): vcx=0.000,wc=0.000
 [19 bytes written]
[INFO] [1791450516.318634043] [serial_twistctl_node]: [TWIST_RX] Received Twist message - linear.x=0.000, angular.z=0.000, scaled_angular.z=0.000
[INFO] [1791450516.318673924] [serial_twistctl_node]: [SERIAL_TX] Timestamp: 1791450516318664226, Sending command (1/1): vcx=0.000,wc=0.000
 [19 bytes written]
[INFO] [1791450516.368634454] [serial_twistctl_node]: [TWIST_RX] Received Twist message - linear.x=0.000, angular.z=0.000, scaled_angular.z=0.000
[INFO] [1791450516.368672126] [serial_twistctl_node]: [SERIAL_TX] Timestamp: 1791450516368662809, Sending command (1/1): vcx=0.000,wc=0.000
 [19 bytes written]
[INFO] [1791450516.418585200] [serial_twistctl_node]: [TWIST_RX] Received Twist message - linear.x=0.000, angular.z=0.000, scaled_angular.z=0.000
[INFO] [1791450516.418635025] [serial_twistctl_node]: [SERIAL_TX] Timestamp: 1791450516418623502, Sending command (1/1): vcx=0.000,wc=0.000
 [19 bytes written]
[INFO] [1791450516.468764749] [serial_twistctl_node]: [TWIST_RX] Received Twist message - linear.x=0.000, angular.z=0.000, scaled_angular.z=0.000
[INFO] [1791450516.468826776] [serial_twistctl_node]: [SERIAL_TX] Timestamp: 1791450516468815169, Sending command (1/1): vcx=0.000,wc=0.000
 [19 bytes written]
[INFO] [1791450516.518982907] [serial_twistctl_node]: [TWIST_RX] Received Twist message - linear.x=0.000, angular.z=0.000, scaled_angular.z=0.000
[INFO] [1791450516.519029930] [serial_twistctl_node]: [SERIAL_TX] Timestamp: 1791450516519018092, Sending command (1/1): vcx=0.000,wc=0.000
 [19 bytes written]
[INFO] [1791450516.568843314] [serial_twistctl_node]: [TWIST_RX] Received Twist message - linear.x=0.000, angular.z=0.000, scaled_angular.z=0.000
[INFO] [1791450516.568878604] [serial_twistctl_node]: [SERIAL_TX] Timestamp: 1791450516568869902, Sending command (1/1): vcx=0.000,wc=0.000
 [19 bytes written]
[INFO] [1791450516.618762208] [serial_twistctl_node]: [TWIST_RX] Received Twist message - linear.x=0.000, angular.z=0.000, scaled_angular.z=0.000
[INFO] [1791450516.618801747] [serial_twistctl_node]: [SERIAL_TX] Timestamp: 1791450516618792435, Sending command (1/1): vcx=0.000,wc=0.000
 [19 bytes written]
[INFO] [1791450516.668807049] [serial_twistctl_node]: [TWIST_RX] Received Twist message - linear.x=0.000, angular.z=0.000, scaled_angular.z=0.000
[INFO] [1791450516.668845027] [serial_twistctl_node]: [SERIAL_TX] Timestamp: 1791450516668836063, Sending command (1/1): vcx=0.000,wc=0.000
 [19 bytes written]
[INFO] [1791450516.718887955] [serial_twistctl_node]: [TWIST_RX] Received Twist message - linear.x=0.000, angular.z=0.000, scaled_angular.z=0.000
[INFO] [1791450516.718923607] [serial_twistctl_node]: [SERIAL_TX] Timestamp: 1791450516718914723, Sending command (1/1): vcx=0.000,wc=0.000
 [19 bytes written]
[INFO] [1791450516.768665121] [serial_twistctl_node]: [TWIST_RX] Received Twist message - linear.x=0.000, angular.z=0.000, scaled_angular.z=0.000
[INFO] [1791450516.768705824] [serial_twistctl_node]: [SERIAL_TX] Timestamp: 1791450516768697151, Sending command (1/1): vcx=0.000,wc=0.000
 [19 bytes written]
[INFO] [1791450516.818619595] [serial_twistctl_node]: [TWIST_RX] Received Twist message - linear.x=0.000, angular.z=0.000, scaled_angular.z=0.000
[INFO] [1791450516.818662894] [serial_twistctl_node]: [SERIAL_TX] Timestamp: 1791450516818652964, Sending command (1/1): vcx=0.000,wc=0.000
 [19 bytes written]
[INFO] [1791450516.868764974] [serial_twistctl_node]: [TWIST_RX] Received Twist message - linear.x=0.000, angular.z=0.000, scaled_angular.z=0.000
[INFO] [1791450516.868804354] [serial_twistctl_node]: [SERIAL_TX] Timestamp: 1791450516868795263, Sending command (1/1): vcx=0.000,wc=0.000
 [19 bytes written]
[INFO] [1791450516.918709752] [serial_twistctl_node]: [TWIST_RX] Received Twist message - linear.x=0.000, angular.z=0.000, scaled_angular.z=0.000
[INFO] [1791450516.918750928] [serial_twistctl_node]: [SERIAL_TX] Timestamp: 1791450516918741668, Sending command (1/1): vcx=0.000,wc=0.000
 [19 bytes written]
[INFO] [1791450516.968870201] [serial_twistctl_node]: [TWIST_RX] Received Twist message - linear.x=0.000, angular.z=0.000, scaled_angular.z=0.000
[INFO] [1791450516.968908675] [serial_twistctl_node]: [SERIAL_TX] Timestamp: 1791450516968899645, Sending command (1/1): vcx=0.000,wc=0.000
 [19 bytes written]
[INFO] [1791450517.018703767] [serial_twistctl_node]: [TWIST_RX] Received Twist message - linear.x=0.000, angular.z=0.000, scaled_angular.z=0.000
[INFO] [1791450517.018747333] [serial_twistctl_node]: [SERIAL_TX] Timestamp: 1791450517018737723, Sending command (1/1): vcx=0.000,wc=0.000
 [19 bytes written]
[INFO] [1791450517.068652537] [serial_twistctl_node]: [TWIST_RX] Received Twist message - linear.x=0.000, angular.z=0.000, scaled_angular.z=0.000
[INFO] [1791450517.068685776] [serial_twistctl_node]: [SERIAL_TX] Timestamp: 1791450517068677392, Sending command (1/1): vcx=0.000,wc=0.000
 [19 bytes written]
[INFO] [1791450517.118621486] [serial_twistctl_node]: [TWIST_RX] Received Twist message - linear.x=0.000, angular.z=0.000, scaled_angular.z=0.000
[INFO] [1791450517.118661035] [serial_twistctl_node]: [SERIAL_TX] Timestamp: 1791450517118651822, Sending command (1/1): vcx=0.000,wc=0.000
 [19 bytes written]
[INFO] [1791450517.168896590] [serial_twistctl_node]: [TWIST_RX] Received Twist message - linear.x=0.000, angular.z=0.000, scaled_angular.z=0.000
[INFO] [1791450517.168934824] [serial_twistctl_node]: [SERIAL_TX] Timestamp: 1791450517168925511, Sending command (1/1): vcx=0.000,wc=0.000
 [19 bytes written]
[INFO] [1791450517.218626392] [serial_twistctl_node]: [TWIST_RX] Received Twist message - linear.x=0.000, angular.z=0.000, scaled_angular.z=0.000
[INFO] [1791450517.218684171] [serial_twistctl_node]: [SERIAL_TX] Timestamp: 1791450517218675227, Sending command (1/1): vcx=0.000,wc=0.000
 [19 bytes written]
[INFO] [1791450517.268827380] [serial_twistctl_node]: [TWIST_RX] Received Twist message - linear.x=0.000, angular.z=0.000, scaled_angular.z=0.000
[INFO] [1791450517.268869863] [serial_twistctl_node]: [SERIAL_TX] Timestamp: 1791450517268860108, Sending command (1/1): vcx=0.000,wc=0.000
 [19 bytes written]
[INFO] [1791450517.318829484] [serial_twistctl_node]: [TWIST_RX] Received Twist message - linear.x=0.000, angular.z=0.000, scaled_angular.z=0.000
[INFO] [1791450517.318868662] [serial_twistctl_node]: [SERIAL_TX] Timestamp: 1791450517318859398, Sending command (1/1): vcx=0.000,wc=0.000
 [19 bytes written]
[INFO] [1791450517.368652849] [serial_twistctl_node]: [TWIST_RX] Received Twist message - linear.x=0.000, angular.z=0.000, scaled_angular.z=0.000
[INFO] [1791450517.368689872] [serial_twistctl_node]: [SERIAL_TX] Timestamp: 1791450517368680916, Sending command (1/1): vcx=0.000,wc=0.000
 [19 bytes written]
[INFO] [1791450517.418663315] [serial_twistctl_node]: [TWIST_RX] Received Twist message - linear.x=0.000, angular.z=0.000, scaled_angular.z=0.000
[INFO] [1791450517.418702664] [serial_twistctl_node]: [SERIAL_TX] Timestamp: 1791450517418693552, Sending command (1/1): vcx=0.000,wc=0.000
 [19 bytes written]
[INFO] [1791450517.468546095] [serial_twistctl_node]: [TWIST_RX] Received Twist message - linear.x=0.000, angular.z=0.000, scaled_angular.z=0.000
[INFO] [1791450517.468586704] [serial_twistctl_node]: [SERIAL_TX] Timestamp: 1791450517468577241, Sending command (1/1): vcx=0.000,wc=0.000
 [19 bytes written]
[INFO] [1791450517.518760394] [serial_twistctl_node]: [TWIST_RX] Received Twist message - linear.x=0.000, angular.z=0.000, scaled_angular.z=0.000
[INFO] [1791450517.518806161] [serial_twistctl_node]: [SERIAL_TX] Timestamp: 1791450517518797177, Sending command (1/1): vcx=0.000,wc=0.000
 [19 bytes written]
[INFO] [1791450517.568713953] [serial_twistctl_node]: [TWIST_RX] Received Twist message - linear.x=0.000, angular.z=0.000, scaled_angular.z=0.000
[INFO] [1791450517.568748404] [serial_twistctl_node]: [SERIAL_TX] Timestamp: 1791450517568741175, Sending command (1/1): vcx=0.000,wc=0.000
 [19 bytes written]
[INFO] [1791450517.618582349] [serial_twistctl_node]: [TWIST_RX] Received Twist message - linear.x=0.000, angular.z=0.000, scaled_angular.z=0.000
[INFO] [1791450517.618623600] [serial_twistctl_node]: [SERIAL_TX] Timestamp: 1791450517618613804, Sending command (1/1): vcx=0.000,wc=0.000
 [19 bytes written]
[INFO] [1791450517.668596044] [serial_twistctl_node]: [TWIST_RX] Received Twist message - linear.x=0.021, angular.z=0.000, scaled_angular.z=0.000
[INFO] [1791450517.668632365] [serial_twistctl_node]: [SERIAL_TX] Timestamp: 1791450517668623565, Sending command (1/1): vcx=0.021,wc=0.000
 [19 bytes written]
[INFO] [1791450517.718721370] [serial_twistctl_node]: [TWIST_RX] Received Twist message - linear.x=0.042, angular.z=0.000, scaled_angular.z=0.000
[INFO] [1791450517.718762223] [serial_twistctl_node]: [SERIAL_TX] Timestamp: 1791450517718752531, Sending command (1/1): vcx=0.042,wc=0.000
 [19 bytes written]
[INFO] [1791450517.768543811] [serial_twistctl_node]: [TWIST_RX] Received Twist message - linear.x=0.064, angular.z=0.000, scaled_angular.z=0.000
[INFO] [1791450517.768586915] [serial_twistctl_node]: [SERIAL_TX] Timestamp: 1791450517768578433, Sending command (1/1): vcx=0.064,wc=0.000
 [19 bytes written]
[INFO] [1791450517.818608157] [serial_twistctl_node]: [TWIST_RX] Received Twist message - linear.x=0.085, angular.z=0.000, scaled_angular.z=0.000
[INFO] [1791450517.818660426] [serial_twistctl_node]: [SERIAL_TX] Timestamp: 1791450517818650628, Sending command (1/1): vcx=0.085,wc=0.000
 [19 bytes written]
[INFO] [1791450517.868613413] [serial_twistctl_node]: [TWIST_RX] Received Twist message - linear.x=0.106, angular.z=0.000, scaled_angular.z=0.000
[INFO] [1791450517.868646476] [serial_twistctl_node]: [SERIAL_TX] Timestamp: 1791450517868638875, Sending command (1/1): vcx=0.106,wc=0.000
 [19 bytes written]
[INFO] [1791450517.918553135] [serial_twistctl_node]: [TWIST_RX] Received Twist message - linear.x=0.128, angular.z=0.000, scaled_angular.z=0.000
[INFO] [1791450517.918592153] [serial_twistctl_node]: [SERIAL_TX] Timestamp: 1791450517918582643, Sending command (1/1): vcx=0.128,wc=0.000
 [19 bytes written]
[INFO] [1791450517.968745564] [serial_twistctl_node]: [TWIST_RX] Received Twist message - linear.x=0.149, angular.z=0.000, scaled_angular.z=0.000
[INFO] [1791450517.968785854] [serial_twistctl_node]: [SERIAL_TX] Timestamp: 1791450517968777173, Sending command (1/1): vcx=0.149,wc=0.000
 [19 bytes written]
[INFO] [1791450518.018738129] [serial_twistctl_node]: [TWIST_RX] Received Twist message - linear.x=0.170, angular.z=0.000, scaled_angular.z=0.000
[INFO] [1791450518.018783104] [serial_twistctl_node]: [SERIAL_TX] Timestamp: 1791450518018774568, Sending command (1/1): vcx=0.170,wc=0.000
 [19 bytes written]
[INFO] [1791450518.068779632] [serial_twistctl_node]: [TWIST_RX] Received Twist message - linear.x=0.191, angular.z=0.000, scaled_angular.z=0.000
[INFO] [1791450518.068817456] [serial_twistctl_node]: [SERIAL_TX] Timestamp: 1791450518068809337, Sending command (1/1): vcx=0.191,wc=0.000
 [19 bytes written]
[INFO] [1791450518.118815957] [serial_twistctl_node]: [TWIST_RX] Received Twist message - linear.x=0.212, angular.z=0.000, scaled_angular.z=0.000
[INFO] [1791450518.118858874] [serial_twistctl_node]: [SERIAL_TX] Timestamp: 1791450518118849000, Sending command (1/1): vcx=0.212,wc=0.000
 [19 bytes written]
[INFO] [1791450518.168726835] [serial_twistctl_node]: [TWIST_RX] Received Twist message - linear.x=0.221, angular.z=0.000, scaled_angular.z=0.000
[INFO] [1791450518.168765923] [serial_twistctl_node]: [SERIAL_TX] Timestamp: 1791450518168756254, Sending command (1/1): vcx=0.221,wc=0.000
 [19 bytes written]
[INFO] [1791450518.218690188] [serial_twistctl_node]: [TWIST_RX] Received Twist message - linear.x=0.218, angular.z=0.000, scaled_angular.z=0.000
[INFO] [1791450518.218738789] [serial_twistctl_node]: [SERIAL_TX] Timestamp: 1791450518218728036, Sending command (1/1): vcx=0.218,wc=0.000
 [19 bytes written]
[INFO] [1791450518.268650551] [serial_twistctl_node]: [TWIST_RX] Received Twist message - linear.x=0.220, angular.z=0.000, scaled_angular.z=0.000
[INFO] [1791450518.268688193] [serial_twistctl_node]: [SERIAL_TX] Timestamp: 1791450518268678582, Sending command (1/1): vcx=0.220,wc=0.000
 [19 bytes written]
[INFO] [1791450518.318600140] [serial_twistctl_node]: [TWIST_RX] Received Twist message - linear.x=0.217, angular.z=0.000, scaled_angular.z=0.000
[INFO] [1791450518.318638696] [serial_twistctl_node]: [SERIAL_TX] Timestamp: 1791450518318629978, Sending command (1/1): vcx=0.217,wc=0.000
 [19 bytes written]
[INFO] [1791450518.368624856] [serial_twistctl_node]: [TWIST_RX] Received Twist message - linear.x=0.219, angular.z=0.000, scaled_angular.z=0.000
[INFO] [1791450518.368663268] [serial_twistctl_node]: [SERIAL_TX] Timestamp: 1791450518368654994, Sending command (1/1): vcx=0.219,wc=0.000
 [19 bytes written]
[INFO] [1791450518.418713511] [serial_twistctl_node]: [TWIST_RX] Received Twist message - linear.x=0.217, angular.z=0.000, scaled_angular.z=0.000
[INFO] [1791450518.418755399] [serial_twistctl_node]: [SERIAL_TX] Timestamp: 1791450518418745178, Sending command (1/1): vcx=0.217,wc=0.000
 [19 bytes written]
[INFO] [1791450518.468581265] [serial_twistctl_node]: [TWIST_RX] Received Twist message - linear.x=0.219, angular.z=0.000, scaled_angular.z=0.000
[INFO] [1791450518.468622817] [serial_twistctl_node]: [SERIAL_TX] Timestamp: 1791450518468615590, Sending command (1/1): vcx=0.219,wc=0.000
 [19 bytes written]
[INFO] [1791450518.518502602] [serial_twistctl_node]: [TWIST_RX] Received Twist message - linear.x=0.221, angular.z=0.000, scaled_angular.z=0.000
[INFO] [1791450518.518544534] [serial_twistctl_node]: [SERIAL_TX] Timestamp: 1791450518518532020, Sending command (1/1): vcx=0.221,wc=0.000
 [19 bytes written]
[INFO] [1791450518.568688688] [serial_twistctl_node]: [TWIST_RX] Received Twist message - linear.x=0.219, angular.z=0.000, scaled_angular.z=0.000
[INFO] [1791450518.568724089] [serial_twistctl_node]: [SERIAL_TX] Timestamp: 1791450518568716733, Sending command (1/1): vcx=0.219,wc=0.000
 [19 bytes written]
[INFO] [1791450518.618566612] [serial_twistctl_node]: [TWIST_RX] Received Twist message - linear.x=0.221, angular.z=0.000, scaled_angular.z=0.000
[INFO] [1791450518.618604505] [serial_twistctl_node]: [SERIAL_TX] Timestamp: 1791450518618595598, Sending command (1/1): vcx=0.221,wc=0.000
 [19 bytes written]
[INFO] [1791450518.668570927] [serial_twistctl_node]: [TWIST_RX] Received Twist message - linear.x=0.218, angular.z=0.000, scaled_angular.z=0.000
[INFO] [1791450518.668611362] [serial_twistctl_node]: [SERIAL_TX] Timestamp: 1791450518668601686, Sending command (1/1): vcx=0.218,wc=0.000
 [19 bytes written]
[INFO] [1791450518.718564637] [serial_twistctl_node]: [TWIST_RX] Received Twist message - linear.x=0.220, angular.z=0.000, scaled_angular.z=0.000
[INFO] [1791450518.718603508] [serial_twistctl_node]: [SERIAL_TX] Timestamp: 1791450518718593917, Sending command (1/1): vcx=0.220,wc=0.000
 [19 bytes written]
[INFO] [1791450518.768498534] [serial_twistctl_node]: [TWIST_RX] Received Twist message - linear.x=0.217, angular.z=0.000, scaled_angular.z=0.000
[INFO] [1791450518.768538211] [serial_twistctl_node]: [SERIAL_TX] Timestamp: 1791450518768531033, Sending command (1/1): vcx=0.217,wc=0.000
 [19 bytes written]
[INFO] [1791450518.818593654] [serial_twistctl_node]: [TWIST_RX] Received Twist message - linear.x=0.219, angular.z=0.000, scaled_angular.z=0.000
[INFO] [1791450518.818629985] [serial_twistctl_node]: [SERIAL_TX] Timestamp: 1791450518818622155, Sending command (1/1): vcx=0.219,wc=0.000
 [19 bytes written]
[INFO] [1791450518.868752858] [serial_twistctl_node]: [TWIST_RX] Received Twist message - linear.x=0.217, angular.z=0.000, scaled_angular.z=0.000
[INFO] [1791450518.868788397] [serial_twistctl_node]: [SERIAL_TX] Timestamp: 1791450518868780992, Sending command (1/1): vcx=0.217,wc=0.000
 [19 bytes written]
[INFO] [1791450518.918696256] [serial_twistctl_node]: [TWIST_RX] Received Twist message - linear.x=0.219, angular.z=0.000, scaled_angular.z=0.000
[INFO] [1791450518.918733688] [serial_twistctl_node]: [SERIAL_TX] Timestamp: 1791450518918725077, Sending command (1/1): vcx=0.219,wc=0.000
 [19 bytes written]
[INFO] [1791450518.968920617] [serial_twistctl_node]: [TWIST_RX] Received Twist message - linear.x=0.221, angular.z=0.000, scaled_angular.z=0.000
[INFO] [1791450518.968959775] [serial_twistctl_node]: [SERIAL_TX] Timestamp: 1791450518968950234, Sending command (1/1): vcx=0.221,wc=0.000
 [19 bytes written]
[INFO] [1791450519.018599540] [serial_twistctl_node]: [TWIST_RX] Received Twist message - linear.x=0.219, angular.z=0.000, scaled_angular.z=0.000
[INFO] [1791450519.018639089] [serial_twistctl_node]: [SERIAL_TX] Timestamp: 1791450519018629576, Sending command (1/1): vcx=0.219,wc=0.000
 [19 bytes written]
[INFO] [1791450519.068808566] [serial_twistctl_node]: [TWIST_RX] Received Twist message - linear.x=0.221, angular.z=0.000, scaled_angular.z=0.000
[INFO] [1791450519.068845228] [serial_twistctl_node]: [SERIAL_TX] Timestamp: 1791450519068836832, Sending command (1/1): vcx=0.221,wc=0.000
 [19 bytes written]
[INFO] [1791450519.118778575] [serial_twistctl_node]: [TWIST_RX] Received Twist message - linear.x=0.217, angular.z=0.000, scaled_angular.z=0.000
[INFO] [1791450519.118815281] [serial_twistctl_node]: [SERIAL_TX] Timestamp: 1791450519118806935, Sending command (1/1): vcx=0.217,wc=0.000
 [19 bytes written]
[INFO] [1791450519.168747011] [serial_twistctl_node]: [TWIST_RX] Received Twist message - linear.x=0.219, angular.z=0.000, scaled_angular.z=0.000
[INFO] [1791450519.168791087] [serial_twistctl_node]: [SERIAL_TX] Timestamp: 1791450519168783600, Sending command (1/1): vcx=0.219,wc=0.000
 [19 bytes written]
[INFO] [1791450519.218654125] [serial_twistctl_node]: [TWIST_RX] Received Twist message - linear.x=0.221, angular.z=0.000, scaled_angular.z=0.000
[INFO] [1791450519.218698522] [serial_twistctl_node]: [SERIAL_TX] Timestamp: 1791450519218689572, Sending command (1/1): vcx=0.221,wc=0.000
 [19 bytes written]
[INFO] [1791450519.268697517] [serial_twistctl_node]: [TWIST_RX] Received Twist message - linear.x=0.218, angular.z=0.000, scaled_angular.z=0.000
[INFO] [1791450519.268760872] [serial_twistctl_node]: [SERIAL_TX] Timestamp: 1791450519268740270, Sending command (1/1): vcx=0.218,wc=0.000
 [19 bytes written]
[INFO] [1791450519.318661104] [serial_twistctl_node]: [TWIST_RX] Received Twist message - linear.x=0.220, angular.z=0.000, scaled_angular.z=0.000
[INFO] [1791450519.318698429] [serial_twistctl_node]: [SERIAL_TX] Timestamp: 1791450519318689975, Sending command (1/1): vcx=0.220,wc=0.000
 [19 bytes written]
[INFO] [1791450519.368598869] [serial_twistctl_node]: [TWIST_RX] Received Twist message - linear.x=0.217, angular.z=0.000, scaled_angular.z=0.000
[INFO] [1791450519.368639843] [serial_twistctl_node]: [SERIAL_TX] Timestamp: 1791450519368631598, Sending command (1/1): vcx=0.217,wc=0.000
 [19 bytes written]
[INFO] [1791450519.418779857] [serial_twistctl_node]: [TWIST_RX] Received Twist message - linear.x=0.219, angular.z=0.000, scaled_angular.z=0.000
[INFO] [1791450519.418815237] [serial_twistctl_node]: [SERIAL_TX] Timestamp: 1791450519418807318, Sending command (1/1): vcx=0.219,wc=0.000
 [19 bytes written]
[INFO] [1791450519.468589857] [serial_twistctl_node]: [TWIST_RX] Received Twist message - linear.x=0.221, angular.z=0.000, scaled_angular.z=0.000
[INFO] [1791450519.468627788] [serial_twistctl_node]: [SERIAL_TX] Timestamp: 1791450519468620388, Sending command (1/1): vcx=0.221,wc=0.000
 [19 bytes written]
[INFO] [1791450519.518695509] [serial_twistctl_node]: [TWIST_RX] Received Twist message - linear.x=0.218, angular.z=0.000, scaled_angular.z=0.000
[INFO] [1791450519.518733401] [serial_twistctl_node]: [SERIAL_TX] Timestamp: 1791450519518725268, Sending command (1/1): vcx=0.218,wc=0.000
 [19 bytes written]
[INFO] [1791450519.568578522] [serial_twistctl_node]: [TWIST_RX] Received Twist message - linear.x=0.000, angular.z=0.000, scaled_angular.z=0.000
[INFO] [1791450519.568612170] [serial_twistctl_node]: [SERIAL_TX] Timestamp: 1791450519568604747, Sending command (1/1): vcx=0.000,wc=0.000
 [19 bytes written]
[INFO] [1791450519.618627218] [serial_twistctl_node]: [TWIST_RX] Received Twist message - linear.x=0.000, angular.z=0.000, scaled_angular.z=0.000
[INFO] [1791450519.618660624] [serial_twistctl_node]: [SERIAL_TX] Timestamp: 1791450519618652730, Sending command (1/1): vcx=0.000,wc=0.000
 [19 bytes written]
[INFO] [1791450519.668690959] [serial_twistctl_node]: [TWIST_RX] Received Twist message - linear.x=0.000, angular.z=0.000, scaled_angular.z=0.000
[INFO] [1791450519.668727473] [serial_twistctl_node]: [SERIAL_TX] Timestamp: 1791450519668715913, Sending command (1/1): vcx=0.000,wc=0.000
 [19 bytes written]
[INFO] [1791450519.718731067] [serial_twistctl_node]: [TWIST_RX] Received Twist message - linear.x=0.000, angular.z=0.000, scaled_angular.z=0.000
[INFO] [1791450519.718791269] [serial_twistctl_node]: [SERIAL_TX] Timestamp: 1791450519718783036, Sending command (1/1): vcx=0.000,wc=0.000
 [19 bytes written]
[INFO] [1791450519.768641837] [serial_twistctl_node]: [TWIST_RX] Received Twist message - linear.x=0.000, angular.z=0.000, scaled_angular.z=0.000
[INFO] [1791450519.768675613] [serial_twistctl_node]: [SERIAL_TX] Timestamp: 1791450519768668468, Sending command (1/1): vcx=0.000,wc=0.000
 [19 bytes written]
[INFO] [1791450519.818660795] [serial_twistctl_node]: [TWIST_RX] Received Twist message - linear.x=0.000, angular.z=0.000, scaled_angular.z=0.000
[INFO] [1791450519.818711017] [serial_twistctl_node]: [SERIAL_TX] Timestamp: 1791450519818702971, Sending command (1/1): vcx=0.000,wc=0.000
 [19 bytes written]
[INFO] [1791450519.868752011] [serial_twistctl_node]: [TWIST_RX] Received Twist message - linear.x=0.000, angular.z=0.000, scaled_angular.z=0.000
[INFO] [1791450519.868796323] [serial_twistctl_node]: [SERIAL_TX] Timestamp: 1791450519868788241, Sending command (1/1): vcx=0.000,wc=0.000
 [19 bytes written]
[INFO] [1791450519.918676449] [serial_twistctl_node]: [TWIST_RX] Received Twist message - linear.x=0.000, angular.z=0.000, scaled_angular.z=0.000
[INFO] [1791450519.918716404] [serial_twistctl_node]: [SERIAL_TX] Timestamp: 1791450519918703867, Sending command (1/1): vcx=0.000,wc=0.000
 [19 bytes written]
[INFO] [1791450519.968494618] [serial_twistctl_node]: [TWIST_RX] Received Twist message - linear.x=0.000, angular.z=0.000, scaled_angular.z=0.000
[INFO] [1791450519.968530264] [serial_twistctl_node]: [SERIAL_TX] Timestamp: 1791450519968522309, Sending command (1/1): vcx=0.000,wc=0.000
 [19 bytes written]
[INFO] [1791450520.018667691] [serial_twistctl_node]: [TWIST_RX] Received Twist message - linear.x=0.000, angular.z=0.000, scaled_angular.z=0.000
[INFO] [1791450520.018707710] [serial_twistctl_node]: [SERIAL_TX] Timestamp: 1791450520018699290, Sending command (1/1): vcx=0.000,wc=0.000
 [19 bytes written]
[INFO] [1791450520.068798635] [serial_twistctl_node]: [TWIST_RX] Received Twist message - linear.x=0.000, angular.z=0.000, scaled_angular.z=0.000
[INFO] [1791450520.068824859] [serial_twistctl_node]: [SERIAL_TX] Timestamp: 1791450520068818713, Sending command (1/1): vcx=0.000,wc=0.000
 [19 bytes written]
[INFO] [1791450520.118615487] [serial_twistctl_node]: [TWIST_RX] Received Twist message - linear.x=0.000, angular.z=0.000, scaled_angular.z=0.000
[INFO] [1791450520.118655635] [serial_twistctl_node]: [SERIAL_TX] Timestamp: 1791450520118646356, Sending command (1/1): vcx=0.000,wc=0.000
 [19 bytes written]
[INFO] [1791450520.168745554] [serial_twistctl_node]: [TWIST_RX] Received Twist message - linear.x=0.000, angular.z=0.000, scaled_angular.z=0.000
[INFO] [1791450520.168779072] [serial_twistctl_node]: [SERIAL_TX] Timestamp: 1791450520168770430, Sending command (1/1): vcx=0.000,wc=0.000
 [19 bytes written]
[INFO] [1791450520.218753949] [serial_twistctl_node]: [TWIST_RX] Received Twist message - linear.x=0.000, angular.z=0.000, scaled_angular.z=0.000
[INFO] [1791450520.218802502] [serial_twistctl_node]: [SERIAL_TX] Timestamp: 1791450520218791743, Sending command (1/1): vcx=0.000,wc=0.000
 [19 bytes written]
[INFO] [1791450520.243962441] [rclcpp]: signal_handler(SIGINT/SIGTERM)
[INFO] [1791450520.244173383] [serial_twistctl_node]: Serial port closed.
