-- main project dir: /home/badger/codex-research/superlio-ego-20261007/vehicle-lio-ready/src/sensor_drivers/Livox-SDK2
-- main project dir: /home/badger/codex-research/superlio-ego-20261007/vehicle-lio-ready/src/sensor_drivers/Livox-SDK2/samples
-- Configuring done
-- Generating done
-- Build files have been written to: /home/badger/codex-research/superlio-ego-20261007/lio-ready-69b9b75-ws/sdk-build
Consolidate compiler generated dependencies of target livox_lidar_sdk_static
[ 42%] Built target livox_lidar_sdk_static
Consolidate compiler generated dependencies of target livox_lidar_sdk_shared
[ 84%] Built target livox_lidar_sdk_shared
Consolidate compiler generated dependencies of target livox_lidar_quick_start
[ 86%] Built target livox_lidar_quick_start
Consolidate compiler generated dependencies of target multi_lidars_upgrade
[ 89%] Built target multi_lidars_upgrade
Consolidate compiler generated dependencies of target logger
[ 91%] Built target logger
Consolidate compiler generated dependencies of target debug_point_cloud
[ 93%] Built target debug_point_cloud
Consolidate compiler generated dependencies of target lidar_cmd_observer
[ 96%] Built target lidar_cmd_observer
Consolidate compiler generated dependencies of target livox_lidar_rmc_time_sync
[100%] Built target livox_lidar_rmc_time_sync
-- Install configuration: "Release"
-- Up-to-date: /home/badger/codex-research/superlio-ego-20261007/lio-ready-69b9b75-ws/sdk-install/lib/liblivox_lidar_sdk_static.a
-- Up-to-date: /home/badger/codex-research/superlio-ego-20261007/lio-ready-69b9b75-ws/sdk-install/include/livox_lidar_def.h
-- Up-to-date: /home/badger/codex-research/superlio-ego-20261007/lio-ready-69b9b75-ws/sdk-install/include/livox_lidar_api.h
-- Up-to-date: /home/badger/codex-research/superlio-ego-20261007/lio-ready-69b9b75-ws/sdk-install/include/livox_lidar_cfg.h
-- Up-to-date: /home/badger/codex-research/superlio-ego-20261007/lio-ready-69b9b75-ws/sdk-install/lib/liblivox_lidar_sdk_shared.so
Starting >>> research_interfaces
[  0%] Built target research_interfaces__cpp
Consolidate compiler generated dependencies of target research_interfaces__rosidl_typesupport_cpp
[ 12%] Built target research_interfaces__rosidl_typesupport_cpp
Consolidate compiler generated dependencies of target research_interfaces__rosidl_generator_c
[ 24%] Built target research_interfaces__rosidl_generator_c
Consolidate compiler generated dependencies of target research_interfaces__rosidl_typesupport_fastrtps_c
[ 36%] Built target research_interfaces__rosidl_typesupport_fastrtps_c
Consolidate compiler generated dependencies of target research_interfaces__rosidl_typesupport_introspection_c
[ 48%] Built target research_interfaces__rosidl_typesupport_introspection_c
Consolidate compiler generated dependencies of target research_interfaces__rosidl_typesupport_c
[ 59%] Built target research_interfaces__rosidl_typesupport_c
Consolidate compiler generated dependencies of target research_interfaces__rosidl_typesupport_fastrtps_cpp
[ 70%] Built target research_interfaces__rosidl_typesupport_fastrtps_cpp
Consolidate compiler generated dependencies of target research_interfaces__rosidl_typesupport_introspection_cpp
[ 82%] Built target research_interfaces__rosidl_typesupport_introspection_cpp
[ 82%] Built target research_interfaces
[ 82%] Built target ament_cmake_python_copy_research_interfaces
running egg_info
writing research_interfaces.egg-info/PKG-INFO
writing dependency_links to research_interfaces.egg-info/dependency_links.txt
writing top-level names to research_interfaces.egg-info/top_level.txt
reading manifest file 'research_interfaces.egg-info/SOURCES.txt'
writing manifest file 'research_interfaces.egg-info/SOURCES.txt'
[ 82%] Built target ament_cmake_python_build_research_interfaces_egg
[ 83%] Built target research_interfaces__py
Consolidate compiler generated dependencies of target research_interfaces__rosidl_generator_py
[ 94%] Built target research_interfaces__rosidl_generator_py
Consolidate compiler generated dependencies of target research_interfaces__rosidl_typesupport_fastrtps_c__pyext
[ 96%] Built target research_interfaces__rosidl_typesupport_fastrtps_c__pyext
Consolidate compiler generated dependencies of target research_interfaces__rosidl_typesupport_introspection_c__pyext
[ 98%] Built target research_interfaces__rosidl_typesupport_introspection_c__pyext
Consolidate compiler generated dependencies of target research_interfaces__rosidl_typesupport_c__pyext
[100%] Built target research_interfaces__rosidl_typesupport_c__pyext
-- Install configuration: ""
-- Up-to-date: /home/badger/codex-research/superlio-ego-20261007/lio-ready-69b9b75-ws/install/research_interfaces/share/ament_index/resource_index/rosidl_interfaces/research_interfaces
-- Up-to-date: /home/badger/codex-research/superlio-ego-20261007/lio-ready-69b9b75-ws/install/research_interfaces/include/research_interfaces/research_interfaces
-- Up-to-date: /home/badger/codex-research/superlio-ego-20261007/lio-ready-69b9b75-ws/install/research_interfaces/include/research_interfaces/research_interfaces/srv
-- Up-to-date: /home/badger/codex-research/superlio-ego-20261007/lio-ready-69b9b75-ws/install/research_interfaces/include/research_interfaces/research_interfaces/srv/plan_road_reference.h
-- Up-to-date: /home/badger/codex-research/superlio-ego-20261007/lio-ready-69b9b75-ws/install/research_interfaces/include/research_interfaces/research_interfaces/srv/detail
-- Up-to-date: /home/badger/codex-research/superlio-ego-20261007/lio-ready-69b9b75-ws/install/research_interfaces/include/research_interfaces/research_interfaces/srv/detail/manage_research_task__struct.h
-- Up-to-date: /home/badger/codex-research/superlio-ego-20261007/lio-ready-69b9b75-ws/install/research_interfaces/include/research_interfaces/research_interfaces/srv/detail/plan_road_reference__struct.h
-- Up-to-date: /home/badger/codex-research/superlio-ego-20261007/lio-ready-69b9b75-ws/install/research_interfaces/include/research_interfaces/research_interfaces/srv/detail/plan_road_reference__type_support.h
-- Up-to-date: /home/badger/codex-research/superlio-ego-20261007/lio-ready-69b9b75-ws/install/research_interfaces/include/research_interfaces/research_interfaces/srv/detail/manage_research_task__functions.h
-- Up-to-date: /home/badger/codex-research/superlio-ego-20261007/lio-ready-69b9b75-ws/install/research_interfaces/include/research_interfaces/research_interfaces/srv/detail/manage_research_task__type_support.h
-- Up-to-date: /home/badger/codex-research/superlio-ego-20261007/lio-ready-69b9b75-ws/install/research_interfaces/include/research_interfaces/research_interfaces/srv/detail/plan_road_reference__functions.h
-- Up-to-date: /home/badger/codex-research/superlio-ego-20261007/lio-ready-69b9b75-ws/install/research_interfaces/include/research_interfaces/research_interfaces/srv/detail/plan_road_reference__functions.c
-- Up-to-date: /home/badger/codex-research/superlio-ego-20261007/lio-ready-69b9b75-ws/install/research_interfaces/include/research_interfaces/research_interfaces/srv/detail/manage_research_task__functions.c
-- Up-to-date: /home/badger/codex-research/superlio-ego-20261007/lio-ready-69b9b75-ws/install/research_interfaces/include/research_interfaces/research_interfaces/srv/manage_research_task.h
-- Up-to-date: /home/badger/codex-research/superlio-ego-20261007/lio-ready-69b9b75-ws/install/research_interfaces/include/research_interfaces/research_interfaces/msg
-- Up-to-date: /home/badger/codex-research/superlio-ego-20261007/lio-ready-69b9b75-ws/install/research_interfaces/include/research_interfaces/research_interfaces/msg/detail
-- Up-to-date: /home/badger/codex-research/superlio-ego-20261007/lio-ready-69b9b75-ws/install/research_interfaces/include/research_interfaces/research_interfaces/msg/detail/road_graph_update2_d__functions.c
-- Up-to-date: /home/badger/codex-research/superlio-ego-20261007/lio-ready-69b9b75-ws/install/research_interfaces/include/research_interfaces/research_interfaces/msg/detail/operator_permit__struct.h
-- Up-to-date: /home/badger/codex-research/superlio-ego-20261007/lio-ready-69b9b75-ws/install/research_interfaces/include/research_interfaces/research_interfaces/msg/detail/road_evidence2_d__struct.h
-- Up-to-date: /home/badger/codex-research/superlio-ego-20261007/lio-ready-69b9b75-ws/install/research_interfaces/include/research_interfaces/research_interfaces/msg/detail/operator_permit__type_support.h
-- Up-to-date: /home/badger/codex-research/superlio-ego-20261007/lio-ready-69b9b75-ws/install/research_interfaces/include/research_interfaces/research_interfaces/msg/detail/road_event__functions.c
-- Up-to-date: /home/badger/codex-research/superlio-ego-20261007/lio-ready-69b9b75-ws/install/research_interfaces/include/research_interfaces/research_interfaces/msg/detail/road_evidence2_d__functions.c
-- Up-to-date: /home/badger/codex-research/superlio-ego-20261007/lio-ready-69b9b75-ws/install/research_interfaces/include/research_interfaces/research_interfaces/msg/detail/road_graph_update2_d__type_support.h
-- Up-to-date: /home/badger/codex-research/superlio-ego-20261007/lio-ready-69b9b75-ws/install/research_interfaces/include/research_interfaces/research_interfaces/msg/detail/timed_trajectory2_d__type_support.h
-- Up-to-date: /home/badger/codex-research/superlio-ego-20261007/lio-ready-69b9b75-ws/install/research_interfaces/include/research_interfaces/research_interfaces/msg/detail/research_status__struct.h
-- Up-to-date: /home/badger/codex-research/superlio-ego-20261007/lio-ready-69b9b75-ws/install/research_interfaces/include/research_interfaces/research_interfaces/msg/detail/road_evidence2_d__type_support.h
-- Up-to-date: /home/badger/codex-research/superlio-ego-20261007/lio-ready-69b9b75-ws/install/research_interfaces/include/research_interfaces/research_interfaces/msg/detail/road_graph_update2_d__functions.h
-- Up-to-date: /home/badger/codex-research/superlio-ego-20261007/lio-ready-69b9b75-ws/install/research_interfaces/include/research_interfaces/research_interfaces/msg/detail/observation_goal__struct.h
-- Up-to-date: /home/badger/codex-research/superlio-ego-20261007/lio-ready-69b9b75-ws/install/research_interfaces/include/research_interfaces/research_interfaces/msg/detail/timed_trajectory_point2_d__type_support.h
-- Up-to-date: /home/badger/codex-research/superlio-ego-20261007/lio-ready-69b9b75-ws/install/research_interfaces/include/research_interfaces/research_interfaces/msg/detail/research_status__type_support.h
-- Up-to-date: /home/badger/codex-research/superlio-ego-20261007/lio-ready-69b9b75-ws/install/research_interfaces/include/research_interfaces/research_interfaces/msg/detail/road_event__type_support.h
-- Up-to-date: /home/badger/codex-research/superlio-ego-20261007/lio-ready-69b9b75-ws/install/research_interfaces/include/research_interfaces/research_interfaces/msg/detail/timed_trajectory2_d__functions.c
-- Up-to-date: /home/badger/codex-research/superlio-ego-20261007/lio-ready-69b9b75-ws/install/research_interfaces/include/research_interfaces/research_interfaces/msg/detail/operator_permit__functions.h
-- Up-to-date: /home/badger/codex-research/superlio-ego-20261007/lio-ready-69b9b75-ws/install/research_interfaces/include/research_interfaces/research_interfaces/msg/detail/road_event__struct.h
-- Up-to-date: /home/badger/codex-research/superlio-ego-20261007/lio-ready-69b9b75-ws/install/research_interfaces/include/research_interfaces/research_interfaces/msg/detail/timed_trajectory2_d__struct.h
-- Up-to-date: /home/badger/codex-research/superlio-ego-20261007/lio-ready-69b9b75-ws/install/research_interfaces/include/research_interfaces/research_interfaces/msg/detail/timed_trajectory_point2_d__struct.h
-- Up-to-date: /home/badger/codex-research/superlio-ego-20261007/lio-ready-69b9b75-ws/install/research_interfaces/include/research_interfaces/research_interfaces/msg/detail/timed_trajectory_point2_d__functions.h
-- Up-to-date: /home/badger/codex-research/superlio-ego-20261007/lio-ready-69b9b75-ws/install/research_interfaces/include/research_interfaces/research_interfaces/msg/detail/road_graph_update2_d__struct.h
-- Up-to-date: /home/badger/codex-research/superlio-ego-20261007/lio-ready-69b9b75-ws/install/research_interfaces/include/research_interfaces/research_interfaces/msg/detail/observation_goal__type_support.h
-- Up-to-date: /home/badger/codex-research/superlio-ego-20261007/lio-ready-69b9b75-ws/install/research_interfaces/include/research_interfaces/research_interfaces/msg/detail/operator_permit__functions.c
-- Up-to-date: /home/badger/codex-research/superlio-ego-20261007/lio-ready-69b9b75-ws/install/research_interfaces/include/research_interfaces/research_interfaces/msg/detail/timed_trajectory2_d__functions.h
-- Up-to-date: /home/badger/codex-research/superlio-ego-20261007/lio-ready-69b9b75-ws/install/research_interfaces/include/research_interfaces/research_interfaces/msg/detail/timed_trajectory_point2_d__functions.c
-- Up-to-date: /home/badger/codex-research/superlio-ego-20261007/lio-ready-69b9b75-ws/install/research_interfaces/include/research_interfaces/research_interfaces/msg/detail/road_evidence2_d__functions.h
-- Up-to-date: /home/badger/codex-research/superlio-ego-20261007/lio-ready-69b9b75-ws/install/research_interfaces/include/research_interfaces/research_interfaces/msg/detail/road_event__functions.h
-- Up-to-date: /home/badger/codex-research/superlio-ego-20261007/lio-ready-69b9b75-ws/install/research_interfaces/include/research_interfaces/research_interfaces/msg/detail/observation_goal__functions.c
-- Up-to-date: /home/badger/codex-research/superlio-ego-20261007/lio-ready-69b9b75-ws/install/research_interfaces/include/research_interfaces/research_interfaces/msg/detail/research_status__functions.h
-- Up-to-date: /home/badger/codex-research/superlio-ego-20261007/lio-ready-69b9b75-ws/install/research_interfaces/include/research_interfaces/research_interfaces/msg/detail/research_status__functions.c
-- Up-to-date: /home/badger/codex-research/superlio-ego-20261007/lio-ready-69b9b75-ws/install/research_interfaces/include/research_interfaces/research_interfaces/msg/detail/observation_goal__functions.h
-- Up-to-date: /home/badger/codex-research/superlio-ego-20261007/lio-ready-69b9b75-ws/install/research_interfaces/include/research_interfaces/research_interfaces/msg/timed_trajectory2_d.h
-- Up-to-date: /home/badger/codex-research/superlio-ego-20261007/lio-ready-69b9b75-ws/install/research_interfaces/include/research_interfaces/research_interfaces/msg/rosidl_generator_c__visibility_control.h
-- Up-to-date: /home/badger/codex-research/superlio-ego-20261007/lio-ready-69b9b75-ws/install/research_interfaces/include/research_interfaces/research_interfaces/msg/road_graph_update2_d.h
-- Up-to-date: /home/badger/codex-research/superlio-ego-20261007/lio-ready-69b9b75-ws/install/research_interfaces/include/research_interfaces/research_interfaces/msg/road_evidence2_d.h
-- Up-to-date: /home/badger/codex-research/superlio-ego-20261007/lio-ready-69b9b75-ws/install/research_interfaces/include/research_interfaces/research_interfaces/msg/road_event.h
-- Up-to-date: /home/badger/codex-research/superlio-ego-20261007/lio-ready-69b9b75-ws/install/research_interfaces/include/research_interfaces/research_interfaces/msg/operator_permit.h
-- Up-to-date: /home/badger/codex-research/superlio-ego-20261007/lio-ready-69b9b75-ws/install/research_interfaces/include/research_interfaces/research_interfaces/msg/research_status.h
-- Up-to-date: /home/badger/codex-research/superlio-ego-20261007/lio-ready-69b9b75-ws/install/research_interfaces/include/research_interfaces/research_interfaces/msg/observation_goal.h
-- Up-to-date: /home/badger/codex-research/superlio-ego-20261007/lio-ready-69b9b75-ws/install/research_interfaces/include/research_interfaces/research_interfaces/msg/timed_trajectory_point2_d.h
-- Up-to-date: /home/badger/codex-research/superlio-ego-20261007/lio-ready-69b9b75-ws/install/research_interfaces/share/research_interfaces/environment/library_path.sh
-- Up-to-date: /home/badger/codex-research/superlio-ego-20261007/lio-ready-69b9b75-ws/install/research_interfaces/share/research_interfaces/environment/library_path.dsv
-- Up-to-date: /home/badger/codex-research/superlio-ego-20261007/lio-ready-69b9b75-ws/install/research_interfaces/lib/libresearch_interfaces__rosidl_generator_c.so
-- Up-to-date: /home/badger/codex-research/superlio-ego-20261007/lio-ready-69b9b75-ws/install/research_interfaces/include/research_interfaces/research_interfaces
-- Up-to-date: /home/badger/codex-research/superlio-ego-20261007/lio-ready-69b9b75-ws/install/research_interfaces/include/research_interfaces/research_interfaces/srv
-- Up-to-date: /home/badger/codex-research/superlio-ego-20261007/lio-ready-69b9b75-ws/install/research_interfaces/include/research_interfaces/research_interfaces/srv/detail
-- Up-to-date: /home/badger/codex-research/superlio-ego-20261007/lio-ready-69b9b75-ws/install/research_interfaces/include/research_interfaces/research_interfaces/srv/detail/manage_research_task__rosidl_typesupport_fastrtps_c.h
-- Up-to-date: /home/badger/codex-research/superlio-ego-20261007/lio-ready-69b9b75-ws/install/research_interfaces/include/research_interfaces/research_interfaces/srv/detail/plan_road_reference__rosidl_typesupport_fastrtps_c.h
-- Up-to-date: /home/badger/codex-research/superlio-ego-20261007/lio-ready-69b9b75-ws/install/research_interfaces/include/research_interfaces/research_interfaces/msg
-- Up-to-date: /home/badger/codex-research/superlio-ego-20261007/lio-ready-69b9b75-ws/install/research_interfaces/include/research_interfaces/research_interfaces/msg/detail
-- Up-to-date: /home/badger/codex-research/superlio-ego-20261007/lio-ready-69b9b75-ws/install/research_interfaces/include/research_interfaces/research_interfaces/msg/detail/road_event__rosidl_typesupport_fastrtps_c.h
-- Up-to-date: /home/badger/codex-research/superlio-ego-20261007/lio-ready-69b9b75-ws/install/research_interfaces/include/research_interfaces/research_interfaces/msg/detail/observation_goal__rosidl_typesupport_fastrtps_c.h
-- Up-to-date: /home/badger/codex-research/superlio-ego-20261007/lio-ready-69b9b75-ws/install/research_interfaces/include/research_interfaces/research_interfaces/msg/detail/road_graph_update2_d__rosidl_typesupport_fastrtps_c.h
-- Up-to-date: /home/badger/codex-research/superlio-ego-20261007/lio-ready-69b9b75-ws/install/research_interfaces/include/research_interfaces/research_interfaces/msg/detail/research_status__rosidl_typesupport_fastrtps_c.h
-- Up-to-date: /home/badger/codex-research/superlio-ego-20261007/lio-ready-69b9b75-ws/install/research_interfaces/include/research_interfaces/research_interfaces/msg/detail/timed_trajectory2_d__rosidl_typesupport_fastrtps_c.h
-- Up-to-date: /home/badger/codex-research/superlio-ego-20261007/lio-ready-69b9b75-ws/install/research_interfaces/include/research_interfaces/research_interfaces/msg/detail/operator_permit__rosidl_typesupport_fastrtps_c.h
-- Up-to-date: /home/badger/codex-research/superlio-ego-20261007/lio-ready-69b9b75-ws/install/research_interfaces/include/research_interfaces/research_interfaces/msg/detail/timed_trajectory_point2_d__rosidl_typesupport_fastrtps_c.h
-- Up-to-date: /home/badger/codex-research/superlio-ego-20261007/lio-ready-69b9b75-ws/install/research_interfaces/include/research_interfaces/research_interfaces/msg/detail/road_evidence2_d__rosidl_typesupport_fastrtps_c.h
-- Up-to-date: /home/badger/codex-research/superlio-ego-20261007/lio-ready-69b9b75-ws/install/research_interfaces/include/research_interfaces/research_interfaces/msg/rosidl_typesupport_fastrtps_c__visibility_control.h
-- Up-to-date: /home/badger/codex-research/superlio-ego-20261007/lio-ready-69b9b75-ws/install/research_interfaces/lib/libresearch_interfaces__rosidl_typesupport_fastrtps_c.so
-- Up-to-date: /home/badger/codex-research/superlio-ego-20261007/lio-ready-69b9b75-ws/install/research_interfaces/include/research_interfaces/research_interfaces
-- Up-to-date: /home/badger/codex-research/superlio-ego-20261007/lio-ready-69b9b75-ws/install/research_interfaces/include/research_interfaces/research_interfaces/srv
-- Up-to-date: /home/badger/codex-research/superlio-ego-20261007/lio-ready-69b9b75-ws/install/research_interfaces/include/research_interfaces/research_interfaces/srv/detail
-- Up-to-date: /home/badger/codex-research/superlio-ego-20261007/lio-ready-69b9b75-ws/install/research_interfaces/include/research_interfaces/research_interfaces/srv/detail/manage_research_task__type_support.c
-- Up-to-date: /home/badger/codex-research/superlio-ego-20261007/lio-ready-69b9b75-ws/install/research_interfaces/include/research_interfaces/research_interfaces/srv/detail/plan_road_reference__type_support.c
-- Up-to-date: /home/badger/codex-research/superlio-ego-20261007/lio-ready-69b9b75-ws/install/research_interfaces/include/research_interfaces/research_interfaces/srv/detail/manage_research_task__rosidl_typesupport_introspection_c.h
-- Up-to-date: /home/badger/codex-research/superlio-ego-20261007/lio-ready-69b9b75-ws/install/research_interfaces/include/research_interfaces/research_interfaces/srv/detail/plan_road_reference__rosidl_typesupport_introspection_c.h
-- Up-to-date: /home/badger/codex-research/superlio-ego-20261007/lio-ready-69b9b75-ws/install/research_interfaces/include/research_interfaces/research_interfaces/msg
-- Up-to-date: /home/badger/codex-research/superlio-ego-20261007/lio-ready-69b9b75-ws/install/research_interfaces/include/research_interfaces/research_interfaces/msg/detail
-- Up-to-date: /home/badger/codex-research/superlio-ego-20261007/lio-ready-69b9b75-ws/install/research_interfaces/include/research_interfaces/research_interfaces/msg/detail/timed_trajectory_point2_d__rosidl_typesupport_introspection_c.h
-- Up-to-date: /home/badger/codex-research/superlio-ego-20261007/lio-ready-69b9b75-ws/install/research_interfaces/include/research_interfaces/research_interfaces/msg/detail/operator_permit__rosidl_typesupport_introspection_c.h
-- Up-to-date: /home/badger/codex-research/superlio-ego-20261007/lio-ready-69b9b75-ws/install/research_interfaces/include/research_interfaces/research_interfaces/msg/detail/road_graph_update2_d__rosidl_typesupport_introspection_c.h
-- Up-to-date: /home/badger/codex-research/superlio-ego-20261007/lio-ready-69b9b75-ws/install/research_interfaces/include/research_interfaces/research_interfaces/msg/detail/research_status__rosidl_typesupport_introspection_c.h
-- Up-to-date: /home/badger/codex-research/superlio-ego-20261007/lio-ready-69b9b75-ws/install/research_interfaces/include/research_interfaces/research_interfaces/msg/detail/observation_goal__type_support.c
-- Up-to-date: /home/badger/codex-research/superlio-ego-20261007/lio-ready-69b9b75-ws/install/research_interfaces/include/research_interfaces/research_interfaces/msg/detail/timed_trajectory2_d__type_support.c
-- Up-to-date: /home/badger/codex-research/superlio-ego-20261007/lio-ready-69b9b75-ws/install/research_interfaces/include/research_interfaces/research_interfaces/msg/detail/timed_trajectory2_d__rosidl_typesupport_introspection_c.h
-- Up-to-date: /home/badger/codex-research/superlio-ego-20261007/lio-ready-69b9b75-ws/install/research_interfaces/include/research_interfaces/research_interfaces/msg/detail/road_evidence2_d__type_support.c
-- Up-to-date: /home/badger/codex-research/superlio-ego-20261007/lio-ready-69b9b75-ws/install/research_interfaces/include/research_interfaces/research_interfaces/msg/detail/road_event__type_support.c
-- Up-to-date: /home/badger/codex-research/superlio-ego-20261007/lio-ready-69b9b75-ws/install/research_interfaces/include/research_interfaces/research_interfaces/msg/detail/road_evidence2_d__rosidl_typesupport_introspection_c.h
-- Up-to-date: /home/badger/codex-research/superlio-ego-20261007/lio-ready-69b9b75-ws/install/research_interfaces/include/research_interfaces/research_interfaces/msg/detail/road_event__rosidl_typesupport_introspection_c.h
-- Up-to-date: /home/badger/codex-research/superlio-ego-20261007/lio-ready-69b9b75-ws/install/research_interfaces/include/research_interfaces/research_interfaces/msg/detail/operator_permit__type_support.c
-- Up-to-date: /home/badger/codex-research/superlio-ego-20261007/lio-ready-69b9b75-ws/install/research_interfaces/include/research_interfaces/research_interfaces/msg/detail/road_graph_update2_d__type_support.c
-- Up-to-date: /home/badger/codex-research/superlio-ego-20261007/lio-ready-69b9b75-ws/install/research_interfaces/include/research_interfaces/research_interfaces/msg/detail/timed_trajectory_point2_d__type_support.c
-- Up-to-date: /home/badger/codex-research/superlio-ego-20261007/lio-ready-69b9b75-ws/install/research_interfaces/include/research_interfaces/research_interfaces/msg/detail/research_status__type_support.c
-- Up-to-date: /home/badger/codex-research/superlio-ego-20261007/lio-ready-69b9b75-ws/install/research_interfaces/include/research_interfaces/research_interfaces/msg/detail/observation_goal__rosidl_typesupport_introspection_c.h
-- Up-to-date: /home/badger/codex-research/superlio-ego-20261007/lio-ready-69b9b75-ws/install/research_interfaces/include/research_interfaces/research_interfaces/msg/rosidl_typesupport_introspection_c__visibility_control.h
-- Up-to-date: /home/badger/codex-research/superlio-ego-20261007/lio-ready-69b9b75-ws/install/research_interfaces/lib/libresearch_interfaces__rosidl_typesupport_introspection_c.so
-- Up-to-date: /home/badger/codex-research/superlio-ego-20261007/lio-ready-69b9b75-ws/install/research_interfaces/lib/libresearch_interfaces__rosidl_typesupport_c.so
-- Up-to-date: /home/badger/codex-research/superlio-ego-20261007/lio-ready-69b9b75-ws/install/research_interfaces/include/research_interfaces/research_interfaces
-- Up-to-date: /home/badger/codex-research/superlio-ego-20261007/lio-ready-69b9b75-ws/install/research_interfaces/include/research_interfaces/research_interfaces/srv
-- Up-to-date: /home/badger/codex-research/superlio-ego-20261007/lio-ready-69b9b75-ws/install/research_interfaces/include/research_interfaces/research_interfaces/srv/detail
-- Up-to-date: /home/badger/codex-research/superlio-ego-20261007/lio-ready-69b9b75-ws/install/research_interfaces/include/research_interfaces/research_interfaces/srv/detail/manage_research_task__type_support.hpp
-- Up-to-date: /home/badger/codex-research/superlio-ego-20261007/lio-ready-69b9b75-ws/install/research_interfaces/include/research_interfaces/research_interfaces/srv/detail/plan_road_reference__type_support.hpp
-- Up-to-date: /home/badger/codex-research/superlio-ego-20261007/lio-ready-69b9b75-ws/install/research_interfaces/include/research_interfaces/research_interfaces/srv/detail/manage_research_task__builder.hpp
-- Up-to-date: /home/badger/codex-research/superlio-ego-20261007/lio-ready-69b9b75-ws/install/research_interfaces/include/research_interfaces/research_interfaces/srv/detail/manage_research_task__traits.hpp
-- Up-to-date: /home/badger/codex-research/superlio-ego-20261007/lio-ready-69b9b75-ws/install/research_interfaces/include/research_interfaces/research_interfaces/srv/detail/plan_road_reference__struct.hpp
-- Up-to-date: /home/badger/codex-research/superlio-ego-20261007/lio-ready-69b9b75-ws/install/research_interfaces/include/research_interfaces/research_interfaces/srv/detail/manage_research_task__struct.hpp
-- Up-to-date: /home/badger/codex-research/superlio-ego-20261007/lio-ready-69b9b75-ws/install/research_interfaces/include/research_interfaces/research_interfaces/srv/detail/plan_road_reference__builder.hpp
-- Up-to-date: /home/badger/codex-research/superlio-ego-20261007/lio-ready-69b9b75-ws/install/research_interfaces/include/research_interfaces/research_interfaces/srv/detail/plan_road_reference__traits.hpp
-- Up-to-date: /home/badger/codex-research/superlio-ego-20261007/lio-ready-69b9b75-ws/install/research_interfaces/include/research_interfaces/research_interfaces/srv/plan_road_reference.hpp
-- Up-to-date: /home/badger/codex-research/superlio-ego-20261007/lio-ready-69b9b75-ws/install/research_interfaces/include/research_interfaces/research_interfaces/srv/manage_research_task.hpp
-- Up-to-date: /home/badger/codex-research/superlio-ego-20261007/lio-ready-69b9b75-ws/install/research_interfaces/include/research_interfaces/research_interfaces/msg
-- Up-to-date: /home/badger/codex-research/superlio-ego-20261007/lio-ready-69b9b75-ws/install/research_interfaces/include/research_interfaces/research_interfaces/msg/rosidl_generator_cpp__visibility_control.hpp
-- Up-to-date: /home/badger/codex-research/superlio-ego-20261007/lio-ready-69b9b75-ws/install/research_interfaces/include/research_interfaces/research_interfaces/msg/detail
-- Up-to-date: /home/badger/codex-research/superlio-ego-20261007/lio-ready-69b9b75-ws/install/research_interfaces/include/research_interfaces/research_interfaces/msg/detail/road_graph_update2_d__traits.hpp
-- Up-to-date: /home/badger/codex-research/superlio-ego-20261007/lio-ready-69b9b75-ws/install/research_interfaces/include/research_interfaces/research_interfaces/msg/detail/road_evidence2_d__type_support.hpp
-- Up-to-date: /home/badger/codex-research/superlio-ego-20261007/lio-ready-69b9b75-ws/install/research_interfaces/include/research_interfaces/research_interfaces/msg/detail/timed_trajectory_point2_d__traits.hpp
-- Up-to-date: /home/badger/codex-research/superlio-ego-20261007/lio-ready-69b9b75-ws/install/research_interfaces/include/research_interfaces/research_interfaces/msg/detail/research_status__traits.hpp
-- Up-to-date: /home/badger/codex-research/superlio-ego-20261007/lio-ready-69b9b75-ws/install/research_interfaces/include/research_interfaces/research_interfaces/msg/detail/road_event__type_support.hpp
-- Up-to-date: /home/badger/codex-research/superlio-ego-20261007/lio-ready-69b9b75-ws/install/research_interfaces/include/research_interfaces/research_interfaces/msg/detail/road_event__traits.hpp
-- Up-to-date: /home/badger/codex-research/superlio-ego-20261007/lio-ready-69b9b75-ws/install/research_interfaces/include/research_interfaces/research_interfaces/msg/detail/road_evidence2_d__struct.hpp
-- Up-to-date: /home/badger/codex-research/superlio-ego-20261007/lio-ready-69b9b75-ws/install/research_interfaces/include/research_interfaces/research_interfaces/msg/detail/road_graph_update2_d__struct.hpp
-- Up-to-date: /home/badger/codex-research/superlio-ego-20261007/lio-ready-69b9b75-ws/install/research_interfaces/include/research_interfaces/research_interfaces/msg/detail/observation_goal__traits.hpp
-- Up-to-date: /home/badger/codex-research/superlio-ego-20261007/lio-ready-69b9b75-ws/install/research_interfaces/include/research_interfaces/research_interfaces/msg/detail/timed_trajectory_point2_d__type_support.hpp
-- Up-to-date: /home/badger/codex-research/superlio-ego-20261007/lio-ready-69b9b75-ws/install/research_interfaces/include/research_interfaces/research_interfaces/msg/detail/observation_goal__struct.hpp
-- Up-to-date: /home/badger/codex-research/superlio-ego-20261007/lio-ready-69b9b75-ws/install/research_interfaces/include/research_interfaces/research_interfaces/msg/detail/timed_trajectory_point2_d__struct.hpp
-- Up-to-date: /home/badger/codex-research/superlio-ego-20261007/lio-ready-69b9b75-ws/install/research_interfaces/include/research_interfaces/research_interfaces/msg/detail/observation_goal__type_support.hpp
-- Up-to-date: /home/badger/codex-research/superlio-ego-20261007/lio-ready-69b9b75-ws/install/research_interfaces/include/research_interfaces/research_interfaces/msg/detail/road_event__builder.hpp
-- Up-to-date: /home/badger/codex-research/superlio-ego-20261007/lio-ready-69b9b75-ws/install/research_interfaces/include/research_interfaces/research_interfaces/msg/detail/observation_goal__builder.hpp
-- Up-to-date: /home/badger/codex-research/superlio-ego-20261007/lio-ready-69b9b75-ws/install/research_interfaces/include/research_interfaces/research_interfaces/msg/detail/operator_permit__builder.hpp
-- Up-to-date: /home/badger/codex-research/superlio-ego-20261007/lio-ready-69b9b75-ws/install/research_interfaces/include/research_interfaces/research_interfaces/msg/detail/research_status__builder.hpp
-- Up-to-date: /home/badger/codex-research/superlio-ego-20261007/lio-ready-69b9b75-ws/install/research_interfaces/include/research_interfaces/research_interfaces/msg/detail/operator_permit__type_support.hpp
-- Up-to-date: /home/badger/codex-research/superlio-ego-20261007/lio-ready-69b9b75-ws/install/research_interfaces/include/research_interfaces/research_interfaces/msg/detail/timed_trajectory2_d__struct.hpp
-- Up-to-date: /home/badger/codex-research/superlio-ego-20261007/lio-ready-69b9b75-ws/install/research_interfaces/include/research_interfaces/research_interfaces/msg/detail/research_status__struct.hpp
-- Up-to-date: /home/badger/codex-research/superlio-ego-20261007/lio-ready-69b9b75-ws/install/research_interfaces/include/research_interfaces/research_interfaces/msg/detail/timed_trajectory2_d__type_support.hpp
-- Up-to-date: /home/badger/codex-research/superlio-ego-20261007/lio-ready-69b9b75-ws/install/research_interfaces/include/research_interfaces/research_interfaces/msg/detail/road_graph_update2_d__builder.hpp
-- Up-to-date: /home/badger/codex-research/superlio-ego-20261007/lio-ready-69b9b75-ws/install/research_interfaces/include/research_interfaces/research_interfaces/msg/detail/road_evidence2_d__builder.hpp
-- Up-to-date: /home/badger/codex-research/superlio-ego-20261007/lio-ready-69b9b75-ws/install/research_interfaces/include/research_interfaces/research_interfaces/msg/detail/timed_trajectory2_d__builder.hpp
-- Up-to-date: /home/badger/codex-research/superlio-ego-20261007/lio-ready-69b9b75-ws/install/research_interfaces/include/research_interfaces/research_interfaces/msg/detail/research_status__type_support.hpp
-- Up-to-date: /home/badger/codex-research/superlio-ego-20261007/lio-ready-69b9b75-ws/install/research_interfaces/include/research_interfaces/research_interfaces/msg/detail/timed_trajectory2_d__traits.hpp
-- Up-to-date: /home/badger/codex-research/superlio-ego-20261007/lio-ready-69b9b75-ws/install/research_interfaces/include/research_interfaces/research_interfaces/msg/detail/operator_permit__struct.hpp
-- Up-to-date: /home/badger/codex-research/superlio-ego-20261007/lio-ready-69b9b75-ws/install/research_interfaces/include/research_interfaces/research_interfaces/msg/detail/operator_permit__traits.hpp
-- Up-to-date: /home/badger/codex-research/superlio-ego-20261007/lio-ready-69b9b75-ws/install/research_interfaces/include/research_interfaces/research_interfaces/msg/detail/road_event__struct.hpp
-- Up-to-date: /home/badger/codex-research/superlio-ego-20261007/lio-ready-69b9b75-ws/install/research_interfaces/include/research_interfaces/research_interfaces/msg/detail/road_evidence2_d__traits.hpp
-- Up-to-date: /home/badger/codex-research/superlio-ego-20261007/lio-ready-69b9b75-ws/install/research_interfaces/include/research_interfaces/research_interfaces/msg/detail/timed_trajectory_point2_d__builder.hpp
-- Up-to-date: /home/badger/codex-research/superlio-ego-20261007/lio-ready-69b9b75-ws/install/research_interfaces/include/research_interfaces/research_interfaces/msg/detail/road_graph_update2_d__type_support.hpp
-- Up-to-date: /home/badger/codex-research/superlio-ego-20261007/lio-ready-69b9b75-ws/install/research_interfaces/include/research_interfaces/research_interfaces/msg/research_status.hpp
-- Up-to-date: /home/badger/codex-research/superlio-ego-20261007/lio-ready-69b9b75-ws/install/research_interfaces/include/research_interfaces/research_interfaces/msg/timed_trajectory2_d.hpp
-- Up-to-date: /home/badger/codex-research/superlio-ego-20261007/lio-ready-69b9b75-ws/install/research_interfaces/include/research_interfaces/research_interfaces/msg/road_event.hpp
-- Up-to-date: /home/badger/codex-research/superlio-ego-20261007/lio-ready-69b9b75-ws/install/research_interfaces/include/research_interfaces/research_interfaces/msg/road_graph_update2_d.hpp
-- Up-to-date: /home/badger/codex-research/superlio-ego-20261007/lio-ready-69b9b75-ws/install/research_interfaces/include/research_interfaces/research_interfaces/msg/operator_permit.hpp
-- Up-to-date: /home/badger/codex-research/superlio-ego-20261007/lio-ready-69b9b75-ws/install/research_interfaces/include/research_interfaces/research_interfaces/msg/timed_trajectory_point2_d.hpp
-- Up-to-date: /home/badger/codex-research/superlio-ego-20261007/lio-ready-69b9b75-ws/install/research_interfaces/include/research_interfaces/research_interfaces/msg/observation_goal.hpp
-- Up-to-date: /home/badger/codex-research/superlio-ego-20261007/lio-ready-69b9b75-ws/install/research_interfaces/include/research_interfaces/research_interfaces/msg/road_evidence2_d.hpp
-- Up-to-date: /home/badger/codex-research/superlio-ego-20261007/lio-ready-69b9b75-ws/install/research_interfaces/include/research_interfaces/research_interfaces
-- Up-to-date: /home/badger/codex-research/superlio-ego-20261007/lio-ready-69b9b75-ws/install/research_interfaces/include/research_interfaces/research_interfaces/srv
-- Up-to-date: /home/badger/codex-research/superlio-ego-20261007/lio-ready-69b9b75-ws/install/research_interfaces/include/research_interfaces/research_interfaces/srv/detail
-- Up-to-date: /home/badger/codex-research/superlio-ego-20261007/lio-ready-69b9b75-ws/install/research_interfaces/include/research_interfaces/research_interfaces/srv/detail/plan_road_reference__rosidl_typesupport_fastrtps_cpp.hpp
-- Up-to-date: /home/badger/codex-research/superlio-ego-20261007/lio-ready-69b9b75-ws/install/research_interfaces/include/research_interfaces/research_interfaces/srv/detail/manage_research_task__rosidl_typesupport_fastrtps_cpp.hpp
-- Up-to-date: /home/badger/codex-research/superlio-ego-20261007/lio-ready-69b9b75-ws/install/research_interfaces/include/research_interfaces/research_interfaces/srv/detail/dds_fastrtps
-- Up-to-date: /home/badger/codex-research/superlio-ego-20261007/lio-ready-69b9b75-ws/install/research_interfaces/include/research_interfaces/research_interfaces/msg
-- Up-to-date: /home/badger/codex-research/superlio-ego-20261007/lio-ready-69b9b75-ws/install/research_interfaces/include/research_interfaces/research_interfaces/msg/detail
-- Up-to-date: /home/badger/codex-research/superlio-ego-20261007/lio-ready-69b9b75-ws/install/research_interfaces/include/research_interfaces/research_interfaces/msg/detail/road_graph_update2_d__rosidl_typesupport_fastrtps_cpp.hpp
-- Up-to-date: /home/badger/codex-research/superlio-ego-20261007/lio-ready-69b9b75-ws/install/research_interfaces/include/research_interfaces/research_interfaces/msg/detail/timed_trajectory2_d__rosidl_typesupport_fastrtps_cpp.hpp
-- Up-to-date: /home/badger/codex-research/superlio-ego-20261007/lio-ready-69b9b75-ws/install/research_interfaces/include/research_interfaces/research_interfaces/msg/detail/operator_permit__rosidl_typesupport_fastrtps_cpp.hpp
-- Up-to-date: /home/badger/codex-research/superlio-ego-20261007/lio-ready-69b9b75-ws/install/research_interfaces/include/research_interfaces/research_interfaces/msg/detail/observation_goal__rosidl_typesupport_fastrtps_cpp.hpp
-- Up-to-date: /home/badger/codex-research/superlio-ego-20261007/lio-ready-69b9b75-ws/install/research_interfaces/include/research_interfaces/research_interfaces/msg/detail/timed_trajectory_point2_d__rosidl_typesupport_fastrtps_cpp.hpp
-- Up-to-date: /home/badger/codex-research/superlio-ego-20261007/lio-ready-69b9b75-ws/install/research_interfaces/include/research_interfaces/research_interfaces/msg/detail/research_status__rosidl_typesupport_fastrtps_cpp.hpp
-- Up-to-date: /home/badger/codex-research/superlio-ego-20261007/lio-ready-69b9b75-ws/install/research_interfaces/include/research_interfaces/research_interfaces/msg/detail/dds_fastrtps
-- Up-to-date: /home/badger/codex-research/superlio-ego-20261007/lio-ready-69b9b75-ws/install/research_interfaces/include/research_interfaces/research_interfaces/msg/detail/road_evidence2_d__rosidl_typesupport_fastrtps_cpp.hpp
-- Up-to-date: /home/badger/codex-research/superlio-ego-20261007/lio-ready-69b9b75-ws/install/research_interfaces/include/research_interfaces/research_interfaces/msg/detail/road_event__rosidl_typesupport_fastrtps_cpp.hpp
-- Up-to-date: /home/badger/codex-research/superlio-ego-20261007/lio-ready-69b9b75-ws/install/research_interfaces/include/research_interfaces/research_interfaces/msg/rosidl_typesupport_fastrtps_cpp__visibility_control.h
-- Up-to-date: /home/badger/codex-research/superlio-ego-20261007/lio-ready-69b9b75-ws/install/research_interfaces/lib/libresearch_interfaces__rosidl_typesupport_fastrtps_cpp.so
-- Up-to-date: /home/badger/codex-research/superlio-ego-20261007/lio-ready-69b9b75-ws/install/research_interfaces/include/research_interfaces/research_interfaces
-- Up-to-date: /home/badger/codex-research/superlio-ego-20261007/lio-ready-69b9b75-ws/install/research_interfaces/include/research_interfaces/research_interfaces/srv
-- Up-to-date: /home/badger/codex-research/superlio-ego-20261007/lio-ready-69b9b75-ws/install/research_interfaces/include/research_interfaces/research_interfaces/srv/detail
-- Up-to-date: /home/badger/codex-research/superlio-ego-20261007/lio-ready-69b9b75-ws/install/research_interfaces/include/research_interfaces/research_interfaces/srv/detail/plan_road_reference__type_support.cpp
-- Up-to-date: /home/badger/codex-research/superlio-ego-20261007/lio-ready-69b9b75-ws/install/research_interfaces/include/research_interfaces/research_interfaces/srv/detail/manage_research_task__type_support.cpp
-- Up-to-date: /home/badger/codex-research/superlio-ego-20261007/lio-ready-69b9b75-ws/install/research_interfaces/include/research_interfaces/research_interfaces/srv/detail/plan_road_reference__rosidl_typesupport_introspection_cpp.hpp
-- Up-to-date: /home/badger/codex-research/superlio-ego-20261007/lio-ready-69b9b75-ws/install/research_interfaces/include/research_interfaces/research_interfaces/srv/detail/manage_research_task__rosidl_typesupport_introspection_cpp.hpp
-- Up-to-date: /home/badger/codex-research/superlio-ego-20261007/lio-ready-69b9b75-ws/install/research_interfaces/include/research_interfaces/research_interfaces/msg
-- Up-to-date: /home/badger/codex-research/superlio-ego-20261007/lio-ready-69b9b75-ws/install/research_interfaces/include/research_interfaces/research_interfaces/msg/detail
-- Up-to-date: /home/badger/codex-research/superlio-ego-20261007/lio-ready-69b9b75-ws/install/research_interfaces/include/research_interfaces/research_interfaces/msg/detail/operator_permit__type_support.cpp
-- Up-to-date: /home/badger/codex-research/superlio-ego-20261007/lio-ready-69b9b75-ws/install/research_interfaces/include/research_interfaces/research_interfaces/msg/detail/observation_goal__rosidl_typesupport_introspection_cpp.hpp
-- Up-to-date: /home/badger/codex-research/superlio-ego-20261007/lio-ready-69b9b75-ws/install/research_interfaces/include/research_interfaces/research_interfaces/msg/detail/timed_trajectory2_d__rosidl_typesupport_introspection_cpp.hpp
-- Up-to-date: /home/badger/codex-research/superlio-ego-20261007/lio-ready-69b9b75-ws/install/research_interfaces/include/research_interfaces/research_interfaces/msg/detail/timed_trajectory_point2_d__type_support.cpp
-- Up-to-date: /home/badger/codex-research/superlio-ego-20261007/lio-ready-69b9b75-ws/install/research_interfaces/include/research_interfaces/research_interfaces/msg/detail/road_evidence2_d__type_support.cpp
-- Up-to-date: /home/badger/codex-research/superlio-ego-20261007/lio-ready-69b9b75-ws/install/research_interfaces/include/research_interfaces/research_interfaces/msg/detail/operator_permit__rosidl_typesupport_introspection_cpp.hpp
-- Up-to-date: /home/badger/codex-research/superlio-ego-20261007/lio-ready-69b9b75-ws/install/research_interfaces/include/research_interfaces/research_interfaces/msg/detail/road_event__type_support.cpp
-- Up-to-date: /home/badger/codex-research/superlio-ego-20261007/lio-ready-69b9b75-ws/install/research_interfaces/include/research_interfaces/research_interfaces/msg/detail/timed_trajectory2_d__type_support.cpp
-- Up-to-date: /home/badger/codex-research/superlio-ego-20261007/lio-ready-69b9b75-ws/install/research_interfaces/include/research_interfaces/research_interfaces/msg/detail/research_status__type_support.cpp
-- Up-to-date: /home/badger/codex-research/superlio-ego-20261007/lio-ready-69b9b75-ws/install/research_interfaces/include/research_interfaces/research_interfaces/msg/detail/research_status__rosidl_typesupport_introspection_cpp.hpp
-- Up-to-date: /home/badger/codex-research/superlio-ego-20261007/lio-ready-69b9b75-ws/install/research_interfaces/include/research_interfaces/research_interfaces/msg/detail/road_graph_update2_d__rosidl_typesupport_introspection_cpp.hpp
-- Up-to-date: /home/badger/codex-research/superlio-ego-20261007/lio-ready-69b9b75-ws/install/research_interfaces/include/research_interfaces/research_interfaces/msg/detail/road_event__rosidl_typesupport_introspection_cpp.hpp
-- Up-to-date: /home/badger/codex-research/superlio-ego-20261007/lio-ready-69b9b75-ws/install/research_interfaces/include/research_interfaces/research_interfaces/msg/detail/timed_trajectory_point2_d__rosidl_typesupport_introspection_cpp.hpp
-- Up-to-date: /home/badger/codex-research/superlio-ego-20261007/lio-ready-69b9b75-ws/install/research_interfaces/include/research_interfaces/research_interfaces/msg/detail/road_graph_update2_d__type_support.cpp
-- Up-to-date: /home/badger/codex-research/superlio-ego-20261007/lio-ready-69b9b75-ws/install/research_interfaces/include/research_interfaces/research_interfaces/msg/detail/observation_goal__type_support.cpp
-- Up-to-date: /home/badger/codex-research/superlio-ego-20261007/lio-ready-69b9b75-ws/install/research_interfaces/include/research_interfaces/research_interfaces/msg/detail/road_evidence2_d__rosidl_typesupport_introspection_cpp.hpp
-- Up-to-date: /home/badger/codex-research/superlio-ego-20261007/lio-ready-69b9b75-ws/install/research_interfaces/lib/libresearch_interfaces__rosidl_typesupport_introspection_cpp.so
-- Up-to-date: /home/badger/codex-research/superlio-ego-20261007/lio-ready-69b9b75-ws/install/research_interfaces/lib/libresearch_interfaces__rosidl_typesupport_cpp.so
-- Up-to-date: /home/badger/codex-research/superlio-ego-20261007/lio-ready-69b9b75-ws/install/research_interfaces/share/research_interfaces/environment/pythonpath.sh
-- Up-to-date: /home/badger/codex-research/superlio-ego-20261007/lio-ready-69b9b75-ws/install/research_interfaces/share/research_interfaces/environment/pythonpath.dsv
-- Up-to-date: /home/badger/codex-research/superlio-ego-20261007/lio-ready-69b9b75-ws/install/research_interfaces/local/lib/python3.10/dist-packages/research_interfaces-0.1.0-py3.10.egg-info
-- Installing: /home/badger/codex-research/superlio-ego-20261007/lio-ready-69b9b75-ws/install/research_interfaces/local/lib/python3.10/dist-packages/research_interfaces-0.1.0-py3.10.egg-info/PKG-INFO
-- Installing: /home/badger/codex-research/superlio-ego-20261007/lio-ready-69b9b75-ws/install/research_interfaces/local/lib/python3.10/dist-packages/research_interfaces-0.1.0-py3.10.egg-info/SOURCES.txt
-- Installing: /home/badger/codex-research/superlio-ego-20261007/lio-ready-69b9b75-ws/install/research_interfaces/local/lib/python3.10/dist-packages/research_interfaces-0.1.0-py3.10.egg-info/top_level.txt
-- Installing: /home/badger/codex-research/superlio-ego-20261007/lio-ready-69b9b75-ws/install/research_interfaces/local/lib/python3.10/dist-packages/research_interfaces-0.1.0-py3.10.egg-info/dependency_links.txt
-- Up-to-date: /home/badger/codex-research/superlio-ego-20261007/lio-ready-69b9b75-ws/install/research_interfaces/local/lib/python3.10/dist-packages/research_interfaces
-- Up-to-date: /home/badger/codex-research/superlio-ego-20261007/lio-ready-69b9b75-ws/install/research_interfaces/local/lib/python3.10/dist-packages/research_interfaces/srv
-- Up-to-date: /home/badger/codex-research/superlio-ego-20261007/lio-ready-69b9b75-ws/install/research_interfaces/local/lib/python3.10/dist-packages/research_interfaces/srv/_manage_research_task.py
-- Up-to-date: /home/badger/codex-research/superlio-ego-20261007/lio-ready-69b9b75-ws/install/research_interfaces/local/lib/python3.10/dist-packages/research_interfaces/srv/_plan_road_reference_s.c
-- Up-to-date: /home/badger/codex-research/superlio-ego-20261007/lio-ready-69b9b75-ws/install/research_interfaces/local/lib/python3.10/dist-packages/research_interfaces/srv/__init__.py
-- Up-to-date: /home/badger/codex-research/superlio-ego-20261007/lio-ready-69b9b75-ws/install/research_interfaces/local/lib/python3.10/dist-packages/research_interfaces/srv/_manage_research_task_s.c
-- Up-to-date: /home/badger/codex-research/superlio-ego-20261007/lio-ready-69b9b75-ws/install/research_interfaces/local/lib/python3.10/dist-packages/research_interfaces/srv/_plan_road_reference.py
-- Up-to-date: /home/badger/codex-research/superlio-ego-20261007/lio-ready-69b9b75-ws/install/research_interfaces/local/lib/python3.10/dist-packages/research_interfaces/research_interfaces_s__rosidl_typesupport_fastrtps_c.cpython-310-x86_64-linux-gnu.so
-- Up-to-date: /home/badger/codex-research/superlio-ego-20261007/lio-ready-69b9b75-ws/install/research_interfaces/local/lib/python3.10/dist-packages/research_interfaces/__init__.py
-- Up-to-date: /home/badger/codex-research/superlio-ego-20261007/lio-ready-69b9b75-ws/install/research_interfaces/local/lib/python3.10/dist-packages/research_interfaces/_research_interfaces_s.ep.rosidl_typesupport_fastrtps_c.c
-- Up-to-date: /home/badger/codex-research/superlio-ego-20261007/lio-ready-69b9b75-ws/install/research_interfaces/local/lib/python3.10/dist-packages/research_interfaces/research_interfaces_s__rosidl_typesupport_introspection_c.cpython-310-x86_64-linux-gnu.so
-- Up-to-date: /home/badger/codex-research/superlio-ego-20261007/lio-ready-69b9b75-ws/install/research_interfaces/local/lib/python3.10/dist-packages/research_interfaces/_research_interfaces_s.ep.rosidl_typesupport_c.c
-- Up-to-date: /home/badger/codex-research/superlio-ego-20261007/lio-ready-69b9b75-ws/install/research_interfaces/local/lib/python3.10/dist-packages/research_interfaces/libresearch_interfaces__rosidl_generator_py.so
-- Up-to-date: /home/badger/codex-research/superlio-ego-20261007/lio-ready-69b9b75-ws/install/research_interfaces/local/lib/python3.10/dist-packages/research_interfaces/msg
-- Up-to-date: /home/badger/codex-research/superlio-ego-20261007/lio-ready-69b9b75-ws/install/research_interfaces/local/lib/python3.10/dist-packages/research_interfaces/msg/_operator_permit.py
-- Up-to-date: /home/badger/codex-research/superlio-ego-20261007/lio-ready-69b9b75-ws/install/research_interfaces/local/lib/python3.10/dist-packages/research_interfaces/msg/_operator_permit_s.c
-- Up-to-date: /home/badger/codex-research/superlio-ego-20261007/lio-ready-69b9b75-ws/install/research_interfaces/local/lib/python3.10/dist-packages/research_interfaces/msg/_observation_goal_s.c
-- Up-to-date: /home/badger/codex-research/superlio-ego-20261007/lio-ready-69b9b75-ws/install/research_interfaces/local/lib/python3.10/dist-packages/research_interfaces/msg/_road_graph_update2_d.py
-- Up-to-date: /home/badger/codex-research/superlio-ego-20261007/lio-ready-69b9b75-ws/install/research_interfaces/local/lib/python3.10/dist-packages/research_interfaces/msg/_road_event.py
-- Up-to-date: /home/badger/codex-research/superlio-ego-20261007/lio-ready-69b9b75-ws/install/research_interfaces/local/lib/python3.10/dist-packages/research_interfaces/msg/_timed_trajectory_point2_d.py
-- Up-to-date: /home/badger/codex-research/superlio-ego-20261007/lio-ready-69b9b75-ws/install/research_interfaces/local/lib/python3.10/dist-packages/research_interfaces/msg/__init__.py
-- Up-to-date: /home/badger/codex-research/superlio-ego-20261007/lio-ready-69b9b75-ws/install/research_interfaces/local/lib/python3.10/dist-packages/research_interfaces/msg/_road_evidence2_d_s.c
-- Up-to-date: /home/badger/codex-research/superlio-ego-20261007/lio-ready-69b9b75-ws/install/research_interfaces/local/lib/python3.10/dist-packages/research_interfaces/msg/_timed_trajectory2_d.py
-- Up-to-date: /home/badger/codex-research/superlio-ego-20261007/lio-ready-69b9b75-ws/install/research_interfaces/local/lib/python3.10/dist-packages/research_interfaces/msg/_research_status_s.c
-- Up-to-date: /home/badger/codex-research/superlio-ego-20261007/lio-ready-69b9b75-ws/install/research_interfaces/local/lib/python3.10/dist-packages/research_interfaces/msg/_timed_trajectory_point2_d_s.c
-- Up-to-date: /home/badger/codex-research/superlio-ego-20261007/lio-ready-69b9b75-ws/install/research_interfaces/local/lib/python3.10/dist-packages/research_interfaces/msg/_road_evidence2_d.py
-- Up-to-date: /home/badger/codex-research/superlio-ego-20261007/lio-ready-69b9b75-ws/install/research_interfaces/local/lib/python3.10/dist-packages/research_interfaces/msg/_observation_goal.py
-- Up-to-date: /home/badger/codex-research/superlio-ego-20261007/lio-ready-69b9b75-ws/install/research_interfaces/local/lib/python3.10/dist-packages/research_interfaces/msg/_research_status.py
-- Up-to-date: /home/badger/codex-research/superlio-ego-20261007/lio-ready-69b9b75-ws/install/research_interfaces/local/lib/python3.10/dist-packages/research_interfaces/msg/_road_graph_update2_d_s.c
-- Up-to-date: /home/badger/codex-research/superlio-ego-20261007/lio-ready-69b9b75-ws/install/research_interfaces/local/lib/python3.10/dist-packages/research_interfaces/msg/_timed_trajectory2_d_s.c
-- Up-to-date: /home/badger/codex-research/superlio-ego-20261007/lio-ready-69b9b75-ws/install/research_interfaces/local/lib/python3.10/dist-packages/research_interfaces/msg/_road_event_s.c
-- Up-to-date: /home/badger/codex-research/superlio-ego-20261007/lio-ready-69b9b75-ws/install/research_interfaces/local/lib/python3.10/dist-packages/research_interfaces/research_interfaces_s__rosidl_typesupport_c.cpython-310-x86_64-linux-gnu.so
-- Up-to-date: /home/badger/codex-research/superlio-ego-20261007/lio-ready-69b9b75-ws/install/research_interfaces/local/lib/python3.10/dist-packages/research_interfaces/_research_interfaces_s.ep.rosidl_typesupport_introspection_c.c
Listing '/home/badger/codex-research/superlio-ego-20261007/lio-ready-69b9b75-ws/install/research_interfaces/local/lib/python3.10/dist-packages/research_interfaces'...
Listing '/home/badger/codex-research/superlio-ego-20261007/lio-ready-69b9b75-ws/install/research_interfaces/local/lib/python3.10/dist-packages/research_interfaces/msg'...
Listing '/home/badger/codex-research/superlio-ego-20261007/lio-ready-69b9b75-ws/install/research_interfaces/local/lib/python3.10/dist-packages/research_interfaces/srv'...
-- Up-to-date: /home/badger/codex-research/superlio-ego-20261007/lio-ready-69b9b75-ws/install/research_interfaces/local/lib/python3.10/dist-packages/research_interfaces/research_interfaces_s__rosidl_typesupport_fastrtps_c.cpython-310-x86_64-linux-gnu.so
-- Up-to-date: /home/badger/codex-research/superlio-ego-20261007/lio-ready-69b9b75-ws/install/research_interfaces/local/lib/python3.10/dist-packages/research_interfaces/research_interfaces_s__rosidl_typesupport_introspection_c.cpython-310-x86_64-linux-gnu.so
-- Up-to-date: /home/badger/codex-research/superlio-ego-20261007/lio-ready-69b9b75-ws/install/research_interfaces/local/lib/python3.10/dist-packages/research_interfaces/research_interfaces_s__rosidl_typesupport_c.cpython-310-x86_64-linux-gnu.so
-- Up-to-date: /home/badger/codex-research/superlio-ego-20261007/lio-ready-69b9b75-ws/install/research_interfaces/lib/libresearch_interfaces__rosidl_generator_py.so
-- Up-to-date: /home/badger/codex-research/superlio-ego-20261007/lio-ready-69b9b75-ws/install/research_interfaces/share/research_interfaces/msg/RoadGraphUpdate2D.idl
-- Up-to-date: /home/badger/codex-research/superlio-ego-20261007/lio-ready-69b9b75-ws/install/research_interfaces/share/research_interfaces/msg/TimedTrajectoryPoint2D.idl
-- Up-to-date: /home/badger/codex-research/superlio-ego-20261007/lio-ready-69b9b75-ws/install/research_interfaces/share/research_interfaces/msg/TimedTrajectory2D.idl
-- Up-to-date: /home/badger/codex-research/superlio-ego-20261007/lio-ready-69b9b75-ws/install/research_interfaces/share/research_interfaces/msg/RoadEvent.idl
-- Up-to-date: /home/badger/codex-research/superlio-ego-20261007/lio-ready-69b9b75-ws/install/research_interfaces/share/research_interfaces/msg/ObservationGoal.idl
-- Up-to-date: /home/badger/codex-research/superlio-ego-20261007/lio-ready-69b9b75-ws/install/research_interfaces/share/research_interfaces/msg/ResearchStatus.idl
-- Up-to-date: /home/badger/codex-research/superlio-ego-20261007/lio-ready-69b9b75-ws/install/research_interfaces/share/research_interfaces/msg/OperatorPermit.idl
-- Up-to-date: /home/badger/codex-research/superlio-ego-20261007/lio-ready-69b9b75-ws/install/research_interfaces/share/research_interfaces/msg/RoadEvidence2D.idl
-- Up-to-date: /home/badger/codex-research/superlio-ego-20261007/lio-ready-69b9b75-ws/install/research_interfaces/share/research_interfaces/srv/PlanRoadReference.idl
-- Up-to-date: /home/badger/codex-research/superlio-ego-20261007/lio-ready-69b9b75-ws/install/research_interfaces/share/research_interfaces/srv/ManageResearchTask.idl
-- Up-to-date: /home/badger/codex-research/superlio-ego-20261007/lio-ready-69b9b75-ws/install/research_interfaces/share/research_interfaces/msg/RoadGraphUpdate2D.msg
-- Up-to-date: /home/badger/codex-research/superlio-ego-20261007/lio-ready-69b9b75-ws/install/research_interfaces/share/research_interfaces/msg/TimedTrajectoryPoint2D.msg
-- Up-to-date: /home/badger/codex-research/superlio-ego-20261007/lio-ready-69b9b75-ws/install/research_interfaces/share/research_interfaces/msg/TimedTrajectory2D.msg
-- Up-to-date: /home/badger/codex-research/superlio-ego-20261007/lio-ready-69b9b75-ws/install/research_interfaces/share/research_interfaces/msg/RoadEvent.msg
-- Up-to-date: /home/badger/codex-research/superlio-ego-20261007/lio-ready-69b9b75-ws/install/research_interfaces/share/research_interfaces/msg/ObservationGoal.msg
-- Up-to-date: /home/badger/codex-research/superlio-ego-20261007/lio-ready-69b9b75-ws/install/research_interfaces/share/research_interfaces/msg/ResearchStatus.msg
-- Up-to-date: /home/badger/codex-research/superlio-ego-20261007/lio-ready-69b9b75-ws/install/research_interfaces/share/research_interfaces/msg/OperatorPermit.msg
-- Up-to-date: /home/badger/codex-research/superlio-ego-20261007/lio-ready-69b9b75-ws/install/research_interfaces/share/research_interfaces/msg/RoadEvidence2D.msg
-- Up-to-date: /home/badger/codex-research/superlio-ego-20261007/lio-ready-69b9b75-ws/install/research_interfaces/share/research_interfaces/srv/PlanRoadReference.srv
-- Up-to-date: /home/badger/codex-research/superlio-ego-20261007/lio-ready-69b9b75-ws/install/research_interfaces/share/research_interfaces/srv/PlanRoadReference_Request.msg
-- Up-to-date: /home/badger/codex-research/superlio-ego-20261007/lio-ready-69b9b75-ws/install/research_interfaces/share/research_interfaces/srv/PlanRoadReference_Response.msg
-- Up-to-date: /home/badger/codex-research/superlio-ego-20261007/lio-ready-69b9b75-ws/install/research_interfaces/share/research_interfaces/srv/ManageResearchTask.srv
-- Up-to-date: /home/badger/codex-research/superlio-ego-20261007/lio-ready-69b9b75-ws/install/research_interfaces/share/research_interfaces/srv/ManageResearchTask_Request.msg
-- Up-to-date: /home/badger/codex-research/superlio-ego-20261007/lio-ready-69b9b75-ws/install/research_interfaces/share/research_interfaces/srv/ManageResearchTask_Response.msg
-- Up-to-date: /home/badger/codex-research/superlio-ego-20261007/lio-ready-69b9b75-ws/install/research_interfaces/include/research_interfaces
-- Up-to-date: /home/badger/codex-research/superlio-ego-20261007/lio-ready-69b9b75-ws/install/research_interfaces/include/research_interfaces/research_interfaces
-- Up-to-date: /home/badger/codex-research/superlio-ego-20261007/lio-ready-69b9b75-ws/install/research_interfaces/include/research_interfaces/research_interfaces/vehicle_parameter_lock.hpp
-- Up-to-date: /home/badger/codex-research/superlio-ego-20261007/lio-ready-69b9b75-ws/install/research_interfaces/share/ament_index/resource_index/package_run_dependencies/research_interfaces
-- Up-to-date: /home/badger/codex-research/superlio-ego-20261007/lio-ready-69b9b75-ws/install/research_interfaces/share/ament_index/resource_index/parent_prefix_path/research_interfaces
-- Up-to-date: /home/badger/codex-research/superlio-ego-20261007/lio-ready-69b9b75-ws/install/research_interfaces/share/research_interfaces/environment/ament_prefix_path.sh
-- Up-to-date: /home/badger/codex-research/superlio-ego-20261007/lio-ready-69b9b75-ws/install/research_interfaces/share/research_interfaces/environment/ament_prefix_path.dsv
-- Up-to-date: /home/badger/codex-research/superlio-ego-20261007/lio-ready-69b9b75-ws/install/research_interfaces/share/research_interfaces/environment/path.sh
-- Up-to-date: /home/badger/codex-research/superlio-ego-20261007/lio-ready-69b9b75-ws/install/research_interfaces/share/research_interfaces/environment/path.dsv
-- Up-to-date: /home/badger/codex-research/superlio-ego-20261007/lio-ready-69b9b75-ws/install/research_interfaces/share/research_interfaces/local_setup.bash
-- Up-to-date: /home/badger/codex-research/superlio-ego-20261007/lio-ready-69b9b75-ws/install/research_interfaces/share/research_interfaces/local_setup.sh
-- Up-to-date: /home/badger/codex-research/superlio-ego-20261007/lio-ready-69b9b75-ws/install/research_interfaces/share/research_interfaces/local_setup.zsh
-- Up-to-date: /home/badger/codex-research/superlio-ego-20261007/lio-ready-69b9b75-ws/install/research_interfaces/share/research_interfaces/local_setup.dsv
-- Installing: /home/badger/codex-research/superlio-ego-20261007/lio-ready-69b9b75-ws/install/research_interfaces/share/research_interfaces/package.dsv
-- Up-to-date: /home/badger/codex-research/superlio-ego-20261007/lio-ready-69b9b75-ws/install/research_interfaces/share/ament_index/resource_index/packages/research_interfaces
-- Up-to-date: /home/badger/codex-research/superlio-ego-20261007/lio-ready-69b9b75-ws/install/research_interfaces/share/research_interfaces/cmake/export_research_interfaces__rosidl_generator_cExport.cmake
-- Up-to-date: /home/badger/codex-research/superlio-ego-20261007/lio-ready-69b9b75-ws/install/research_interfaces/share/research_interfaces/cmake/export_research_interfaces__rosidl_generator_cExport-noconfig.cmake
-- Up-to-date: /home/badger/codex-research/superlio-ego-20261007/lio-ready-69b9b75-ws/install/research_interfaces/share/research_interfaces/cmake/export_research_interfaces__rosidl_typesupport_fastrtps_cExport.cmake
-- Up-to-date: /home/badger/codex-research/superlio-ego-20261007/lio-ready-69b9b75-ws/install/research_interfaces/share/research_interfaces/cmake/export_research_interfaces__rosidl_typesupport_fastrtps_cExport-noconfig.cmake
-- Up-to-date: /home/badger/codex-research/superlio-ego-20261007/lio-ready-69b9b75-ws/install/research_interfaces/share/research_interfaces/cmake/research_interfaces__rosidl_typesupport_introspection_cExport.cmake
-- Up-to-date: /home/badger/codex-research/superlio-ego-20261007/lio-ready-69b9b75-ws/install/research_interfaces/share/research_interfaces/cmake/research_interfaces__rosidl_typesupport_introspection_cExport-noconfig.cmake
-- Up-to-date: /home/badger/codex-research/superlio-ego-20261007/lio-ready-69b9b75-ws/install/research_interfaces/share/research_interfaces/cmake/research_interfaces__rosidl_typesupport_cExport.cmake
-- Up-to-date: /home/badger/codex-research/superlio-ego-20261007/lio-ready-69b9b75-ws/install/research_interfaces/share/research_interfaces/cmake/research_interfaces__rosidl_typesupport_cExport-noconfig.cmake
-- Up-to-date: /home/badger/codex-research/superlio-ego-20261007/lio-ready-69b9b75-ws/install/research_interfaces/share/research_interfaces/cmake/export_research_interfaces__rosidl_generator_cppExport.cmake
-- Up-to-date: /home/badger/codex-research/superlio-ego-20261007/lio-ready-69b9b75-ws/install/research_interfaces/share/research_interfaces/cmake/export_research_interfaces__rosidl_typesupport_fastrtps_cppExport.cmake
-- Up-to-date: /home/badger/codex-research/superlio-ego-20261007/lio-ready-69b9b75-ws/install/research_interfaces/share/research_interfaces/cmake/export_research_interfaces__rosidl_typesupport_fastrtps_cppExport-noconfig.cmake
-- Up-to-date: /home/badger/codex-research/superlio-ego-20261007/lio-ready-69b9b75-ws/install/research_interfaces/share/research_interfaces/cmake/research_interfaces__rosidl_typesupport_introspection_cppExport.cmake
-- Up-to-date: /home/badger/codex-research/superlio-ego-20261007/lio-ready-69b9b75-ws/install/research_interfaces/share/research_interfaces/cmake/research_interfaces__rosidl_typesupport_introspection_cppExport-noconfig.cmake
-- Up-to-date: /home/badger/codex-research/superlio-ego-20261007/lio-ready-69b9b75-ws/install/research_interfaces/share/research_interfaces/cmake/research_interfaces__rosidl_typesupport_cppExport.cmake
-- Up-to-date: /home/badger/codex-research/superlio-ego-20261007/lio-ready-69b9b75-ws/install/research_interfaces/share/research_interfaces/cmake/research_interfaces__rosidl_typesupport_cppExport-noconfig.cmake
-- Up-to-date: /home/badger/codex-research/superlio-ego-20261007/lio-ready-69b9b75-ws/install/research_interfaces/share/research_interfaces/cmake/export_research_interfaces__rosidl_generator_pyExport.cmake
-- Up-to-date: /home/badger/codex-research/superlio-ego-20261007/lio-ready-69b9b75-ws/install/research_interfaces/share/research_interfaces/cmake/export_research_interfaces__rosidl_generator_pyExport-noconfig.cmake
-- Up-to-date: /home/badger/codex-research/superlio-ego-20261007/lio-ready-69b9b75-ws/install/research_interfaces/share/research_interfaces/cmake/rosidl_cmake-extras.cmake
-- Up-to-date: /home/badger/codex-research/superlio-ego-20261007/lio-ready-69b9b75-ws/install/research_interfaces/share/research_interfaces/cmake/ament_cmake_export_dependencies-extras.cmake
-- Up-to-date: /home/badger/codex-research/superlio-ego-20261007/lio-ready-69b9b75-ws/install/research_interfaces/share/research_interfaces/cmake/ament_cmake_export_include_directories-extras.cmake
-- Up-to-date: /home/badger/codex-research/superlio-ego-20261007/lio-ready-69b9b75-ws/install/research_interfaces/share/research_interfaces/cmake/ament_cmake_export_libraries-extras.cmake
-- Up-to-date: /home/badger/codex-research/superlio-ego-20261007/lio-ready-69b9b75-ws/install/research_interfaces/share/research_interfaces/cmake/ament_cmake_export_targets-extras.cmake
-- Up-to-date: /home/badger/codex-research/superlio-ego-20261007/lio-ready-69b9b75-ws/install/research_interfaces/share/research_interfaces/cmake/rosidl_cmake_export_typesupport_targets-extras.cmake
-- Up-to-date: /home/badger/codex-research/superlio-ego-20261007/lio-ready-69b9b75-ws/install/research_interfaces/share/research_interfaces/cmake/rosidl_cmake_export_typesupport_libraries-extras.cmake
-- Up-to-date: /home/badger/codex-research/superlio-ego-20261007/lio-ready-69b9b75-ws/install/research_interfaces/share/research_interfaces/cmake/research_interfacesConfig.cmake
-- Up-to-date: /home/badger/codex-research/superlio-ego-20261007/lio-ready-69b9b75-ws/install/research_interfaces/share/research_interfaces/cmake/research_interfacesConfig-version.cmake
-- Up-to-date: /home/badger/codex-research/superlio-ego-20261007/lio-ready-69b9b75-ws/install/research_interfaces/share/research_interfaces/package.xml
Finished <<< research_interfaces [0.52s]
Starting >>> serial
Consolidate compiler generated dependencies of target serial
[100%] Built target serial
-- Install configuration: ""
-- Up-to-date: /home/badger/codex-research/superlio-ego-20261007/lio-ready-69b9b75-ws/install/serial/lib/libserial.so
-- Up-to-date: /home/badger/codex-research/superlio-ego-20261007/lio-ready-69b9b75-ws/install/serial/include
-- Up-to-date: /home/badger/codex-research/superlio-ego-20261007/lio-ready-69b9b75-ws/install/serial/include/serial
-- Up-to-date: /home/badger/codex-research/superlio-ego-20261007/lio-ready-69b9b75-ws/install/serial/include/serial/impl
-- Up-to-date: /home/badger/codex-research/superlio-ego-20261007/lio-ready-69b9b75-ws/install/serial/include/serial/impl/win.h
-- Up-to-date: /home/badger/codex-research/superlio-ego-20261007/lio-ready-69b9b75-ws/install/serial/include/serial/impl/unix.h
-- Up-to-date: /home/badger/codex-research/superlio-ego-20261007/lio-ready-69b9b75-ws/install/serial/include/serial/serial.h
-- Up-to-date: /home/badger/codex-research/superlio-ego-20261007/lio-ready-69b9b75-ws/install/serial/include/serial/v8stdint.h
-- Up-to-date: /home/badger/codex-research/superlio-ego-20261007/lio-ready-69b9b75-ws/install/serial/share/serial/environment/library_path.sh
-- Up-to-date: /home/badger/codex-research/superlio-ego-20261007/lio-ready-69b9b75-ws/install/serial/share/serial/environment/library_path.dsv
-- Up-to-date: /home/badger/codex-research/superlio-ego-20261007/lio-ready-69b9b75-ws/install/serial/share/ament_index/resource_index/package_run_dependencies/serial
-- Up-to-date: /home/badger/codex-research/superlio-ego-20261007/lio-ready-69b9b75-ws/install/serial/share/ament_index/resource_index/parent_prefix_path/serial
-- Up-to-date: /home/badger/codex-research/superlio-ego-20261007/lio-ready-69b9b75-ws/install/serial/share/serial/environment/ament_prefix_path.sh
-- Up-to-date: /home/badger/codex-research/superlio-ego-20261007/lio-ready-69b9b75-ws/install/serial/share/serial/environment/ament_prefix_path.dsv
-- Up-to-date: /home/badger/codex-research/superlio-ego-20261007/lio-ready-69b9b75-ws/install/serial/share/serial/environment/path.sh
-- Up-to-date: /home/badger/codex-research/superlio-ego-20261007/lio-ready-69b9b75-ws/install/serial/share/serial/environment/path.dsv
-- Up-to-date: /home/badger/codex-research/superlio-ego-20261007/lio-ready-69b9b75-ws/install/serial/share/serial/local_setup.bash
-- Up-to-date: /home/badger/codex-research/superlio-ego-20261007/lio-ready-69b9b75-ws/install/serial/share/serial/local_setup.sh
-- Up-to-date: /home/badger/codex-research/superlio-ego-20261007/lio-ready-69b9b75-ws/install/serial/share/serial/local_setup.zsh
-- Up-to-date: /home/badger/codex-research/superlio-ego-20261007/lio-ready-69b9b75-ws/install/serial/share/serial/local_setup.dsv
-- Up-to-date: /home/badger/codex-research/superlio-ego-20261007/lio-ready-69b9b75-ws/install/serial/share/serial/package.dsv
-- Up-to-date: /home/badger/codex-research/superlio-ego-20261007/lio-ready-69b9b75-ws/install/serial/share/ament_index/resource_index/packages/serial
-- Up-to-date: /home/badger/codex-research/superlio-ego-20261007/lio-ready-69b9b75-ws/install/serial/share/serial/cmake/export_serialExport.cmake
-- Up-to-date: /home/badger/codex-research/superlio-ego-20261007/lio-ready-69b9b75-ws/install/serial/share/serial/cmake/export_serialExport-noconfig.cmake
-- Up-to-date: /home/badger/codex-research/superlio-ego-20261007/lio-ready-69b9b75-ws/install/serial/share/serial/cmake/ament_cmake_export_targets-extras.cmake
-- Up-to-date: /home/badger/codex-research/superlio-ego-20261007/lio-ready-69b9b75-ws/install/serial/share/serial/cmake/ament_cmake_export_include_directories-extras.cmake
-- Up-to-date: /home/badger/codex-research/superlio-ego-20261007/lio-ready-69b9b75-ws/install/serial/share/serial/cmake/ament_cmake_export_libraries-extras.cmake
-- Up-to-date: /home/badger/codex-research/superlio-ego-20261007/lio-ready-69b9b75-ws/install/serial/share/serial/cmake/serialConfig.cmake
-- Up-to-date: /home/badger/codex-research/superlio-ego-20261007/lio-ready-69b9b75-ws/install/serial/share/serial/cmake/serialConfig-version.cmake
-- Up-to-date: /home/badger/codex-research/superlio-ego-20261007/lio-ready-69b9b75-ws/install/serial/share/serial/package.xml
Finished <<< serial [0.06s]
Starting >>> research_runtime
running egg_info
writing ../../../lio-ready-69b9b75-ws/build/research_runtime/research_runtime.egg-info/PKG-INFO
writing dependency_links to ../../../lio-ready-69b9b75-ws/build/research_runtime/research_runtime.egg-info/dependency_links.txt
writing entry points to ../../../lio-ready-69b9b75-ws/build/research_runtime/research_runtime.egg-info/entry_points.txt
writing requirements to ../../../lio-ready-69b9b75-ws/build/research_runtime/research_runtime.egg-info/requires.txt
writing top-level names to ../../../lio-ready-69b9b75-ws/build/research_runtime/research_runtime.egg-info/top_level.txt
reading manifest file '../../../lio-ready-69b9b75-ws/build/research_runtime/research_runtime.egg-info/SOURCES.txt'
writing manifest file '../../../lio-ready-69b9b75-ws/build/research_runtime/research_runtime.egg-info/SOURCES.txt'
running build
running build_py
running install
running install_lib
running install_data
running install_egg_info
removing '/home/badger/codex-research/superlio-ego-20261007/lio-ready-69b9b75-ws/install/research_runtime/lib/python3.10/site-packages/research_runtime-0.1.0-py3.10.egg-info' (and everything under it)
Copying ../../../lio-ready-69b9b75-ws/build/research_runtime/research_runtime.egg-info to /home/badger/codex-research/superlio-ego-20261007/lio-ready-69b9b75-ws/install/research_runtime/lib/python3.10/site-packages/research_runtime-0.1.0-py3.10.egg-info
running install_scripts
Installing research_local_obstacle_grid script to /home/badger/codex-research/superlio-ego-20261007/lio-ready-69b9b75-ws/install/research_runtime/lib/research_runtime
Installing research_operator_console script to /home/badger/codex-research/superlio-ego-20261007/lio-ready-69b9b75-ws/install/research_runtime/lib/research_runtime
Installing research_replay script to /home/badger/codex-research/superlio-ego-20261007/lio-ready-69b9b75-ws/install/research_runtime/lib/research_runtime
Installing research_safety_bridge script to /home/badger/codex-research/superlio-ego-20261007/lio-ready-69b9b75-ws/install/research_runtime/lib/research_runtime
writing list of installed files to '/home/badger/codex-research/superlio-ego-20261007/lio-ready-69b9b75-ws/build/research_runtime/install.log'
Finished <<< research_runtime [0.49s]
Starting >>> basic
Consolidate compiler generated dependencies of target basic
[100%] Built target basic
-- Install configuration: "Release"
-- Up-to-date: /home/badger/codex-research/superlio-ego-20261007/lio-ready-69b9b75-ws/install/basic/lib/libbasic.so
-- Up-to-date: /home/badger/codex-research/superlio-ego-20261007/lio-ready-69b9b75-ws/install/basic/include
-- Up-to-date: /home/badger/codex-research/superlio-ego-20261007/lio-ready-69b9b75-ws/install/basic/include/basic
-- Up-to-date: /home/badger/codex-research/superlio-ego-20261007/lio-ready-69b9b75-ws/install/basic/include/basic/ds.h
-- Up-to-date: /home/badger/codex-research/superlio-ego-20261007/lio-ready-69b9b75-ws/install/basic/include/basic/math.h
-- Up-to-date: /home/badger/codex-research/superlio-ego-20261007/lio-ready-69b9b75-ws/install/basic/include/basic/alias.h
-- Up-to-date: /home/badger/codex-research/superlio-ego-20261007/lio-ready-69b9b75-ws/install/basic/include/basic/buffer
-- Up-to-date: /home/badger/codex-research/superlio-ego-20261007/lio-ready-69b9b75-ws/install/basic/include/basic/buffer/MultiSourceLatestBuffer.hpp
-- Up-to-date: /home/badger/codex-research/superlio-ego-20261007/lio-ready-69b9b75-ws/install/basic/include/basic/buffer/LatestOnlyBuffer.hpp
-- Up-to-date: /home/badger/codex-research/superlio-ego-20261007/lio-ready-69b9b75-ws/install/basic/include/basic/buffer/RingBuffer.hpp
-- Up-to-date: /home/badger/codex-research/superlio-ego-20261007/lio-ready-69b9b75-ws/install/basic/include/basic/logs.h
-- Up-to-date: /home/badger/codex-research/superlio-ego-20261007/lio-ready-69b9b75-ws/install/basic/include/basic/Manifold.h
-- Up-to-date: /home/badger/codex-research/superlio-ego-20261007/lio-ready-69b9b75-ws/install/basic/share/basic/environment/library_path.sh
-- Up-to-date: /home/badger/codex-research/superlio-ego-20261007/lio-ready-69b9b75-ws/install/basic/share/basic/environment/library_path.dsv
-- Up-to-date: /home/badger/codex-research/superlio-ego-20261007/lio-ready-69b9b75-ws/install/basic/share/ament_index/resource_index/package_run_dependencies/basic
-- Up-to-date: /home/badger/codex-research/superlio-ego-20261007/lio-ready-69b9b75-ws/install/basic/share/ament_index/resource_index/parent_prefix_path/basic
-- Up-to-date: /home/badger/codex-research/superlio-ego-20261007/lio-ready-69b9b75-ws/install/basic/share/basic/environment/ament_prefix_path.sh
-- Up-to-date: /home/badger/codex-research/superlio-ego-20261007/lio-ready-69b9b75-ws/install/basic/share/basic/environment/ament_prefix_path.dsv
-- Up-to-date: /home/badger/codex-research/superlio-ego-20261007/lio-ready-69b9b75-ws/install/basic/share/basic/environment/path.sh
-- Up-to-date: /home/badger/codex-research/superlio-ego-20261007/lio-ready-69b9b75-ws/install/basic/share/basic/environment/path.dsv
-- Up-to-date: /home/badger/codex-research/superlio-ego-20261007/lio-ready-69b9b75-ws/install/basic/share/basic/local_setup.bash
-- Up-to-date: /home/badger/codex-research/superlio-ego-20261007/lio-ready-69b9b75-ws/install/basic/share/basic/local_setup.sh
-- Up-to-date: /home/badger/codex-research/superlio-ego-20261007/lio-ready-69b9b75-ws/install/basic/share/basic/local_setup.zsh
-- Up-to-date: /home/badger/codex-research/superlio-ego-20261007/lio-ready-69b9b75-ws/install/basic/share/basic/local_setup.dsv
-- Installing: /home/badger/codex-research/superlio-ego-20261007/lio-ready-69b9b75-ws/install/basic/share/basic/package.dsv
-- Up-to-date: /home/badger/codex-research/superlio-ego-20261007/lio-ready-69b9b75-ws/install/basic/share/ament_index/resource_index/packages/basic
-- Up-to-date: /home/badger/codex-research/superlio-ego-20261007/lio-ready-69b9b75-ws/install/basic/share/basic/cmake/export_basicExport.cmake
-- Up-to-date: /home/badger/codex-research/superlio-ego-20261007/lio-ready-69b9b75-ws/install/basic/share/basic/cmake/export_basicExport-release.cmake
-- Up-to-date: /home/badger/codex-research/superlio-ego-20261007/lio-ready-69b9b75-ws/install/basic/share/basic/cmake/ament_cmake_export_targets-extras.cmake
-- Up-to-date: /home/badger/codex-research/superlio-ego-20261007/lio-ready-69b9b75-ws/install/basic/share/basic/cmake/ament_cmake_export_dependencies-extras.cmake
-- Up-to-date: /home/badger/codex-research/superlio-ego-20261007/lio-ready-69b9b75-ws/install/basic/share/basic/cmake/ament_cmake_export_include_directories-extras.cmake
-- Up-to-date: /home/badger/codex-research/superlio-ego-20261007/lio-ready-69b9b75-ws/install/basic/share/basic/cmake/ament_cmake_export_libraries-extras.cmake
-- Up-to-date: /home/badger/codex-research/superlio-ego-20261007/lio-ready-69b9b75-ws/install/basic/share/basic/cmake/basicConfig.cmake
-- Up-to-date: /home/badger/codex-research/superlio-ego-20261007/lio-ready-69b9b75-ws/install/basic/share/basic/cmake/basicConfig-version.cmake
-- Up-to-date: /home/badger/codex-research/superlio-ego-20261007/lio-ready-69b9b75-ws/install/basic/share/basic/package.xml
Finished <<< basic [0.07s]
Starting >>> livox_ros_driver2
[  1%] Built target livox_interfaces2__cpp
Consolidate compiler generated dependencies of target livox_interfaces2__rosidl_typesupport_cpp
[  8%] Built target livox_interfaces2__rosidl_typesupport_cpp
Consolidate compiler generated dependencies of target livox_interfaces2__rosidl_generator_c
[ 15%] Built target livox_interfaces2__rosidl_generator_c
Consolidate compiler generated dependencies of target livox_interfaces2__rosidl_typesupport_fastrtps_c
[ 22%] Built target livox_interfaces2__rosidl_typesupport_fastrtps_c
Consolidate compiler generated dependencies of target livox_interfaces2__rosidl_typesupport_introspection_c
[ 29%] Built target livox_interfaces2__rosidl_typesupport_introspection_c
Consolidate compiler generated dependencies of target livox_interfaces2__rosidl_typesupport_c
[ 36%] Built target livox_interfaces2__rosidl_typesupport_c
Consolidate compiler generated dependencies of target livox_interfaces2__rosidl_typesupport_fastrtps_cpp
[ 43%] Built target livox_interfaces2__rosidl_typesupport_fastrtps_cpp
Consolidate compiler generated dependencies of target livox_interfaces2__rosidl_typesupport_introspection_cpp
[ 50%] Built target livox_interfaces2__rosidl_typesupport_introspection_cpp
[ 50%] Built target livox_interfaces2
[ 50%] Built target ament_cmake_python_copy_livox_ros_driver2
running egg_info
writing livox_ros_driver2.egg-info/PKG-INFO
writing dependency_links to livox_ros_driver2.egg-info/dependency_links.txt
writing top-level names to livox_ros_driver2.egg-info/top_level.txt
reading manifest file 'livox_ros_driver2.egg-info/SOURCES.txt'
writing manifest file 'livox_ros_driver2.egg-info/SOURCES.txt'
[ 50%] Built target ament_cmake_python_build_livox_ros_driver2_egg
[ 52%] Built target livox_interfaces2__py
Consolidate compiler generated dependencies of target livox_interfaces2__rosidl_generator_py
[ 57%] Built target livox_interfaces2__rosidl_generator_py
Consolidate compiler generated dependencies of target livox_ros_driver2__rosidl_typesupport_fastrtps_c__pyext
[ 61%] Built target livox_ros_driver2__rosidl_typesupport_fastrtps_c__pyext
Consolidate compiler generated dependencies of target livox_ros_driver2__rosidl_typesupport_introspection_c__pyext
[ 64%] Built target livox_ros_driver2__rosidl_typesupport_introspection_c__pyext
Consolidate compiler generated dependencies of target livox_ros_driver2__rosidl_typesupport_c__pyext
[ 68%] Built target livox_ros_driver2__rosidl_typesupport_c__pyext
Consolidate compiler generated dependencies of target livox_ros_driver2
[ 96%] Built target livox_ros_driver2
Consolidate compiler generated dependencies of target livox_ros_driver2_node
[100%] Built target livox_ros_driver2_node
-- Install configuration: ""
-- Up-to-date: /home/badger/codex-research/superlio-ego-20261007/lio-ready-69b9b75-ws/install/livox_ros_driver2/share/ament_index/resource_index/rosidl_interfaces/livox_ros_driver2
-- Up-to-date: /home/badger/codex-research/superlio-ego-20261007/lio-ready-69b9b75-ws/install/livox_ros_driver2/include/livox_ros_driver2/livox_ros_driver2
-- Up-to-date: /home/badger/codex-research/superlio-ego-20261007/lio-ready-69b9b75-ws/install/livox_ros_driver2/include/livox_ros_driver2/livox_ros_driver2/msg
-- Up-to-date: /home/badger/codex-research/superlio-ego-20261007/lio-ready-69b9b75-ws/install/livox_ros_driver2/include/livox_ros_driver2/livox_ros_driver2/msg/custom_msg.h
-- Up-to-date: /home/badger/codex-research/superlio-ego-20261007/lio-ready-69b9b75-ws/install/livox_ros_driver2/include/livox_ros_driver2/livox_ros_driver2/msg/custom_point.h
-- Up-to-date: /home/badger/codex-research/superlio-ego-20261007/lio-ready-69b9b75-ws/install/livox_ros_driver2/include/livox_ros_driver2/livox_ros_driver2/msg/detail
-- Up-to-date: /home/badger/codex-research/superlio-ego-20261007/lio-ready-69b9b75-ws/install/livox_ros_driver2/include/livox_ros_driver2/livox_ros_driver2/msg/detail/custom_msg__functions.h
-- Up-to-date: /home/badger/codex-research/superlio-ego-20261007/lio-ready-69b9b75-ws/install/livox_ros_driver2/include/livox_ros_driver2/livox_ros_driver2/msg/detail/custom_point__functions.c
-- Up-to-date: /home/badger/codex-research/superlio-ego-20261007/lio-ready-69b9b75-ws/install/livox_ros_driver2/include/livox_ros_driver2/livox_ros_driver2/msg/detail/custom_point__struct.h
-- Up-to-date: /home/badger/codex-research/superlio-ego-20261007/lio-ready-69b9b75-ws/install/livox_ros_driver2/include/livox_ros_driver2/livox_ros_driver2/msg/detail/custom_point__type_support.h
-- Up-to-date: /home/badger/codex-research/superlio-ego-20261007/lio-ready-69b9b75-ws/install/livox_ros_driver2/include/livox_ros_driver2/livox_ros_driver2/msg/detail/custom_msg__functions.c
-- Up-to-date: /home/badger/codex-research/superlio-ego-20261007/lio-ready-69b9b75-ws/install/livox_ros_driver2/include/livox_ros_driver2/livox_ros_driver2/msg/detail/custom_msg__struct.h
-- Up-to-date: /home/badger/codex-research/superlio-ego-20261007/lio-ready-69b9b75-ws/install/livox_ros_driver2/include/livox_ros_driver2/livox_ros_driver2/msg/detail/custom_point__functions.h
-- Up-to-date: /home/badger/codex-research/superlio-ego-20261007/lio-ready-69b9b75-ws/install/livox_ros_driver2/include/livox_ros_driver2/livox_ros_driver2/msg/detail/custom_msg__type_support.h
-- Up-to-date: /home/badger/codex-research/superlio-ego-20261007/lio-ready-69b9b75-ws/install/livox_ros_driver2/include/livox_ros_driver2/livox_ros_driver2/msg/rosidl_generator_c__visibility_control.h
-- Up-to-date: /home/badger/codex-research/superlio-ego-20261007/lio-ready-69b9b75-ws/install/livox_ros_driver2/share/livox_ros_driver2/environment/library_path.sh
-- Up-to-date: /home/badger/codex-research/superlio-ego-20261007/lio-ready-69b9b75-ws/install/livox_ros_driver2/share/livox_ros_driver2/environment/library_path.dsv
-- Up-to-date: /home/badger/codex-research/superlio-ego-20261007/lio-ready-69b9b75-ws/install/livox_ros_driver2/lib/liblivox_ros_driver2__rosidl_generator_c.so
-- Up-to-date: /home/badger/codex-research/superlio-ego-20261007/lio-ready-69b9b75-ws/install/livox_ros_driver2/include/livox_ros_driver2/livox_ros_driver2
-- Up-to-date: /home/badger/codex-research/superlio-ego-20261007/lio-ready-69b9b75-ws/install/livox_ros_driver2/include/livox_ros_driver2/livox_ros_driver2/msg
-- Up-to-date: /home/badger/codex-research/superlio-ego-20261007/lio-ready-69b9b75-ws/install/livox_ros_driver2/include/livox_ros_driver2/livox_ros_driver2/msg/detail
-- Up-to-date: /home/badger/codex-research/superlio-ego-20261007/lio-ready-69b9b75-ws/install/livox_ros_driver2/include/livox_ros_driver2/livox_ros_driver2/msg/detail/custom_msg__rosidl_typesupport_fastrtps_c.h
-- Up-to-date: /home/badger/codex-research/superlio-ego-20261007/lio-ready-69b9b75-ws/install/livox_ros_driver2/include/livox_ros_driver2/livox_ros_driver2/msg/detail/custom_point__rosidl_typesupport_fastrtps_c.h
-- Up-to-date: /home/badger/codex-research/superlio-ego-20261007/lio-ready-69b9b75-ws/install/livox_ros_driver2/include/livox_ros_driver2/livox_ros_driver2/msg/rosidl_typesupport_fastrtps_c__visibility_control.h
-- Up-to-date: /home/badger/codex-research/superlio-ego-20261007/lio-ready-69b9b75-ws/install/livox_ros_driver2/lib/liblivox_ros_driver2__rosidl_typesupport_fastrtps_c.so
-- Up-to-date: /home/badger/codex-research/superlio-ego-20261007/lio-ready-69b9b75-ws/install/livox_ros_driver2/include/livox_ros_driver2/livox_ros_driver2
-- Up-to-date: /home/badger/codex-research/superlio-ego-20261007/lio-ready-69b9b75-ws/install/livox_ros_driver2/include/livox_ros_driver2/livox_ros_driver2/msg
-- Up-to-date: /home/badger/codex-research/superlio-ego-20261007/lio-ready-69b9b75-ws/install/livox_ros_driver2/include/livox_ros_driver2/livox_ros_driver2/msg/detail
-- Up-to-date: /home/badger/codex-research/superlio-ego-20261007/lio-ready-69b9b75-ws/install/livox_ros_driver2/include/livox_ros_driver2/livox_ros_driver2/msg/detail/custom_msg__rosidl_typesupport_introspection_c.h
-- Up-to-date: /home/badger/codex-research/superlio-ego-20261007/lio-ready-69b9b75-ws/install/livox_ros_driver2/include/livox_ros_driver2/livox_ros_driver2/msg/detail/custom_point__rosidl_typesupport_introspection_c.h
-- Up-to-date: /home/badger/codex-research/superlio-ego-20261007/lio-ready-69b9b75-ws/install/livox_ros_driver2/include/livox_ros_driver2/livox_ros_driver2/msg/detail/custom_point__type_support.c
-- Up-to-date: /home/badger/codex-research/superlio-ego-20261007/lio-ready-69b9b75-ws/install/livox_ros_driver2/include/livox_ros_driver2/livox_ros_driver2/msg/detail/custom_msg__type_support.c
-- Up-to-date: /home/badger/codex-research/superlio-ego-20261007/lio-ready-69b9b75-ws/install/livox_ros_driver2/include/livox_ros_driver2/livox_ros_driver2/msg/rosidl_typesupport_introspection_c__visibility_control.h
-- Up-to-date: /home/badger/codex-research/superlio-ego-20261007/lio-ready-69b9b75-ws/install/livox_ros_driver2/lib/liblivox_ros_driver2__rosidl_typesupport_introspection_c.so
-- Up-to-date: /home/badger/codex-research/superlio-ego-20261007/lio-ready-69b9b75-ws/install/livox_ros_driver2/lib/liblivox_ros_driver2__rosidl_typesupport_c.so
-- Up-to-date: /home/badger/codex-research/superlio-ego-20261007/lio-ready-69b9b75-ws/install/livox_ros_driver2/include/livox_ros_driver2/livox_ros_driver2
-- Up-to-date: /home/badger/codex-research/superlio-ego-20261007/lio-ready-69b9b75-ws/install/livox_ros_driver2/include/livox_ros_driver2/livox_ros_driver2/msg
-- Up-to-date: /home/badger/codex-research/superlio-ego-20261007/lio-ready-69b9b75-ws/install/livox_ros_driver2/include/livox_ros_driver2/livox_ros_driver2/msg/rosidl_generator_cpp__visibility_control.hpp
-- Up-to-date: /home/badger/codex-research/superlio-ego-20261007/lio-ready-69b9b75-ws/install/livox_ros_driver2/include/livox_ros_driver2/livox_ros_driver2/msg/detail
-- Up-to-date: /home/badger/codex-research/superlio-ego-20261007/lio-ready-69b9b75-ws/install/livox_ros_driver2/include/livox_ros_driver2/livox_ros_driver2/msg/detail/custom_point__builder.hpp
-- Up-to-date: /home/badger/codex-research/superlio-ego-20261007/lio-ready-69b9b75-ws/install/livox_ros_driver2/include/livox_ros_driver2/livox_ros_driver2/msg/detail/custom_msg__traits.hpp
-- Up-to-date: /home/badger/codex-research/superlio-ego-20261007/lio-ready-69b9b75-ws/install/livox_ros_driver2/include/livox_ros_driver2/livox_ros_driver2/msg/detail/custom_point__type_support.hpp
-- Up-to-date: /home/badger/codex-research/superlio-ego-20261007/lio-ready-69b9b75-ws/install/livox_ros_driver2/include/livox_ros_driver2/livox_ros_driver2/msg/detail/custom_msg__type_support.hpp
-- Up-to-date: /home/badger/codex-research/superlio-ego-20261007/lio-ready-69b9b75-ws/install/livox_ros_driver2/include/livox_ros_driver2/livox_ros_driver2/msg/detail/custom_msg__struct.hpp
-- Up-to-date: /home/badger/codex-research/superlio-ego-20261007/lio-ready-69b9b75-ws/install/livox_ros_driver2/include/livox_ros_driver2/livox_ros_driver2/msg/detail/custom_point__traits.hpp
-- Up-to-date: /home/badger/codex-research/superlio-ego-20261007/lio-ready-69b9b75-ws/install/livox_ros_driver2/include/livox_ros_driver2/livox_ros_driver2/msg/detail/custom_point__struct.hpp
-- Up-to-date: /home/badger/codex-research/superlio-ego-20261007/lio-ready-69b9b75-ws/install/livox_ros_driver2/include/livox_ros_driver2/livox_ros_driver2/msg/detail/custom_msg__builder.hpp
-- Up-to-date: /home/badger/codex-research/superlio-ego-20261007/lio-ready-69b9b75-ws/install/livox_ros_driver2/include/livox_ros_driver2/livox_ros_driver2/msg/custom_msg.hpp
-- Up-to-date: /home/badger/codex-research/superlio-ego-20261007/lio-ready-69b9b75-ws/install/livox_ros_driver2/include/livox_ros_driver2/livox_ros_driver2/msg/custom_point.hpp
-- Up-to-date: /home/badger/codex-research/superlio-ego-20261007/lio-ready-69b9b75-ws/install/livox_ros_driver2/include/livox_ros_driver2/livox_ros_driver2
-- Up-to-date: /home/badger/codex-research/superlio-ego-20261007/lio-ready-69b9b75-ws/install/livox_ros_driver2/include/livox_ros_driver2/livox_ros_driver2/msg
-- Up-to-date: /home/badger/codex-research/superlio-ego-20261007/lio-ready-69b9b75-ws/install/livox_ros_driver2/include/livox_ros_driver2/livox_ros_driver2/msg/detail
-- Up-to-date: /home/badger/codex-research/superlio-ego-20261007/lio-ready-69b9b75-ws/install/livox_ros_driver2/include/livox_ros_driver2/livox_ros_driver2/msg/detail/custom_point__rosidl_typesupport_fastrtps_cpp.hpp
-- Up-to-date: /home/badger/codex-research/superlio-ego-20261007/lio-ready-69b9b75-ws/install/livox_ros_driver2/include/livox_ros_driver2/livox_ros_driver2/msg/detail/custom_msg__rosidl_typesupport_fastrtps_cpp.hpp
-- Up-to-date: /home/badger/codex-research/superlio-ego-20261007/lio-ready-69b9b75-ws/install/livox_ros_driver2/include/livox_ros_driver2/livox_ros_driver2/msg/detail/dds_fastrtps
-- Up-to-date: /home/badger/codex-research/superlio-ego-20261007/lio-ready-69b9b75-ws/install/livox_ros_driver2/include/livox_ros_driver2/livox_ros_driver2/msg/rosidl_typesupport_fastrtps_cpp__visibility_control.h
-- Up-to-date: /home/badger/codex-research/superlio-ego-20261007/lio-ready-69b9b75-ws/install/livox_ros_driver2/lib/liblivox_ros_driver2__rosidl_typesupport_fastrtps_cpp.so
-- Up-to-date: /home/badger/codex-research/superlio-ego-20261007/lio-ready-69b9b75-ws/install/livox_ros_driver2/include/livox_ros_driver2/livox_ros_driver2
-- Up-to-date: /home/badger/codex-research/superlio-ego-20261007/lio-ready-69b9b75-ws/install/livox_ros_driver2/include/livox_ros_driver2/livox_ros_driver2/msg
-- Up-to-date: /home/badger/codex-research/superlio-ego-20261007/lio-ready-69b9b75-ws/install/livox_ros_driver2/include/livox_ros_driver2/livox_ros_driver2/msg/detail
-- Up-to-date: /home/badger/codex-research/superlio-ego-20261007/lio-ready-69b9b75-ws/install/livox_ros_driver2/include/livox_ros_driver2/livox_ros_driver2/msg/detail/custom_msg__rosidl_typesupport_introspection_cpp.hpp
-- Up-to-date: /home/badger/codex-research/superlio-ego-20261007/lio-ready-69b9b75-ws/install/livox_ros_driver2/include/livox_ros_driver2/livox_ros_driver2/msg/detail/custom_point__type_support.cpp
-- Up-to-date: /home/badger/codex-research/superlio-ego-20261007/lio-ready-69b9b75-ws/install/livox_ros_driver2/include/livox_ros_driver2/livox_ros_driver2/msg/detail/custom_point__rosidl_typesupport_introspection_cpp.hpp
-- Up-to-date: /home/badger/codex-research/superlio-ego-20261007/lio-ready-69b9b75-ws/install/livox_ros_driver2/include/livox_ros_driver2/livox_ros_driver2/msg/detail/custom_msg__type_support.cpp
-- Up-to-date: /home/badger/codex-research/superlio-ego-20261007/lio-ready-69b9b75-ws/install/livox_ros_driver2/lib/liblivox_ros_driver2__rosidl_typesupport_introspection_cpp.so
-- Up-to-date: /home/badger/codex-research/superlio-ego-20261007/lio-ready-69b9b75-ws/install/livox_ros_driver2/lib/liblivox_ros_driver2__rosidl_typesupport_cpp.so
-- Up-to-date: /home/badger/codex-research/superlio-ego-20261007/lio-ready-69b9b75-ws/install/livox_ros_driver2/share/livox_ros_driver2/environment/pythonpath.sh
-- Up-to-date: /home/badger/codex-research/superlio-ego-20261007/lio-ready-69b9b75-ws/install/livox_ros_driver2/share/livox_ros_driver2/environment/pythonpath.dsv
-- Up-to-date: /home/badger/codex-research/superlio-ego-20261007/lio-ready-69b9b75-ws/install/livox_ros_driver2/local/lib/python3.10/dist-packages/livox_ros_driver2-1.0.0-py3.10.egg-info
-- Installing: /home/badger/codex-research/superlio-ego-20261007/lio-ready-69b9b75-ws/install/livox_ros_driver2/local/lib/python3.10/dist-packages/livox_ros_driver2-1.0.0-py3.10.egg-info/PKG-INFO
-- Installing: /home/badger/codex-research/superlio-ego-20261007/lio-ready-69b9b75-ws/install/livox_ros_driver2/local/lib/python3.10/dist-packages/livox_ros_driver2-1.0.0-py3.10.egg-info/SOURCES.txt
-- Installing: /home/badger/codex-research/superlio-ego-20261007/lio-ready-69b9b75-ws/install/livox_ros_driver2/local/lib/python3.10/dist-packages/livox_ros_driver2-1.0.0-py3.10.egg-info/top_level.txt
-- Installing: /home/badger/codex-research/superlio-ego-20261007/lio-ready-69b9b75-ws/install/livox_ros_driver2/local/lib/python3.10/dist-packages/livox_ros_driver2-1.0.0-py3.10.egg-info/dependency_links.txt
-- Up-to-date: /home/badger/codex-research/superlio-ego-20261007/lio-ready-69b9b75-ws/install/livox_ros_driver2/local/lib/python3.10/dist-packages/livox_ros_driver2
-- Up-to-date: /home/badger/codex-research/superlio-ego-20261007/lio-ready-69b9b75-ws/install/livox_ros_driver2/local/lib/python3.10/dist-packages/livox_ros_driver2/livox_ros_driver2_s__rosidl_typesupport_fastrtps_c.cpython-310-x86_64-linux-gnu.so
-- Up-to-date: /home/badger/codex-research/superlio-ego-20261007/lio-ready-69b9b75-ws/install/livox_ros_driver2/local/lib/python3.10/dist-packages/livox_ros_driver2/liblivox_interfaces2__rosidl_generator_py.so
-- Up-to-date: /home/badger/codex-research/superlio-ego-20261007/lio-ready-69b9b75-ws/install/livox_ros_driver2/local/lib/python3.10/dist-packages/livox_ros_driver2/__init__.py
-- Up-to-date: /home/badger/codex-research/superlio-ego-20261007/lio-ready-69b9b75-ws/install/livox_ros_driver2/local/lib/python3.10/dist-packages/livox_ros_driver2/_livox_ros_driver2_s.ep.rosidl_typesupport_introspection_c.c
-- Up-to-date: /home/badger/codex-research/superlio-ego-20261007/lio-ready-69b9b75-ws/install/livox_ros_driver2/local/lib/python3.10/dist-packages/livox_ros_driver2/_livox_ros_driver2_s.ep.rosidl_typesupport_fastrtps_c.c
-- Up-to-date: /home/badger/codex-research/superlio-ego-20261007/lio-ready-69b9b75-ws/install/livox_ros_driver2/local/lib/python3.10/dist-packages/livox_ros_driver2/msg
-- Up-to-date: /home/badger/codex-research/superlio-ego-20261007/lio-ready-69b9b75-ws/install/livox_ros_driver2/local/lib/python3.10/dist-packages/livox_ros_driver2/msg/_custom_msg_s.c
-- Up-to-date: /home/badger/codex-research/superlio-ego-20261007/lio-ready-69b9b75-ws/install/livox_ros_driver2/local/lib/python3.10/dist-packages/livox_ros_driver2/msg/_custom_point.py
-- Up-to-date: /home/badger/codex-research/superlio-ego-20261007/lio-ready-69b9b75-ws/install/livox_ros_driver2/local/lib/python3.10/dist-packages/livox_ros_driver2/msg/__init__.py
-- Up-to-date: /home/badger/codex-research/superlio-ego-20261007/lio-ready-69b9b75-ws/install/livox_ros_driver2/local/lib/python3.10/dist-packages/livox_ros_driver2/msg/_custom_msg.py
-- Up-to-date: /home/badger/codex-research/superlio-ego-20261007/lio-ready-69b9b75-ws/install/livox_ros_driver2/local/lib/python3.10/dist-packages/livox_ros_driver2/msg/_custom_point_s.c
-- Up-to-date: /home/badger/codex-research/superlio-ego-20261007/lio-ready-69b9b75-ws/install/livox_ros_driver2/local/lib/python3.10/dist-packages/livox_ros_driver2/livox_ros_driver2_s__rosidl_typesupport_introspection_c.cpython-310-x86_64-linux-gnu.so
-- Up-to-date: /home/badger/codex-research/superlio-ego-20261007/lio-ready-69b9b75-ws/install/livox_ros_driver2/local/lib/python3.10/dist-packages/livox_ros_driver2/livox_ros_driver2_s__rosidl_typesupport_c.cpython-310-x86_64-linux-gnu.so
-- Up-to-date: /home/badger/codex-research/superlio-ego-20261007/lio-ready-69b9b75-ws/install/livox_ros_driver2/local/lib/python3.10/dist-packages/livox_ros_driver2/_livox_ros_driver2_s.ep.rosidl_typesupport_c.c
Listing '/home/badger/codex-research/superlio-ego-20261007/lio-ready-69b9b75-ws/install/livox_ros_driver2/local/lib/python3.10/dist-packages/livox_ros_driver2'...
Listing '/home/badger/codex-research/superlio-ego-20261007/lio-ready-69b9b75-ws/install/livox_ros_driver2/local/lib/python3.10/dist-packages/livox_ros_driver2/msg'...
-- Up-to-date: /home/badger/codex-research/superlio-ego-20261007/lio-ready-69b9b75-ws/install/livox_ros_driver2/local/lib/python3.10/dist-packages/livox_ros_driver2/livox_ros_driver2_s__rosidl_typesupport_fastrtps_c.cpython-310-x86_64-linux-gnu.so
-- Up-to-date: /home/badger/codex-research/superlio-ego-20261007/lio-ready-69b9b75-ws/install/livox_ros_driver2/local/lib/python3.10/dist-packages/livox_ros_driver2/livox_ros_driver2_s__rosidl_typesupport_introspection_c.cpython-310-x86_64-linux-gnu.so
-- Up-to-date: /home/badger/codex-research/superlio-ego-20261007/lio-ready-69b9b75-ws/install/livox_ros_driver2/local/lib/python3.10/dist-packages/livox_ros_driver2/livox_ros_driver2_s__rosidl_typesupport_c.cpython-310-x86_64-linux-gnu.so
-- Up-to-date: /home/badger/codex-research/superlio-ego-20261007/lio-ready-69b9b75-ws/install/livox_ros_driver2/lib/liblivox_interfaces2__rosidl_generator_py.so
-- Up-to-date: /home/badger/codex-research/superlio-ego-20261007/lio-ready-69b9b75-ws/install/livox_ros_driver2/share/livox_ros_driver2/msg/CustomPoint.idl
-- Up-to-date: /home/badger/codex-research/superlio-ego-20261007/lio-ready-69b9b75-ws/install/livox_ros_driver2/share/livox_ros_driver2/msg/CustomMsg.idl
-- Up-to-date: /home/badger/codex-research/superlio-ego-20261007/lio-ready-69b9b75-ws/install/livox_ros_driver2/share/livox_ros_driver2/msg/CustomPoint.msg
-- Up-to-date: /home/badger/codex-research/superlio-ego-20261007/lio-ready-69b9b75-ws/install/livox_ros_driver2/share/livox_ros_driver2/msg/CustomMsg.msg
-- Up-to-date: /home/badger/codex-research/superlio-ego-20261007/lio-ready-69b9b75-ws/install/livox_ros_driver2/lib/livox_ros_driver2/livox_ros_driver2_node
-- Up-to-date: /home/badger/codex-research/superlio-ego-20261007/lio-ready-69b9b75-ws/install/livox_ros_driver2/lib/liblivox_ros_driver2.so
-- Up-to-date: /home/badger/codex-research/superlio-ego-20261007/lio-ready-69b9b75-ws/install/livox_ros_driver2/share/livox_ros_driver2/config
-- Up-to-date: /home/badger/codex-research/superlio-ego-20261007/lio-ready-69b9b75-ws/install/livox_ros_driver2/share/livox_ros_driver2/config/mixed_HAP_MID360_config.json
-- Up-to-date: /home/badger/codex-research/superlio-ego-20261007/lio-ready-69b9b75-ws/install/livox_ros_driver2/share/livox_ros_driver2/config/MID360_config.json
-- Up-to-date: /home/badger/codex-research/superlio-ego-20261007/lio-ready-69b9b75-ws/install/livox_ros_driver2/share/livox_ros_driver2/config/display_point_cloud_ROS2.rviz
-- Up-to-date: /home/badger/codex-research/superlio-ego-20261007/lio-ready-69b9b75-ws/install/livox_ros_driver2/share/livox_ros_driver2/config/HAP_config.json
-- Up-to-date: /home/badger/codex-research/superlio-ego-20261007/lio-ready-69b9b75-ws/install/livox_ros_driver2/share/livox_ros_driver2/config/display_point_cloud_ROS1.rviz
-- Up-to-date: /home/badger/codex-research/superlio-ego-20261007/lio-ready-69b9b75-ws/install/livox_ros_driver2/share/livox_ros_driver2/launch_ROS2
-- Up-to-date: /home/badger/codex-research/superlio-ego-20261007/lio-ready-69b9b75-ws/install/livox_ros_driver2/share/livox_ros_driver2/launch_ROS2/rviz_mixed.py
-- Up-to-date: /home/badger/codex-research/superlio-ego-20261007/lio-ready-69b9b75-ws/install/livox_ros_driver2/share/livox_ros_driver2/launch_ROS2/rviz_MID360_launch.py
-- Up-to-date: /home/badger/codex-research/superlio-ego-20261007/lio-ready-69b9b75-ws/install/livox_ros_driver2/share/livox_ros_driver2/launch_ROS2/msg_MID360_launch.py
-- Up-to-date: /home/badger/codex-research/superlio-ego-20261007/lio-ready-69b9b75-ws/install/livox_ros_driver2/share/livox_ros_driver2/launch_ROS2/msg_HAP_launch.py
-- Up-to-date: /home/badger/codex-research/superlio-ego-20261007/lio-ready-69b9b75-ws/install/livox_ros_driver2/share/livox_ros_driver2/launch_ROS2/rviz_HAP_launch.py
-- Up-to-date: /home/badger/codex-research/superlio-ego-20261007/lio-ready-69b9b75-ws/install/livox_ros_driver2/share/ament_index/resource_index/package_run_dependencies/livox_ros_driver2
-- Up-to-date: /home/badger/codex-research/superlio-ego-20261007/lio-ready-69b9b75-ws/install/livox_ros_driver2/share/ament_index/resource_index/parent_prefix_path/livox_ros_driver2
-- Up-to-date: /home/badger/codex-research/superlio-ego-20261007/lio-ready-69b9b75-ws/install/livox_ros_driver2/share/livox_ros_driver2/environment/ament_prefix_path.sh
-- Up-to-date: /home/badger/codex-research/superlio-ego-20261007/lio-ready-69b9b75-ws/install/livox_ros_driver2/share/livox_ros_driver2/environment/ament_prefix_path.dsv
-- Up-to-date: /home/badger/codex-research/superlio-ego-20261007/lio-ready-69b9b75-ws/install/livox_ros_driver2/share/livox_ros_driver2/environment/path.sh
-- Up-to-date: /home/badger/codex-research/superlio-ego-20261007/lio-ready-69b9b75-ws/install/livox_ros_driver2/share/livox_ros_driver2/environment/path.dsv
-- Up-to-date: /home/badger/codex-research/superlio-ego-20261007/lio-ready-69b9b75-ws/install/livox_ros_driver2/share/livox_ros_driver2/local_setup.bash
-- Up-to-date: /home/badger/codex-research/superlio-ego-20261007/lio-ready-69b9b75-ws/install/livox_ros_driver2/share/livox_ros_driver2/local_setup.sh
-- Up-to-date: /home/badger/codex-research/superlio-ego-20261007/lio-ready-69b9b75-ws/install/livox_ros_driver2/share/livox_ros_driver2/local_setup.zsh
-- Up-to-date: /home/badger/codex-research/superlio-ego-20261007/lio-ready-69b9b75-ws/install/livox_ros_driver2/share/livox_ros_driver2/local_setup.dsv
-- Installing: /home/badger/codex-research/superlio-ego-20261007/lio-ready-69b9b75-ws/install/livox_ros_driver2/share/livox_ros_driver2/package.dsv
-- Up-to-date: /home/badger/codex-research/superlio-ego-20261007/lio-ready-69b9b75-ws/install/livox_ros_driver2/share/ament_index/resource_index/packages/livox_ros_driver2
-- Up-to-date: /home/badger/codex-research/superlio-ego-20261007/lio-ready-69b9b75-ws/install/livox_ros_driver2/share/livox_ros_driver2/cmake/export_livox_interfaces2__rosidl_generator_cExport.cmake
-- Up-to-date: /home/badger/codex-research/superlio-ego-20261007/lio-ready-69b9b75-ws/install/livox_ros_driver2/share/livox_ros_driver2/cmake/export_livox_interfaces2__rosidl_generator_cExport-noconfig.cmake
-- Up-to-date: /home/badger/codex-research/superlio-ego-20261007/lio-ready-69b9b75-ws/install/livox_ros_driver2/share/livox_ros_driver2/cmake/export_livox_interfaces2__rosidl_typesupport_fastrtps_cExport.cmake
-- Up-to-date: /home/badger/codex-research/superlio-ego-20261007/lio-ready-69b9b75-ws/install/livox_ros_driver2/share/livox_ros_driver2/cmake/export_livox_interfaces2__rosidl_typesupport_fastrtps_cExport-noconfig.cmake
-- Up-to-date: /home/badger/codex-research/superlio-ego-20261007/lio-ready-69b9b75-ws/install/livox_ros_driver2/share/livox_ros_driver2/cmake/livox_interfaces2__rosidl_typesupport_introspection_cExport.cmake
-- Up-to-date: /home/badger/codex-research/superlio-ego-20261007/lio-ready-69b9b75-ws/install/livox_ros_driver2/share/livox_ros_driver2/cmake/livox_interfaces2__rosidl_typesupport_introspection_cExport-noconfig.cmake
-- Up-to-date: /home/badger/codex-research/superlio-ego-20261007/lio-ready-69b9b75-ws/install/livox_ros_driver2/share/livox_ros_driver2/cmake/livox_interfaces2__rosidl_typesupport_cExport.cmake
-- Up-to-date: /home/badger/codex-research/superlio-ego-20261007/lio-ready-69b9b75-ws/install/livox_ros_driver2/share/livox_ros_driver2/cmake/livox_interfaces2__rosidl_typesupport_cExport-noconfig.cmake
-- Up-to-date: /home/badger/codex-research/superlio-ego-20261007/lio-ready-69b9b75-ws/install/livox_ros_driver2/share/livox_ros_driver2/cmake/export_livox_interfaces2__rosidl_generator_cppExport.cmake
-- Up-to-date: /home/badger/codex-research/superlio-ego-20261007/lio-ready-69b9b75-ws/install/livox_ros_driver2/share/livox_ros_driver2/cmake/export_livox_interfaces2__rosidl_typesupport_fastrtps_cppExport.cmake
-- Up-to-date: /home/badger/codex-research/superlio-ego-20261007/lio-ready-69b9b75-ws/install/livox_ros_driver2/share/livox_ros_driver2/cmake/export_livox_interfaces2__rosidl_typesupport_fastrtps_cppExport-noconfig.cmake
-- Up-to-date: /home/badger/codex-research/superlio-ego-20261007/lio-ready-69b9b75-ws/install/livox_ros_driver2/share/livox_ros_driver2/cmake/livox_interfaces2__rosidl_typesupport_introspection_cppExport.cmake
-- Up-to-date: /home/badger/codex-research/superlio-ego-20261007/lio-ready-69b9b75-ws/install/livox_ros_driver2/share/livox_ros_driver2/cmake/livox_interfaces2__rosidl_typesupport_introspection_cppExport-noconfig.cmake
-- Up-to-date: /home/badger/codex-research/superlio-ego-20261007/lio-ready-69b9b75-ws/install/livox_ros_driver2/share/livox_ros_driver2/cmake/livox_interfaces2__rosidl_typesupport_cppExport.cmake
-- Up-to-date: /home/badger/codex-research/superlio-ego-20261007/lio-ready-69b9b75-ws/install/livox_ros_driver2/share/livox_ros_driver2/cmake/livox_interfaces2__rosidl_typesupport_cppExport-noconfig.cmake
-- Up-to-date: /home/badger/codex-research/superlio-ego-20261007/lio-ready-69b9b75-ws/install/livox_ros_driver2/share/livox_ros_driver2/cmake/export_livox_interfaces2__rosidl_generator_pyExport.cmake
-- Up-to-date: /home/badger/codex-research/superlio-ego-20261007/lio-ready-69b9b75-ws/install/livox_ros_driver2/share/livox_ros_driver2/cmake/export_livox_interfaces2__rosidl_generator_pyExport-noconfig.cmake
-- Up-to-date: /home/badger/codex-research/superlio-ego-20261007/lio-ready-69b9b75-ws/install/livox_ros_driver2/share/ament_index/resource_index/rclcpp_components/livox_ros_driver2
-- Up-to-date: /home/badger/codex-research/superlio-ego-20261007/lio-ready-69b9b75-ws/install/livox_ros_driver2/share/livox_ros_driver2/cmake/rosidl_cmake-extras.cmake
-- Up-to-date: /home/badger/codex-research/superlio-ego-20261007/lio-ready-69b9b75-ws/install/livox_ros_driver2/share/livox_ros_driver2/cmake/ament_cmake_export_dependencies-extras.cmake
-- Up-to-date: /home/badger/codex-research/superlio-ego-20261007/lio-ready-69b9b75-ws/install/livox_ros_driver2/share/livox_ros_driver2/cmake/ament_cmake_export_include_directories-extras.cmake
-- Up-to-date: /home/badger/codex-research/superlio-ego-20261007/lio-ready-69b9b75-ws/install/livox_ros_driver2/share/livox_ros_driver2/cmake/ament_cmake_export_libraries-extras.cmake
-- Up-to-date: /home/badger/codex-research/superlio-ego-20261007/lio-ready-69b9b75-ws/install/livox_ros_driver2/share/livox_ros_driver2/cmake/ament_cmake_export_targets-extras.cmake
-- Up-to-date: /home/badger/codex-research/superlio-ego-20261007/lio-ready-69b9b75-ws/install/livox_ros_driver2/share/livox_ros_driver2/cmake/rosidl_cmake_export_typesupport_targets-extras.cmake
-- Up-to-date: /home/badger/codex-research/superlio-ego-20261007/lio-ready-69b9b75-ws/install/livox_ros_driver2/share/livox_ros_driver2/cmake/rosidl_cmake_export_typesupport_libraries-extras.cmake
-- Up-to-date: /home/badger/codex-research/superlio-ego-20261007/lio-ready-69b9b75-ws/install/livox_ros_driver2/share/livox_ros_driver2/cmake/livox_ros_driver2Config.cmake
-- Up-to-date: /home/badger/codex-research/superlio-ego-20261007/lio-ready-69b9b75-ws/install/livox_ros_driver2/share/livox_ros_driver2/cmake/livox_ros_driver2Config-version.cmake
-- Up-to-date: /home/badger/codex-research/superlio-ego-20261007/lio-ready-69b9b75-ws/install/livox_ros_driver2/share/livox_ros_driver2/package.xml
Finished <<< livox_ros_driver2 [0.49s]
Starting >>> gps_waypoint_dispatcher
running egg_info
writing ../../../../lio-ready-69b9b75-ws/build/gps_waypoint_dispatcher/gps_waypoint_dispatcher.egg-info/PKG-INFO
writing dependency_links to ../../../../lio-ready-69b9b75-ws/build/gps_waypoint_dispatcher/gps_waypoint_dispatcher.egg-info/dependency_links.txt
writing entry points to ../../../../lio-ready-69b9b75-ws/build/gps_waypoint_dispatcher/gps_waypoint_dispatcher.egg-info/entry_points.txt
writing requirements to ../../../../lio-ready-69b9b75-ws/build/gps_waypoint_dispatcher/gps_waypoint_dispatcher.egg-info/requires.txt
writing top-level names to ../../../../lio-ready-69b9b75-ws/build/gps_waypoint_dispatcher/gps_waypoint_dispatcher.egg-info/top_level.txt
reading manifest file '../../../../lio-ready-69b9b75-ws/build/gps_waypoint_dispatcher/gps_waypoint_dispatcher.egg-info/SOURCES.txt'
writing manifest file '../../../../lio-ready-69b9b75-ws/build/gps_waypoint_dispatcher/gps_waypoint_dispatcher.egg-info/SOURCES.txt'
running build
running build_py
running install
running install_lib
running install_data
running install_egg_info
removing '/home/badger/codex-research/superlio-ego-20261007/lio-ready-69b9b75-ws/install/gps_waypoint_dispatcher/lib/python3.10/site-packages/gps_waypoint_dispatcher-1.0.0-py3.10.egg-info' (and everything under it)
Copying ../../../../lio-ready-69b9b75-ws/build/gps_waypoint_dispatcher/gps_waypoint_dispatcher.egg-info to /home/badger/codex-research/superlio-ego-20261007/lio-ready-69b9b75-ws/install/gps_waypoint_dispatcher/lib/python3.10/site-packages/gps_waypoint_dispatcher-1.0.0-py3.10.egg-info
running install_scripts
Installing corridor_cmd_vel_guard_node script to /home/badger/codex-research/superlio-ego-20261007/lio-ready-69b9b75-ws/install/gps_waypoint_dispatcher/lib/gps_waypoint_dispatcher
Installing dispatcher_node script to /home/badger/codex-research/superlio-ego-20261007/lio-ready-69b9b75-ws/install/gps_waypoint_dispatcher/lib/gps_waypoint_dispatcher
Installing goal_manager_node script to /home/badger/codex-research/superlio-ego-20261007/lio-ready-69b9b75-ws/install/gps_waypoint_dispatcher/lib/gps_waypoint_dispatcher
Installing goto_latlon script to /home/badger/codex-research/superlio-ego-20261007/lio-ready-69b9b75-ws/install/gps_waypoint_dispatcher/lib/gps_waypoint_dispatcher
Installing goto_name script to /home/badger/codex-research/superlio-ego-20261007/lio-ready-69b9b75-ws/install/gps_waypoint_dispatcher/lib/gps_waypoint_dispatcher
Installing gps_corridor_runner_node script to /home/badger/codex-research/superlio-ego-20261007/lio-ready-69b9b75-ws/install/gps_waypoint_dispatcher/lib/gps_waypoint_dispatcher
Installing gps_global_aligner_node script to /home/badger/codex-research/superlio-ego-20261007/lio-ready-69b9b75-ws/install/gps_waypoint_dispatcher/lib/gps_waypoint_dispatcher
Installing gps_route_runner_node script to /home/badger/codex-research/superlio-ego-20261007/lio-ready-69b9b75-ws/install/gps_waypoint_dispatcher/lib/gps_waypoint_dispatcher
Installing list_destinations script to /home/badger/codex-research/superlio-ego-20261007/lio-ready-69b9b75-ws/install/gps_waypoint_dispatcher/lib/gps_waypoint_dispatcher
Installing rtk_map_odom_corrector_node script to /home/badger/codex-research/superlio-ego-20261007/lio-ready-69b9b75-ws/install/gps_waypoint_dispatcher/lib/gps_waypoint_dispatcher
Installing stop script to /home/badger/codex-research/superlio-ego-20261007/lio-ready-69b9b75-ws/install/gps_waypoint_dispatcher/lib/gps_waypoint_dispatcher
writing list of installed files to '/home/badger/codex-research/superlio-ego-20261007/lio-ready-69b9b75-ws/build/gps_waypoint_dispatcher/install.log'
Finished <<< gps_waypoint_dispatcher [0.47s]
Starting >>> super_lio_vehicle_adapter
running egg_info
writing ../../../lio-ready-69b9b75-ws/build/super_lio_vehicle_adapter/super_lio_vehicle_adapter.egg-info/PKG-INFO
writing dependency_links to ../../../lio-ready-69b9b75-ws/build/super_lio_vehicle_adapter/super_lio_vehicle_adapter.egg-info/dependency_links.txt
writing entry points to ../../../lio-ready-69b9b75-ws/build/super_lio_vehicle_adapter/super_lio_vehicle_adapter.egg-info/entry_points.txt
writing requirements to ../../../lio-ready-69b9b75-ws/build/super_lio_vehicle_adapter/super_lio_vehicle_adapter.egg-info/requires.txt
writing top-level names to ../../../lio-ready-69b9b75-ws/build/super_lio_vehicle_adapter/super_lio_vehicle_adapter.egg-info/top_level.txt
reading manifest file '../../../lio-ready-69b9b75-ws/build/super_lio_vehicle_adapter/super_lio_vehicle_adapter.egg-info/SOURCES.txt'
writing manifest file '../../../lio-ready-69b9b75-ws/build/super_lio_vehicle_adapter/super_lio_vehicle_adapter.egg-info/SOURCES.txt'
running build
running build_py
running install
running install_lib
running install_data
running install_egg_info
removing '/home/badger/codex-research/superlio-ego-20261007/lio-ready-69b9b75-ws/install/super_lio_vehicle_adapter/lib/python3.10/site-packages/super_lio_vehicle_adapter-0.1.0-py3.10.egg-info' (and everything under it)
Copying ../../../lio-ready-69b9b75-ws/build/super_lio_vehicle_adapter/super_lio_vehicle_adapter.egg-info to /home/badger/codex-research/superlio-ego-20261007/lio-ready-69b9b75-ws/install/super_lio_vehicle_adapter/lib/python3.10/site-packages/super_lio_vehicle_adapter-0.1.0-py3.10.egg-info
running install_scripts
Installing super_lio_cloud_frame_adapter script to /home/badger/codex-research/superlio-ego-20261007/lio-ready-69b9b75-ws/install/super_lio_vehicle_adapter/lib/super_lio_vehicle_adapter
Installing super_lio_vehicle_adapter script to /home/badger/codex-research/superlio-ego-20261007/lio-ready-69b9b75-ws/install/super_lio_vehicle_adapter/lib/super_lio_vehicle_adapter
writing list of installed files to '/home/badger/codex-research/superlio-ego-20261007/lio-ready-69b9b75-ws/build/super_lio_vehicle_adapter/install.log'
Finished <<< super_lio_vehicle_adapter [0.46s]
Starting >>> ego_planner
[  2%] Built target ego_planner__cpp
Consolidate compiler generated dependencies of target ego_planner__rosidl_typesupport_cpp
[  8%] Built target ego_planner__rosidl_typesupport_cpp
Consolidate compiler generated dependencies of target ego_planner__rosidl_generator_c
[ 15%] Built target ego_planner__rosidl_generator_c
Consolidate compiler generated dependencies of target ego_planner__rosidl_typesupport_fastrtps_c
[ 22%] Built target ego_planner__rosidl_typesupport_fastrtps_c
Consolidate compiler generated dependencies of target ego_planner__rosidl_typesupport_fastrtps_cpp
[ 28%] Built target ego_planner__rosidl_typesupport_fastrtps_cpp
Consolidate compiler generated dependencies of target ego_planner__rosidl_typesupport_introspection_c
[ 35%] Built target ego_planner__rosidl_typesupport_introspection_c
Consolidate compiler generated dependencies of target ego_planner__rosidl_typesupport_c
[ 42%] Built target ego_planner__rosidl_typesupport_c
Consolidate compiler generated dependencies of target ego_planner__rosidl_typesupport_introspection_cpp
[ 48%] Built target ego_planner__rosidl_typesupport_introspection_cpp
[ 48%] Built target ego_planner
[ 48%] Built target ament_cmake_python_copy_ego_planner
running egg_info
writing ego_planner.egg-info/PKG-INFO
writing dependency_links to ego_planner.egg-info/dependency_links.txt
writing top-level names to ego_planner.egg-info/top_level.txt
reading manifest file 'ego_planner.egg-info/SOURCES.txt'
writing manifest file 'ego_planner.egg-info/SOURCES.txt'
[ 48%] Built target ament_cmake_python_build_ego_planner_egg
[ 51%] Built target ego_planner__py
Consolidate compiler generated dependencies of target ego_planner__rosidl_generator_py
[ 55%] Built target ego_planner__rosidl_generator_py
Consolidate compiler generated dependencies of target ego_planner__rosidl_typesupport_fastrtps_c__pyext
[ 60%] Built target ego_planner__rosidl_typesupport_fastrtps_c__pyext
Consolidate compiler generated dependencies of target ego_planner__rosidl_typesupport_introspection_c__pyext
[ 64%] Built target ego_planner__rosidl_typesupport_introspection_c__pyext
Consolidate compiler generated dependencies of target ego_planner__rosidl_typesupport_c__pyext
[ 68%] Built target ego_planner__rosidl_typesupport_c__pyext
Consolidate compiler generated dependencies of target local_map
[ 73%] Built target local_map
Consolidate compiler generated dependencies of target bspline_opt
[ 82%] Built target bspline_opt
Consolidate compiler generated dependencies of target path_searching
[ 86%] Built target path_searching
Consolidate compiler generated dependencies of target ego_planner_lib
[ 91%] Built target ego_planner_lib
[ 93%] Building CXX object CMakeFiles/motion_plan.dir/src/trajectory_publisher.cpp.o
In file included from /home/badger/codex-research/superlio-ego-20261007/vehicle-lio-ready/src/ego_planner_2d_ros2/src/EgoPlanner-ROS2/./planner/plan_manage/include/plan_manage/planner_interface.h:16,
                 from /home/badger/codex-research/superlio-ego-20261007/vehicle-lio-ready/src/ego_planner_2d_ros2/src/EgoPlanner-ROS2/include/trajectory_obstacles_publisher.h:20,
                 from /home/badger/codex-research/superlio-ego-20261007/vehicle-lio-ready/src/ego_planner_2d_ros2/src/EgoPlanner-ROS2/src/trajectory_publisher.cpp:10:
/home/badger/codex-research/superlio-ego-20261007/vehicle-lio-ready/src/ego_planner_2d_ros2/src/EgoPlanner-ROS2/./planner/include/Bspline.h: In function ‘std::ostream& ego_planner::operator<<(std::ostream&, const ego_planner::Bspline_<ContainerAllocator>&)’:
/home/badger/codex-research/superlio-ego-20261007/vehicle-lio-ready/src/ego_planner_2d_ros2/src/EgoPlanner-ROS2/./planner/include/Bspline.h:88:1: warning: no return statement in function returning non-void [-Wreturn-type]
   88 | }
      | ^
[ 95%] Linking CXX executable motion_plan
[ 95%] Built target motion_plan
[ 97%] Building CXX object CMakeFiles/research_tf_guard.dir/src/research_tf_guard.cpp.o
[100%] Linking CXX executable research_tf_guard
[Processing: ego_planner]
[100%] Built target research_tf_guard
-- Install configuration: "Release"
-- Installing: /home/badger/codex-research/superlio-ego-20261007/lio-ready-69b9b75-ws/install/ego_planner/share/ament_index/resource_index/rosidl_interfaces/ego_planner
-- Installing: /home/badger/codex-research/superlio-ego-20261007/lio-ready-69b9b75-ws/install/ego_planner/include/ego_planner/ego_planner
-- Installing: /home/badger/codex-research/superlio-ego-20261007/lio-ready-69b9b75-ws/install/ego_planner/include/ego_planner/ego_planner/msg
-- Installing: /home/badger/codex-research/superlio-ego-20261007/lio-ready-69b9b75-ws/install/ego_planner/include/ego_planner/ego_planner/msg/detail
-- Installing: /home/badger/codex-research/superlio-ego-20261007/lio-ready-69b9b75-ws/install/ego_planner/include/ego_planner/ego_planner/msg/detail/current_pose__struct.h
-- Installing: /home/badger/codex-research/superlio-ego-20261007/lio-ready-69b9b75-ws/install/ego_planner/include/ego_planner/ego_planner/msg/detail/current_pose__type_support.h
-- Installing: /home/badger/codex-research/superlio-ego-20261007/lio-ready-69b9b75-ws/install/ego_planner/include/ego_planner/ego_planner/msg/detail/current_pose__functions.h
-- Installing: /home/badger/codex-research/superlio-ego-20261007/lio-ready-69b9b75-ws/install/ego_planner/include/ego_planner/ego_planner/msg/detail/current_pose__functions.c
-- Installing: /home/badger/codex-research/superlio-ego-20261007/lio-ready-69b9b75-ws/install/ego_planner/include/ego_planner/ego_planner/msg/rosidl_generator_c__visibility_control.h
-- Installing: /home/badger/codex-research/superlio-ego-20261007/lio-ready-69b9b75-ws/install/ego_planner/include/ego_planner/ego_planner/msg/current_pose.h
-- Installing: /home/badger/codex-research/superlio-ego-20261007/lio-ready-69b9b75-ws/install/ego_planner/share/ego_planner/environment/library_path.sh
-- Installing: /home/badger/codex-research/superlio-ego-20261007/lio-ready-69b9b75-ws/install/ego_planner/share/ego_planner/environment/library_path.dsv
-- Installing: /home/badger/codex-research/superlio-ego-20261007/lio-ready-69b9b75-ws/install/ego_planner/lib/libego_planner__rosidl_generator_c.so
-- Set runtime path of "/home/badger/codex-research/superlio-ego-20261007/lio-ready-69b9b75-ws/install/ego_planner/lib/libego_planner__rosidl_generator_c.so" to ""
-- Up-to-date: /home/badger/codex-research/superlio-ego-20261007/lio-ready-69b9b75-ws/install/ego_planner/include/ego_planner/ego_planner
-- Up-to-date: /home/badger/codex-research/superlio-ego-20261007/lio-ready-69b9b75-ws/install/ego_planner/include/ego_planner/ego_planner/msg
-- Up-to-date: /home/badger/codex-research/superlio-ego-20261007/lio-ready-69b9b75-ws/install/ego_planner/include/ego_planner/ego_planner/msg/detail
-- Installing: /home/badger/codex-research/superlio-ego-20261007/lio-ready-69b9b75-ws/install/ego_planner/include/ego_planner/ego_planner/msg/detail/current_pose__rosidl_typesupport_fastrtps_c.h
-- Installing: /home/badger/codex-research/superlio-ego-20261007/lio-ready-69b9b75-ws/install/ego_planner/include/ego_planner/ego_planner/msg/rosidl_typesupport_fastrtps_c__visibility_control.h
-- Installing: /home/badger/codex-research/superlio-ego-20261007/lio-ready-69b9b75-ws/install/ego_planner/lib/libego_planner__rosidl_typesupport_fastrtps_c.so
-- Set runtime path of "/home/badger/codex-research/superlio-ego-20261007/lio-ready-69b9b75-ws/install/ego_planner/lib/libego_planner__rosidl_typesupport_fastrtps_c.so" to ""
-- Up-to-date: /home/badger/codex-research/superlio-ego-20261007/lio-ready-69b9b75-ws/install/ego_planner/include/ego_planner/ego_planner
-- Up-to-date: /home/badger/codex-research/superlio-ego-20261007/lio-ready-69b9b75-ws/install/ego_planner/include/ego_planner/ego_planner/msg
-- Installing: /home/badger/codex-research/superlio-ego-20261007/lio-ready-69b9b75-ws/install/ego_planner/include/ego_planner/ego_planner/msg/current_pose.hpp
-- Installing: /home/badger/codex-research/superlio-ego-20261007/lio-ready-69b9b75-ws/install/ego_planner/include/ego_planner/ego_planner/msg/rosidl_generator_cpp__visibility_control.hpp
-- Up-to-date: /home/badger/codex-research/superlio-ego-20261007/lio-ready-69b9b75-ws/install/ego_planner/include/ego_planner/ego_planner/msg/detail
-- Installing: /home/badger/codex-research/superlio-ego-20261007/lio-ready-69b9b75-ws/install/ego_planner/include/ego_planner/ego_planner/msg/detail/current_pose__type_support.hpp
-- Installing: /home/badger/codex-research/superlio-ego-20261007/lio-ready-69b9b75-ws/install/ego_planner/include/ego_planner/ego_planner/msg/detail/current_pose__traits.hpp
-- Installing: /home/badger/codex-research/superlio-ego-20261007/lio-ready-69b9b75-ws/install/ego_planner/include/ego_planner/ego_planner/msg/detail/current_pose__builder.hpp
-- Installing: /home/badger/codex-research/superlio-ego-20261007/lio-ready-69b9b75-ws/install/ego_planner/include/ego_planner/ego_planner/msg/detail/current_pose__struct.hpp
-- Up-to-date: /home/badger/codex-research/superlio-ego-20261007/lio-ready-69b9b75-ws/install/ego_planner/include/ego_planner/ego_planner
-- Up-to-date: /home/badger/codex-research/superlio-ego-20261007/lio-ready-69b9b75-ws/install/ego_planner/include/ego_planner/ego_planner/msg
-- Up-to-date: /home/badger/codex-research/superlio-ego-20261007/lio-ready-69b9b75-ws/install/ego_planner/include/ego_planner/ego_planner/msg/detail
-- Installing: /home/badger/codex-research/superlio-ego-20261007/lio-ready-69b9b75-ws/install/ego_planner/include/ego_planner/ego_planner/msg/detail/current_pose__rosidl_typesupport_fastrtps_cpp.hpp
-- Installing: /home/badger/codex-research/superlio-ego-20261007/lio-ready-69b9b75-ws/install/ego_planner/include/ego_planner/ego_planner/msg/detail/dds_fastrtps
-- Installing: /home/badger/codex-research/superlio-ego-20261007/lio-ready-69b9b75-ws/install/ego_planner/include/ego_planner/ego_planner/msg/rosidl_typesupport_fastrtps_cpp__visibility_control.h
-- Installing: /home/badger/codex-research/superlio-ego-20261007/lio-ready-69b9b75-ws/install/ego_planner/lib/libego_planner__rosidl_typesupport_fastrtps_cpp.so
-- Set runtime path of "/home/badger/codex-research/superlio-ego-20261007/lio-ready-69b9b75-ws/install/ego_planner/lib/libego_planner__rosidl_typesupport_fastrtps_cpp.so" to ""
-- Up-to-date: /home/badger/codex-research/superlio-ego-20261007/lio-ready-69b9b75-ws/install/ego_planner/include/ego_planner/ego_planner
-- Up-to-date: /home/badger/codex-research/superlio-ego-20261007/lio-ready-69b9b75-ws/install/ego_planner/include/ego_planner/ego_planner/msg
-- Up-to-date: /home/badger/codex-research/superlio-ego-20261007/lio-ready-69b9b75-ws/install/ego_planner/include/ego_planner/ego_planner/msg/detail
-- Installing: /home/badger/codex-research/superlio-ego-20261007/lio-ready-69b9b75-ws/install/ego_planner/include/ego_planner/ego_planner/msg/detail/current_pose__type_support.c
-- Installing: /home/badger/codex-research/superlio-ego-20261007/lio-ready-69b9b75-ws/install/ego_planner/include/ego_planner/ego_planner/msg/detail/current_pose__rosidl_typesupport_introspection_c.h
-- Installing: /home/badger/codex-research/superlio-ego-20261007/lio-ready-69b9b75-ws/install/ego_planner/include/ego_planner/ego_planner/msg/rosidl_typesupport_introspection_c__visibility_control.h
-- Installing: /home/badger/codex-research/superlio-ego-20261007/lio-ready-69b9b75-ws/install/ego_planner/lib/libego_planner__rosidl_typesupport_introspection_c.so
-- Set runtime path of "/home/badger/codex-research/superlio-ego-20261007/lio-ready-69b9b75-ws/install/ego_planner/lib/libego_planner__rosidl_typesupport_introspection_c.so" to ""
-- Installing: /home/badger/codex-research/superlio-ego-20261007/lio-ready-69b9b75-ws/install/ego_planner/lib/libego_planner__rosidl_typesupport_c.so
-- Set runtime path of "/home/badger/codex-research/superlio-ego-20261007/lio-ready-69b9b75-ws/install/ego_planner/lib/libego_planner__rosidl_typesupport_c.so" to ""
-- Up-to-date: /home/badger/codex-research/superlio-ego-20261007/lio-ready-69b9b75-ws/install/ego_planner/include/ego_planner/ego_planner
-- Up-to-date: /home/badger/codex-research/superlio-ego-20261007/lio-ready-69b9b75-ws/install/ego_planner/include/ego_planner/ego_planner/msg
-- Up-to-date: /home/badger/codex-research/superlio-ego-20261007/lio-ready-69b9b75-ws/install/ego_planner/include/ego_planner/ego_planner/msg/detail
-- Installing: /home/badger/codex-research/superlio-ego-20261007/lio-ready-69b9b75-ws/install/ego_planner/include/ego_planner/ego_planner/msg/detail/current_pose__rosidl_typesupport_introspection_cpp.hpp
-- Installing: /home/badger/codex-research/superlio-ego-20261007/lio-ready-69b9b75-ws/install/ego_planner/include/ego_planner/ego_planner/msg/detail/current_pose__type_support.cpp
-- Installing: /home/badger/codex-research/superlio-ego-20261007/lio-ready-69b9b75-ws/install/ego_planner/lib/libego_planner__rosidl_typesupport_introspection_cpp.so
-- Set runtime path of "/home/badger/codex-research/superlio-ego-20261007/lio-ready-69b9b75-ws/install/ego_planner/lib/libego_planner__rosidl_typesupport_introspection_cpp.so" to ""
-- Installing: /home/badger/codex-research/superlio-ego-20261007/lio-ready-69b9b75-ws/install/ego_planner/lib/libego_planner__rosidl_typesupport_cpp.so
-- Set runtime path of "/home/badger/codex-research/superlio-ego-20261007/lio-ready-69b9b75-ws/install/ego_planner/lib/libego_planner__rosidl_typesupport_cpp.so" to ""
-- Installing: /home/badger/codex-research/superlio-ego-20261007/lio-ready-69b9b75-ws/install/ego_planner/share/ego_planner/environment/pythonpath.sh
-- Installing: /home/badger/codex-research/superlio-ego-20261007/lio-ready-69b9b75-ws/install/ego_planner/share/ego_planner/environment/pythonpath.dsv
-- Installing: /home/badger/codex-research/superlio-ego-20261007/lio-ready-69b9b75-ws/install/ego_planner/local/lib/python3.10/dist-packages/ego_planner-0.0.0-py3.10.egg-info
-- Installing: /home/badger/codex-research/superlio-ego-20261007/lio-ready-69b9b75-ws/install/ego_planner/local/lib/python3.10/dist-packages/ego_planner-0.0.0-py3.10.egg-info/PKG-INFO
-- Installing: /home/badger/codex-research/superlio-ego-20261007/lio-ready-69b9b75-ws/install/ego_planner/local/lib/python3.10/dist-packages/ego_planner-0.0.0-py3.10.egg-info/SOURCES.txt
-- Installing: /home/badger/codex-research/superlio-ego-20261007/lio-ready-69b9b75-ws/install/ego_planner/local/lib/python3.10/dist-packages/ego_planner-0.0.0-py3.10.egg-info/top_level.txt
-- Installing: /home/badger/codex-research/superlio-ego-20261007/lio-ready-69b9b75-ws/install/ego_planner/local/lib/python3.10/dist-packages/ego_planner-0.0.0-py3.10.egg-info/dependency_links.txt
-- Installing: /home/badger/codex-research/superlio-ego-20261007/lio-ready-69b9b75-ws/install/ego_planner/local/lib/python3.10/dist-packages/ego_planner
-- Installing: /home/badger/codex-research/superlio-ego-20261007/lio-ready-69b9b75-ws/install/ego_planner/local/lib/python3.10/dist-packages/ego_planner/libego_planner__rosidl_generator_py.so
-- Installing: /home/badger/codex-research/superlio-ego-20261007/lio-ready-69b9b75-ws/install/ego_planner/local/lib/python3.10/dist-packages/ego_planner/__init__.py
-- Installing: /home/badger/codex-research/superlio-ego-20261007/lio-ready-69b9b75-ws/install/ego_planner/local/lib/python3.10/dist-packages/ego_planner/ego_planner_s__rosidl_typesupport_c.cpython-310-x86_64-linux-gnu.so
-- Installing: /home/badger/codex-research/superlio-ego-20261007/lio-ready-69b9b75-ws/install/ego_planner/local/lib/python3.10/dist-packages/ego_planner/ego_planner_s__rosidl_typesupport_fastrtps_c.cpython-310-x86_64-linux-gnu.so
-- Installing: /home/badger/codex-research/superlio-ego-20261007/lio-ready-69b9b75-ws/install/ego_planner/local/lib/python3.10/dist-packages/ego_planner/msg
-- Installing: /home/badger/codex-research/superlio-ego-20261007/lio-ready-69b9b75-ws/install/ego_planner/local/lib/python3.10/dist-packages/ego_planner/msg/__init__.py
-- Installing: /home/badger/codex-research/superlio-ego-20261007/lio-ready-69b9b75-ws/install/ego_planner/local/lib/python3.10/dist-packages/ego_planner/msg/_current_pose_s.c
-- Installing: /home/badger/codex-research/superlio-ego-20261007/lio-ready-69b9b75-ws/install/ego_planner/local/lib/python3.10/dist-packages/ego_planner/msg/_current_pose.py
-- Installing: /home/badger/codex-research/superlio-ego-20261007/lio-ready-69b9b75-ws/install/ego_planner/local/lib/python3.10/dist-packages/ego_planner/_ego_planner_s.ep.rosidl_typesupport_fastrtps_c.c
-- Installing: /home/badger/codex-research/superlio-ego-20261007/lio-ready-69b9b75-ws/install/ego_planner/local/lib/python3.10/dist-packages/ego_planner/_ego_planner_s.ep.rosidl_typesupport_c.c
-- Installing: /home/badger/codex-research/superlio-ego-20261007/lio-ready-69b9b75-ws/install/ego_planner/local/lib/python3.10/dist-packages/ego_planner/ego_planner_s__rosidl_typesupport_introspection_c.cpython-310-x86_64-linux-gnu.so
-- Installing: /home/badger/codex-research/superlio-ego-20261007/lio-ready-69b9b75-ws/install/ego_planner/local/lib/python3.10/dist-packages/ego_planner/_ego_planner_s.ep.rosidl_typesupport_introspection_c.c
Listing '/home/badger/codex-research/superlio-ego-20261007/lio-ready-69b9b75-ws/install/ego_planner/local/lib/python3.10/dist-packages/ego_planner'...
Compiling '/home/badger/codex-research/superlio-ego-20261007/lio-ready-69b9b75-ws/install/ego_planner/local/lib/python3.10/dist-packages/ego_planner/__init__.py'...
Listing '/home/badger/codex-research/superlio-ego-20261007/lio-ready-69b9b75-ws/install/ego_planner/local/lib/python3.10/dist-packages/ego_planner/msg'...
Compiling '/home/badger/codex-research/superlio-ego-20261007/lio-ready-69b9b75-ws/install/ego_planner/local/lib/python3.10/dist-packages/ego_planner/msg/__init__.py'...
Compiling '/home/badger/codex-research/superlio-ego-20261007/lio-ready-69b9b75-ws/install/ego_planner/local/lib/python3.10/dist-packages/ego_planner/msg/_current_pose.py'...
-- Installing: /home/badger/codex-research/superlio-ego-20261007/lio-ready-69b9b75-ws/install/ego_planner/local/lib/python3.10/dist-packages/ego_planner/ego_planner_s__rosidl_typesupport_fastrtps_c.cpython-310-x86_64-linux-gnu.so
-- Set runtime path of "/home/badger/codex-research/superlio-ego-20261007/lio-ready-69b9b75-ws/install/ego_planner/local/lib/python3.10/dist-packages/ego_planner/ego_planner_s__rosidl_typesupport_fastrtps_c.cpython-310-x86_64-linux-gnu.so" to ""
-- Installing: /home/badger/codex-research/superlio-ego-20261007/lio-ready-69b9b75-ws/install/ego_planner/local/lib/python3.10/dist-packages/ego_planner/ego_planner_s__rosidl_typesupport_introspection_c.cpython-310-x86_64-linux-gnu.so
-- Set runtime path of "/home/badger/codex-research/superlio-ego-20261007/lio-ready-69b9b75-ws/install/ego_planner/local/lib/python3.10/dist-packages/ego_planner/ego_planner_s__rosidl_typesupport_introspection_c.cpython-310-x86_64-linux-gnu.so" to ""
-- Installing: /home/badger/codex-research/superlio-ego-20261007/lio-ready-69b9b75-ws/install/ego_planner/local/lib/python3.10/dist-packages/ego_planner/ego_planner_s__rosidl_typesupport_c.cpython-310-x86_64-linux-gnu.so
-- Set runtime path of "/home/badger/codex-research/superlio-ego-20261007/lio-ready-69b9b75-ws/install/ego_planner/local/lib/python3.10/dist-packages/ego_planner/ego_planner_s__rosidl_typesupport_c.cpython-310-x86_64-linux-gnu.so" to ""
-- Installing: /home/badger/codex-research/superlio-ego-20261007/lio-ready-69b9b75-ws/install/ego_planner/lib/libego_planner__rosidl_generator_py.so
-- Set runtime path of "/home/badger/codex-research/superlio-ego-20261007/lio-ready-69b9b75-ws/install/ego_planner/lib/libego_planner__rosidl_generator_py.so" to ""
-- Installing: /home/badger/codex-research/superlio-ego-20261007/lio-ready-69b9b75-ws/install/ego_planner/share/ego_planner/msg/CurrentPose.idl
-- Installing: /home/badger/codex-research/superlio-ego-20261007/lio-ready-69b9b75-ws/install/ego_planner/share/ego_planner/msg/CurrentPose.msg
-- Installing: /home/badger/codex-research/superlio-ego-20261007/lio-ready-69b9b75-ws/install/ego_planner/lib/ego_planner/research_tf_guard
-- Set runtime path of "/home/badger/codex-research/superlio-ego-20261007/lio-ready-69b9b75-ws/install/ego_planner/lib/ego_planner/research_tf_guard" to ""
-- Installing: /home/badger/codex-research/superlio-ego-20261007/lio-ready-69b9b75-ws/install/ego_planner/lib/ego_planner/motion_plan
-- Set runtime path of "/home/badger/codex-research/superlio-ego-20261007/lio-ready-69b9b75-ws/install/ego_planner/lib/ego_planner/motion_plan" to ""
-- Installing: /home/badger/codex-research/superlio-ego-20261007/lio-ready-69b9b75-ws/install/ego_planner/share/ament_index/resource_index/package_run_dependencies/ego_planner
-- Installing: /home/badger/codex-research/superlio-ego-20261007/lio-ready-69b9b75-ws/install/ego_planner/share/ament_index/resource_index/parent_prefix_path/ego_planner
-- Installing: /home/badger/codex-research/superlio-ego-20261007/lio-ready-69b9b75-ws/install/ego_planner/share/ego_planner/environment/ament_prefix_path.sh
-- Installing: /home/badger/codex-research/superlio-ego-20261007/lio-ready-69b9b75-ws/install/ego_planner/share/ego_planner/environment/ament_prefix_path.dsv
-- Installing: /home/badger/codex-research/superlio-ego-20261007/lio-ready-69b9b75-ws/install/ego_planner/share/ego_planner/environment/path.sh
-- Installing: /home/badger/codex-research/superlio-ego-20261007/lio-ready-69b9b75-ws/install/ego_planner/share/ego_planner/environment/path.dsv
-- Installing: /home/badger/codex-research/superlio-ego-20261007/lio-ready-69b9b75-ws/install/ego_planner/share/ego_planner/local_setup.bash
-- Installing: /home/badger/codex-research/superlio-ego-20261007/lio-ready-69b9b75-ws/install/ego_planner/share/ego_planner/local_setup.sh
-- Installing: /home/badger/codex-research/superlio-ego-20261007/lio-ready-69b9b75-ws/install/ego_planner/share/ego_planner/local_setup.zsh
-- Installing: /home/badger/codex-research/superlio-ego-20261007/lio-ready-69b9b75-ws/install/ego_planner/share/ego_planner/local_setup.dsv
-- Installing: /home/badger/codex-research/superlio-ego-20261007/lio-ready-69b9b75-ws/install/ego_planner/share/ego_planner/package.dsv
-- Installing: /home/badger/codex-research/superlio-ego-20261007/lio-ready-69b9b75-ws/install/ego_planner/share/ament_index/resource_index/packages/ego_planner
-- Installing: /home/badger/codex-research/superlio-ego-20261007/lio-ready-69b9b75-ws/install/ego_planner/share/ego_planner/cmake/export_ego_planner__rosidl_generator_cExport.cmake
-- Installing: /home/badger/codex-research/superlio-ego-20261007/lio-ready-69b9b75-ws/install/ego_planner/share/ego_planner/cmake/export_ego_planner__rosidl_generator_cExport-release.cmake
-- Installing: /home/badger/codex-research/superlio-ego-20261007/lio-ready-69b9b75-ws/install/ego_planner/share/ego_planner/cmake/export_ego_planner__rosidl_typesupport_fastrtps_cExport.cmake
-- Installing: /home/badger/codex-research/superlio-ego-20261007/lio-ready-69b9b75-ws/install/ego_planner/share/ego_planner/cmake/export_ego_planner__rosidl_typesupport_fastrtps_cExport-release.cmake
-- Installing: /home/badger/codex-research/superlio-ego-20261007/lio-ready-69b9b75-ws/install/ego_planner/share/ego_planner/cmake/export_ego_planner__rosidl_generator_cppExport.cmake
-- Installing: /home/badger/codex-research/superlio-ego-20261007/lio-ready-69b9b75-ws/install/ego_planner/share/ego_planner/cmake/export_ego_planner__rosidl_typesupport_fastrtps_cppExport.cmake
-- Installing: /home/badger/codex-research/superlio-ego-20261007/lio-ready-69b9b75-ws/install/ego_planner/share/ego_planner/cmake/export_ego_planner__rosidl_typesupport_fastrtps_cppExport-release.cmake
-- Installing: /home/badger/codex-research/superlio-ego-20261007/lio-ready-69b9b75-ws/install/ego_planner/share/ego_planner/cmake/ego_planner__rosidl_typesupport_introspection_cExport.cmake
-- Installing: /home/badger/codex-research/superlio-ego-20261007/lio-ready-69b9b75-ws/install/ego_planner/share/ego_planner/cmake/ego_planner__rosidl_typesupport_introspection_cExport-release.cmake
-- Installing: /home/badger/codex-research/superlio-ego-20261007/lio-ready-69b9b75-ws/install/ego_planner/share/ego_planner/cmake/ego_planner__rosidl_typesupport_cExport.cmake
-- Installing: /home/badger/codex-research/superlio-ego-20261007/lio-ready-69b9b75-ws/install/ego_planner/share/ego_planner/cmake/ego_planner__rosidl_typesupport_cExport-release.cmake
-- Installing: /home/badger/codex-research/superlio-ego-20261007/lio-ready-69b9b75-ws/install/ego_planner/share/ego_planner/cmake/ego_planner__rosidl_typesupport_introspection_cppExport.cmake
-- Installing: /home/badger/codex-research/superlio-ego-20261007/lio-ready-69b9b75-ws/install/ego_planner/share/ego_planner/cmake/ego_planner__rosidl_typesupport_introspection_cppExport-release.cmake
-- Installing: /home/badger/codex-research/superlio-ego-20261007/lio-ready-69b9b75-ws/install/ego_planner/share/ego_planner/cmake/ego_planner__rosidl_typesupport_cppExport.cmake
-- Installing: /home/badger/codex-research/superlio-ego-20261007/lio-ready-69b9b75-ws/install/ego_planner/share/ego_planner/cmake/ego_planner__rosidl_typesupport_cppExport-release.cmake
-- Installing: /home/badger/codex-research/superlio-ego-20261007/lio-ready-69b9b75-ws/install/ego_planner/share/ego_planner/cmake/export_ego_planner__rosidl_generator_pyExport.cmake
-- Installing: /home/badger/codex-research/superlio-ego-20261007/lio-ready-69b9b75-ws/install/ego_planner/share/ego_planner/cmake/export_ego_planner__rosidl_generator_pyExport-release.cmake
-- Installing: /home/badger/codex-research/superlio-ego-20261007/lio-ready-69b9b75-ws/install/ego_planner/share/ego_planner/cmake/rosidl_cmake-extras.cmake
-- Installing: /home/badger/codex-research/superlio-ego-20261007/lio-ready-69b9b75-ws/install/ego_planner/share/ego_planner/cmake/ament_cmake_export_dependencies-extras.cmake
-- Installing: /home/badger/codex-research/superlio-ego-20261007/lio-ready-69b9b75-ws/install/ego_planner/share/ego_planner/cmake/ament_cmake_export_include_directories-extras.cmake
-- Installing: /home/badger/codex-research/superlio-ego-20261007/lio-ready-69b9b75-ws/install/ego_planner/share/ego_planner/cmake/ament_cmake_export_libraries-extras.cmake
-- Installing: /home/badger/codex-research/superlio-ego-20261007/lio-ready-69b9b75-ws/install/ego_planner/share/ego_planner/cmake/ament_cmake_export_targets-extras.cmake
-- Installing: /home/badger/codex-research/superlio-ego-20261007/lio-ready-69b9b75-ws/install/ego_planner/share/ego_planner/cmake/rosidl_cmake_export_typesupport_targets-extras.cmake
-- Installing: /home/badger/codex-research/superlio-ego-20261007/lio-ready-69b9b75-ws/install/ego_planner/share/ego_planner/cmake/rosidl_cmake_export_typesupport_libraries-extras.cmake
-- Installing: /home/badger/codex-research/superlio-ego-20261007/lio-ready-69b9b75-ws/install/ego_planner/share/ego_planner/cmake/ego_plannerConfig.cmake
-- Installing: /home/badger/codex-research/superlio-ego-20261007/lio-ready-69b9b75-ws/install/ego_planner/share/ego_planner/cmake/ego_plannerConfig-version.cmake
-- Installing: /home/badger/codex-research/superlio-ego-20261007/lio-ready-69b9b75-ws/install/ego_planner/share/ego_planner/package.xml
--- stderr: ego_planner
In file included from /home/badger/codex-research/superlio-ego-20261007/vehicle-lio-ready/src/ego_planner_2d_ros2/src/EgoPlanner-ROS2/./planner/plan_manage/include/plan_manage/planner_interface.h:16,
                 from /home/badger/codex-research/superlio-ego-20261007/vehicle-lio-ready/src/ego_planner_2d_ros2/src/EgoPlanner-ROS2/include/trajectory_obstacles_publisher.h:20,
                 from /home/badger/codex-research/superlio-ego-20261007/vehicle-lio-ready/src/ego_planner_2d_ros2/src/EgoPlanner-ROS2/src/trajectory_publisher.cpp:10:
/home/badger/codex-research/superlio-ego-20261007/vehicle-lio-ready/src/ego_planner_2d_ros2/src/EgoPlanner-ROS2/./planner/include/Bspline.h: In function ‘std::ostream& ego_planner::operator<<(std::ostream&, const ego_planner::Bspline_<ContainerAllocator>&)’:
/home/badger/codex-research/superlio-ego-20261007/vehicle-lio-ready/src/ego_planner_2d_ros2/src/EgoPlanner-ROS2/./planner/include/Bspline.h:88:1: warning: no return statement in function returning non-void [-Wreturn-type]
   88 | }
      | ^
---
Finished <<< ego_planner [30.8s]
Starting >>> serial_twistctl
-- The C compiler identification is GNU 11.4.0
-- The CXX compiler identification is GNU 11.4.0
-- Detecting C compiler ABI info
-- Detecting C compiler ABI info - done
-- Check for working C compiler: /usr/bin/cc - skipped
-- Detecting C compile features
-- Detecting C compile features - done
-- Detecting CXX compiler ABI info
-- Detecting CXX compiler ABI info - done
-- Check for working CXX compiler: /usr/bin/c++ - skipped
-- Detecting CXX compile features
-- Detecting CXX compile features - done
-- Found ament_cmake: 1.3.12 (/opt/ros/humble/share/ament_cmake/cmake)
-- Found Python3: /usr/bin/python3 (found version "3.10.12") found components: Interpreter 
-- Found rclcpp: 16.0.17 (/opt/ros/humble/share/rclcpp/cmake)
-- Found rosidl_generator_c: 3.1.8 (/opt/ros/humble/share/rosidl_generator_c/cmake)
-- Found rosidl_adapter: 3.1.8 (/opt/ros/humble/share/rosidl_adapter/cmake)
-- Found rosidl_generator_cpp: 3.1.8 (/opt/ros/humble/share/rosidl_generator_cpp/cmake)
-- Using all available rosidl_typesupport_c: rosidl_typesupport_fastrtps_c;rosidl_typesupport_introspection_c
-- Using all available rosidl_typesupport_cpp: rosidl_typesupport_fastrtps_cpp;rosidl_typesupport_introspection_cpp
-- Found rmw_implementation_cmake: 6.1.2 (/opt/ros/humble/share/rmw_implementation_cmake/cmake)
-- Found rmw_fastrtps_cpp: 6.2.9 (/opt/ros/humble/share/rmw_fastrtps_cpp/cmake)
-- Found OpenSSL: /usr/lib/x86_64-linux-gnu/libcrypto.so (found version "3.0.2")  
-- Found FastRTPS: /opt/ros/humble/include  
-- Using RMW implementation 'rmw_fastrtps_cpp' as default
-- Looking for pthread.h
-- Looking for pthread.h - found
-- Performing Test CMAKE_HAVE_LIBC_PTHREAD
-- Performing Test CMAKE_HAVE_LIBC_PTHREAD - Success
-- Found Threads: TRUE  
-- Found geometry_msgs: 4.9.0 (/opt/ros/humble/share/geometry_msgs/cmake)
-- Found serial: 1.2.1 (/home/badger/codex-research/superlio-ego-20261007/lio-ready-69b9b75-ws/install/serial/share/serial/cmake)
-- Configuring done
-- Generating done
CMake Warning:
  Manually-specified variables were not used by the project:

    HUMBLE_ROS
    LIVOX_LIDAR_SDK_INCLUDE_DIR
    LIVOX_LIDAR_SDK_LIBRARY
    ROS_EDITION


-- Build files have been written to: /home/badger/codex-research/superlio-ego-20261007/lio-ready-69b9b75-ws/build/serial_twistctl
[ 50%] Building CXX object CMakeFiles/serial_twistctl_node.dir/src/serial_twistctl_node.cpp.o
[100%] Linking CXX executable serial_twistctl_node
[100%] Built target serial_twistctl_node
-- Install configuration: ""
-- Installing: /home/badger/codex-research/superlio-ego-20261007/lio-ready-69b9b75-ws/install/serial_twistctl/lib/serial_twistctl/serial_twistctl_node
-- Set runtime path of "/home/badger/codex-research/superlio-ego-20261007/lio-ready-69b9b75-ws/install/serial_twistctl/lib/serial_twistctl/serial_twistctl_node" to ""
-- Installing: /home/badger/codex-research/superlio-ego-20261007/lio-ready-69b9b75-ws/install/serial_twistctl/share/ament_index/resource_index/package_run_dependencies/serial_twistctl
-- Installing: /home/badger/codex-research/superlio-ego-20261007/lio-ready-69b9b75-ws/install/serial_twistctl/share/ament_index/resource_index/parent_prefix_path/serial_twistctl
-- Installing: /home/badger/codex-research/superlio-ego-20261007/lio-ready-69b9b75-ws/install/serial_twistctl/share/serial_twistctl/environment/ament_prefix_path.sh
-- Installing: /home/badger/codex-research/superlio-ego-20261007/lio-ready-69b9b75-ws/install/serial_twistctl/share/serial_twistctl/environment/ament_prefix_path.dsv
-- Installing: /home/badger/codex-research/superlio-ego-20261007/lio-ready-69b9b75-ws/install/serial_twistctl/share/serial_twistctl/environment/path.sh
-- Installing: /home/badger/codex-research/superlio-ego-20261007/lio-ready-69b9b75-ws/install/serial_twistctl/share/serial_twistctl/environment/path.dsv
-- Installing: /home/badger/codex-research/superlio-ego-20261007/lio-ready-69b9b75-ws/install/serial_twistctl/share/serial_twistctl/local_setup.bash
-- Installing: /home/badger/codex-research/superlio-ego-20261007/lio-ready-69b9b75-ws/install/serial_twistctl/share/serial_twistctl/local_setup.sh
-- Installing: /home/badger/codex-research/superlio-ego-20261007/lio-ready-69b9b75-ws/install/serial_twistctl/share/serial_twistctl/local_setup.zsh
-- Installing: /home/badger/codex-research/superlio-ego-20261007/lio-ready-69b9b75-ws/install/serial_twistctl/share/serial_twistctl/local_setup.dsv
-- Installing: /home/badger/codex-research/superlio-ego-20261007/lio-ready-69b9b75-ws/install/serial_twistctl/share/serial_twistctl/package.dsv
-- Installing: /home/badger/codex-research/superlio-ego-20261007/lio-ready-69b9b75-ws/install/serial_twistctl/share/ament_index/resource_index/packages/serial_twistctl
-- Installing: /home/badger/codex-research/superlio-ego-20261007/lio-ready-69b9b75-ws/install/serial_twistctl/share/serial_twistctl/cmake/serial_twistctlConfig.cmake
-- Installing: /home/badger/codex-research/superlio-ego-20261007/lio-ready-69b9b75-ws/install/serial_twistctl/share/serial_twistctl/cmake/serial_twistctlConfig-version.cmake
-- Installing: /home/badger/codex-research/superlio-ego-20261007/lio-ready-69b9b75-ws/install/serial_twistctl/share/serial_twistctl/package.xml
--- stderr: serial_twistctl
CMake Warning:
  Manually-specified variables were not used by the project:

    HUMBLE_ROS
    LIVOX_LIDAR_SDK_INCLUDE_DIR
    LIVOX_LIDAR_SDK_LIBRARY
    ROS_EDITION


---
Finished <<< serial_twistctl [4.84s]
Starting >>> super_lio
-- The CXX compiler identification is GNU 11.4.0
-- The C compiler identification is GNU 11.4.0
-- Detecting CXX compiler ABI info
-- Detecting CXX compiler ABI info - done
-- Check for working CXX compiler: /usr/bin/c++ - skipped
-- Detecting CXX compile features
-- Detecting CXX compile features - done
-- Detecting C compiler ABI info
-- Detecting C compiler ABI info - done
-- Check for working C compiler: /usr/bin/cc - skipped
-- Detecting C compile features
-- Detecting C compile features - done
-- Found ament_cmake: 1.3.12 (/opt/ros/humble/share/ament_cmake/cmake)
-- Found Python3: /usr/bin/python3 (found version "3.10.12") found components: Interpreter 
-- Found rosidl_default_generators: 1.2.0 (/opt/ros/humble/share/rosidl_default_generators/cmake)
-- Using all available rosidl_typesupport_c: rosidl_typesupport_fastrtps_c;rosidl_typesupport_introspection_c
-- Found rosidl_adapter: 3.1.8 (/opt/ros/humble/share/rosidl_adapter/cmake)
-- Using all available rosidl_typesupport_cpp: rosidl_typesupport_fastrtps_cpp;rosidl_typesupport_introspection_cpp
-- Found rclcpp: 16.0.17 (/opt/ros/humble/share/rclcpp/cmake)
-- Found rmw_implementation_cmake: 6.1.2 (/opt/ros/humble/share/rmw_implementation_cmake/cmake)
-- Found rmw_fastrtps_cpp: 6.2.9 (/opt/ros/humble/share/rmw_fastrtps_cpp/cmake)
-- Found OpenSSL: /usr/lib/x86_64-linux-gnu/libcrypto.so (found version "3.0.2")  
-- Found FastRTPS: /opt/ros/humble/include  
-- Using RMW implementation 'rmw_fastrtps_cpp' as default
-- Looking for pthread.h
-- Looking for pthread.h - found
-- Performing Test CMAKE_HAVE_LIBC_PTHREAD
-- Performing Test CMAKE_HAVE_LIBC_PTHREAD - Success
-- Found Threads: TRUE  
-- Found geometry_msgs: 4.9.0 (/opt/ros/humble/share/geometry_msgs/cmake)
-- Found sensor_msgs: 4.9.0 (/opt/ros/humble/share/sensor_msgs/cmake)
-- Found visualization_msgs: 4.9.0 (/opt/ros/humble/share/visualization_msgs/cmake)
-- Found nav_msgs: 4.9.0 (/opt/ros/humble/share/nav_msgs/cmake)
-- Found pcl_ros: 2.4.5 (/opt/ros/humble/share/pcl_ros/cmake)
-- Checking for module 'eigen3'
--   Found eigen3, version 3.4.0
-- Found Eigen: /usr/include/eigen3 (Required is at least version "3.1") 
-- Eigen found (include: /usr/include/eigen3, version: 3.4.0)
-- Checking for module 'flann'
--   Found flann, version 1.9.1
-- Found FLANN: /usr/lib/x86_64-linux-gnu/libflann_cpp.so  
-- FLANN found (include: /usr/include, lib: /usr/lib/x86_64-linux-gnu/libflann_cpp.so)
-- Checking for module 'libusb-1.0'
--   Found libusb-1.0, version 1.0.25
-- Found libusb: /usr/lib/x86_64-linux-gnu/libusb-1.0.so  
-- OpenNI found (version: 1.5.4.0, include: /usr/include/ni, lib: /usr/lib/libOpenNI.so;libusb::libusb)
-- OpenNI2 found (version: 2.2.0.33, include: /usr/include/openni2, lib: /usr/lib/x86_64-linux-gnu/libOpenNI2.so;libusb::libusb)
-- Eigen found (include: /usr/include/eigen3, version: 3.4.0)
-- OpenNI found (version: 1.5.4.0, include: /usr/include/ni, lib: /usr/lib/libOpenNI.so;libusb::libusb)
-- OpenNI2 found (version: 2.2.0.33, include: /usr/include/openni2, lib: /usr/lib/x86_64-linux-gnu/libOpenNI2.so;libusb::libusb)
-- Found Qhull version 8.0.2
-- OpenNI found (version: 1.5.4.0, include: /usr/include/ni, lib: /usr/lib/libOpenNI.so;libusb::libusb)
-- Found PCL_COMMON: /usr/lib/x86_64-linux-gnu/libpcl_common.so  
-- Found PCL_KDTREE: /usr/lib/x86_64-linux-gnu/libpcl_kdtree.so  
-- Found PCL_OCTREE: /usr/lib/x86_64-linux-gnu/libpcl_octree.so  
-- Found PCL_SEARCH: /usr/lib/x86_64-linux-gnu/libpcl_search.so  
-- Found PCL_SAMPLE_CONSENSUS: /usr/lib/x86_64-linux-gnu/libpcl_sample_consensus.so  
-- Found PCL_FILTERS: /usr/lib/x86_64-linux-gnu/libpcl_filters.so  
-- Found PCL_2D: /usr/include/pcl-1.12  
-- Found PCL_GEOMETRY: /usr/include/pcl-1.12  
-- Found PCL_IO: /usr/lib/x86_64-linux-gnu/libpcl_io.so  
-- Found PCL_FEATURES: /usr/lib/x86_64-linux-gnu/libpcl_features.so  
-- Found PCL_ML: /usr/lib/x86_64-linux-gnu/libpcl_ml.so  
-- Found PCL_SEGMENTATION: /usr/lib/x86_64-linux-gnu/libpcl_segmentation.so  
-- Found PCL_VISUALIZATION: /usr/lib/x86_64-linux-gnu/libpcl_visualization.so  
-- Found PCL_SURFACE: /usr/lib/x86_64-linux-gnu/libpcl_surface.so  
-- Found PCL_REGISTRATION: /usr/lib/x86_64-linux-gnu/libpcl_registration.so  
-- Found PCL_KEYPOINTS: /usr/lib/x86_64-linux-gnu/libpcl_keypoints.so  
-- Found PCL_TRACKING: /usr/lib/x86_64-linux-gnu/libpcl_tracking.so  
-- Found PCL_RECOGNITION: /usr/lib/x86_64-linux-gnu/libpcl_recognition.so  
-- Found PCL_STEREO: /usr/lib/x86_64-linux-gnu/libpcl_stereo.so  
-- Found PCL_APPS: /usr/lib/x86_64-linux-gnu/libpcl_apps.so  
-- Found PCL_IN_HAND_SCANNER: /usr/include/pcl-1.12  
-- Found PCL_MODELER: /usr/include/pcl-1.12  
-- Found PCL_POINT_CLOUD_EDITOR: /usr/include/pcl-1.12  
-- Found PCL_OUTOFCORE: /usr/lib/x86_64-linux-gnu/libpcl_outofcore.so  
-- Found PCL_PEOPLE: /usr/lib/x86_64-linux-gnu/libpcl_people.so  
-- Found eigen3_cmake_module: 0.1.1 (/opt/ros/humble/share/eigen3_cmake_module/cmake)
-- Found Eigen3: TRUE (found version "3.4.0") 
-- Ensuring Eigen3 include directory is part of orocos-kdl CMake target
-- Found livox_ros_driver2: 1.0.0 (/home/badger/codex-research/superlio-ego-20261007/lio-ready-69b9b75-ws/install/livox_ros_driver2/share/livox_ros_driver2/cmake)
-- Found basic: 2.0.0 (/home/badger/codex-research/superlio-ego-20261007/lio-ready-69b9b75-ws/install/basic/share/basic/cmake)
-- Found ament_cmake_ros: 0.10.0 (/opt/ros/humble/share/ament_cmake_ros/cmake)
-- Using all available rosidl_typesupport_c: rosidl_typesupport_fastrtps_c;rosidl_typesupport_introspection_c
-- Using all available rosidl_typesupport_cpp: rosidl_typesupport_fastrtps_cpp;rosidl_typesupport_introspection_cpp
-- Found PythonInterp: /usr/bin/python3 (found suitable version "3.10.12", minimum required is "3.6") 
-- Found python_cmake_module: 0.10.0 (/opt/ros/humble/share/python_cmake_module/cmake)
-- Found PythonLibs: /usr/lib/x86_64-linux-gnu/libpython3.10.so (found suitable version "3.10.12", minimum required is "3.5") 
-- Using PYTHON_EXECUTABLE: /usr/bin/python3
-- Using PYTHON_INCLUDE_DIRS: /usr/include/python3.10
-- Using PYTHON_LIBRARIES: /usr/lib/x86_64-linux-gnu/libpython3.10.so
-- Found PythonExtra: .so  
-- Configuring done
-- Generating done
CMake Warning:
  Manually-specified variables were not used by the project:

    HUMBLE_ROS
    LIVOX_LIDAR_SDK_INCLUDE_DIR
    LIVOX_LIDAR_SDK_LIBRARY
    ROS_EDITION


-- Build files have been written to: /home/badger/codex-research/superlio-ego-20261007/lio-ready-69b9b75-ws/build/super_lio
[  2%] Generating C++ code for ROS interfaces
[  2%] Built target super_lio__cpp
[  4%] Generating C++ type support dispatch for ROS interfaces
[  6%] Building CXX object CMakeFiles/super_lio__rosidl_typesupport_cpp.dir/rosidl_typesupport_cpp/super_lio/msg/cloud_pose__type_support.cpp.o
[  8%] Building CXX object CMakeFiles/super_lio__rosidl_typesupport_cpp.dir/rosidl_typesupport_cpp/super_lio/msg/cloud_pose2__type_support.cpp.o
[ 10%] Linking CXX shared library libsuper_lio__rosidl_typesupport_cpp.so
[ 10%] Built target super_lio__rosidl_typesupport_cpp
[ 12%] Generating C code for ROS interfaces
[ 14%] Building C object CMakeFiles/super_lio__rosidl_generator_c.dir/rosidl_generator_c/super_lio/msg/detail/cloud_pose__functions.c.o
[ 16%] Building C object CMakeFiles/super_lio__rosidl_generator_c.dir/rosidl_generator_c/super_lio/msg/detail/cloud_pose2__functions.c.o
[ 18%] Linking C shared library libsuper_lio__rosidl_generator_c.so
[ 18%] Built target super_lio__rosidl_generator_c
[ 20%] Generating C type support for eProsima Fast-RTPS
[ 22%] Building CXX object CMakeFiles/super_lio__rosidl_typesupport_fastrtps_c.dir/rosidl_typesupport_fastrtps_c/super_lio/msg/detail/cloud_pose__type_support_c.cpp.o
[ 24%] Building CXX object CMakeFiles/super_lio__rosidl_typesupport_fastrtps_c.dir/rosidl_typesupport_fastrtps_c/super_lio/msg/detail/cloud_pose2__type_support_c.cpp.o
[ 26%] Linking CXX shared library libsuper_lio__rosidl_typesupport_fastrtps_c.so
[ 26%] Built target super_lio__rosidl_typesupport_fastrtps_c
[ 28%] Generating C introspection for ROS interfaces
[ 30%] Building C object CMakeFiles/super_lio__rosidl_typesupport_introspection_c.dir/rosidl_typesupport_introspection_c/super_lio/msg/detail/cloud_pose__type_support.c.o
[ 32%] Building C object CMakeFiles/super_lio__rosidl_typesupport_introspection_c.dir/rosidl_typesupport_introspection_c/super_lio/msg/detail/cloud_pose2__type_support.c.o
[ 34%] Linking C shared library libsuper_lio__rosidl_typesupport_introspection_c.so
[ 34%] Built target super_lio__rosidl_typesupport_introspection_c
[ 36%] Generating C type support dispatch for ROS interfaces
[ 38%] Building CXX object CMakeFiles/super_lio__rosidl_typesupport_c.dir/rosidl_typesupport_c/super_lio/msg/cloud_pose__type_support.cpp.o
[ 40%] Building CXX object CMakeFiles/super_lio__rosidl_typesupport_c.dir/rosidl_typesupport_c/super_lio/msg/cloud_pose2__type_support.cpp.o
[ 42%] Linking CXX shared library libsuper_lio__rosidl_typesupport_c.so
[ 42%] Built target super_lio__rosidl_typesupport_c
[ 44%] Generating C++ type support for eProsima Fast-RTPS
[ 46%] Building CXX object CMakeFiles/super_lio__rosidl_typesupport_fastrtps_cpp.dir/rosidl_typesupport_fastrtps_cpp/super_lio/msg/detail/dds_fastrtps/cloud_pose__type_support.cpp.o
[ 48%] Building CXX object CMakeFiles/super_lio__rosidl_typesupport_fastrtps_cpp.dir/rosidl_typesupport_fastrtps_cpp/super_lio/msg/detail/dds_fastrtps/cloud_pose2__type_support.cpp.o
[ 51%] Linking CXX shared library libsuper_lio__rosidl_typesupport_fastrtps_cpp.so
[ 51%] Built target super_lio__rosidl_typesupport_fastrtps_cpp
[ 53%] Generating C++ introspection for ROS interfaces
[ 55%] Building CXX object CMakeFiles/super_lio__rosidl_typesupport_introspection_cpp.dir/rosidl_typesupport_introspection_cpp/super_lio/msg/detail/cloud_pose__type_support.cpp.o
[ 57%] Building CXX object CMakeFiles/super_lio__rosidl_typesupport_introspection_cpp.dir/rosidl_typesupport_introspection_cpp/super_lio/msg/detail/cloud_pose2__type_support.cpp.o
[ 59%] Linking CXX shared library libsuper_lio__rosidl_typesupport_introspection_cpp.so
[ 59%] Built target super_lio__rosidl_typesupport_introspection_cpp
[ 59%] Built target super_lio
[ 59%] Built target ament_cmake_python_copy_super_lio
running egg_info
creating super_lio.egg-info
writing super_lio.egg-info/PKG-INFO
writing dependency_links to super_lio.egg-info/dependency_links.txt
writing top-level names to super_lio.egg-info/top_level.txt
writing manifest file 'super_lio.egg-info/SOURCES.txt'
reading manifest file 'super_lio.egg-info/SOURCES.txt'
writing manifest file 'super_lio.egg-info/SOURCES.txt'
[ 59%] Built target ament_cmake_python_build_super_lio_egg
[ 61%] Generating Python code for ROS interfaces
[ 61%] Built target super_lio__py
[ 63%] Building C object CMakeFiles/super_lio__rosidl_generator_py.dir/rosidl_generator_py/super_lio/msg/_cloud_pose_s.c.o
[ 65%] Building C object CMakeFiles/super_lio__rosidl_generator_py.dir/rosidl_generator_py/super_lio/msg/_cloud_pose2_s.c.o
[ 67%] Linking C shared library rosidl_generator_py/super_lio/libsuper_lio__rosidl_generator_py.so
[ 67%] Built target super_lio__rosidl_generator_py
[ 69%] Building C object CMakeFiles/super_lio__rosidl_typesupport_fastrtps_c__pyext.dir/rosidl_generator_py/super_lio/_super_lio_s.ep.rosidl_typesupport_fastrtps_c.c.o
[ 71%] Linking C shared library rosidl_generator_py/super_lio/super_lio_s__rosidl_typesupport_fastrtps_c.cpython-310-x86_64-linux-gnu.so
[ 71%] Built target super_lio__rosidl_typesupport_fastrtps_c__pyext
[ 73%] Building C object CMakeFiles/super_lio__rosidl_typesupport_introspection_c__pyext.dir/rosidl_generator_py/super_lio/_super_lio_s.ep.rosidl_typesupport_introspection_c.c.o
[ 75%] Linking C shared library rosidl_generator_py/super_lio/super_lio_s__rosidl_typesupport_introspection_c.cpython-310-x86_64-linux-gnu.so
[ 75%] Built target super_lio__rosidl_typesupport_introspection_c__pyext
[ 77%] Building C object CMakeFiles/super_lio__rosidl_typesupport_c__pyext.dir/rosidl_generator_py/super_lio/_super_lio_s.ep.rosidl_typesupport_c.c.o
[ 79%] Linking C shared library rosidl_generator_py/super_lio/super_lio_s__rosidl_typesupport_c.cpython-310-x86_64-linux-gnu.so
[ 79%] Built target super_lio__rosidl_typesupport_c__pyext
[ 81%] Building CXX object CMakeFiles/lio.dir/src/lio/ESKF.cpp.o
[ 83%] Building CXX object CMakeFiles/lio.dir/src/lio/params.cpp.o
[ 85%] Building CXX object CMakeFiles/lio.dir/src/lio/super_lio.cpp.o
[ 87%] Building CXX object CMakeFiles/lio.dir/src/lio/super_lio_reloc.cpp.o
[Processing: super_lio]
[ 89%] Building CXX object CMakeFiles/lio.dir/src/ros/ROSWrapper.cpp.o
[ 91%] Linking CXX shared library liblio.so
[Processing: super_lio]
[ 91%] Built target lio
[ 93%] Building CXX object CMakeFiles/super_lio_node.dir/src/apps/super_lio_node.cpp.o
[ 95%] Linking CXX executable super_lio_node
[ 95%] Built target super_lio_node
[ 97%] Building CXX object CMakeFiles/relocation_node.dir/src/apps/relocation_node.cpp.o
[100%] Linking CXX executable relocation_node
[100%] Built target relocation_node
-- Install configuration: "Release"
-- Installing: /home/badger/codex-research/superlio-ego-20261007/lio-ready-69b9b75-ws/install/super_lio/share/ament_index/resource_index/rosidl_interfaces/super_lio
-- Installing: /home/badger/codex-research/superlio-ego-20261007/lio-ready-69b9b75-ws/install/super_lio/include/super_lio/super_lio
-- Installing: /home/badger/codex-research/superlio-ego-20261007/lio-ready-69b9b75-ws/install/super_lio/include/super_lio/super_lio/msg
-- Installing: /home/badger/codex-research/superlio-ego-20261007/lio-ready-69b9b75-ws/install/super_lio/include/super_lio/super_lio/msg/detail
-- Installing: /home/badger/codex-research/superlio-ego-20261007/lio-ready-69b9b75-ws/install/super_lio/include/super_lio/super_lio/msg/detail/cloud_pose2__functions.c
-- Installing: /home/badger/codex-research/superlio-ego-20261007/lio-ready-69b9b75-ws/install/super_lio/include/super_lio/super_lio/msg/detail/cloud_pose__functions.h
-- Installing: /home/badger/codex-research/superlio-ego-20261007/lio-ready-69b9b75-ws/install/super_lio/include/super_lio/super_lio/msg/detail/cloud_pose2__functions.h
-- Installing: /home/badger/codex-research/superlio-ego-20261007/lio-ready-69b9b75-ws/install/super_lio/include/super_lio/super_lio/msg/detail/cloud_pose__struct.h
-- Installing: /home/badger/codex-research/superlio-ego-20261007/lio-ready-69b9b75-ws/install/super_lio/include/super_lio/super_lio/msg/detail/cloud_pose2__type_support.h
-- Installing: /home/badger/codex-research/superlio-ego-20261007/lio-ready-69b9b75-ws/install/super_lio/include/super_lio/super_lio/msg/detail/cloud_pose2__struct.h
-- Installing: /home/badger/codex-research/superlio-ego-20261007/lio-ready-69b9b75-ws/install/super_lio/include/super_lio/super_lio/msg/detail/cloud_pose__type_support.h
-- Installing: /home/badger/codex-research/superlio-ego-20261007/lio-ready-69b9b75-ws/install/super_lio/include/super_lio/super_lio/msg/detail/cloud_pose__functions.c
-- Installing: /home/badger/codex-research/superlio-ego-20261007/lio-ready-69b9b75-ws/install/super_lio/include/super_lio/super_lio/msg/cloud_pose.h
-- Installing: /home/badger/codex-research/superlio-ego-20261007/lio-ready-69b9b75-ws/install/super_lio/include/super_lio/super_lio/msg/rosidl_generator_c__visibility_control.h
-- Installing: /home/badger/codex-research/superlio-ego-20261007/lio-ready-69b9b75-ws/install/super_lio/include/super_lio/super_lio/msg/cloud_pose2.h
-- Installing: /home/badger/codex-research/superlio-ego-20261007/lio-ready-69b9b75-ws/install/super_lio/share/super_lio/environment/library_path.sh
-- Installing: /home/badger/codex-research/superlio-ego-20261007/lio-ready-69b9b75-ws/install/super_lio/share/super_lio/environment/library_path.dsv
-- Installing: /home/badger/codex-research/superlio-ego-20261007/lio-ready-69b9b75-ws/install/super_lio/lib/libsuper_lio__rosidl_generator_c.so
-- Set runtime path of "/home/badger/codex-research/superlio-ego-20261007/lio-ready-69b9b75-ws/install/super_lio/lib/libsuper_lio__rosidl_generator_c.so" to ""
-- Up-to-date: /home/badger/codex-research/superlio-ego-20261007/lio-ready-69b9b75-ws/install/super_lio/include/super_lio/super_lio
-- Up-to-date: /home/badger/codex-research/superlio-ego-20261007/lio-ready-69b9b75-ws/install/super_lio/include/super_lio/super_lio/msg
-- Up-to-date: /home/badger/codex-research/superlio-ego-20261007/lio-ready-69b9b75-ws/install/super_lio/include/super_lio/super_lio/msg/detail
-- Installing: /home/badger/codex-research/superlio-ego-20261007/lio-ready-69b9b75-ws/install/super_lio/include/super_lio/super_lio/msg/detail/cloud_pose2__rosidl_typesupport_fastrtps_c.h
-- Installing: /home/badger/codex-research/superlio-ego-20261007/lio-ready-69b9b75-ws/install/super_lio/include/super_lio/super_lio/msg/detail/cloud_pose__rosidl_typesupport_fastrtps_c.h
-- Installing: /home/badger/codex-research/superlio-ego-20261007/lio-ready-69b9b75-ws/install/super_lio/include/super_lio/super_lio/msg/rosidl_typesupport_fastrtps_c__visibility_control.h
-- Installing: /home/badger/codex-research/superlio-ego-20261007/lio-ready-69b9b75-ws/install/super_lio/lib/libsuper_lio__rosidl_typesupport_fastrtps_c.so
-- Set runtime path of "/home/badger/codex-research/superlio-ego-20261007/lio-ready-69b9b75-ws/install/super_lio/lib/libsuper_lio__rosidl_typesupport_fastrtps_c.so" to ""
-- Up-to-date: /home/badger/codex-research/superlio-ego-20261007/lio-ready-69b9b75-ws/install/super_lio/include/super_lio/super_lio
-- Up-to-date: /home/badger/codex-research/superlio-ego-20261007/lio-ready-69b9b75-ws/install/super_lio/include/super_lio/super_lio/msg
-- Up-to-date: /home/badger/codex-research/superlio-ego-20261007/lio-ready-69b9b75-ws/install/super_lio/include/super_lio/super_lio/msg/detail
-- Installing: /home/badger/codex-research/superlio-ego-20261007/lio-ready-69b9b75-ws/install/super_lio/include/super_lio/super_lio/msg/detail/cloud_pose2__rosidl_typesupport_introspection_c.h
-- Installing: /home/badger/codex-research/superlio-ego-20261007/lio-ready-69b9b75-ws/install/super_lio/include/super_lio/super_lio/msg/detail/cloud_pose__rosidl_typesupport_introspection_c.h
-- Installing: /home/badger/codex-research/superlio-ego-20261007/lio-ready-69b9b75-ws/install/super_lio/include/super_lio/super_lio/msg/detail/cloud_pose__type_support.c
-- Installing: /home/badger/codex-research/superlio-ego-20261007/lio-ready-69b9b75-ws/install/super_lio/include/super_lio/super_lio/msg/detail/cloud_pose2__type_support.c
-- Installing: /home/badger/codex-research/superlio-ego-20261007/lio-ready-69b9b75-ws/install/super_lio/include/super_lio/super_lio/msg/rosidl_typesupport_introspection_c__visibility_control.h
-- Installing: /home/badger/codex-research/superlio-ego-20261007/lio-ready-69b9b75-ws/install/super_lio/lib/libsuper_lio__rosidl_typesupport_introspection_c.so
-- Set runtime path of "/home/badger/codex-research/superlio-ego-20261007/lio-ready-69b9b75-ws/install/super_lio/lib/libsuper_lio__rosidl_typesupport_introspection_c.so" to ""
-- Installing: /home/badger/codex-research/superlio-ego-20261007/lio-ready-69b9b75-ws/install/super_lio/lib/libsuper_lio__rosidl_typesupport_c.so
-- Set runtime path of "/home/badger/codex-research/superlio-ego-20261007/lio-ready-69b9b75-ws/install/super_lio/lib/libsuper_lio__rosidl_typesupport_c.so" to ""
-- Up-to-date: /home/badger/codex-research/superlio-ego-20261007/lio-ready-69b9b75-ws/install/super_lio/include/super_lio/super_lio
-- Up-to-date: /home/badger/codex-research/superlio-ego-20261007/lio-ready-69b9b75-ws/install/super_lio/include/super_lio/super_lio/msg
-- Installing: /home/badger/codex-research/superlio-ego-20261007/lio-ready-69b9b75-ws/install/super_lio/include/super_lio/super_lio/msg/cloud_pose.hpp
-- Installing: /home/badger/codex-research/superlio-ego-20261007/lio-ready-69b9b75-ws/install/super_lio/include/super_lio/super_lio/msg/rosidl_generator_cpp__visibility_control.hpp
-- Up-to-date: /home/badger/codex-research/superlio-ego-20261007/lio-ready-69b9b75-ws/install/super_lio/include/super_lio/super_lio/msg/detail
-- Installing: /home/badger/codex-research/superlio-ego-20261007/lio-ready-69b9b75-ws/install/super_lio/include/super_lio/super_lio/msg/detail/cloud_pose2__type_support.hpp
-- Installing: /home/badger/codex-research/superlio-ego-20261007/lio-ready-69b9b75-ws/install/super_lio/include/super_lio/super_lio/msg/detail/cloud_pose2__traits.hpp
-- Installing: /home/badger/codex-research/superlio-ego-20261007/lio-ready-69b9b75-ws/install/super_lio/include/super_lio/super_lio/msg/detail/cloud_pose__type_support.hpp
-- Installing: /home/badger/codex-research/superlio-ego-20261007/lio-ready-69b9b75-ws/install/super_lio/include/super_lio/super_lio/msg/detail/cloud_pose2__builder.hpp
-- Installing: /home/badger/codex-research/superlio-ego-20261007/lio-ready-69b9b75-ws/install/super_lio/include/super_lio/super_lio/msg/detail/cloud_pose__traits.hpp
-- Installing: /home/badger/codex-research/superlio-ego-20261007/lio-ready-69b9b75-ws/install/super_lio/include/super_lio/super_lio/msg/detail/cloud_pose2__struct.hpp
-- Installing: /home/badger/codex-research/superlio-ego-20261007/lio-ready-69b9b75-ws/install/super_lio/include/super_lio/super_lio/msg/detail/cloud_pose__struct.hpp
-- Installing: /home/badger/codex-research/superlio-ego-20261007/lio-ready-69b9b75-ws/install/super_lio/include/super_lio/super_lio/msg/detail/cloud_pose__builder.hpp
-- Installing: /home/badger/codex-research/superlio-ego-20261007/lio-ready-69b9b75-ws/install/super_lio/include/super_lio/super_lio/msg/cloud_pose2.hpp
-- Up-to-date: /home/badger/codex-research/superlio-ego-20261007/lio-ready-69b9b75-ws/install/super_lio/include/super_lio/super_lio
-- Up-to-date: /home/badger/codex-research/superlio-ego-20261007/lio-ready-69b9b75-ws/install/super_lio/include/super_lio/super_lio/msg
-- Up-to-date: /home/badger/codex-research/superlio-ego-20261007/lio-ready-69b9b75-ws/install/super_lio/include/super_lio/super_lio/msg/detail
-- Installing: /home/badger/codex-research/superlio-ego-20261007/lio-ready-69b9b75-ws/install/super_lio/include/super_lio/super_lio/msg/detail/cloud_pose__rosidl_typesupport_fastrtps_cpp.hpp
-- Installing: /home/badger/codex-research/superlio-ego-20261007/lio-ready-69b9b75-ws/install/super_lio/include/super_lio/super_lio/msg/detail/cloud_pose2__rosidl_typesupport_fastrtps_cpp.hpp
-- Installing: /home/badger/codex-research/superlio-ego-20261007/lio-ready-69b9b75-ws/install/super_lio/include/super_lio/super_lio/msg/detail/dds_fastrtps
-- Installing: /home/badger/codex-research/superlio-ego-20261007/lio-ready-69b9b75-ws/install/super_lio/include/super_lio/super_lio/msg/rosidl_typesupport_fastrtps_cpp__visibility_control.h
-- Installing: /home/badger/codex-research/superlio-ego-20261007/lio-ready-69b9b75-ws/install/super_lio/lib/libsuper_lio__rosidl_typesupport_fastrtps_cpp.so
-- Set runtime path of "/home/badger/codex-research/superlio-ego-20261007/lio-ready-69b9b75-ws/install/super_lio/lib/libsuper_lio__rosidl_typesupport_fastrtps_cpp.so" to ""
-- Up-to-date: /home/badger/codex-research/superlio-ego-20261007/lio-ready-69b9b75-ws/install/super_lio/include/super_lio/super_lio
-- Up-to-date: /home/badger/codex-research/superlio-ego-20261007/lio-ready-69b9b75-ws/install/super_lio/include/super_lio/super_lio/msg
-- Up-to-date: /home/badger/codex-research/superlio-ego-20261007/lio-ready-69b9b75-ws/install/super_lio/include/super_lio/super_lio/msg/detail
-- Installing: /home/badger/codex-research/superlio-ego-20261007/lio-ready-69b9b75-ws/install/super_lio/include/super_lio/super_lio/msg/detail/cloud_pose__rosidl_typesupport_introspection_cpp.hpp
-- Installing: /home/badger/codex-research/superlio-ego-20261007/lio-ready-69b9b75-ws/install/super_lio/include/super_lio/super_lio/msg/detail/cloud_pose2__type_support.cpp
-- Installing: /home/badger/codex-research/superlio-ego-20261007/lio-ready-69b9b75-ws/install/super_lio/include/super_lio/super_lio/msg/detail/cloud_pose2__rosidl_typesupport_introspection_cpp.hpp
-- Installing: /home/badger/codex-research/superlio-ego-20261007/lio-ready-69b9b75-ws/install/super_lio/include/super_lio/super_lio/msg/detail/cloud_pose__type_support.cpp
-- Installing: /home/badger/codex-research/superlio-ego-20261007/lio-ready-69b9b75-ws/install/super_lio/lib/libsuper_lio__rosidl_typesupport_introspection_cpp.so
-- Set runtime path of "/home/badger/codex-research/superlio-ego-20261007/lio-ready-69b9b75-ws/install/super_lio/lib/libsuper_lio__rosidl_typesupport_introspection_cpp.so" to ""
-- Installing: /home/badger/codex-research/superlio-ego-20261007/lio-ready-69b9b75-ws/install/super_lio/lib/libsuper_lio__rosidl_typesupport_cpp.so
-- Set runtime path of "/home/badger/codex-research/superlio-ego-20261007/lio-ready-69b9b75-ws/install/super_lio/lib/libsuper_lio__rosidl_typesupport_cpp.so" to ""
-- Installing: /home/badger/codex-research/superlio-ego-20261007/lio-ready-69b9b75-ws/install/super_lio/share/super_lio/environment/pythonpath.sh
-- Installing: /home/badger/codex-research/superlio-ego-20261007/lio-ready-69b9b75-ws/install/super_lio/share/super_lio/environment/pythonpath.dsv
-- Installing: /home/badger/codex-research/superlio-ego-20261007/lio-ready-69b9b75-ws/install/super_lio/local/lib/python3.10/dist-packages/super_lio-2.0.0-py3.10.egg-info
-- Installing: /home/badger/codex-research/superlio-ego-20261007/lio-ready-69b9b75-ws/install/super_lio/local/lib/python3.10/dist-packages/super_lio-2.0.0-py3.10.egg-info/PKG-INFO
-- Installing: /home/badger/codex-research/superlio-ego-20261007/lio-ready-69b9b75-ws/install/super_lio/local/lib/python3.10/dist-packages/super_lio-2.0.0-py3.10.egg-info/SOURCES.txt
-- Installing: /home/badger/codex-research/superlio-ego-20261007/lio-ready-69b9b75-ws/install/super_lio/local/lib/python3.10/dist-packages/super_lio-2.0.0-py3.10.egg-info/top_level.txt
-- Installing: /home/badger/codex-research/superlio-ego-20261007/lio-ready-69b9b75-ws/install/super_lio/local/lib/python3.10/dist-packages/super_lio-2.0.0-py3.10.egg-info/dependency_links.txt
-- Installing: /home/badger/codex-research/superlio-ego-20261007/lio-ready-69b9b75-ws/install/super_lio/local/lib/python3.10/dist-packages/super_lio
-- Installing: /home/badger/codex-research/superlio-ego-20261007/lio-ready-69b9b75-ws/install/super_lio/local/lib/python3.10/dist-packages/super_lio/__init__.py
-- Installing: /home/badger/codex-research/superlio-ego-20261007/lio-ready-69b9b75-ws/install/super_lio/local/lib/python3.10/dist-packages/super_lio/_super_lio_s.ep.rosidl_typesupport_c.c
-- Installing: /home/badger/codex-research/superlio-ego-20261007/lio-ready-69b9b75-ws/install/super_lio/local/lib/python3.10/dist-packages/super_lio/libsuper_lio__rosidl_generator_py.so
-- Installing: /home/badger/codex-research/superlio-ego-20261007/lio-ready-69b9b75-ws/install/super_lio/local/lib/python3.10/dist-packages/super_lio/_super_lio_s.ep.rosidl_typesupport_introspection_c.c
-- Installing: /home/badger/codex-research/superlio-ego-20261007/lio-ready-69b9b75-ws/install/super_lio/local/lib/python3.10/dist-packages/super_lio/msg
-- Installing: /home/badger/codex-research/superlio-ego-20261007/lio-ready-69b9b75-ws/install/super_lio/local/lib/python3.10/dist-packages/super_lio/msg/_cloud_pose2_s.c
-- Installing: /home/badger/codex-research/superlio-ego-20261007/lio-ready-69b9b75-ws/install/super_lio/local/lib/python3.10/dist-packages/super_lio/msg/__init__.py
-- Installing: /home/badger/codex-research/superlio-ego-20261007/lio-ready-69b9b75-ws/install/super_lio/local/lib/python3.10/dist-packages/super_lio/msg/_cloud_pose.py
-- Installing: /home/badger/codex-research/superlio-ego-20261007/lio-ready-69b9b75-ws/install/super_lio/local/lib/python3.10/dist-packages/super_lio/msg/_cloud_pose_s.c
-- Installing: /home/badger/codex-research/superlio-ego-20261007/lio-ready-69b9b75-ws/install/super_lio/local/lib/python3.10/dist-packages/super_lio/msg/_cloud_pose2.py
-- Installing: /home/badger/codex-research/superlio-ego-20261007/lio-ready-69b9b75-ws/install/super_lio/local/lib/python3.10/dist-packages/super_lio/super_lio_s__rosidl_typesupport_c.cpython-310-x86_64-linux-gnu.so
-- Installing: /home/badger/codex-research/superlio-ego-20261007/lio-ready-69b9b75-ws/install/super_lio/local/lib/python3.10/dist-packages/super_lio/super_lio_s__rosidl_typesupport_introspection_c.cpython-310-x86_64-linux-gnu.so
-- Installing: /home/badger/codex-research/superlio-ego-20261007/lio-ready-69b9b75-ws/install/super_lio/local/lib/python3.10/dist-packages/super_lio/super_lio_s__rosidl_typesupport_fastrtps_c.cpython-310-x86_64-linux-gnu.so
-- Installing: /home/badger/codex-research/superlio-ego-20261007/lio-ready-69b9b75-ws/install/super_lio/local/lib/python3.10/dist-packages/super_lio/_super_lio_s.ep.rosidl_typesupport_fastrtps_c.c
Listing '/home/badger/codex-research/superlio-ego-20261007/lio-ready-69b9b75-ws/install/super_lio/local/lib/python3.10/dist-packages/super_lio'...
Compiling '/home/badger/codex-research/superlio-ego-20261007/lio-ready-69b9b75-ws/install/super_lio/local/lib/python3.10/dist-packages/super_lio/__init__.py'...
Listing '/home/badger/codex-research/superlio-ego-20261007/lio-ready-69b9b75-ws/install/super_lio/local/lib/python3.10/dist-packages/super_lio/msg'...
Compiling '/home/badger/codex-research/superlio-ego-20261007/lio-ready-69b9b75-ws/install/super_lio/local/lib/python3.10/dist-packages/super_lio/msg/__init__.py'...
Compiling '/home/badger/codex-research/superlio-ego-20261007/lio-ready-69b9b75-ws/install/super_lio/local/lib/python3.10/dist-packages/super_lio/msg/_cloud_pose.py'...
Compiling '/home/badger/codex-research/superlio-ego-20261007/lio-ready-69b9b75-ws/install/super_lio/local/lib/python3.10/dist-packages/super_lio/msg/_cloud_pose2.py'...
-- Installing: /home/badger/codex-research/superlio-ego-20261007/lio-ready-69b9b75-ws/install/super_lio/local/lib/python3.10/dist-packages/super_lio/super_lio_s__rosidl_typesupport_fastrtps_c.cpython-310-x86_64-linux-gnu.so
-- Set runtime path of "/home/badger/codex-research/superlio-ego-20261007/lio-ready-69b9b75-ws/install/super_lio/local/lib/python3.10/dist-packages/super_lio/super_lio_s__rosidl_typesupport_fastrtps_c.cpython-310-x86_64-linux-gnu.so" to ""
-- Installing: /home/badger/codex-research/superlio-ego-20261007/lio-ready-69b9b75-ws/install/super_lio/local/lib/python3.10/dist-packages/super_lio/super_lio_s__rosidl_typesupport_introspection_c.cpython-310-x86_64-linux-gnu.so
-- Set runtime path of "/home/badger/codex-research/superlio-ego-20261007/lio-ready-69b9b75-ws/install/super_lio/local/lib/python3.10/dist-packages/super_lio/super_lio_s__rosidl_typesupport_introspection_c.cpython-310-x86_64-linux-gnu.so" to ""
-- Installing: /home/badger/codex-research/superlio-ego-20261007/lio-ready-69b9b75-ws/install/super_lio/local/lib/python3.10/dist-packages/super_lio/super_lio_s__rosidl_typesupport_c.cpython-310-x86_64-linux-gnu.so
-- Set runtime path of "/home/badger/codex-research/superlio-ego-20261007/lio-ready-69b9b75-ws/install/super_lio/local/lib/python3.10/dist-packages/super_lio/super_lio_s__rosidl_typesupport_c.cpython-310-x86_64-linux-gnu.so" to ""
-- Installing: /home/badger/codex-research/superlio-ego-20261007/lio-ready-69b9b75-ws/install/super_lio/lib/libsuper_lio__rosidl_generator_py.so
-- Set runtime path of "/home/badger/codex-research/superlio-ego-20261007/lio-ready-69b9b75-ws/install/super_lio/lib/libsuper_lio__rosidl_generator_py.so" to ""
-- Installing: /home/badger/codex-research/superlio-ego-20261007/lio-ready-69b9b75-ws/install/super_lio/share/super_lio/msg/CloudPose.idl
-- Installing: /home/badger/codex-research/superlio-ego-20261007/lio-ready-69b9b75-ws/install/super_lio/share/super_lio/msg/CloudPose2.idl
-- Installing: /home/badger/codex-research/superlio-ego-20261007/lio-ready-69b9b75-ws/install/super_lio/share/super_lio/msg/CloudPose.msg
-- Installing: /home/badger/codex-research/superlio-ego-20261007/lio-ready-69b9b75-ws/install/super_lio/share/super_lio/msg/CloudPose2.msg
-- Installing: /home/badger/codex-research/superlio-ego-20261007/lio-ready-69b9b75-ws/install/super_lio/lib/liblio.so
-- Set runtime path of "/home/badger/codex-research/superlio-ego-20261007/lio-ready-69b9b75-ws/install/super_lio/lib/liblio.so" to ""
-- Installing: /home/badger/codex-research/superlio-ego-20261007/lio-ready-69b9b75-ws/install/super_lio/lib/super_lio/super_lio_node
-- Set runtime path of "/home/badger/codex-research/superlio-ego-20261007/lio-ready-69b9b75-ws/install/super_lio/lib/super_lio/super_lio_node" to ""
-- Installing: /home/badger/codex-research/superlio-ego-20261007/lio-ready-69b9b75-ws/install/super_lio/lib/super_lio/relocation_node
-- Set runtime path of "/home/badger/codex-research/superlio-ego-20261007/lio-ready-69b9b75-ws/install/super_lio/lib/super_lio/relocation_node" to ""
-- Up-to-date: /home/badger/codex-research/superlio-ego-20261007/lio-ready-69b9b75-ws/install/super_lio/include/super_lio
-- Installing: /home/badger/codex-research/superlio-ego-20261007/lio-ready-69b9b75-ws/install/super_lio/include/super_lio/lio
-- Installing: /home/badger/codex-research/superlio-ego-20261007/lio-ready-69b9b75-ws/install/super_lio/include/super_lio/lio/super_lio_reloc.h
-- Installing: /home/badger/codex-research/superlio-ego-20261007/lio-ready-69b9b75-ws/install/super_lio/include/super_lio/lio/observation_quality.h
-- Installing: /home/badger/codex-research/superlio-ego-20261007/lio-ready-69b9b75-ws/install/super_lio/include/super_lio/lio/super_lio.h
-- Installing: /home/badger/codex-research/superlio-ego-20261007/lio-ready-69b9b75-ws/install/super_lio/include/super_lio/lio/ESKF.h
-- Installing: /home/badger/codex-research/superlio-ego-20261007/lio-ready-69b9b75-ws/install/super_lio/include/super_lio/lio/params.h
-- Installing: /home/badger/codex-research/superlio-ego-20261007/lio-ready-69b9b75-ws/install/super_lio/include/super_lio/ros
-- Installing: /home/badger/codex-research/superlio-ego-20261007/lio-ready-69b9b75-ws/install/super_lio/include/super_lio/ros/ROSWrapper.h
-- Installing: /home/badger/codex-research/superlio-ego-20261007/lio-ready-69b9b75-ws/install/super_lio/include/super_lio/common
-- Installing: /home/badger/codex-research/superlio-ego-20261007/lio-ready-69b9b75-ws/install/super_lio/include/super_lio/common/ds.h
-- Installing: /home/badger/codex-research/superlio-ego-20261007/lio-ready-69b9b75-ws/install/super_lio/include/super_lio/common/timer.h
-- Installing: /home/badger/codex-research/superlio-ego-20261007/lio-ready-69b9b75-ws/install/super_lio/include/super_lio/OctVoxMap
-- Installing: /home/badger/codex-research/superlio-ego-20261007/lio-ready-69b9b75-ws/install/super_lio/include/super_lio/OctVoxMap/VoxelGridFilter.h
-- Installing: /home/badger/codex-research/superlio-ego-20261007/lio-ready-69b9b75-ws/install/super_lio/include/super_lio/OctVoxMap/output
-- Installing: /home/badger/codex-research/superlio-ego-20261007/lio-ready-69b9b75-ws/install/super_lio/include/super_lio/OctVoxMap/output/.gitignore
-- Installing: /home/badger/codex-research/superlio-ego-20261007/lio-ready-69b9b75-ws/install/super_lio/include/super_lio/OctVoxMap/OctVoxMap.hpp
-- Installing: /home/badger/codex-research/superlio-ego-20261007/lio-ready-69b9b75-ws/install/super_lio/include/super_lio/OctVoxMap/tsl
-- Installing: /home/badger/codex-research/superlio-ego-20261007/lio-ready-69b9b75-ws/install/super_lio/include/super_lio/OctVoxMap/tsl/robin_hash.h
-- Installing: /home/badger/codex-research/superlio-ego-20261007/lio-ready-69b9b75-ws/install/super_lio/include/super_lio/OctVoxMap/tsl/robin_growth_policy.h
-- Installing: /home/badger/codex-research/superlio-ego-20261007/lio-ready-69b9b75-ws/install/super_lio/include/super_lio/OctVoxMap/tsl/robin_hood.h
-- Installing: /home/badger/codex-research/superlio-ego-20261007/lio-ready-69b9b75-ws/install/super_lio/include/super_lio/OctVoxMap/tsl/robin_set.h
-- Installing: /home/badger/codex-research/superlio-ego-20261007/lio-ready-69b9b75-ws/install/super_lio/include/super_lio/OctVoxMap/tsl/robin_map.h
-- Installing: /home/badger/codex-research/superlio-ego-20261007/lio-ready-69b9b75-ws/install/super_lio/include/super_lio/OctVoxMap/HKNN_list60_gem.h
-- Up-to-date: /home/badger/codex-research/superlio-ego-20261007/lio-ready-69b9b75-ws/install/super_lio/include/super_lio
-- Installing: /home/badger/codex-research/superlio-ego-20261007/lio-ready-69b9b75-ws/install/super_lio/include/super_lio/.gitkeep
-- Installing: /home/badger/codex-research/superlio-ego-20261007/lio-ready-69b9b75-ws/install/super_lio/share/super_lio/launch
-- Installing: /home/badger/codex-research/superlio-ego-20261007/lio-ready-69b9b75-ws/install/super_lio/share/super_lio/launch/Livox_mid360.py
-- Installing: /home/badger/codex-research/superlio-ego-20261007/lio-ready-69b9b75-ws/install/super_lio/share/super_lio/launch/hesai.py
-- Installing: /home/badger/codex-research/superlio-ego-20261007/lio-ready-69b9b75-ws/install/super_lio/share/super_lio/launch/M2DGR.py
-- Installing: /home/badger/codex-research/superlio-ego-20261007/lio-ready-69b9b75-ws/install/super_lio/share/super_lio/launch/NTU.py
-- Installing: /home/badger/codex-research/superlio-ego-20261007/lio-ready-69b9b75-ws/install/super_lio/share/super_lio/launch/NCLT.py
-- Installing: /home/badger/codex-research/superlio-ego-20261007/lio-ready-69b9b75-ws/install/super_lio/share/super_lio/launch/r3live.py
-- Installing: /home/badger/codex-research/superlio-ego-20261007/lio-ready-69b9b75-ws/install/super_lio/share/super_lio/launch/MCD_ATH.py
-- Installing: /home/badger/codex-research/superlio-ego-20261007/lio-ready-69b9b75-ws/install/super_lio/share/super_lio/launch/relocation.py
-- Installing: /home/badger/codex-research/superlio-ego-20261007/lio-ready-69b9b75-ws/install/super_lio/share/super_lio/config
-- Installing: /home/badger/codex-research/superlio-ego-20261007/lio-ready-69b9b75-ws/install/super_lio/share/super_lio/config/hesai.yaml
-- Installing: /home/badger/codex-research/superlio-ego-20261007/lio-ready-69b9b75-ws/install/super_lio/share/super_lio/config/NCLT.yaml
-- Installing: /home/badger/codex-research/superlio-ego-20261007/lio-ready-69b9b75-ws/install/super_lio/share/super_lio/config/r3live.yaml
-- Installing: /home/badger/codex-research/superlio-ego-20261007/lio-ready-69b9b75-ws/install/super_lio/share/super_lio/config/livox_360.yaml
-- Installing: /home/badger/codex-research/superlio-ego-20261007/lio-ready-69b9b75-ws/install/super_lio/share/super_lio/config/MCD_ATH.yaml
-- Installing: /home/badger/codex-research/superlio-ego-20261007/lio-ready-69b9b75-ws/install/super_lio/share/super_lio/config/NTU.yaml
-- Installing: /home/badger/codex-research/superlio-ego-20261007/lio-ready-69b9b75-ws/install/super_lio/share/super_lio/config/relocation.yaml
-- Installing: /home/badger/codex-research/superlio-ego-20261007/lio-ready-69b9b75-ws/install/super_lio/share/super_lio/config/M2DGR.yaml
-- Installing: /home/badger/codex-research/superlio-ego-20261007/lio-ready-69b9b75-ws/install/super_lio/share/super_lio/rviz
-- Installing: /home/badger/codex-research/superlio-ego-20261007/lio-ready-69b9b75-ws/install/super_lio/share/super_lio/rviz/relocation.rviz
-- Installing: /home/badger/codex-research/superlio-ego-20261007/lio-ready-69b9b75-ws/install/super_lio/share/super_lio/rviz/lio.rviz
-- Installing: /home/badger/codex-research/superlio-ego-20261007/lio-ready-69b9b75-ws/install/super_lio/share/ament_index/resource_index/package_run_dependencies/super_lio
-- Installing: /home/badger/codex-research/superlio-ego-20261007/lio-ready-69b9b75-ws/install/super_lio/share/ament_index/resource_index/parent_prefix_path/super_lio
-- Installing: /home/badger/codex-research/superlio-ego-20261007/lio-ready-69b9b75-ws/install/super_lio/share/super_lio/environment/ament_prefix_path.sh
-- Installing: /home/badger/codex-research/superlio-ego-20261007/lio-ready-69b9b75-ws/install/super_lio/share/super_lio/environment/ament_prefix_path.dsv
-- Installing: /home/badger/codex-research/superlio-ego-20261007/lio-ready-69b9b75-ws/install/super_lio/share/super_lio/environment/path.sh
-- Installing: /home/badger/codex-research/superlio-ego-20261007/lio-ready-69b9b75-ws/install/super_lio/share/super_lio/environment/path.dsv
-- Installing: /home/badger/codex-research/superlio-ego-20261007/lio-ready-69b9b75-ws/install/super_lio/share/super_lio/local_setup.bash
-- Installing: /home/badger/codex-research/superlio-ego-20261007/lio-ready-69b9b75-ws/install/super_lio/share/super_lio/local_setup.sh
-- Installing: /home/badger/codex-research/superlio-ego-20261007/lio-ready-69b9b75-ws/install/super_lio/share/super_lio/local_setup.zsh
-- Installing: /home/badger/codex-research/superlio-ego-20261007/lio-ready-69b9b75-ws/install/super_lio/share/super_lio/local_setup.dsv
-- Installing: /home/badger/codex-research/superlio-ego-20261007/lio-ready-69b9b75-ws/install/super_lio/share/super_lio/package.dsv
-- Installing: /home/badger/codex-research/superlio-ego-20261007/lio-ready-69b9b75-ws/install/super_lio/share/ament_index/resource_index/packages/super_lio
-- Installing: /home/badger/codex-research/superlio-ego-20261007/lio-ready-69b9b75-ws/install/super_lio/share/super_lio/cmake/export_super_lio__rosidl_generator_cExport.cmake
-- Installing: /home/badger/codex-research/superlio-ego-20261007/lio-ready-69b9b75-ws/install/super_lio/share/super_lio/cmake/export_super_lio__rosidl_generator_cExport-release.cmake
-- Installing: /home/badger/codex-research/superlio-ego-20261007/lio-ready-69b9b75-ws/install/super_lio/share/super_lio/cmake/export_super_lio__rosidl_typesupport_fastrtps_cExport.cmake
-- Installing: /home/badger/codex-research/superlio-ego-20261007/lio-ready-69b9b75-ws/install/super_lio/share/super_lio/cmake/export_super_lio__rosidl_typesupport_fastrtps_cExport-release.cmake
-- Installing: /home/badger/codex-research/superlio-ego-20261007/lio-ready-69b9b75-ws/install/super_lio/share/super_lio/cmake/super_lio__rosidl_typesupport_introspection_cExport.cmake
-- Installing: /home/badger/codex-research/superlio-ego-20261007/lio-ready-69b9b75-ws/install/super_lio/share/super_lio/cmake/super_lio__rosidl_typesupport_introspection_cExport-release.cmake
-- Installing: /home/badger/codex-research/superlio-ego-20261007/lio-ready-69b9b75-ws/install/super_lio/share/super_lio/cmake/super_lio__rosidl_typesupport_cExport.cmake
-- Installing: /home/badger/codex-research/superlio-ego-20261007/lio-ready-69b9b75-ws/install/super_lio/share/super_lio/cmake/super_lio__rosidl_typesupport_cExport-release.cmake
-- Installing: /home/badger/codex-research/superlio-ego-20261007/lio-ready-69b9b75-ws/install/super_lio/share/super_lio/cmake/export_super_lio__rosidl_generator_cppExport.cmake
-- Installing: /home/badger/codex-research/superlio-ego-20261007/lio-ready-69b9b75-ws/install/super_lio/share/super_lio/cmake/export_super_lio__rosidl_typesupport_fastrtps_cppExport.cmake
-- Installing: /home/badger/codex-research/superlio-ego-20261007/lio-ready-69b9b75-ws/install/super_lio/share/super_lio/cmake/export_super_lio__rosidl_typesupport_fastrtps_cppExport-release.cmake
-- Installing: /home/badger/codex-research/superlio-ego-20261007/lio-ready-69b9b75-ws/install/super_lio/share/super_lio/cmake/super_lio__rosidl_typesupport_introspection_cppExport.cmake
-- Installing: /home/badger/codex-research/superlio-ego-20261007/lio-ready-69b9b75-ws/install/super_lio/share/super_lio/cmake/super_lio__rosidl_typesupport_introspection_cppExport-release.cmake
-- Installing: /home/badger/codex-research/superlio-ego-20261007/lio-ready-69b9b75-ws/install/super_lio/share/super_lio/cmake/super_lio__rosidl_typesupport_cppExport.cmake
-- Installing: /home/badger/codex-research/superlio-ego-20261007/lio-ready-69b9b75-ws/install/super_lio/share/super_lio/cmake/super_lio__rosidl_typesupport_cppExport-release.cmake
-- Installing: /home/badger/codex-research/superlio-ego-20261007/lio-ready-69b9b75-ws/install/super_lio/share/super_lio/cmake/export_super_lio__rosidl_generator_pyExport.cmake
-- Installing: /home/badger/codex-research/superlio-ego-20261007/lio-ready-69b9b75-ws/install/super_lio/share/super_lio/cmake/export_super_lio__rosidl_generator_pyExport-release.cmake
-- Installing: /home/badger/codex-research/superlio-ego-20261007/lio-ready-69b9b75-ws/install/super_lio/share/super_lio/cmake/rosidl_cmake-extras.cmake
-- Installing: /home/badger/codex-research/superlio-ego-20261007/lio-ready-69b9b75-ws/install/super_lio/share/super_lio/cmake/ament_cmake_export_dependencies-extras.cmake
-- Installing: /home/badger/codex-research/superlio-ego-20261007/lio-ready-69b9b75-ws/install/super_lio/share/super_lio/cmake/ament_cmake_export_include_directories-extras.cmake
-- Installing: /home/badger/codex-research/superlio-ego-20261007/lio-ready-69b9b75-ws/install/super_lio/share/super_lio/cmake/ament_cmake_export_libraries-extras.cmake
-- Installing: /home/badger/codex-research/superlio-ego-20261007/lio-ready-69b9b75-ws/install/super_lio/share/super_lio/cmake/ament_cmake_export_targets-extras.cmake
-- Installing: /home/badger/codex-research/superlio-ego-20261007/lio-ready-69b9b75-ws/install/super_lio/share/super_lio/cmake/rosidl_cmake_export_typesupport_targets-extras.cmake
-- Installing: /home/badger/codex-research/superlio-ego-20261007/lio-ready-69b9b75-ws/install/super_lio/share/super_lio/cmake/rosidl_cmake_export_typesupport_libraries-extras.cmake
-- Installing: /home/badger/codex-research/superlio-ego-20261007/lio-ready-69b9b75-ws/install/super_lio/share/super_lio/cmake/super_lioConfig.cmake
-- Installing: /home/badger/codex-research/superlio-ego-20261007/lio-ready-69b9b75-ws/install/super_lio/share/super_lio/cmake/super_lioConfig-version.cmake
-- Installing: /home/badger/codex-research/superlio-ego-20261007/lio-ready-69b9b75-ws/install/super_lio/share/super_lio/package.xml
--- stderr: super_lio
CMake Warning:
  Manually-specified variables were not used by the project:

    HUMBLE_ROS
    LIVOX_LIDAR_SDK_INCLUDE_DIR
    LIVOX_LIDAR_SDK_LIBRARY
    ROS_EDITION


---
Finished <<< super_lio [1min 23s]
Starting >>> um982_rtk_driver
-- The C compiler identification is GNU 11.4.0
-- The CXX compiler identification is GNU 11.4.0
-- Detecting C compiler ABI info
-- Detecting C compiler ABI info - done
-- Check for working C compiler: /usr/bin/cc - skipped
-- Detecting C compile features
-- Detecting C compile features - done
-- Detecting CXX compiler ABI info
-- Detecting CXX compiler ABI info - done
-- Check for working CXX compiler: /usr/bin/c++ - skipped
-- Detecting CXX compile features
-- Detecting CXX compile features - done
-- Found ament_cmake: 1.3.12 (/opt/ros/humble/share/ament_cmake/cmake)
-- Found Python3: /usr/bin/python3 (found version "3.10.12") found components: Interpreter 
-- Found diagnostic_msgs: 4.9.0 (/opt/ros/humble/share/diagnostic_msgs/cmake)
-- Found rosidl_generator_c: 3.1.8 (/opt/ros/humble/share/rosidl_generator_c/cmake)
-- Found rosidl_adapter: 3.1.8 (/opt/ros/humble/share/rosidl_adapter/cmake)
-- Found rosidl_generator_cpp: 3.1.8 (/opt/ros/humble/share/rosidl_generator_cpp/cmake)
-- Using all available rosidl_typesupport_c: rosidl_typesupport_fastrtps_c;rosidl_typesupport_introspection_c
-- Using all available rosidl_typesupport_cpp: rosidl_typesupport_fastrtps_cpp;rosidl_typesupport_introspection_cpp
-- Found geometry_msgs: 4.9.0 (/opt/ros/humble/share/geometry_msgs/cmake)
-- Found nmea_msgs: 2.0.0 (/opt/ros/humble/share/nmea_msgs/cmake)
-- Found rclcpp: 16.0.17 (/opt/ros/humble/share/rclcpp/cmake)
-- Found rmw_implementation_cmake: 6.1.2 (/opt/ros/humble/share/rmw_implementation_cmake/cmake)
-- Found rmw_fastrtps_cpp: 6.2.9 (/opt/ros/humble/share/rmw_fastrtps_cpp/cmake)
-- Found OpenSSL: /usr/lib/x86_64-linux-gnu/libcrypto.so (found version "3.0.2")  
-- Found FastRTPS: /opt/ros/humble/include  
-- Using RMW implementation 'rmw_fastrtps_cpp' as default
-- Looking for pthread.h
-- Looking for pthread.h - found
-- Performing Test CMAKE_HAVE_LIBC_PTHREAD
-- Performing Test CMAKE_HAVE_LIBC_PTHREAD - Success
-- Found Threads: TRUE  
-- Found sensor_msgs: 4.9.0 (/opt/ros/humble/share/sensor_msgs/cmake)
-- Found serial: 1.2.1 (/home/badger/codex-research/superlio-ego-20261007/lio-ready-69b9b75-ws/install/serial/share/serial/cmake)
-- Found tf2: 0.25.18 (/opt/ros/humble/share/tf2/cmake)
-- Configuring done
-- Generating done
CMake Warning:
  Manually-specified variables were not used by the project:

    HUMBLE_ROS
    LIVOX_LIDAR_SDK_INCLUDE_DIR
    LIVOX_LIDAR_SDK_LIBRARY
    ROS_EDITION


-- Build files have been written to: /home/badger/codex-research/superlio-ego-20261007/lio-ready-69b9b75-ws/build/um982_rtk_driver
[ 16%] Building CXX object CMakeFiles/um982_rtk_parser.dir/src/heading_selector.cpp.o
[ 33%] Building CXX object CMakeFiles/um982_rtk_parser.dir/src/nmea_parser.cpp.o
[ 50%] Building CXX object CMakeFiles/um982_rtk_parser.dir/src/ntrip_response.cpp.o
[ 66%] Linking CXX static library libum982_rtk_parser.a
[ 66%] Built target um982_rtk_parser
[ 83%] Building CXX object CMakeFiles/um982_rtk_node.dir/src/um982_rtk_node.cpp.o
[100%] Linking CXX executable um982_rtk_node
[100%] Built target um982_rtk_node
-- Install configuration: ""
-- Installing: /home/badger/codex-research/superlio-ego-20261007/lio-ready-69b9b75-ws/install/um982_rtk_driver/lib/libum982_rtk_parser.a
-- Installing: /home/badger/codex-research/superlio-ego-20261007/lio-ready-69b9b75-ws/install/um982_rtk_driver/lib/um982_rtk_driver/um982_rtk_node
-- Set runtime path of "/home/badger/codex-research/superlio-ego-20261007/lio-ready-69b9b75-ws/install/um982_rtk_driver/lib/um982_rtk_driver/um982_rtk_node" to ""
-- Installing: /home/badger/codex-research/superlio-ego-20261007/lio-ready-69b9b75-ws/install/um982_rtk_driver/include
-- Installing: /home/badger/codex-research/superlio-ego-20261007/lio-ready-69b9b75-ws/install/um982_rtk_driver/include/um982_rtk_driver
-- Installing: /home/badger/codex-research/superlio-ego-20261007/lio-ready-69b9b75-ws/install/um982_rtk_driver/include/um982_rtk_driver/heading_selector.hpp
-- Installing: /home/badger/codex-research/superlio-ego-20261007/lio-ready-69b9b75-ws/install/um982_rtk_driver/include/um982_rtk_driver/ntrip_reconnect_policy.hpp
-- Installing: /home/badger/codex-research/superlio-ego-20261007/lio-ready-69b9b75-ws/install/um982_rtk_driver/include/um982_rtk_driver/ntrip_response.hpp
-- Installing: /home/badger/codex-research/superlio-ego-20261007/lio-ready-69b9b75-ws/install/um982_rtk_driver/include/um982_rtk_driver/nmea_parser.hpp
-- Installing: /home/badger/codex-research/superlio-ego-20261007/lio-ready-69b9b75-ws/install/um982_rtk_driver/share/um982_rtk_driver/config
-- Installing: /home/badger/codex-research/superlio-ego-20261007/lio-ready-69b9b75-ws/install/um982_rtk_driver/share/um982_rtk_driver/config/um982_rtk.yaml
-- Installing: /home/badger/codex-research/superlio-ego-20261007/lio-ready-69b9b75-ws/install/um982_rtk_driver/share/um982_rtk_driver/launch
-- Installing: /home/badger/codex-research/superlio-ego-20261007/lio-ready-69b9b75-ws/install/um982_rtk_driver/share/um982_rtk_driver/launch/um982_rtk.launch.py
-- Installing: /home/badger/codex-research/superlio-ego-20261007/lio-ready-69b9b75-ws/install/um982_rtk_driver/share/um982_rtk_driver/environment/library_path.sh
-- Installing: /home/badger/codex-research/superlio-ego-20261007/lio-ready-69b9b75-ws/install/um982_rtk_driver/share/um982_rtk_driver/environment/library_path.dsv
-- Installing: /home/badger/codex-research/superlio-ego-20261007/lio-ready-69b9b75-ws/install/um982_rtk_driver/share/ament_index/resource_index/package_run_dependencies/um982_rtk_driver
-- Installing: /home/badger/codex-research/superlio-ego-20261007/lio-ready-69b9b75-ws/install/um982_rtk_driver/share/ament_index/resource_index/parent_prefix_path/um982_rtk_driver
-- Installing: /home/badger/codex-research/superlio-ego-20261007/lio-ready-69b9b75-ws/install/um982_rtk_driver/share/um982_rtk_driver/environment/ament_prefix_path.sh
-- Installing: /home/badger/codex-research/superlio-ego-20261007/lio-ready-69b9b75-ws/install/um982_rtk_driver/share/um982_rtk_driver/environment/ament_prefix_path.dsv
-- Installing: /home/badger/codex-research/superlio-ego-20261007/lio-ready-69b9b75-ws/install/um982_rtk_driver/share/um982_rtk_driver/environment/path.sh
-- Installing: /home/badger/codex-research/superlio-ego-20261007/lio-ready-69b9b75-ws/install/um982_rtk_driver/share/um982_rtk_driver/environment/path.dsv
-- Installing: /home/badger/codex-research/superlio-ego-20261007/lio-ready-69b9b75-ws/install/um982_rtk_driver/share/um982_rtk_driver/local_setup.bash
-- Installing: /home/badger/codex-research/superlio-ego-20261007/lio-ready-69b9b75-ws/install/um982_rtk_driver/share/um982_rtk_driver/local_setup.sh
-- Installing: /home/badger/codex-research/superlio-ego-20261007/lio-ready-69b9b75-ws/install/um982_rtk_driver/share/um982_rtk_driver/local_setup.zsh
-- Installing: /home/badger/codex-research/superlio-ego-20261007/lio-ready-69b9b75-ws/install/um982_rtk_driver/share/um982_rtk_driver/local_setup.dsv
-- Installing: /home/badger/codex-research/superlio-ego-20261007/lio-ready-69b9b75-ws/install/um982_rtk_driver/share/um982_rtk_driver/package.dsv
-- Installing: /home/badger/codex-research/superlio-ego-20261007/lio-ready-69b9b75-ws/install/um982_rtk_driver/share/ament_index/resource_index/packages/um982_rtk_driver
-- Installing: /home/badger/codex-research/superlio-ego-20261007/lio-ready-69b9b75-ws/install/um982_rtk_driver/share/um982_rtk_driver/cmake/ament_cmake_export_include_directories-extras.cmake
-- Installing: /home/badger/codex-research/superlio-ego-20261007/lio-ready-69b9b75-ws/install/um982_rtk_driver/share/um982_rtk_driver/cmake/ament_cmake_export_libraries-extras.cmake
-- Installing: /home/badger/codex-research/superlio-ego-20261007/lio-ready-69b9b75-ws/install/um982_rtk_driver/share/um982_rtk_driver/cmake/um982_rtk_driverConfig.cmake
-- Installing: /home/badger/codex-research/superlio-ego-20261007/lio-ready-69b9b75-ws/install/um982_rtk_driver/share/um982_rtk_driver/cmake/um982_rtk_driverConfig-version.cmake
-- Installing: /home/badger/codex-research/superlio-ego-20261007/lio-ready-69b9b75-ws/install/um982_rtk_driver/share/um982_rtk_driver/package.xml
--- stderr: um982_rtk_driver
CMake Warning:
  Manually-specified variables were not used by the project:

    HUMBLE_ROS
    LIVOX_LIDAR_SDK_INCLUDE_DIR
    LIVOX_LIDAR_SDK_LIBRARY
    ROS_EDITION


---
Finished <<< um982_rtk_driver [4.78s]
Starting >>> active_road_mapping
running egg_info
creating ../../../lio-ready-69b9b75-ws/build/active_road_mapping/active_road_mapping.egg-info
writing ../../../lio-ready-69b9b75-ws/build/active_road_mapping/active_road_mapping.egg-info/PKG-INFO
writing dependency_links to ../../../lio-ready-69b9b75-ws/build/active_road_mapping/active_road_mapping.egg-info/dependency_links.txt
writing entry points to ../../../lio-ready-69b9b75-ws/build/active_road_mapping/active_road_mapping.egg-info/entry_points.txt
writing requirements to ../../../lio-ready-69b9b75-ws/build/active_road_mapping/active_road_mapping.egg-info/requires.txt
writing top-level names to ../../../lio-ready-69b9b75-ws/build/active_road_mapping/active_road_mapping.egg-info/top_level.txt
writing manifest file '../../../lio-ready-69b9b75-ws/build/active_road_mapping/active_road_mapping.egg-info/SOURCES.txt'
reading manifest file '../../../lio-ready-69b9b75-ws/build/active_road_mapping/active_road_mapping.egg-info/SOURCES.txt'
writing manifest file '../../../lio-ready-69b9b75-ws/build/active_road_mapping/active_road_mapping.egg-info/SOURCES.txt'
running build
running build_py
creating /home/badger/codex-research/superlio-ego-20261007/lio-ready-69b9b75-ws/build/active_road_mapping/build
creating /home/badger/codex-research/superlio-ego-20261007/lio-ready-69b9b75-ws/build/active_road_mapping/build/lib
creating /home/badger/codex-research/superlio-ego-20261007/lio-ready-69b9b75-ws/build/active_road_mapping/build/lib/active_road_mapping
copying active_road_mapping/observation_node.py -> /home/badger/codex-research/superlio-ego-20261007/lio-ready-69b9b75-ws/build/active_road_mapping/build/lib/active_road_mapping
copying active_road_mapping/__init__.py -> /home/badger/codex-research/superlio-ego-20261007/lio-ready-69b9b75-ws/build/active_road_mapping/build/lib/active_road_mapping
copying active_road_mapping/map_node.py -> /home/badger/codex-research/superlio-ego-20261007/lio-ready-69b9b75-ws/build/active_road_mapping/build/lib/active_road_mapping
copying active_road_mapping/evidence_node.py -> /home/badger/codex-research/superlio-ego-20261007/lio-ready-69b9b75-ws/build/active_road_mapping/build/lib/active_road_mapping
running install
running install_lib
creating /home/badger/codex-research/superlio-ego-20261007/lio-ready-69b9b75-ws/install/active_road_mapping/lib/python3.10/site-packages/active_road_mapping
copying /home/badger/codex-research/superlio-ego-20261007/lio-ready-69b9b75-ws/build/active_road_mapping/build/lib/active_road_mapping/observation_node.py -> /home/badger/codex-research/superlio-ego-20261007/lio-ready-69b9b75-ws/install/active_road_mapping/lib/python3.10/site-packages/active_road_mapping
copying /home/badger/codex-research/superlio-ego-20261007/lio-ready-69b9b75-ws/build/active_road_mapping/build/lib/active_road_mapping/__init__.py -> /home/badger/codex-research/superlio-ego-20261007/lio-ready-69b9b75-ws/install/active_road_mapping/lib/python3.10/site-packages/active_road_mapping
copying /home/badger/codex-research/superlio-ego-20261007/lio-ready-69b9b75-ws/build/active_road_mapping/build/lib/active_road_mapping/map_node.py -> /home/badger/codex-research/superlio-ego-20261007/lio-ready-69b9b75-ws/install/active_road_mapping/lib/python3.10/site-packages/active_road_mapping
copying /home/badger/codex-research/superlio-ego-20261007/lio-ready-69b9b75-ws/build/active_road_mapping/build/lib/active_road_mapping/evidence_node.py -> /home/badger/codex-research/superlio-ego-20261007/lio-ready-69b9b75-ws/install/active_road_mapping/lib/python3.10/site-packages/active_road_mapping
byte-compiling /home/badger/codex-research/superlio-ego-20261007/lio-ready-69b9b75-ws/install/active_road_mapping/lib/python3.10/site-packages/active_road_mapping/observation_node.py to observation_node.cpython-310.pyc
byte-compiling /home/badger/codex-research/superlio-ego-20261007/lio-ready-69b9b75-ws/install/active_road_mapping/lib/python3.10/site-packages/active_road_mapping/__init__.py to __init__.cpython-310.pyc
byte-compiling /home/badger/codex-research/superlio-ego-20261007/lio-ready-69b9b75-ws/install/active_road_mapping/lib/python3.10/site-packages/active_road_mapping/map_node.py to map_node.cpython-310.pyc
byte-compiling /home/badger/codex-research/superlio-ego-20261007/lio-ready-69b9b75-ws/install/active_road_mapping/lib/python3.10/site-packages/active_road_mapping/evidence_node.py to evidence_node.cpython-310.pyc
running install_data
creating /home/badger/codex-research/superlio-ego-20261007/lio-ready-69b9b75-ws/install/active_road_mapping/share/ament_index
creating /home/badger/codex-research/superlio-ego-20261007/lio-ready-69b9b75-ws/install/active_road_mapping/share/ament_index/resource_index
creating /home/badger/codex-research/superlio-ego-20261007/lio-ready-69b9b75-ws/install/active_road_mapping/share/ament_index/resource_index/packages
copying resource/active_road_mapping -> /home/badger/codex-research/superlio-ego-20261007/lio-ready-69b9b75-ws/install/active_road_mapping/share/ament_index/resource_index/packages
copying package.xml -> /home/badger/codex-research/superlio-ego-20261007/lio-ready-69b9b75-ws/install/active_road_mapping/share/active_road_mapping
running install_egg_info
Copying ../../../lio-ready-69b9b75-ws/build/active_road_mapping/active_road_mapping.egg-info to /home/badger/codex-research/superlio-ego-20261007/lio-ready-69b9b75-ws/install/active_road_mapping/lib/python3.10/site-packages/active_road_mapping-0.1.0-py3.10.egg-info
running install_scripts
Installing active_observation script to /home/badger/codex-research/superlio-ego-20261007/lio-ready-69b9b75-ws/install/active_road_mapping/lib/active_road_mapping
Installing active_road_evidence script to /home/badger/codex-research/superlio-ego-20261007/lio-ready-69b9b75-ws/install/active_road_mapping/lib/active_road_mapping
Installing active_road_map script to /home/badger/codex-research/superlio-ego-20261007/lio-ready-69b9b75-ws/install/active_road_mapping/lib/active_road_mapping
writing list of installed files to '/home/badger/codex-research/superlio-ego-20261007/lio-ready-69b9b75-ws/build/active_road_mapping/install.log'
Finished <<< active_road_mapping [0.48s]
Starting >>> ego_vehicle_adapter
running egg_info
creating ../../../lio-ready-69b9b75-ws/build/ego_vehicle_adapter/ego_vehicle_adapter.egg-info
writing ../../../lio-ready-69b9b75-ws/build/ego_vehicle_adapter/ego_vehicle_adapter.egg-info/PKG-INFO
writing dependency_links to ../../../lio-ready-69b9b75-ws/build/ego_vehicle_adapter/ego_vehicle_adapter.egg-info/dependency_links.txt
writing requirements to ../../../lio-ready-69b9b75-ws/build/ego_vehicle_adapter/ego_vehicle_adapter.egg-info/requires.txt
writing top-level names to ../../../lio-ready-69b9b75-ws/build/ego_vehicle_adapter/ego_vehicle_adapter.egg-info/top_level.txt
writing manifest file '../../../lio-ready-69b9b75-ws/build/ego_vehicle_adapter/ego_vehicle_adapter.egg-info/SOURCES.txt'
reading manifest file '../../../lio-ready-69b9b75-ws/build/ego_vehicle_adapter/ego_vehicle_adapter.egg-info/SOURCES.txt'
writing manifest file '../../../lio-ready-69b9b75-ws/build/ego_vehicle_adapter/ego_vehicle_adapter.egg-info/SOURCES.txt'
running build
running build_py
creating /home/badger/codex-research/superlio-ego-20261007/lio-ready-69b9b75-ws/build/ego_vehicle_adapter/build
creating /home/badger/codex-research/superlio-ego-20261007/lio-ready-69b9b75-ws/build/ego_vehicle_adapter/build/lib
creating /home/badger/codex-research/superlio-ego-20261007/lio-ready-69b9b75-ws/build/ego_vehicle_adapter/build/lib/ego_vehicle_adapter
copying ego_vehicle_adapter/__init__.py -> /home/badger/codex-research/superlio-ego-20261007/lio-ready-69b9b75-ws/build/ego_vehicle_adapter/build/lib/ego_vehicle_adapter
running install
running install_lib
creating /home/badger/codex-research/superlio-ego-20261007/lio-ready-69b9b75-ws/install/ego_vehicle_adapter/lib/python3.10/site-packages/ego_vehicle_adapter
copying /home/badger/codex-research/superlio-ego-20261007/lio-ready-69b9b75-ws/build/ego_vehicle_adapter/build/lib/ego_vehicle_adapter/__init__.py -> /home/badger/codex-research/superlio-ego-20261007/lio-ready-69b9b75-ws/install/ego_vehicle_adapter/lib/python3.10/site-packages/ego_vehicle_adapter
byte-compiling /home/badger/codex-research/superlio-ego-20261007/lio-ready-69b9b75-ws/install/ego_vehicle_adapter/lib/python3.10/site-packages/ego_vehicle_adapter/__init__.py to __init__.cpython-310.pyc
running install_data
creating /home/badger/codex-research/superlio-ego-20261007/lio-ready-69b9b75-ws/install/ego_vehicle_adapter/share/ament_index
creating /home/badger/codex-research/superlio-ego-20261007/lio-ready-69b9b75-ws/install/ego_vehicle_adapter/share/ament_index/resource_index
creating /home/badger/codex-research/superlio-ego-20261007/lio-ready-69b9b75-ws/install/ego_vehicle_adapter/share/ament_index/resource_index/packages
copying resource/ego_vehicle_adapter -> /home/badger/codex-research/superlio-ego-20261007/lio-ready-69b9b75-ws/install/ego_vehicle_adapter/share/ament_index/resource_index/packages
copying package.xml -> /home/badger/codex-research/superlio-ego-20261007/lio-ready-69b9b75-ws/install/ego_vehicle_adapter/share/ego_vehicle_adapter
running install_egg_info
Copying ../../../lio-ready-69b9b75-ws/build/ego_vehicle_adapter/ego_vehicle_adapter.egg-info to /home/badger/codex-research/superlio-ego-20261007/lio-ready-69b9b75-ws/install/ego_vehicle_adapter/lib/python3.10/site-packages/ego_vehicle_adapter-0.1.0-py3.10.egg-info
running install_scripts
writing list of installed files to '/home/badger/codex-research/superlio-ego-20261007/lio-ready-69b9b75-ws/build/ego_vehicle_adapter/install.log'
Finished <<< ego_vehicle_adapter [0.47s]
Starting >>> bringup
-- The C compiler identification is GNU 11.4.0
-- The CXX compiler identification is GNU 11.4.0
-- Detecting C compiler ABI info
-- Detecting C compiler ABI info - done
-- Check for working C compiler: /usr/bin/cc - skipped
-- Detecting C compile features
-- Detecting C compile features - done
-- Detecting CXX compiler ABI info
-- Detecting CXX compiler ABI info - done
-- Check for working CXX compiler: /usr/bin/c++ - skipped
-- Detecting CXX compile features
-- Detecting CXX compile features - done
-- Found ament_cmake: 1.3.12 (/opt/ros/humble/share/ament_cmake/cmake)
-- Found Python3: /usr/bin/python3 (found version "3.10.12") found components: Interpreter 
-- Configuring done
-- Generating done
CMake Warning:
  Manually-specified variables were not used by the project:

    HUMBLE_ROS
    LIVOX_LIDAR_SDK_INCLUDE_DIR
    LIVOX_LIDAR_SDK_LIBRARY
    ROS_EDITION


-- Build files have been written to: /home/badger/codex-research/superlio-ego-20261007/lio-ready-69b9b75-ws/build/bringup
-- Install configuration: ""
-- Installing: /home/badger/codex-research/superlio-ego-20261007/lio-ready-69b9b75-ws/install/bringup/share/bringup/launch
-- Installing: /home/badger/codex-research/superlio-ego-20261007/lio-ready-69b9b75-ws/install/bringup/share/bringup/launch/system_travel.launch.py
-- Installing: /home/badger/codex-research/superlio-ego-20261007/lio-ready-69b9b75-ws/install/bringup/share/bringup/launch/system_nav_gps.launch.py
-- Installing: /home/badger/codex-research/superlio-ego-20261007/lio-ready-69b9b75-ws/install/bringup/share/bringup/launch/system_slam.launch.py
-- Installing: /home/badger/codex-research/superlio-ego-20261007/lio-ready-69b9b75-ws/install/bringup/share/bringup/launch/system_explore_gps.launch.py
-- Installing: /home/badger/codex-research/superlio-ego-20261007/lio-ready-69b9b75-ws/install/bringup/share/bringup/launch/robot_description.launch.py
-- Installing: /home/badger/codex-research/superlio-ego-20261007/lio-ready-69b9b75-ws/install/bringup/share/bringup/launch/system_tightly_coupled.launch.py
-- Installing: /home/badger/codex-research/superlio-ego-20261007/lio-ready-69b9b75-ws/install/bringup/share/bringup/launch/system_explore.launch.py
-- Installing: /home/badger/codex-research/superlio-ego-20261007/lio-ready-69b9b75-ws/install/bringup/share/bringup/launch/subsystem
-- Installing: /home/badger/codex-research/superlio-ego-20261007/lio-ready-69b9b75-ws/install/bringup/share/bringup/launch/subsystem/Control_and_Execution_layer_launch.py
-- Installing: /home/badger/codex-research/superlio-ego-20261007/lio-ready-69b9b75-ws/install/bringup/share/bringup/launch/subsystem/Local_planning_and_Decision_making_layer_launch.py
-- Installing: /home/badger/codex-research/superlio-ego-20261007/lio-ready-69b9b75-ws/install/bringup/share/bringup/launch/subsystem/Sensor_Driver_layer_launch.py
-- Installing: /home/badger/codex-research/superlio-ego-20261007/lio-ready-69b9b75-ws/install/bringup/share/bringup/launch/subsystem/Perception_and_Positioning_layer_launch.py
-- Installing: /home/badger/codex-research/superlio-ego-20261007/lio-ready-69b9b75-ws/install/bringup/share/bringup/launch/subsystem/Global_cognition_and_Navigation_layer_launch.py
-- Installing: /home/badger/codex-research/superlio-ego-20261007/lio-ready-69b9b75-ws/install/bringup/share/bringup/launch/system_gps_corridor.launch.py
-- Installing: /home/badger/codex-research/superlio-ego-20261007/lio-ready-69b9b75-ws/install/bringup/share/bringup/launch/system_rtk_basic.launch.py
-- Installing: /home/badger/codex-research/superlio-ego-20261007/lio-ready-69b9b75-ws/install/bringup/share/bringup/launch/system_active_road_research.launch.py
-- Installing: /home/badger/codex-research/superlio-ego-20261007/lio-ready-69b9b75-ws/install/bringup/share/bringup/config
-- Installing: /home/badger/codex-research/superlio-ego-20261007/lio-ready-69b9b75-ws/install/bringup/share/bringup/config/research_safety_bridge.yaml
-- Installing: /home/badger/codex-research/superlio-ego-20261007/lio-ready-69b9b75-ws/install/bringup/share/bringup/config/ego_vehicle_adapter.yaml
-- Installing: /home/badger/codex-research/superlio-ego-20261007/lio-ready-69b9b75-ws/install/bringup/share/bringup/config/nav2_gps.yaml
-- Installing: /home/badger/codex-research/superlio-ego-20261007/lio-ready-69b9b75-ws/install/bringup/share/bringup/config/rtk_fgo.yaml
-- Installing: /home/badger/codex-research/superlio-ego-20261007/lio-ready-69b9b75-ws/install/bringup/share/bringup/config/master_params.yaml
-- Installing: /home/badger/codex-research/superlio-ego-20261007/lio-ready-69b9b75-ws/install/bringup/share/bringup/config/research_local_grid.yaml
-- Installing: /home/badger/codex-research/superlio-ego-20261007/lio-ready-69b9b75-ws/install/bringup/share/bringup/config/active_road_evidence.yaml
-- Installing: /home/badger/codex-research/superlio-ego-20261007/lio-ready-69b9b75-ws/install/bringup/share/bringup/config/super_lio_reference.yaml
-- Installing: /home/badger/codex-research/superlio-ego-20261007/lio-ready-69b9b75-ws/install/bringup/share/bringup/config/super_lio_vehicle.yaml
-- Installing: /home/badger/codex-research/superlio-ego-20261007/lio-ready-69b9b75-ws/install/bringup/share/bringup/config/active_road_mapping.yaml
-- Installing: /home/badger/codex-research/superlio-ego-20261007/lio-ready-69b9b75-ws/install/bringup/share/bringup/config/pgo_corridor_no_gps.yaml
-- Installing: /home/badger/codex-research/superlio-ego-20261007/lio-ready-69b9b75-ws/install/bringup/share/bringup/config/pgo_corridor_no_tf.yaml
-- Installing: /home/badger/codex-research/superlio-ego-20261007/lio-ready-69b9b75-ws/install/bringup/share/bringup/config/nav2_explore.yaml
-- Installing: /home/badger/codex-research/superlio-ego-20261007/lio-ready-69b9b75-ws/install/bringup/share/bringup/config/nav2_travel.yaml
-- Installing: /home/badger/codex-research/superlio-ego-20261007/lio-ready-69b9b75-ws/install/bringup/share/bringup/config/active_observation.yaml
-- Installing: /home/badger/codex-research/superlio-ego-20261007/lio-ready-69b9b75-ws/install/bringup/share/bringup/config/nav2_corridor_rtk.yaml
-- Installing: /home/badger/codex-research/superlio-ego-20261007/lio-ready-69b9b75-ws/install/bringup/share/bringup/config/super_lio_cloud_frame.yaml
-- Installing: /home/badger/codex-research/superlio-ego-20261007/lio-ready-69b9b75-ws/install/bringup/share/bringup/config/nav2_default.yaml
-- Installing: /home/badger/codex-research/superlio-ego-20261007/lio-ready-69b9b75-ws/install/bringup/share/bringup/behavior_trees
-- Installing: /home/badger/codex-research/superlio-ego-20261007/lio-ready-69b9b75-ws/install/bringup/share/bringup/behavior_trees/navigate_to_pose_w_replanning_5hz_no_motion_recovery.xml
-- Installing: /home/badger/codex-research/superlio-ego-20261007/lio-ready-69b9b75-ws/install/bringup/share/bringup/behavior_trees/navigate_through_poses_w_replanning_5hz_no_motion_recovery.xml
-- Installing: /home/badger/codex-research/superlio-ego-20261007/lio-ready-69b9b75-ws/install/bringup/share/bringup/behavior_trees/navigate_to_pose_w_replanning_3hz_and_recovery.xml
-- Installing: /home/badger/codex-research/superlio-ego-20261007/lio-ready-69b9b75-ws/install/bringup/share/bringup/rviz
-- Installing: /home/badger/codex-research/superlio-ego-20261007/lio-ready-69b9b75-ws/install/bringup/share/bringup/rviz/nav2_default.rviz
-- Installing: /home/badger/codex-research/superlio-ego-20261007/lio-ready-69b9b75-ws/install/bringup/share/bringup/rviz/pgo.rviz
-- Installing: /home/badger/codex-research/superlio-ego-20261007/lio-ready-69b9b75-ws/install/bringup/share/bringup/urdf
-- Installing: /home/badger/codex-research/superlio-ego-20261007/lio-ready-69b9b75-ws/install/bringup/share/bringup/urdf/rosbot
-- Installing: /home/badger/codex-research/superlio-ego-20261007/lio-ready-69b9b75-ws/install/bringup/share/bringup/urdf/rosbot/rosbot.urdf.xacro
-- Installing: /home/badger/codex-research/superlio-ego-20261007/lio-ready-69b9b75-ws/install/bringup/share/bringup/urdf/rosbot/base.urdf.xacro
-- Installing: /home/badger/codex-research/superlio-ego-20261007/lio-ready-69b9b75-ws/install/bringup/share/bringup/urdf/rosbot/actuator
-- Installing: /home/badger/codex-research/superlio-ego-20261007/lio-ready-69b9b75-ws/install/bringup/share/bringup/urdf/rosbot/actuator/wheel.urdf.xacro
-- Installing: /home/badger/codex-research/superlio-ego-20261007/lio-ready-69b9b75-ws/install/bringup/share/bringup/urdf/rosbot/actuator/caster.urdf.xacro
-- Installing: /home/badger/codex-research/superlio-ego-20261007/lio-ready-69b9b75-ws/install/bringup/share/bringup/urdf/rosbot/common_inertia.xacro
-- Installing: /home/badger/codex-research/superlio-ego-20261007/lio-ready-69b9b75-ws/install/bringup/share/bringup/urdf/rosbot/sensor
-- Installing: /home/badger/codex-research/superlio-ego-20261007/lio-ready-69b9b75-ws/install/bringup/share/bringup/urdf/rosbot/sensor/camera.urdf.xacro
-- Installing: /home/badger/codex-research/superlio-ego-20261007/lio-ready-69b9b75-ws/install/bringup/share/bringup/urdf/rosbot/sensor/laser.urdf.xacro
-- Installing: /home/badger/codex-research/superlio-ego-20261007/lio-ready-69b9b75-ws/install/bringup/share/bringup/urdf/rosbot/sensor/imu.urdf.xacro
-- Installing: /home/badger/codex-research/superlio-ego-20261007/lio-ready-69b9b75-ws/install/bringup/share/bringup/urdf/rosbot/plugins
-- Installing: /home/badger/codex-research/superlio-ego-20261007/lio-ready-69b9b75-ws/install/bringup/share/bringup/urdf/rosbot/plugins/gazebo_control_plugin.xacro
-- Installing: /home/badger/codex-research/superlio-ego-20261007/lio-ready-69b9b75-ws/install/bringup/share/ament_index/resource_index/package_run_dependencies/bringup
-- Installing: /home/badger/codex-research/superlio-ego-20261007/lio-ready-69b9b75-ws/install/bringup/share/ament_index/resource_index/parent_prefix_path/bringup
-- Installing: /home/badger/codex-research/superlio-ego-20261007/lio-ready-69b9b75-ws/install/bringup/share/bringup/environment/ament_prefix_path.sh
-- Installing: /home/badger/codex-research/superlio-ego-20261007/lio-ready-69b9b75-ws/install/bringup/share/bringup/environment/ament_prefix_path.dsv
-- Installing: /home/badger/codex-research/superlio-ego-20261007/lio-ready-69b9b75-ws/install/bringup/share/bringup/environment/path.sh
-- Installing: /home/badger/codex-research/superlio-ego-20261007/lio-ready-69b9b75-ws/install/bringup/share/bringup/environment/path.dsv
-- Installing: /home/badger/codex-research/superlio-ego-20261007/lio-ready-69b9b75-ws/install/bringup/share/bringup/local_setup.bash
-- Installing: /home/badger/codex-research/superlio-ego-20261007/lio-ready-69b9b75-ws/install/bringup/share/bringup/local_setup.sh
-- Installing: /home/badger/codex-research/superlio-ego-20261007/lio-ready-69b9b75-ws/install/bringup/share/bringup/local_setup.zsh
-- Installing: /home/badger/codex-research/superlio-ego-20261007/lio-ready-69b9b75-ws/install/bringup/share/bringup/local_setup.dsv
-- Installing: /home/badger/codex-research/superlio-ego-20261007/lio-ready-69b9b75-ws/install/bringup/share/bringup/package.dsv
-- Installing: /home/badger/codex-research/superlio-ego-20261007/lio-ready-69b9b75-ws/install/bringup/share/ament_index/resource_index/packages/bringup
-- Installing: /home/badger/codex-research/superlio-ego-20261007/lio-ready-69b9b75-ws/install/bringup/share/bringup/cmake/bringupConfig.cmake
-- Installing: /home/badger/codex-research/superlio-ego-20261007/lio-ready-69b9b75-ws/install/bringup/share/bringup/cmake/bringupConfig-version.cmake
-- Installing: /home/badger/codex-research/superlio-ego-20261007/lio-ready-69b9b75-ws/install/bringup/share/bringup/package.xml
--- stderr: bringup
CMake Warning:
  Manually-specified variables were not used by the project:

    HUMBLE_ROS
    LIVOX_LIDAR_SDK_INCLUDE_DIR
    LIVOX_LIDAR_SDK_LIBRARY
    ROS_EDITION


---
Finished <<< bringup [0.44s]

Summary: 14 packages finished [2min 8s]
  5 packages had stderr output: bringup ego_planner serial_twistctl super_lio um982_rtk_driver
