-- The C compiler identification is GNU 11.4.0
-- The CXX compiler identification is GNU 11.4.0
-- Detecting C compiler ABI info
-- Detecting C compiler ABI info - done
-- Check for working C compiler: /usr/bin/cc - skipped
-- Detecting C compile features
-- Detecting C compile features - done
-- Detecting CXX compiler ABI info
-- Detecting CXX compiler ABI info - done
-- Check for working CXX compiler: /usr/bin/c++ - skipped
-- Detecting CXX compile features
-- Detecting CXX compile features - done
-- main project dir: /home/badger/codex-research/superlio-ego-20261007/vehicle-lio-ready/src/sensor_drivers/Livox-SDK2
-- main project dir: /home/badger/codex-research/superlio-ego-20261007/vehicle-lio-ready/src/sensor_drivers/Livox-SDK2/samples
-- Configuring done
-- Generating done
-- Build files have been written to: /home/badger/codex-research/superlio-ego-20261007/lio-ready-69b9b75-ws/sdk-build
[  1%] Building CXX object sdk_core/CMakeFiles/livox_lidar_sdk_static.dir/__/3rdparty/FastCRC/FastCRCsw.cpp.o
[  2%] Building CXX object sdk_core/CMakeFiles/livox_lidar_sdk_static.dir/device_manager.cpp.o
[  3%] Building CXX object sdk_core/CMakeFiles/livox_lidar_sdk_static.dir/livox_lidar_sdk.cpp.o
[  4%] Building CXX object sdk_core/CMakeFiles/livox_lidar_sdk_static.dir/params_check.cpp.o
[  6%] Building CXX object sdk_core/CMakeFiles/livox_lidar_sdk_static.dir/parse_cfg_file.cpp.o
[  7%] Building CXX object sdk_core/CMakeFiles/livox_lidar_sdk_static.dir/upgrade_manager.cpp.o
[  8%] Building CXX object sdk_core/CMakeFiles/livox_lidar_sdk_static.dir/base/io_loop.cpp.o
[  9%] Building CXX object sdk_core/CMakeFiles/livox_lidar_sdk_static.dir/base/thread_base.cpp.o
[ 10%] Building CXX object sdk_core/CMakeFiles/livox_lidar_sdk_static.dir/base/io_thread.cpp.o
[ 12%] Building CXX object sdk_core/CMakeFiles/livox_lidar_sdk_static.dir/base/logging.cpp.o
[ 13%] Building CXX object sdk_core/CMakeFiles/livox_lidar_sdk_static.dir/base/network/unix/network_util.cpp.o
[ 14%] Building CXX object sdk_core/CMakeFiles/livox_lidar_sdk_static.dir/base/multiple_io/multiple_io_base.cpp.o
[ 15%] Building CXX object sdk_core/CMakeFiles/livox_lidar_sdk_static.dir/base/multiple_io/multiple_io_epoll.cpp.o
[ 16%] Building CXX object sdk_core/CMakeFiles/livox_lidar_sdk_static.dir/base/multiple_io/multiple_io_poll.cpp.o
[ 18%] Building CXX object sdk_core/CMakeFiles/livox_lidar_sdk_static.dir/base/multiple_io/multiple_io_select.cpp.o
[ 19%] Building CXX object sdk_core/CMakeFiles/livox_lidar_sdk_static.dir/base/multiple_io/multiple_io_kqueue.cpp.o
[ 20%] Building CXX object sdk_core/CMakeFiles/livox_lidar_sdk_static.dir/base/wake_up/unix/wake_up_pipe.cpp.o
[ 21%] Building CXX object sdk_core/CMakeFiles/livox_lidar_sdk_static.dir/comm/comm_port.cpp.o
[ 22%] Building CXX object sdk_core/CMakeFiles/livox_lidar_sdk_static.dir/comm/sdk_protocol.cpp.o
[ 24%] Building CXX object sdk_core/CMakeFiles/livox_lidar_sdk_static.dir/comm/generate_seq.cpp.o
[ 25%] Building CXX object sdk_core/CMakeFiles/livox_lidar_sdk_static.dir/upgrade/firmware.cpp.o
[ 26%] Building CXX object sdk_core/CMakeFiles/livox_lidar_sdk_static.dir/upgrade/livox_lidar_upgrader.cpp.o
[ 27%] Building CXX object sdk_core/CMakeFiles/livox_lidar_sdk_static.dir/logger_handler/logger_manager.cpp.o
[ 28%] Building CXX object sdk_core/CMakeFiles/livox_lidar_sdk_static.dir/logger_handler/logger_handler.cpp.o
[ 30%] Building CXX object sdk_core/CMakeFiles/livox_lidar_sdk_static.dir/logger_handler/file_manager.cpp.o
[ 31%] Building CXX object sdk_core/CMakeFiles/livox_lidar_sdk_static.dir/data_handler/data_handler.cpp.o
[ 32%] Building CXX object sdk_core/CMakeFiles/livox_lidar_sdk_static.dir/command_handler/command_impl.cpp.o
[ 33%] Building CXX object sdk_core/CMakeFiles/livox_lidar_sdk_static.dir/command_handler/general_command_handler.cpp.o
[ 34%] Building CXX object sdk_core/CMakeFiles/livox_lidar_sdk_static.dir/command_handler/hap_command_handler.cpp.o
In file included from /home/badger/codex-research/superlio-ego-20261007/vehicle-lio-ready/src/sensor_drivers/Livox-SDK2/sdk_core/../3rdparty/rapidjson/stream.h:19,
                 from /home/badger/codex-research/superlio-ego-20261007/vehicle-lio-ready/src/sensor_drivers/Livox-SDK2/sdk_core/../3rdparty/rapidjson/memorystream.h:22,
                 from /home/badger/codex-research/superlio-ego-20261007/vehicle-lio-ready/src/sensor_drivers/Livox-SDK2/sdk_core/../3rdparty/rapidjson/encodedstream.h:22,
                 from /home/badger/codex-research/superlio-ego-20261007/vehicle-lio-ready/src/sensor_drivers/Livox-SDK2/sdk_core/../3rdparty/rapidjson/document.h:26,
                 from /home/badger/codex-research/superlio-ego-20261007/vehicle-lio-ready/src/sensor_drivers/Livox-SDK2/sdk_core/command_handler/parse_lidar_state_info.h:38,
                 from /home/badger/codex-research/superlio-ego-20261007/vehicle-lio-ready/src/sensor_drivers/Livox-SDK2/sdk_core/command_handler/hap_command_handler.cpp:37:
/home/badger/codex-research/superlio-ego-20261007/vehicle-lio-ready/src/sensor_drivers/Livox-SDK2/sdk_core/../3rdparty/rapidjson/rapidjson.h:542:29: warning: unknown option after ‘#pragma GCC diagnostic’ kind [-Wpragmas]
  542 | #define RAPIDJSON_PRAGMA(x) _Pragma(RAPIDJSON_STRINGIFY(x))
      |                             ^~~~~~~
/home/badger/codex-research/superlio-ego-20261007/vehicle-lio-ready/src/sensor_drivers/Livox-SDK2/sdk_core/../3rdparty/rapidjson/rapidjson.h:543:34: note: in expansion of macro ‘RAPIDJSON_PRAGMA’
  543 | #define RAPIDJSON_DIAG_PRAGMA(x) RAPIDJSON_PRAGMA(GCC diagnostic x)
      |                                  ^~~~~~~~~~~~~~~~
/home/badger/codex-research/superlio-ego-20261007/vehicle-lio-ready/src/sensor_drivers/Livox-SDK2/sdk_core/../3rdparty/rapidjson/rapidjson.h:545:3: note: in expansion of macro ‘RAPIDJSON_DIAG_PRAGMA’
  545 |   RAPIDJSON_DIAG_PRAGMA(ignored RAPIDJSON_STRINGIFY(RAPIDJSON_JOIN(-W, x)))
      |   ^~~~~~~~~~~~~~~~~~~~~
/home/badger/codex-research/superlio-ego-20261007/vehicle-lio-ready/src/sensor_drivers/Livox-SDK2/sdk_core/../3rdparty/rapidjson/internal/dtoa.h:36:1: note: in expansion of macro ‘RAPIDJSON_DIAG_OFF’
   36 | RAPIDJSON_DIAG_OFF(array - bounds)  // some gcc versions generate wrong warnings
      | ^~~~~~~~~~~~~~~~~~
/home/badger/codex-research/superlio-ego-20261007/vehicle-lio-ready/src/sensor_drivers/Livox-SDK2/sdk_core/../3rdparty/rapidjson/rapidjson.h:542:29: note: did you mean ‘-Warray-bounds’?
  542 | #define RAPIDJSON_PRAGMA(x) _Pragma(RAPIDJSON_STRINGIFY(x))
      |                             ^~~~~~~
/home/badger/codex-research/superlio-ego-20261007/vehicle-lio-ready/src/sensor_drivers/Livox-SDK2/sdk_core/../3rdparty/rapidjson/rapidjson.h:543:34: note: in expansion of macro ‘RAPIDJSON_PRAGMA’
  543 | #define RAPIDJSON_DIAG_PRAGMA(x) RAPIDJSON_PRAGMA(GCC diagnostic x)
      |                                  ^~~~~~~~~~~~~~~~
/home/badger/codex-research/superlio-ego-20261007/vehicle-lio-ready/src/sensor_drivers/Livox-SDK2/sdk_core/../3rdparty/rapidjson/rapidjson.h:545:3: note: in expansion of macro ‘RAPIDJSON_DIAG_PRAGMA’
  545 |   RAPIDJSON_DIAG_PRAGMA(ignored RAPIDJSON_STRINGIFY(RAPIDJSON_JOIN(-W, x)))
      |   ^~~~~~~~~~~~~~~~~~~~~
/home/badger/codex-research/superlio-ego-20261007/vehicle-lio-ready/src/sensor_drivers/Livox-SDK2/sdk_core/../3rdparty/rapidjson/internal/dtoa.h:36:1: note: in expansion of macro ‘RAPIDJSON_DIAG_OFF’
   36 | RAPIDJSON_DIAG_OFF(array - bounds)  // some gcc versions generate wrong warnings
      | ^~~~~~~~~~~~~~~~~~
[ 36%] Building CXX object sdk_core/CMakeFiles/livox_lidar_sdk_static.dir/command_handler/mid360_command_handler.cpp.o
In file included from /home/badger/codex-research/superlio-ego-20261007/vehicle-lio-ready/src/sensor_drivers/Livox-SDK2/sdk_core/../3rdparty/rapidjson/stream.h:19,
                 from /home/badger/codex-research/superlio-ego-20261007/vehicle-lio-ready/src/sensor_drivers/Livox-SDK2/sdk_core/../3rdparty/rapidjson/memorystream.h:22,
                 from /home/badger/codex-research/superlio-ego-20261007/vehicle-lio-ready/src/sensor_drivers/Livox-SDK2/sdk_core/../3rdparty/rapidjson/encodedstream.h:22,
                 from /home/badger/codex-research/superlio-ego-20261007/vehicle-lio-ready/src/sensor_drivers/Livox-SDK2/sdk_core/../3rdparty/rapidjson/document.h:26,
                 from /home/badger/codex-research/superlio-ego-20261007/vehicle-lio-ready/src/sensor_drivers/Livox-SDK2/sdk_core/command_handler/parse_lidar_state_info.h:38,
                 from /home/badger/codex-research/superlio-ego-20261007/vehicle-lio-ready/src/sensor_drivers/Livox-SDK2/sdk_core/command_handler/mid360_command_handler.cpp:37:
/home/badger/codex-research/superlio-ego-20261007/vehicle-lio-ready/src/sensor_drivers/Livox-SDK2/sdk_core/../3rdparty/rapidjson/rapidjson.h:542:29: warning: unknown option after ‘#pragma GCC diagnostic’ kind [-Wpragmas]
  542 | #define RAPIDJSON_PRAGMA(x) _Pragma(RAPIDJSON_STRINGIFY(x))
      |                             ^~~~~~~
/home/badger/codex-research/superlio-ego-20261007/vehicle-lio-ready/src/sensor_drivers/Livox-SDK2/sdk_core/../3rdparty/rapidjson/rapidjson.h:543:34: note: in expansion of macro ‘RAPIDJSON_PRAGMA’
  543 | #define RAPIDJSON_DIAG_PRAGMA(x) RAPIDJSON_PRAGMA(GCC diagnostic x)
      |                                  ^~~~~~~~~~~~~~~~
/home/badger/codex-research/superlio-ego-20261007/vehicle-lio-ready/src/sensor_drivers/Livox-SDK2/sdk_core/../3rdparty/rapidjson/rapidjson.h:545:3: note: in expansion of macro ‘RAPIDJSON_DIAG_PRAGMA’
  545 |   RAPIDJSON_DIAG_PRAGMA(ignored RAPIDJSON_STRINGIFY(RAPIDJSON_JOIN(-W, x)))
      |   ^~~~~~~~~~~~~~~~~~~~~
/home/badger/codex-research/superlio-ego-20261007/vehicle-lio-ready/src/sensor_drivers/Livox-SDK2/sdk_core/../3rdparty/rapidjson/internal/dtoa.h:36:1: note: in expansion of macro ‘RAPIDJSON_DIAG_OFF’
   36 | RAPIDJSON_DIAG_OFF(array - bounds)  // some gcc versions generate wrong warnings
      | ^~~~~~~~~~~~~~~~~~
/home/badger/codex-research/superlio-ego-20261007/vehicle-lio-ready/src/sensor_drivers/Livox-SDK2/sdk_core/../3rdparty/rapidjson/rapidjson.h:542:29: note: did you mean ‘-Warray-bounds’?
  542 | #define RAPIDJSON_PRAGMA(x) _Pragma(RAPIDJSON_STRINGIFY(x))
      |                             ^~~~~~~
/home/badger/codex-research/superlio-ego-20261007/vehicle-lio-ready/src/sensor_drivers/Livox-SDK2/sdk_core/../3rdparty/rapidjson/rapidjson.h:543:34: note: in expansion of macro ‘RAPIDJSON_PRAGMA’
  543 | #define RAPIDJSON_DIAG_PRAGMA(x) RAPIDJSON_PRAGMA(GCC diagnostic x)
      |                                  ^~~~~~~~~~~~~~~~
/home/badger/codex-research/superlio-ego-20261007/vehicle-lio-ready/src/sensor_drivers/Livox-SDK2/sdk_core/../3rdparty/rapidjson/rapidjson.h:545:3: note: in expansion of macro ‘RAPIDJSON_DIAG_PRAGMA’
  545 |   RAPIDJSON_DIAG_PRAGMA(ignored RAPIDJSON_STRINGIFY(RAPIDJSON_JOIN(-W, x)))
      |   ^~~~~~~~~~~~~~~~~~~~~
/home/badger/codex-research/superlio-ego-20261007/vehicle-lio-ready/src/sensor_drivers/Livox-SDK2/sdk_core/../3rdparty/rapidjson/internal/dtoa.h:36:1: note: in expansion of macro ‘RAPIDJSON_DIAG_OFF’
   36 | RAPIDJSON_DIAG_OFF(array - bounds)  // some gcc versions generate wrong warnings
      | ^~~~~~~~~~~~~~~~~~
[ 37%] Building CXX object sdk_core/CMakeFiles/livox_lidar_sdk_static.dir/command_handler/build_request.cpp.o
[ 38%] Building CXX object sdk_core/CMakeFiles/livox_lidar_sdk_static.dir/command_handler/parse_lidar_state_info.cpp.o
In file included from /home/badger/codex-research/superlio-ego-20261007/vehicle-lio-ready/src/sensor_drivers/Livox-SDK2/sdk_core/../3rdparty/rapidjson/stream.h:19,
                 from /home/badger/codex-research/superlio-ego-20261007/vehicle-lio-ready/src/sensor_drivers/Livox-SDK2/sdk_core/../3rdparty/rapidjson/memorystream.h:22,
                 from /home/badger/codex-research/superlio-ego-20261007/vehicle-lio-ready/src/sensor_drivers/Livox-SDK2/sdk_core/../3rdparty/rapidjson/encodedstream.h:22,
                 from /home/badger/codex-research/superlio-ego-20261007/vehicle-lio-ready/src/sensor_drivers/Livox-SDK2/sdk_core/../3rdparty/rapidjson/document.h:26,
                 from /home/badger/codex-research/superlio-ego-20261007/vehicle-lio-ready/src/sensor_drivers/Livox-SDK2/sdk_core/command_handler/parse_lidar_state_info.h:38,
                 from /home/badger/codex-research/superlio-ego-20261007/vehicle-lio-ready/src/sensor_drivers/Livox-SDK2/sdk_core/command_handler/parse_lidar_state_info.cpp:2:
/home/badger/codex-research/superlio-ego-20261007/vehicle-lio-ready/src/sensor_drivers/Livox-SDK2/sdk_core/../3rdparty/rapidjson/rapidjson.h:542:29: warning: unknown option after ‘#pragma GCC diagnostic’ kind [-Wpragmas]
  542 | #define RAPIDJSON_PRAGMA(x) _Pragma(RAPIDJSON_STRINGIFY(x))
      |                             ^~~~~~~
/home/badger/codex-research/superlio-ego-20261007/vehicle-lio-ready/src/sensor_drivers/Livox-SDK2/sdk_core/../3rdparty/rapidjson/rapidjson.h:543:34: note: in expansion of macro ‘RAPIDJSON_PRAGMA’
  543 | #define RAPIDJSON_DIAG_PRAGMA(x) RAPIDJSON_PRAGMA(GCC diagnostic x)
      |                                  ^~~~~~~~~~~~~~~~
/home/badger/codex-research/superlio-ego-20261007/vehicle-lio-ready/src/sensor_drivers/Livox-SDK2/sdk_core/../3rdparty/rapidjson/rapidjson.h:545:3: note: in expansion of macro ‘RAPIDJSON_DIAG_PRAGMA’
  545 |   RAPIDJSON_DIAG_PRAGMA(ignored RAPIDJSON_STRINGIFY(RAPIDJSON_JOIN(-W, x)))
      |   ^~~~~~~~~~~~~~~~~~~~~
/home/badger/codex-research/superlio-ego-20261007/vehicle-lio-ready/src/sensor_drivers/Livox-SDK2/sdk_core/../3rdparty/rapidjson/internal/dtoa.h:36:1: note: in expansion of macro ‘RAPIDJSON_DIAG_OFF’
   36 | RAPIDJSON_DIAG_OFF(array - bounds)  // some gcc versions generate wrong warnings
      | ^~~~~~~~~~~~~~~~~~
/home/badger/codex-research/superlio-ego-20261007/vehicle-lio-ready/src/sensor_drivers/Livox-SDK2/sdk_core/../3rdparty/rapidjson/rapidjson.h:542:29: note: did you mean ‘-Warray-bounds’?
  542 | #define RAPIDJSON_PRAGMA(x) _Pragma(RAPIDJSON_STRINGIFY(x))
      |                             ^~~~~~~
/home/badger/codex-research/superlio-ego-20261007/vehicle-lio-ready/src/sensor_drivers/Livox-SDK2/sdk_core/../3rdparty/rapidjson/rapidjson.h:543:34: note: in expansion of macro ‘RAPIDJSON_PRAGMA’
  543 | #define RAPIDJSON_DIAG_PRAGMA(x) RAPIDJSON_PRAGMA(GCC diagnostic x)
      |                                  ^~~~~~~~~~~~~~~~
/home/badger/codex-research/superlio-ego-20261007/vehicle-lio-ready/src/sensor_drivers/Livox-SDK2/sdk_core/../3rdparty/rapidjson/rapidjson.h:545:3: note: in expansion of macro ‘RAPIDJSON_DIAG_PRAGMA’
  545 |   RAPIDJSON_DIAG_PRAGMA(ignored RAPIDJSON_STRINGIFY(RAPIDJSON_JOIN(-W, x)))
      |   ^~~~~~~~~~~~~~~~~~~~~
/home/badger/codex-research/superlio-ego-20261007/vehicle-lio-ready/src/sensor_drivers/Livox-SDK2/sdk_core/../3rdparty/rapidjson/internal/dtoa.h:36:1: note: in expansion of macro ‘RAPIDJSON_DIAG_OFF’
   36 | RAPIDJSON_DIAG_OFF(array - bounds)  // some gcc versions generate wrong warnings
      | ^~~~~~~~~~~~~~~~~~
[ 39%] Building CXX object sdk_core/CMakeFiles/livox_lidar_sdk_static.dir/debug_point_cloud_handler/debug_point_cloud_manager.cpp.o
[ 40%] Building CXX object sdk_core/CMakeFiles/livox_lidar_sdk_static.dir/debug_point_cloud_handler/debug_point_cloud_handler.cpp.o
[ 42%] Linking CXX static library liblivox_lidar_sdk_static.a
[ 42%] Built target livox_lidar_sdk_static
[ 43%] Building CXX object sdk_core/CMakeFiles/livox_lidar_sdk_shared.dir/__/3rdparty/FastCRC/FastCRCsw.cpp.o
[ 44%] Building CXX object sdk_core/CMakeFiles/livox_lidar_sdk_shared.dir/device_manager.cpp.o
[ 45%] Building CXX object sdk_core/CMakeFiles/livox_lidar_sdk_shared.dir/livox_lidar_sdk.cpp.o
[ 46%] Building CXX object sdk_core/CMakeFiles/livox_lidar_sdk_shared.dir/params_check.cpp.o
[ 48%] Building CXX object sdk_core/CMakeFiles/livox_lidar_sdk_shared.dir/parse_cfg_file.cpp.o
[ 49%] Building CXX object sdk_core/CMakeFiles/livox_lidar_sdk_shared.dir/upgrade_manager.cpp.o
[ 50%] Building CXX object sdk_core/CMakeFiles/livox_lidar_sdk_shared.dir/base/io_loop.cpp.o
[ 51%] Building CXX object sdk_core/CMakeFiles/livox_lidar_sdk_shared.dir/base/thread_base.cpp.o
[ 53%] Building CXX object sdk_core/CMakeFiles/livox_lidar_sdk_shared.dir/base/io_thread.cpp.o
[ 54%] Building CXX object sdk_core/CMakeFiles/livox_lidar_sdk_shared.dir/base/logging.cpp.o
[ 55%] Building CXX object sdk_core/CMakeFiles/livox_lidar_sdk_shared.dir/base/network/unix/network_util.cpp.o
[ 56%] Building CXX object sdk_core/CMakeFiles/livox_lidar_sdk_shared.dir/base/multiple_io/multiple_io_base.cpp.o
[ 57%] Building CXX object sdk_core/CMakeFiles/livox_lidar_sdk_shared.dir/base/multiple_io/multiple_io_epoll.cpp.o
[ 59%] Building CXX object sdk_core/CMakeFiles/livox_lidar_sdk_shared.dir/base/multiple_io/multiple_io_poll.cpp.o
[ 60%] Building CXX object sdk_core/CMakeFiles/livox_lidar_sdk_shared.dir/base/multiple_io/multiple_io_select.cpp.o
[ 61%] Building CXX object sdk_core/CMakeFiles/livox_lidar_sdk_shared.dir/base/multiple_io/multiple_io_kqueue.cpp.o
[ 62%] Building CXX object sdk_core/CMakeFiles/livox_lidar_sdk_shared.dir/base/wake_up/unix/wake_up_pipe.cpp.o
[ 63%] Building CXX object sdk_core/CMakeFiles/livox_lidar_sdk_shared.dir/comm/comm_port.cpp.o
[ 65%] Building CXX object sdk_core/CMakeFiles/livox_lidar_sdk_shared.dir/comm/sdk_protocol.cpp.o
[ 66%] Building CXX object sdk_core/CMakeFiles/livox_lidar_sdk_shared.dir/comm/generate_seq.cpp.o
[ 67%] Building CXX object sdk_core/CMakeFiles/livox_lidar_sdk_shared.dir/upgrade/firmware.cpp.o
[ 68%] Building CXX object sdk_core/CMakeFiles/livox_lidar_sdk_shared.dir/upgrade/livox_lidar_upgrader.cpp.o
[ 69%] Building CXX object sdk_core/CMakeFiles/livox_lidar_sdk_shared.dir/logger_handler/logger_manager.cpp.o
[ 71%] Building CXX object sdk_core/CMakeFiles/livox_lidar_sdk_shared.dir/logger_handler/logger_handler.cpp.o
[ 72%] Building CXX object sdk_core/CMakeFiles/livox_lidar_sdk_shared.dir/logger_handler/file_manager.cpp.o
[ 73%] Building CXX object sdk_core/CMakeFiles/livox_lidar_sdk_shared.dir/data_handler/data_handler.cpp.o
[ 74%] Building CXX object sdk_core/CMakeFiles/livox_lidar_sdk_shared.dir/command_handler/command_impl.cpp.o
[ 75%] Building CXX object sdk_core/CMakeFiles/livox_lidar_sdk_shared.dir/command_handler/general_command_handler.cpp.o
[ 77%] Building CXX object sdk_core/CMakeFiles/livox_lidar_sdk_shared.dir/command_handler/hap_command_handler.cpp.o
In file included from /home/badger/codex-research/superlio-ego-20261007/vehicle-lio-ready/src/sensor_drivers/Livox-SDK2/sdk_core/../3rdparty/rapidjson/stream.h:19,
                 from /home/badger/codex-research/superlio-ego-20261007/vehicle-lio-ready/src/sensor_drivers/Livox-SDK2/sdk_core/../3rdparty/rapidjson/memorystream.h:22,
                 from /home/badger/codex-research/superlio-ego-20261007/vehicle-lio-ready/src/sensor_drivers/Livox-SDK2/sdk_core/../3rdparty/rapidjson/encodedstream.h:22,
                 from /home/badger/codex-research/superlio-ego-20261007/vehicle-lio-ready/src/sensor_drivers/Livox-SDK2/sdk_core/../3rdparty/rapidjson/document.h:26,
                 from /home/badger/codex-research/superlio-ego-20261007/vehicle-lio-ready/src/sensor_drivers/Livox-SDK2/sdk_core/command_handler/parse_lidar_state_info.h:38,
                 from /home/badger/codex-research/superlio-ego-20261007/vehicle-lio-ready/src/sensor_drivers/Livox-SDK2/sdk_core/command_handler/hap_command_handler.cpp:37:
/home/badger/codex-research/superlio-ego-20261007/vehicle-lio-ready/src/sensor_drivers/Livox-SDK2/sdk_core/../3rdparty/rapidjson/rapidjson.h:542:29: warning: unknown option after ‘#pragma GCC diagnostic’ kind [-Wpragmas]
  542 | #define RAPIDJSON_PRAGMA(x) _Pragma(RAPIDJSON_STRINGIFY(x))
      |                             ^~~~~~~
/home/badger/codex-research/superlio-ego-20261007/vehicle-lio-ready/src/sensor_drivers/Livox-SDK2/sdk_core/../3rdparty/rapidjson/rapidjson.h:543:34: note: in expansion of macro ‘RAPIDJSON_PRAGMA’
  543 | #define RAPIDJSON_DIAG_PRAGMA(x) RAPIDJSON_PRAGMA(GCC diagnostic x)
      |                                  ^~~~~~~~~~~~~~~~
/home/badger/codex-research/superlio-ego-20261007/vehicle-lio-ready/src/sensor_drivers/Livox-SDK2/sdk_core/../3rdparty/rapidjson/rapidjson.h:545:3: note: in expansion of macro ‘RAPIDJSON_DIAG_PRAGMA’
  545 |   RAPIDJSON_DIAG_PRAGMA(ignored RAPIDJSON_STRINGIFY(RAPIDJSON_JOIN(-W, x)))
      |   ^~~~~~~~~~~~~~~~~~~~~
/home/badger/codex-research/superlio-ego-20261007/vehicle-lio-ready/src/sensor_drivers/Livox-SDK2/sdk_core/../3rdparty/rapidjson/internal/dtoa.h:36:1: note: in expansion of macro ‘RAPIDJSON_DIAG_OFF’
   36 | RAPIDJSON_DIAG_OFF(array - bounds)  // some gcc versions generate wrong warnings
      | ^~~~~~~~~~~~~~~~~~
/home/badger/codex-research/superlio-ego-20261007/vehicle-lio-ready/src/sensor_drivers/Livox-SDK2/sdk_core/../3rdparty/rapidjson/rapidjson.h:542:29: note: did you mean ‘-Warray-bounds’?
  542 | #define RAPIDJSON_PRAGMA(x) _Pragma(RAPIDJSON_STRINGIFY(x))
      |                             ^~~~~~~
/home/badger/codex-research/superlio-ego-20261007/vehicle-lio-ready/src/sensor_drivers/Livox-SDK2/sdk_core/../3rdparty/rapidjson/rapidjson.h:543:34: note: in expansion of macro ‘RAPIDJSON_PRAGMA’
  543 | #define RAPIDJSON_DIAG_PRAGMA(x) RAPIDJSON_PRAGMA(GCC diagnostic x)
      |                                  ^~~~~~~~~~~~~~~~
/home/badger/codex-research/superlio-ego-20261007/vehicle-lio-ready/src/sensor_drivers/Livox-SDK2/sdk_core/../3rdparty/rapidjson/rapidjson.h:545:3: note: in expansion of macro ‘RAPIDJSON_DIAG_PRAGMA’
  545 |   RAPIDJSON_DIAG_PRAGMA(ignored RAPIDJSON_STRINGIFY(RAPIDJSON_JOIN(-W, x)))
      |   ^~~~~~~~~~~~~~~~~~~~~
/home/badger/codex-research/superlio-ego-20261007/vehicle-lio-ready/src/sensor_drivers/Livox-SDK2/sdk_core/../3rdparty/rapidjson/internal/dtoa.h:36:1: note: in expansion of macro ‘RAPIDJSON_DIAG_OFF’
   36 | RAPIDJSON_DIAG_OFF(array - bounds)  // some gcc versions generate wrong warnings
      | ^~~~~~~~~~~~~~~~~~
[ 78%] Building CXX object sdk_core/CMakeFiles/livox_lidar_sdk_shared.dir/command_handler/mid360_command_handler.cpp.o
In file included from /home/badger/codex-research/superlio-ego-20261007/vehicle-lio-ready/src/sensor_drivers/Livox-SDK2/sdk_core/../3rdparty/rapidjson/stream.h:19,
                 from /home/badger/codex-research/superlio-ego-20261007/vehicle-lio-ready/src/sensor_drivers/Livox-SDK2/sdk_core/../3rdparty/rapidjson/memorystream.h:22,
                 from /home/badger/codex-research/superlio-ego-20261007/vehicle-lio-ready/src/sensor_drivers/Livox-SDK2/sdk_core/../3rdparty/rapidjson/encodedstream.h:22,
                 from /home/badger/codex-research/superlio-ego-20261007/vehicle-lio-ready/src/sensor_drivers/Livox-SDK2/sdk_core/../3rdparty/rapidjson/document.h:26,
                 from /home/badger/codex-research/superlio-ego-20261007/vehicle-lio-ready/src/sensor_drivers/Livox-SDK2/sdk_core/command_handler/parse_lidar_state_info.h:38,
                 from /home/badger/codex-research/superlio-ego-20261007/vehicle-lio-ready/src/sensor_drivers/Livox-SDK2/sdk_core/command_handler/mid360_command_handler.cpp:37:
/home/badger/codex-research/superlio-ego-20261007/vehicle-lio-ready/src/sensor_drivers/Livox-SDK2/sdk_core/../3rdparty/rapidjson/rapidjson.h:542:29: warning: unknown option after ‘#pragma GCC diagnostic’ kind [-Wpragmas]
  542 | #define RAPIDJSON_PRAGMA(x) _Pragma(RAPIDJSON_STRINGIFY(x))
      |                             ^~~~~~~
/home/badger/codex-research/superlio-ego-20261007/vehicle-lio-ready/src/sensor_drivers/Livox-SDK2/sdk_core/../3rdparty/rapidjson/rapidjson.h:543:34: note: in expansion of macro ‘RAPIDJSON_PRAGMA’
  543 | #define RAPIDJSON_DIAG_PRAGMA(x) RAPIDJSON_PRAGMA(GCC diagnostic x)
      |                                  ^~~~~~~~~~~~~~~~
/home/badger/codex-research/superlio-ego-20261007/vehicle-lio-ready/src/sensor_drivers/Livox-SDK2/sdk_core/../3rdparty/rapidjson/rapidjson.h:545:3: note: in expansion of macro ‘RAPIDJSON_DIAG_PRAGMA’
  545 |   RAPIDJSON_DIAG_PRAGMA(ignored RAPIDJSON_STRINGIFY(RAPIDJSON_JOIN(-W, x)))
      |   ^~~~~~~~~~~~~~~~~~~~~
/home/badger/codex-research/superlio-ego-20261007/vehicle-lio-ready/src/sensor_drivers/Livox-SDK2/sdk_core/../3rdparty/rapidjson/internal/dtoa.h:36:1: note: in expansion of macro ‘RAPIDJSON_DIAG_OFF’
   36 | RAPIDJSON_DIAG_OFF(array - bounds)  // some gcc versions generate wrong warnings
      | ^~~~~~~~~~~~~~~~~~
/home/badger/codex-research/superlio-ego-20261007/vehicle-lio-ready/src/sensor_drivers/Livox-SDK2/sdk_core/../3rdparty/rapidjson/rapidjson.h:542:29: note: did you mean ‘-Warray-bounds’?
  542 | #define RAPIDJSON_PRAGMA(x) _Pragma(RAPIDJSON_STRINGIFY(x))
      |                             ^~~~~~~
/home/badger/codex-research/superlio-ego-20261007/vehicle-lio-ready/src/sensor_drivers/Livox-SDK2/sdk_core/../3rdparty/rapidjson/rapidjson.h:543:34: note: in expansion of macro ‘RAPIDJSON_PRAGMA’
  543 | #define RAPIDJSON_DIAG_PRAGMA(x) RAPIDJSON_PRAGMA(GCC diagnostic x)
      |                                  ^~~~~~~~~~~~~~~~
/home/badger/codex-research/superlio-ego-20261007/vehicle-lio-ready/src/sensor_drivers/Livox-SDK2/sdk_core/../3rdparty/rapidjson/rapidjson.h:545:3: note: in expansion of macro ‘RAPIDJSON_DIAG_PRAGMA’
  545 |   RAPIDJSON_DIAG_PRAGMA(ignored RAPIDJSON_STRINGIFY(RAPIDJSON_JOIN(-W, x)))
      |   ^~~~~~~~~~~~~~~~~~~~~
/home/badger/codex-research/superlio-ego-20261007/vehicle-lio-ready/src/sensor_drivers/Livox-SDK2/sdk_core/../3rdparty/rapidjson/internal/dtoa.h:36:1: note: in expansion of macro ‘RAPIDJSON_DIAG_OFF’
   36 | RAPIDJSON_DIAG_OFF(array - bounds)  // some gcc versions generate wrong warnings
      | ^~~~~~~~~~~~~~~~~~
[ 79%] Building CXX object sdk_core/CMakeFiles/livox_lidar_sdk_shared.dir/command_handler/build_request.cpp.o
[ 80%] Building CXX object sdk_core/CMakeFiles/livox_lidar_sdk_shared.dir/command_handler/parse_lidar_state_info.cpp.o
In file included from /home/badger/codex-research/superlio-ego-20261007/vehicle-lio-ready/src/sensor_drivers/Livox-SDK2/sdk_core/../3rdparty/rapidjson/stream.h:19,
                 from /home/badger/codex-research/superlio-ego-20261007/vehicle-lio-ready/src/sensor_drivers/Livox-SDK2/sdk_core/../3rdparty/rapidjson/memorystream.h:22,
                 from /home/badger/codex-research/superlio-ego-20261007/vehicle-lio-ready/src/sensor_drivers/Livox-SDK2/sdk_core/../3rdparty/rapidjson/encodedstream.h:22,
                 from /home/badger/codex-research/superlio-ego-20261007/vehicle-lio-ready/src/sensor_drivers/Livox-SDK2/sdk_core/../3rdparty/rapidjson/document.h:26,
                 from /home/badger/codex-research/superlio-ego-20261007/vehicle-lio-ready/src/sensor_drivers/Livox-SDK2/sdk_core/command_handler/parse_lidar_state_info.h:38,
                 from /home/badger/codex-research/superlio-ego-20261007/vehicle-lio-ready/src/sensor_drivers/Livox-SDK2/sdk_core/command_handler/parse_lidar_state_info.cpp:2:
/home/badger/codex-research/superlio-ego-20261007/vehicle-lio-ready/src/sensor_drivers/Livox-SDK2/sdk_core/../3rdparty/rapidjson/rapidjson.h:542:29: warning: unknown option after ‘#pragma GCC diagnostic’ kind [-Wpragmas]
  542 | #define RAPIDJSON_PRAGMA(x) _Pragma(RAPIDJSON_STRINGIFY(x))
      |                             ^~~~~~~
/home/badger/codex-research/superlio-ego-20261007/vehicle-lio-ready/src/sensor_drivers/Livox-SDK2/sdk_core/../3rdparty/rapidjson/rapidjson.h:543:34: note: in expansion of macro ‘RAPIDJSON_PRAGMA’
  543 | #define RAPIDJSON_DIAG_PRAGMA(x) RAPIDJSON_PRAGMA(GCC diagnostic x)
      |                                  ^~~~~~~~~~~~~~~~
/home/badger/codex-research/superlio-ego-20261007/vehicle-lio-ready/src/sensor_drivers/Livox-SDK2/sdk_core/../3rdparty/rapidjson/rapidjson.h:545:3: note: in expansion of macro ‘RAPIDJSON_DIAG_PRAGMA’
  545 |   RAPIDJSON_DIAG_PRAGMA(ignored RAPIDJSON_STRINGIFY(RAPIDJSON_JOIN(-W, x)))
      |   ^~~~~~~~~~~~~~~~~~~~~
/home/badger/codex-research/superlio-ego-20261007/vehicle-lio-ready/src/sensor_drivers/Livox-SDK2/sdk_core/../3rdparty/rapidjson/internal/dtoa.h:36:1: note: in expansion of macro ‘RAPIDJSON_DIAG_OFF’
   36 | RAPIDJSON_DIAG_OFF(array - bounds)  // some gcc versions generate wrong warnings
      | ^~~~~~~~~~~~~~~~~~
/home/badger/codex-research/superlio-ego-20261007/vehicle-lio-ready/src/sensor_drivers/Livox-SDK2/sdk_core/../3rdparty/rapidjson/rapidjson.h:542:29: note: did you mean ‘-Warray-bounds’?
  542 | #define RAPIDJSON_PRAGMA(x) _Pragma(RAPIDJSON_STRINGIFY(x))
      |                             ^~~~~~~
/home/badger/codex-research/superlio-ego-20261007/vehicle-lio-ready/src/sensor_drivers/Livox-SDK2/sdk_core/../3rdparty/rapidjson/rapidjson.h:543:34: note: in expansion of macro ‘RAPIDJSON_PRAGMA’
  543 | #define RAPIDJSON_DIAG_PRAGMA(x) RAPIDJSON_PRAGMA(GCC diagnostic x)
      |                                  ^~~~~~~~~~~~~~~~
/home/badger/codex-research/superlio-ego-20261007/vehicle-lio-ready/src/sensor_drivers/Livox-SDK2/sdk_core/../3rdparty/rapidjson/rapidjson.h:545:3: note: in expansion of macro ‘RAPIDJSON_DIAG_PRAGMA’
  545 |   RAPIDJSON_DIAG_PRAGMA(ignored RAPIDJSON_STRINGIFY(RAPIDJSON_JOIN(-W, x)))
      |   ^~~~~~~~~~~~~~~~~~~~~
/home/badger/codex-research/superlio-ego-20261007/vehicle-lio-ready/src/sensor_drivers/Livox-SDK2/sdk_core/../3rdparty/rapidjson/internal/dtoa.h:36:1: note: in expansion of macro ‘RAPIDJSON_DIAG_OFF’
   36 | RAPIDJSON_DIAG_OFF(array - bounds)  // some gcc versions generate wrong warnings
      | ^~~~~~~~~~~~~~~~~~
[ 81%] Building CXX object sdk_core/CMakeFiles/livox_lidar_sdk_shared.dir/debug_point_cloud_handler/debug_point_cloud_manager.cpp.o
[ 83%] Building CXX object sdk_core/CMakeFiles/livox_lidar_sdk_shared.dir/debug_point_cloud_handler/debug_point_cloud_handler.cpp.o
[ 84%] Linking CXX shared library liblivox_lidar_sdk_shared.so
[ 84%] Built target livox_lidar_sdk_shared
[ 85%] Building CXX object samples/livox_lidar_quick_start/CMakeFiles/livox_lidar_quick_start.dir/main.cpp.o
[ 86%] Linking CXX executable livox_lidar_quick_start
[ 86%] Built target livox_lidar_quick_start
[ 87%] Building CXX object samples/multi_lidars_upgrade/CMakeFiles/multi_lidars_upgrade.dir/main.cpp.o
[ 89%] Linking CXX executable multi_lidars_upgrade
[ 89%] Built target multi_lidars_upgrade
[ 90%] Building CXX object samples/logger/CMakeFiles/logger.dir/main.cpp.o
[ 91%] Linking CXX executable logger
[ 91%] Built target logger
[ 92%] Building CXX object samples/debug_point_cloud/CMakeFiles/debug_point_cloud.dir/main.cpp.o
[ 93%] Linking CXX executable debug_point_cloud
[ 93%] Built target debug_point_cloud
[ 95%] Building CXX object samples/lidar_cmd_observer/CMakeFiles/lidar_cmd_observer.dir/main.cpp.o
[ 96%] Linking CXX executable lidar_cmd_observer
[ 96%] Built target lidar_cmd_observer
[ 97%] Building CXX object samples/livox_lidar_rmc_time_sync/CMakeFiles/livox_lidar_rmc_time_sync.dir/main.cpp.o
[ 98%] Building CXX object samples/livox_lidar_rmc_time_sync/CMakeFiles/livox_lidar_rmc_time_sync.dir/linux/synchro.cpp.o
[100%] Linking CXX executable livox_lidar_rmc_time_sync
[100%] Built target livox_lidar_rmc_time_sync
-- Install configuration: "Release"
-- Installing: /home/badger/codex-research/superlio-ego-20261007/lio-ready-69b9b75-ws/sdk-install/lib/liblivox_lidar_sdk_static.a
-- Installing: /home/badger/codex-research/superlio-ego-20261007/lio-ready-69b9b75-ws/sdk-install/include/livox_lidar_def.h
-- Installing: /home/badger/codex-research/superlio-ego-20261007/lio-ready-69b9b75-ws/sdk-install/include/livox_lidar_api.h
-- Installing: /home/badger/codex-research/superlio-ego-20261007/lio-ready-69b9b75-ws/sdk-install/include/livox_lidar_cfg.h
-- Installing: /home/badger/codex-research/superlio-ego-20261007/lio-ready-69b9b75-ws/sdk-install/lib/liblivox_lidar_sdk_shared.so
Starting >>> research_interfaces
-- The C compiler identification is GNU 11.4.0
-- The CXX compiler identification is GNU 11.4.0
-- Detecting C compiler ABI info
-- Detecting C compiler ABI info - done
-- Check for working C compiler: /usr/bin/cc - skipped
-- Detecting C compile features
-- Detecting C compile features - done
-- Detecting CXX compiler ABI info
-- Detecting CXX compiler ABI info - done
-- Check for working CXX compiler: /usr/bin/c++ - skipped
-- Detecting CXX compile features
-- Detecting CXX compile features - done
-- Found ament_cmake: 1.3.12 (/opt/ros/humble/share/ament_cmake/cmake)
-- Found Python3: /usr/bin/python3 (found version "3.10.12") found components: Interpreter 
-- Found rosidl_default_generators: 1.2.0 (/opt/ros/humble/share/rosidl_default_generators/cmake)
-- Using all available rosidl_typesupport_c: rosidl_typesupport_fastrtps_c;rosidl_typesupport_introspection_c
-- Found rosidl_adapter: 3.1.8 (/opt/ros/humble/share/rosidl_adapter/cmake)
-- Using all available rosidl_typesupport_cpp: rosidl_typesupport_fastrtps_cpp;rosidl_typesupport_introspection_cpp
-- Found builtin_interfaces: 1.2.2 (/opt/ros/humble/share/builtin_interfaces/cmake)
-- Found geometry_msgs: 4.9.0 (/opt/ros/humble/share/geometry_msgs/cmake)
-- Found nav_msgs: 4.9.0 (/opt/ros/humble/share/nav_msgs/cmake)
-- Found ament_cmake_ros: 0.10.0 (/opt/ros/humble/share/ament_cmake_ros/cmake)
-- Using all available rosidl_typesupport_c: rosidl_typesupport_fastrtps_c;rosidl_typesupport_introspection_c
-- Using all available rosidl_typesupport_cpp: rosidl_typesupport_fastrtps_cpp;rosidl_typesupport_introspection_cpp
-- Found PythonInterp: /usr/bin/python3 (found suitable version "3.10.12", minimum required is "3.6") 
-- Found python_cmake_module: 0.10.0 (/opt/ros/humble/share/python_cmake_module/cmake)
-- Found PythonLibs: /usr/lib/x86_64-linux-gnu/libpython3.10.so (found suitable version "3.10.12", minimum required is "3.5") 
-- Using PYTHON_EXECUTABLE: /usr/bin/python3
-- Using PYTHON_INCLUDE_DIRS: /usr/include/python3.10
-- Using PYTHON_LIBRARIES: /usr/lib/x86_64-linux-gnu/libpython3.10.so
-- Found PythonExtra: .so  
-- Configuring done
-- Generating done
CMake Warning:
  Manually-specified variables were not used by the project:

    HUMBLE_ROS
    LIVOX_LIDAR_SDK_INCLUDE_DIR
    LIVOX_LIDAR_SDK_LIBRARY
    ROS_EDITION


-- Build files have been written to: /home/badger/codex-research/superlio-ego-20261007/lio-ready-69b9b75-ws/build/research_interfaces
[  0%] Generating C++ code for ROS interfaces
[  0%] Built target research_interfaces__cpp
[  1%] Generating C++ type support dispatch for ROS interfaces
[  2%] Building CXX object CMakeFiles/research_interfaces__rosidl_typesupport_cpp.dir/rosidl_typesupport_cpp/research_interfaces/msg/road_graph_update2_d__type_support.cpp.o
[  3%] Building CXX object CMakeFiles/research_interfaces__rosidl_typesupport_cpp.dir/rosidl_typesupport_cpp/research_interfaces/msg/timed_trajectory_point2_d__type_support.cpp.o
[  4%] Building CXX object CMakeFiles/research_interfaces__rosidl_typesupport_cpp.dir/rosidl_typesupport_cpp/research_interfaces/msg/timed_trajectory2_d__type_support.cpp.o
[  5%] Building CXX object CMakeFiles/research_interfaces__rosidl_typesupport_cpp.dir/rosidl_typesupport_cpp/research_interfaces/msg/road_event__type_support.cpp.o
[  6%] Building CXX object CMakeFiles/research_interfaces__rosidl_typesupport_cpp.dir/rosidl_typesupport_cpp/research_interfaces/msg/observation_goal__type_support.cpp.o
[  7%] Building CXX object CMakeFiles/research_interfaces__rosidl_typesupport_cpp.dir/rosidl_typesupport_cpp/research_interfaces/msg/research_status__type_support.cpp.o
[  8%] Building CXX object CMakeFiles/research_interfaces__rosidl_typesupport_cpp.dir/rosidl_typesupport_cpp/research_interfaces/msg/operator_permit__type_support.cpp.o
[  9%] Building CXX object CMakeFiles/research_interfaces__rosidl_typesupport_cpp.dir/rosidl_typesupport_cpp/research_interfaces/msg/road_evidence2_d__type_support.cpp.o
[ 10%] Building CXX object CMakeFiles/research_interfaces__rosidl_typesupport_cpp.dir/rosidl_typesupport_cpp/research_interfaces/srv/plan_road_reference__type_support.cpp.o
[ 11%] Building CXX object CMakeFiles/research_interfaces__rosidl_typesupport_cpp.dir/rosidl_typesupport_cpp/research_interfaces/srv/manage_research_task__type_support.cpp.o
[ 12%] Linking CXX shared library libresearch_interfaces__rosidl_typesupport_cpp.so
[ 12%] Built target research_interfaces__rosidl_typesupport_cpp
[ 13%] Generating C code for ROS interfaces
[ 14%] Building C object CMakeFiles/research_interfaces__rosidl_generator_c.dir/rosidl_generator_c/research_interfaces/msg/detail/road_graph_update2_d__functions.c.o
[ 15%] Building C object CMakeFiles/research_interfaces__rosidl_generator_c.dir/rosidl_generator_c/research_interfaces/msg/detail/timed_trajectory_point2_d__functions.c.o
[ 16%] Building C object CMakeFiles/research_interfaces__rosidl_generator_c.dir/rosidl_generator_c/research_interfaces/msg/detail/timed_trajectory2_d__functions.c.o
[ 17%] Building C object CMakeFiles/research_interfaces__rosidl_generator_c.dir/rosidl_generator_c/research_interfaces/msg/detail/road_event__functions.c.o
[ 18%] Building C object CMakeFiles/research_interfaces__rosidl_generator_c.dir/rosidl_generator_c/research_interfaces/msg/detail/observation_goal__functions.c.o
[ 19%] Building C object CMakeFiles/research_interfaces__rosidl_generator_c.dir/rosidl_generator_c/research_interfaces/msg/detail/research_status__functions.c.o
[ 20%] Building C object CMakeFiles/research_interfaces__rosidl_generator_c.dir/rosidl_generator_c/research_interfaces/msg/detail/operator_permit__functions.c.o
[ 21%] Building C object CMakeFiles/research_interfaces__rosidl_generator_c.dir/rosidl_generator_c/research_interfaces/msg/detail/road_evidence2_d__functions.c.o
[ 22%] Building C object CMakeFiles/research_interfaces__rosidl_generator_c.dir/rosidl_generator_c/research_interfaces/srv/detail/plan_road_reference__functions.c.o
[ 23%] Building C object CMakeFiles/research_interfaces__rosidl_generator_c.dir/rosidl_generator_c/research_interfaces/srv/detail/manage_research_task__functions.c.o
[ 24%] Linking C shared library libresearch_interfaces__rosidl_generator_c.so
[ 24%] Built target research_interfaces__rosidl_generator_c
[ 25%] Generating C type support for eProsima Fast-RTPS
[ 26%] Building CXX object CMakeFiles/research_interfaces__rosidl_typesupport_fastrtps_c.dir/rosidl_typesupport_fastrtps_c/research_interfaces/msg/detail/road_graph_update2_d__type_support_c.cpp.o
[ 27%] Building CXX object CMakeFiles/research_interfaces__rosidl_typesupport_fastrtps_c.dir/rosidl_typesupport_fastrtps_c/research_interfaces/msg/detail/timed_trajectory_point2_d__type_support_c.cpp.o
[ 28%] Building CXX object CMakeFiles/research_interfaces__rosidl_typesupport_fastrtps_c.dir/rosidl_typesupport_fastrtps_c/research_interfaces/msg/detail/timed_trajectory2_d__type_support_c.cpp.o
[ 29%] Building CXX object CMakeFiles/research_interfaces__rosidl_typesupport_fastrtps_c.dir/rosidl_typesupport_fastrtps_c/research_interfaces/msg/detail/road_event__type_support_c.cpp.o
[ 30%] Building CXX object CMakeFiles/research_interfaces__rosidl_typesupport_fastrtps_c.dir/rosidl_typesupport_fastrtps_c/research_interfaces/msg/detail/observation_goal__type_support_c.cpp.o
[ 31%] Building CXX object CMakeFiles/research_interfaces__rosidl_typesupport_fastrtps_c.dir/rosidl_typesupport_fastrtps_c/research_interfaces/msg/detail/research_status__type_support_c.cpp.o
[ 32%] Building CXX object CMakeFiles/research_interfaces__rosidl_typesupport_fastrtps_c.dir/rosidl_typesupport_fastrtps_c/research_interfaces/msg/detail/operator_permit__type_support_c.cpp.o
[ 33%] Building CXX object CMakeFiles/research_interfaces__rosidl_typesupport_fastrtps_c.dir/rosidl_typesupport_fastrtps_c/research_interfaces/msg/detail/road_evidence2_d__type_support_c.cpp.o
[ 34%] Building CXX object CMakeFiles/research_interfaces__rosidl_typesupport_fastrtps_c.dir/rosidl_typesupport_fastrtps_c/research_interfaces/srv/detail/plan_road_reference__type_support_c.cpp.o
[ 35%] Building CXX object CMakeFiles/research_interfaces__rosidl_typesupport_fastrtps_c.dir/rosidl_typesupport_fastrtps_c/research_interfaces/srv/detail/manage_research_task__type_support_c.cpp.o
[ 36%] Linking CXX shared library libresearch_interfaces__rosidl_typesupport_fastrtps_c.so
[ 36%] Built target research_interfaces__rosidl_typesupport_fastrtps_c
[ 37%] Generating C introspection for ROS interfaces
[ 38%] Building C object CMakeFiles/research_interfaces__rosidl_typesupport_introspection_c.dir/rosidl_typesupport_introspection_c/research_interfaces/msg/detail/road_graph_update2_d__type_support.c.o
[ 39%] Building C object CMakeFiles/research_interfaces__rosidl_typesupport_introspection_c.dir/rosidl_typesupport_introspection_c/research_interfaces/msg/detail/timed_trajectory_point2_d__type_support.c.o
[ 40%] Building C object CMakeFiles/research_interfaces__rosidl_typesupport_introspection_c.dir/rosidl_typesupport_introspection_c/research_interfaces/msg/detail/timed_trajectory2_d__type_support.c.o
[ 41%] Building C object CMakeFiles/research_interfaces__rosidl_typesupport_introspection_c.dir/rosidl_typesupport_introspection_c/research_interfaces/msg/detail/road_event__type_support.c.o
[ 42%] Building C object CMakeFiles/research_interfaces__rosidl_typesupport_introspection_c.dir/rosidl_typesupport_introspection_c/research_interfaces/msg/detail/observation_goal__type_support.c.o
[ 43%] Building C object CMakeFiles/research_interfaces__rosidl_typesupport_introspection_c.dir/rosidl_typesupport_introspection_c/research_interfaces/msg/detail/research_status__type_support.c.o
[ 44%] Building C object CMakeFiles/research_interfaces__rosidl_typesupport_introspection_c.dir/rosidl_typesupport_introspection_c/research_interfaces/msg/detail/operator_permit__type_support.c.o
[ 45%] Building C object CMakeFiles/research_interfaces__rosidl_typesupport_introspection_c.dir/rosidl_typesupport_introspection_c/research_interfaces/msg/detail/road_evidence2_d__type_support.c.o
[ 46%] Building C object CMakeFiles/research_interfaces__rosidl_typesupport_introspection_c.dir/rosidl_typesupport_introspection_c/research_interfaces/srv/detail/plan_road_reference__type_support.c.o
[ 47%] Building C object CMakeFiles/research_interfaces__rosidl_typesupport_introspection_c.dir/rosidl_typesupport_introspection_c/research_interfaces/srv/detail/manage_research_task__type_support.c.o
[ 48%] Linking C shared library libresearch_interfaces__rosidl_typesupport_introspection_c.so
[ 48%] Built target research_interfaces__rosidl_typesupport_introspection_c
[ 49%] Generating C type support dispatch for ROS interfaces
[ 50%] Building CXX object CMakeFiles/research_interfaces__rosidl_typesupport_c.dir/rosidl_typesupport_c/research_interfaces/msg/road_graph_update2_d__type_support.cpp.o
[ 51%] Building CXX object CMakeFiles/research_interfaces__rosidl_typesupport_c.dir/rosidl_typesupport_c/research_interfaces/msg/timed_trajectory_point2_d__type_support.cpp.o
[ 52%] Building CXX object CMakeFiles/research_interfaces__rosidl_typesupport_c.dir/rosidl_typesupport_c/research_interfaces/msg/timed_trajectory2_d__type_support.cpp.o
[ 53%] Building CXX object CMakeFiles/research_interfaces__rosidl_typesupport_c.dir/rosidl_typesupport_c/research_interfaces/msg/road_event__type_support.cpp.o
[ 54%] Building CXX object CMakeFiles/research_interfaces__rosidl_typesupport_c.dir/rosidl_typesupport_c/research_interfaces/msg/observation_goal__type_support.cpp.o
[ 55%] Building CXX object CMakeFiles/research_interfaces__rosidl_typesupport_c.dir/rosidl_typesupport_c/research_interfaces/msg/research_status__type_support.cpp.o
[ 56%] Building CXX object CMakeFiles/research_interfaces__rosidl_typesupport_c.dir/rosidl_typesupport_c/research_interfaces/msg/operator_permit__type_support.cpp.o
[ 57%] Building CXX object CMakeFiles/research_interfaces__rosidl_typesupport_c.dir/rosidl_typesupport_c/research_interfaces/msg/road_evidence2_d__type_support.cpp.o
[ 57%] Building CXX object CMakeFiles/research_interfaces__rosidl_typesupport_c.dir/rosidl_typesupport_c/research_interfaces/srv/plan_road_reference__type_support.cpp.o
[ 58%] Building CXX object CMakeFiles/research_interfaces__rosidl_typesupport_c.dir/rosidl_typesupport_c/research_interfaces/srv/manage_research_task__type_support.cpp.o
[ 59%] Linking CXX shared library libresearch_interfaces__rosidl_typesupport_c.so
[ 59%] Built target research_interfaces__rosidl_typesupport_c
[ 60%] Generating C++ type support for eProsima Fast-RTPS
[ 61%] Building CXX object CMakeFiles/research_interfaces__rosidl_typesupport_fastrtps_cpp.dir/rosidl_typesupport_fastrtps_cpp/research_interfaces/msg/detail/dds_fastrtps/road_graph_update2_d__type_support.cpp.o
[ 62%] Building CXX object CMakeFiles/research_interfaces__rosidl_typesupport_fastrtps_cpp.dir/rosidl_typesupport_fastrtps_cpp/research_interfaces/msg/detail/dds_fastrtps/timed_trajectory_point2_d__type_support.cpp.o
[ 62%] Building CXX object CMakeFiles/research_interfaces__rosidl_typesupport_fastrtps_cpp.dir/rosidl_typesupport_fastrtps_cpp/research_interfaces/msg/detail/dds_fastrtps/timed_trajectory2_d__type_support.cpp.o
[ 63%] Building CXX object CMakeFiles/research_interfaces__rosidl_typesupport_fastrtps_cpp.dir/rosidl_typesupport_fastrtps_cpp/research_interfaces/msg/detail/dds_fastrtps/road_event__type_support.cpp.o
[ 64%] Building CXX object CMakeFiles/research_interfaces__rosidl_typesupport_fastrtps_cpp.dir/rosidl_typesupport_fastrtps_cpp/research_interfaces/msg/detail/dds_fastrtps/observation_goal__type_support.cpp.o
[ 65%] Building CXX object CMakeFiles/research_interfaces__rosidl_typesupport_fastrtps_cpp.dir/rosidl_typesupport_fastrtps_cpp/research_interfaces/msg/detail/dds_fastrtps/research_status__type_support.cpp.o
[ 66%] Building CXX object CMakeFiles/research_interfaces__rosidl_typesupport_fastrtps_cpp.dir/rosidl_typesupport_fastrtps_cpp/research_interfaces/msg/detail/dds_fastrtps/operator_permit__type_support.cpp.o
[ 67%] Building CXX object CMakeFiles/research_interfaces__rosidl_typesupport_fastrtps_cpp.dir/rosidl_typesupport_fastrtps_cpp/research_interfaces/msg/detail/dds_fastrtps/road_evidence2_d__type_support.cpp.o
[ 68%] Building CXX object CMakeFiles/research_interfaces__rosidl_typesupport_fastrtps_cpp.dir/rosidl_typesupport_fastrtps_cpp/research_interfaces/srv/detail/dds_fastrtps/plan_road_reference__type_support.cpp.o
[ 69%] Building CXX object CMakeFiles/research_interfaces__rosidl_typesupport_fastrtps_cpp.dir/rosidl_typesupport_fastrtps_cpp/research_interfaces/srv/detail/dds_fastrtps/manage_research_task__type_support.cpp.o
[ 70%] Linking CXX shared library libresearch_interfaces__rosidl_typesupport_fastrtps_cpp.so
[ 70%] Built target research_interfaces__rosidl_typesupport_fastrtps_cpp
[ 71%] Generating C++ introspection for ROS interfaces
[ 72%] Building CXX object CMakeFiles/research_interfaces__rosidl_typesupport_introspection_cpp.dir/rosidl_typesupport_introspection_cpp/research_interfaces/msg/detail/road_graph_update2_d__type_support.cpp.o
[ 73%] Building CXX object CMakeFiles/research_interfaces__rosidl_typesupport_introspection_cpp.dir/rosidl_typesupport_introspection_cpp/research_interfaces/msg/detail/timed_trajectory_point2_d__type_support.cpp.o
[ 74%] Building CXX object CMakeFiles/research_interfaces__rosidl_typesupport_introspection_cpp.dir/rosidl_typesupport_introspection_cpp/research_interfaces/msg/detail/timed_trajectory2_d__type_support.cpp.o
[ 75%] Building CXX object CMakeFiles/research_interfaces__rosidl_typesupport_introspection_cpp.dir/rosidl_typesupport_introspection_cpp/research_interfaces/msg/detail/road_event__type_support.cpp.o
[ 76%] Building CXX object CMakeFiles/research_interfaces__rosidl_typesupport_introspection_cpp.dir/rosidl_typesupport_introspection_cpp/research_interfaces/msg/detail/observation_goal__type_support.cpp.o
[ 77%] Building CXX object CMakeFiles/research_interfaces__rosidl_typesupport_introspection_cpp.dir/rosidl_typesupport_introspection_cpp/research_interfaces/msg/detail/research_status__type_support.cpp.o
[ 78%] Building CXX object CMakeFiles/research_interfaces__rosidl_typesupport_introspection_cpp.dir/rosidl_typesupport_introspection_cpp/research_interfaces/msg/detail/operator_permit__type_support.cpp.o
[ 79%] Building CXX object CMakeFiles/research_interfaces__rosidl_typesupport_introspection_cpp.dir/rosidl_typesupport_introspection_cpp/research_interfaces/msg/detail/road_evidence2_d__type_support.cpp.o
[ 80%] Building CXX object CMakeFiles/research_interfaces__rosidl_typesupport_introspection_cpp.dir/rosidl_typesupport_introspection_cpp/research_interfaces/srv/detail/plan_road_reference__type_support.cpp.o
[ 81%] Building CXX object CMakeFiles/research_interfaces__rosidl_typesupport_introspection_cpp.dir/rosidl_typesupport_introspection_cpp/research_interfaces/srv/detail/manage_research_task__type_support.cpp.o
[ 82%] Linking CXX shared library libresearch_interfaces__rosidl_typesupport_introspection_cpp.so
[ 82%] Built target research_interfaces__rosidl_typesupport_introspection_cpp
[ 82%] Built target research_interfaces
[ 82%] Built target ament_cmake_python_copy_research_interfaces
running egg_info
creating research_interfaces.egg-info
writing research_interfaces.egg-info/PKG-INFO
writing dependency_links to research_interfaces.egg-info/dependency_links.txt
writing top-level names to research_interfaces.egg-info/top_level.txt
writing manifest file 'research_interfaces.egg-info/SOURCES.txt'
reading manifest file 'research_interfaces.egg-info/SOURCES.txt'
writing manifest file 'research_interfaces.egg-info/SOURCES.txt'
[ 82%] Built target ament_cmake_python_build_research_interfaces_egg
[ 83%] Generating Python code for ROS interfaces
[ 83%] Built target research_interfaces__py
[ 84%] Building C object CMakeFiles/research_interfaces__rosidl_generator_py.dir/rosidl_generator_py/research_interfaces/msg/_road_graph_update2_d_s.c.o
[ 85%] Building C object CMakeFiles/research_interfaces__rosidl_generator_py.dir/rosidl_generator_py/research_interfaces/msg/_timed_trajectory_point2_d_s.c.o
[ 86%] Building C object CMakeFiles/research_interfaces__rosidl_generator_py.dir/rosidl_generator_py/research_interfaces/msg/_timed_trajectory2_d_s.c.o
[ 87%] Building C object CMakeFiles/research_interfaces__rosidl_generator_py.dir/rosidl_generator_py/research_interfaces/msg/_road_event_s.c.o
[ 88%] Building C object CMakeFiles/research_interfaces__rosidl_generator_py.dir/rosidl_generator_py/research_interfaces/msg/_observation_goal_s.c.o
[ 89%] Building C object CMakeFiles/research_interfaces__rosidl_generator_py.dir/rosidl_generator_py/research_interfaces/msg/_research_status_s.c.o
[ 90%] Building C object CMakeFiles/research_interfaces__rosidl_generator_py.dir/rosidl_generator_py/research_interfaces/msg/_operator_permit_s.c.o
[ 91%] Building C object CMakeFiles/research_interfaces__rosidl_generator_py.dir/rosidl_generator_py/research_interfaces/msg/_road_evidence2_d_s.c.o
[ 92%] Building C object CMakeFiles/research_interfaces__rosidl_generator_py.dir/rosidl_generator_py/research_interfaces/srv/_plan_road_reference_s.c.o
[ 93%] Building C object CMakeFiles/research_interfaces__rosidl_generator_py.dir/rosidl_generator_py/research_interfaces/srv/_manage_research_task_s.c.o
[ 94%] Linking C shared library rosidl_generator_py/research_interfaces/libresearch_interfaces__rosidl_generator_py.so
[ 94%] Built target research_interfaces__rosidl_generator_py
[ 95%] Building C object CMakeFiles/research_interfaces__rosidl_typesupport_fastrtps_c__pyext.dir/rosidl_generator_py/research_interfaces/_research_interfaces_s.ep.rosidl_typesupport_fastrtps_c.c.o
[ 96%] Linking C shared library rosidl_generator_py/research_interfaces/research_interfaces_s__rosidl_typesupport_fastrtps_c.cpython-310-x86_64-linux-gnu.so
[ 96%] Built target research_interfaces__rosidl_typesupport_fastrtps_c__pyext
[ 97%] Building C object CMakeFiles/research_interfaces__rosidl_typesupport_introspection_c__pyext.dir/rosidl_generator_py/research_interfaces/_research_interfaces_s.ep.rosidl_typesupport_introspection_c.c.o
[ 98%] Linking C shared library rosidl_generator_py/research_interfaces/research_interfaces_s__rosidl_typesupport_introspection_c.cpython-310-x86_64-linux-gnu.so
[ 98%] Built target research_interfaces__rosidl_typesupport_introspection_c__pyext
[ 99%] Building C object CMakeFiles/research_interfaces__rosidl_typesupport_c__pyext.dir/rosidl_generator_py/research_interfaces/_research_interfaces_s.ep.rosidl_typesupport_c.c.o
[100%] Linking C shared library rosidl_generator_py/research_interfaces/research_interfaces_s__rosidl_typesupport_c.cpython-310-x86_64-linux-gnu.so
[100%] Built target research_interfaces__rosidl_typesupport_c__pyext
-- Install configuration: ""
-- Installing: /home/badger/codex-research/superlio-ego-20261007/lio-ready-69b9b75-ws/install/research_interfaces/share/ament_index/resource_index/rosidl_interfaces/research_interfaces
-- Installing: /home/badger/codex-research/superlio-ego-20261007/lio-ready-69b9b75-ws/install/research_interfaces/include/research_interfaces/research_interfaces
-- Installing: /home/badger/codex-research/superlio-ego-20261007/lio-ready-69b9b75-ws/install/research_interfaces/include/research_interfaces/research_interfaces/srv
-- Installing: /home/badger/codex-research/superlio-ego-20261007/lio-ready-69b9b75-ws/install/research_interfaces/include/research_interfaces/research_interfaces/srv/plan_road_reference.h
-- Installing: /home/badger/codex-research/superlio-ego-20261007/lio-ready-69b9b75-ws/install/research_interfaces/include/research_interfaces/research_interfaces/srv/detail
-- Installing: /home/badger/codex-research/superlio-ego-20261007/lio-ready-69b9b75-ws/install/research_interfaces/include/research_interfaces/research_interfaces/srv/detail/manage_research_task__struct.h
-- Installing: /home/badger/codex-research/superlio-ego-20261007/lio-ready-69b9b75-ws/install/research_interfaces/include/research_interfaces/research_interfaces/srv/detail/plan_road_reference__struct.h
-- Installing: /home/badger/codex-research/superlio-ego-20261007/lio-ready-69b9b75-ws/install/research_interfaces/include/research_interfaces/research_interfaces/srv/detail/plan_road_reference__type_support.h
-- Installing: /home/badger/codex-research/superlio-ego-20261007/lio-ready-69b9b75-ws/install/research_interfaces/include/research_interfaces/research_interfaces/srv/detail/manage_research_task__functions.h
-- Installing: /home/badger/codex-research/superlio-ego-20261007/lio-ready-69b9b75-ws/install/research_interfaces/include/research_interfaces/research_interfaces/srv/detail/manage_research_task__type_support.h
-- Installing: /home/badger/codex-research/superlio-ego-20261007/lio-ready-69b9b75-ws/install/research_interfaces/include/research_interfaces/research_interfaces/srv/detail/plan_road_reference__functions.h
-- Installing: /home/badger/codex-research/superlio-ego-20261007/lio-ready-69b9b75-ws/install/research_interfaces/include/research_interfaces/research_interfaces/srv/detail/plan_road_reference__functions.c
-- Installing: /home/badger/codex-research/superlio-ego-20261007/lio-ready-69b9b75-ws/install/research_interfaces/include/research_interfaces/research_interfaces/srv/detail/manage_research_task__functions.c
-- Installing: /home/badger/codex-research/superlio-ego-20261007/lio-ready-69b9b75-ws/install/research_interfaces/include/research_interfaces/research_interfaces/srv/manage_research_task.h
-- Installing: /home/badger/codex-research/superlio-ego-20261007/lio-ready-69b9b75-ws/install/research_interfaces/include/research_interfaces/research_interfaces/msg
-- Installing: /home/badger/codex-research/superlio-ego-20261007/lio-ready-69b9b75-ws/install/research_interfaces/include/research_interfaces/research_interfaces/msg/detail
-- Installing: /home/badger/codex-research/superlio-ego-20261007/lio-ready-69b9b75-ws/install/research_interfaces/include/research_interfaces/research_interfaces/msg/detail/road_graph_update2_d__functions.c
-- Installing: /home/badger/codex-research/superlio-ego-20261007/lio-ready-69b9b75-ws/install/research_interfaces/include/research_interfaces/research_interfaces/msg/detail/operator_permit__struct.h
-- Installing: /home/badger/codex-research/superlio-ego-20261007/lio-ready-69b9b75-ws/install/research_interfaces/include/research_interfaces/research_interfaces/msg/detail/road_evidence2_d__struct.h
-- Installing: /home/badger/codex-research/superlio-ego-20261007/lio-ready-69b9b75-ws/install/research_interfaces/include/research_interfaces/research_interfaces/msg/detail/operator_permit__type_support.h
-- Installing: /home/badger/codex-research/superlio-ego-20261007/lio-ready-69b9b75-ws/install/research_interfaces/include/research_interfaces/research_interfaces/msg/detail/road_event__functions.c
-- Installing: /home/badger/codex-research/superlio-ego-20261007/lio-ready-69b9b75-ws/install/research_interfaces/include/research_interfaces/research_interfaces/msg/detail/road_evidence2_d__functions.c
-- Installing: /home/badger/codex-research/superlio-ego-20261007/lio-ready-69b9b75-ws/install/research_interfaces/include/research_interfaces/research_interfaces/msg/detail/road_graph_update2_d__type_support.h
-- Installing: /home/badger/codex-research/superlio-ego-20261007/lio-ready-69b9b75-ws/install/research_interfaces/include/research_interfaces/research_interfaces/msg/detail/timed_trajectory2_d__type_support.h
-- Installing: /home/badger/codex-research/superlio-ego-20261007/lio-ready-69b9b75-ws/install/research_interfaces/include/research_interfaces/research_interfaces/msg/detail/research_status__struct.h
-- Installing: /home/badger/codex-research/superlio-ego-20261007/lio-ready-69b9b75-ws/install/research_interfaces/include/research_interfaces/research_interfaces/msg/detail/road_evidence2_d__type_support.h
-- Installing: /home/badger/codex-research/superlio-ego-20261007/lio-ready-69b9b75-ws/install/research_interfaces/include/research_interfaces/research_interfaces/msg/detail/road_graph_update2_d__functions.h
-- Installing: /home/badger/codex-research/superlio-ego-20261007/lio-ready-69b9b75-ws/install/research_interfaces/include/research_interfaces/research_interfaces/msg/detail/observation_goal__struct.h
-- Installing: /home/badger/codex-research/superlio-ego-20261007/lio-ready-69b9b75-ws/install/research_interfaces/include/research_interfaces/research_interfaces/msg/detail/timed_trajectory_point2_d__type_support.h
-- Installing: /home/badger/codex-research/superlio-ego-20261007/lio-ready-69b9b75-ws/install/research_interfaces/include/research_interfaces/research_interfaces/msg/detail/research_status__type_support.h
-- Installing: /home/badger/codex-research/superlio-ego-20261007/lio-ready-69b9b75-ws/install/research_interfaces/include/research_interfaces/research_interfaces/msg/detail/road_event__type_support.h
-- Installing: /home/badger/codex-research/superlio-ego-20261007/lio-ready-69b9b75-ws/install/research_interfaces/include/research_interfaces/research_interfaces/msg/detail/timed_trajectory2_d__functions.c
-- Installing: /home/badger/codex-research/superlio-ego-20261007/lio-ready-69b9b75-ws/install/research_interfaces/include/research_interfaces/research_interfaces/msg/detail/operator_permit__functions.h
-- Installing: /home/badger/codex-research/superlio-ego-20261007/lio-ready-69b9b75-ws/install/research_interfaces/include/research_interfaces/research_interfaces/msg/detail/road_event__struct.h
-- Installing: /home/badger/codex-research/superlio-ego-20261007/lio-ready-69b9b75-ws/install/research_interfaces/include/research_interfaces/research_interfaces/msg/detail/timed_trajectory2_d__struct.h
-- Installing: /home/badger/codex-research/superlio-ego-20261007/lio-ready-69b9b75-ws/install/research_interfaces/include/research_interfaces/research_interfaces/msg/detail/timed_trajectory_point2_d__struct.h
-- Installing: /home/badger/codex-research/superlio-ego-20261007/lio-ready-69b9b75-ws/install/research_interfaces/include/research_interfaces/research_interfaces/msg/detail/timed_trajectory_point2_d__functions.h
-- Installing: /home/badger/codex-research/superlio-ego-20261007/lio-ready-69b9b75-ws/install/research_interfaces/include/research_interfaces/research_interfaces/msg/detail/road_graph_update2_d__struct.h
-- Installing: /home/badger/codex-research/superlio-ego-20261007/lio-ready-69b9b75-ws/install/research_interfaces/include/research_interfaces/research_interfaces/msg/detail/observation_goal__type_support.h
-- Installing: /home/badger/codex-research/superlio-ego-20261007/lio-ready-69b9b75-ws/install/research_interfaces/include/research_interfaces/research_interfaces/msg/detail/operator_permit__functions.c
-- Installing: /home/badger/codex-research/superlio-ego-20261007/lio-ready-69b9b75-ws/install/research_interfaces/include/research_interfaces/research_interfaces/msg/detail/timed_trajectory2_d__functions.h
-- Installing: /home/badger/codex-research/superlio-ego-20261007/lio-ready-69b9b75-ws/install/research_interfaces/include/research_interfaces/research_interfaces/msg/detail/timed_trajectory_point2_d__functions.c
-- Installing: /home/badger/codex-research/superlio-ego-20261007/lio-ready-69b9b75-ws/install/research_interfaces/include/research_interfaces/research_interfaces/msg/detail/road_evidence2_d__functions.h
-- Installing: /home/badger/codex-research/superlio-ego-20261007/lio-ready-69b9b75-ws/install/research_interfaces/include/research_interfaces/research_interfaces/msg/detail/road_event__functions.h
-- Installing: /home/badger/codex-research/superlio-ego-20261007/lio-ready-69b9b75-ws/install/research_interfaces/include/research_interfaces/research_interfaces/msg/detail/observation_goal__functions.c
-- Installing: /home/badger/codex-research/superlio-ego-20261007/lio-ready-69b9b75-ws/install/research_interfaces/include/research_interfaces/research_interfaces/msg/detail/research_status__functions.h
-- Installing: /home/badger/codex-research/superlio-ego-20261007/lio-ready-69b9b75-ws/install/research_interfaces/include/research_interfaces/research_interfaces/msg/detail/research_status__functions.c
-- Installing: /home/badger/codex-research/superlio-ego-20261007/lio-ready-69b9b75-ws/install/research_interfaces/include/research_interfaces/research_interfaces/msg/detail/observation_goal__functions.h
-- Installing: /home/badger/codex-research/superlio-ego-20261007/lio-ready-69b9b75-ws/install/research_interfaces/include/research_interfaces/research_interfaces/msg/timed_trajectory2_d.h
-- Installing: /home/badger/codex-research/superlio-ego-20261007/lio-ready-69b9b75-ws/install/research_interfaces/include/research_interfaces/research_interfaces/msg/rosidl_generator_c__visibility_control.h
-- Installing: /home/badger/codex-research/superlio-ego-20261007/lio-ready-69b9b75-ws/install/research_interfaces/include/research_interfaces/research_interfaces/msg/road_graph_update2_d.h
-- Installing: /home/badger/codex-research/superlio-ego-20261007/lio-ready-69b9b75-ws/install/research_interfaces/include/research_interfaces/research_interfaces/msg/road_evidence2_d.h
-- Installing: /home/badger/codex-research/superlio-ego-20261007/lio-ready-69b9b75-ws/install/research_interfaces/include/research_interfaces/research_interfaces/msg/road_event.h
-- Installing: /home/badger/codex-research/superlio-ego-20261007/lio-ready-69b9b75-ws/install/research_interfaces/include/research_interfaces/research_interfaces/msg/operator_permit.h
-- Installing: /home/badger/codex-research/superlio-ego-20261007/lio-ready-69b9b75-ws/install/research_interfaces/include/research_interfaces/research_interfaces/msg/research_status.h
-- Installing: /home/badger/codex-research/superlio-ego-20261007/lio-ready-69b9b75-ws/install/research_interfaces/include/research_interfaces/research_interfaces/msg/observation_goal.h
-- Installing: /home/badger/codex-research/superlio-ego-20261007/lio-ready-69b9b75-ws/install/research_interfaces/include/research_interfaces/research_interfaces/msg/timed_trajectory_point2_d.h
-- Installing: /home/badger/codex-research/superlio-ego-20261007/lio-ready-69b9b75-ws/install/research_interfaces/share/research_interfaces/environment/library_path.sh
-- Installing: /home/badger/codex-research/superlio-ego-20261007/lio-ready-69b9b75-ws/install/research_interfaces/share/research_interfaces/environment/library_path.dsv
-- Installing: /home/badger/codex-research/superlio-ego-20261007/lio-ready-69b9b75-ws/install/research_interfaces/lib/libresearch_interfaces__rosidl_generator_c.so
-- Set runtime path of "/home/badger/codex-research/superlio-ego-20261007/lio-ready-69b9b75-ws/install/research_interfaces/lib/libresearch_interfaces__rosidl_generator_c.so" to ""
-- Up-to-date: /home/badger/codex-research/superlio-ego-20261007/lio-ready-69b9b75-ws/install/research_interfaces/include/research_interfaces/research_interfaces
-- Up-to-date: /home/badger/codex-research/superlio-ego-20261007/lio-ready-69b9b75-ws/install/research_interfaces/include/research_interfaces/research_interfaces/srv
-- Up-to-date: /home/badger/codex-research/superlio-ego-20261007/lio-ready-69b9b75-ws/install/research_interfaces/include/research_interfaces/research_interfaces/srv/detail
-- Installing: /home/badger/codex-research/superlio-ego-20261007/lio-ready-69b9b75-ws/install/research_interfaces/include/research_interfaces/research_interfaces/srv/detail/manage_research_task__rosidl_typesupport_fastrtps_c.h
-- Installing: /home/badger/codex-research/superlio-ego-20261007/lio-ready-69b9b75-ws/install/research_interfaces/include/research_interfaces/research_interfaces/srv/detail/plan_road_reference__rosidl_typesupport_fastrtps_c.h
-- Up-to-date: /home/badger/codex-research/superlio-ego-20261007/lio-ready-69b9b75-ws/install/research_interfaces/include/research_interfaces/research_interfaces/msg
-- Up-to-date: /home/badger/codex-research/superlio-ego-20261007/lio-ready-69b9b75-ws/install/research_interfaces/include/research_interfaces/research_interfaces/msg/detail
-- Installing: /home/badger/codex-research/superlio-ego-20261007/lio-ready-69b9b75-ws/install/research_interfaces/include/research_interfaces/research_interfaces/msg/detail/road_event__rosidl_typesupport_fastrtps_c.h
-- Installing: /home/badger/codex-research/superlio-ego-20261007/lio-ready-69b9b75-ws/install/research_interfaces/include/research_interfaces/research_interfaces/msg/detail/observation_goal__rosidl_typesupport_fastrtps_c.h
-- Installing: /home/badger/codex-research/superlio-ego-20261007/lio-ready-69b9b75-ws/install/research_interfaces/include/research_interfaces/research_interfaces/msg/detail/road_graph_update2_d__rosidl_typesupport_fastrtps_c.h
-- Installing: /home/badger/codex-research/superlio-ego-20261007/lio-ready-69b9b75-ws/install/research_interfaces/include/research_interfaces/research_interfaces/msg/detail/research_status__rosidl_typesupport_fastrtps_c.h
-- Installing: /home/badger/codex-research/superlio-ego-20261007/lio-ready-69b9b75-ws/install/research_interfaces/include/research_interfaces/research_interfaces/msg/detail/timed_trajectory2_d__rosidl_typesupport_fastrtps_c.h
-- Installing: /home/badger/codex-research/superlio-ego-20261007/lio-ready-69b9b75-ws/install/research_interfaces/include/research_interfaces/research_interfaces/msg/detail/operator_permit__rosidl_typesupport_fastrtps_c.h
-- Installing: /home/badger/codex-research/superlio-ego-20261007/lio-ready-69b9b75-ws/install/research_interfaces/include/research_interfaces/research_interfaces/msg/detail/timed_trajectory_point2_d__rosidl_typesupport_fastrtps_c.h
-- Installing: /home/badger/codex-research/superlio-ego-20261007/lio-ready-69b9b75-ws/install/research_interfaces/include/research_interfaces/research_interfaces/msg/detail/road_evidence2_d__rosidl_typesupport_fastrtps_c.h
-- Installing: /home/badger/codex-research/superlio-ego-20261007/lio-ready-69b9b75-ws/install/research_interfaces/include/research_interfaces/research_interfaces/msg/rosidl_typesupport_fastrtps_c__visibility_control.h
-- Installing: /home/badger/codex-research/superlio-ego-20261007/lio-ready-69b9b75-ws/install/research_interfaces/lib/libresearch_interfaces__rosidl_typesupport_fastrtps_c.so
-- Set runtime path of "/home/badger/codex-research/superlio-ego-20261007/lio-ready-69b9b75-ws/install/research_interfaces/lib/libresearch_interfaces__rosidl_typesupport_fastrtps_c.so" to ""
-- Up-to-date: /home/badger/codex-research/superlio-ego-20261007/lio-ready-69b9b75-ws/install/research_interfaces/include/research_interfaces/research_interfaces
-- Up-to-date: /home/badger/codex-research/superlio-ego-20261007/lio-ready-69b9b75-ws/install/research_interfaces/include/research_interfaces/research_interfaces/srv
-- Up-to-date: /home/badger/codex-research/superlio-ego-20261007/lio-ready-69b9b75-ws/install/research_interfaces/include/research_interfaces/research_interfaces/srv/detail
-- Installing: /home/badger/codex-research/superlio-ego-20261007/lio-ready-69b9b75-ws/install/research_interfaces/include/research_interfaces/research_interfaces/srv/detail/manage_research_task__type_support.c
-- Installing: /home/badger/codex-research/superlio-ego-20261007/lio-ready-69b9b75-ws/install/research_interfaces/include/research_interfaces/research_interfaces/srv/detail/plan_road_reference__type_support.c
-- Installing: /home/badger/codex-research/superlio-ego-20261007/lio-ready-69b9b75-ws/install/research_interfaces/include/research_interfaces/research_interfaces/srv/detail/manage_research_task__rosidl_typesupport_introspection_c.h
-- Installing: /home/badger/codex-research/superlio-ego-20261007/lio-ready-69b9b75-ws/install/research_interfaces/include/research_interfaces/research_interfaces/srv/detail/plan_road_reference__rosidl_typesupport_introspection_c.h
-- Up-to-date: /home/badger/codex-research/superlio-ego-20261007/lio-ready-69b9b75-ws/install/research_interfaces/include/research_interfaces/research_interfaces/msg
-- Up-to-date: /home/badger/codex-research/superlio-ego-20261007/lio-ready-69b9b75-ws/install/research_interfaces/include/research_interfaces/research_interfaces/msg/detail
-- Installing: /home/badger/codex-research/superlio-ego-20261007/lio-ready-69b9b75-ws/install/research_interfaces/include/research_interfaces/research_interfaces/msg/detail/timed_trajectory_point2_d__rosidl_typesupport_introspection_c.h
-- Installing: /home/badger/codex-research/superlio-ego-20261007/lio-ready-69b9b75-ws/install/research_interfaces/include/research_interfaces/research_interfaces/msg/detail/operator_permit__rosidl_typesupport_introspection_c.h
-- Installing: /home/badger/codex-research/superlio-ego-20261007/lio-ready-69b9b75-ws/install/research_interfaces/include/research_interfaces/research_interfaces/msg/detail/road_graph_update2_d__rosidl_typesupport_introspection_c.h
-- Installing: /home/badger/codex-research/superlio-ego-20261007/lio-ready-69b9b75-ws/install/research_interfaces/include/research_interfaces/research_interfaces/msg/detail/research_status__rosidl_typesupport_introspection_c.h
-- Installing: /home/badger/codex-research/superlio-ego-20261007/lio-ready-69b9b75-ws/install/research_interfaces/include/research_interfaces/research_interfaces/msg/detail/observation_goal__type_support.c
-- Installing: /home/badger/codex-research/superlio-ego-20261007/lio-ready-69b9b75-ws/install/research_interfaces/include/research_interfaces/research_interfaces/msg/detail/timed_trajectory2_d__type_support.c
-- Installing: /home/badger/codex-research/superlio-ego-20261007/lio-ready-69b9b75-ws/install/research_interfaces/include/research_interfaces/research_interfaces/msg/detail/timed_trajectory2_d__rosidl_typesupport_introspection_c.h
-- Installing: /home/badger/codex-research/superlio-ego-20261007/lio-ready-69b9b75-ws/install/research_interfaces/include/research_interfaces/research_interfaces/msg/detail/road_evidence2_d__type_support.c
-- Installing: /home/badger/codex-research/superlio-ego-20261007/lio-ready-69b9b75-ws/install/research_interfaces/include/research_interfaces/research_interfaces/msg/detail/road_event__type_support.c
-- Installing: /home/badger/codex-research/superlio-ego-20261007/lio-ready-69b9b75-ws/install/research_interfaces/include/research_interfaces/research_interfaces/msg/detail/road_evidence2_d__rosidl_typesupport_introspection_c.h
-- Installing: /home/badger/codex-research/superlio-ego-20261007/lio-ready-69b9b75-ws/install/research_interfaces/include/research_interfaces/research_interfaces/msg/detail/road_event__rosidl_typesupport_introspection_c.h
-- Installing: /home/badger/codex-research/superlio-ego-20261007/lio-ready-69b9b75-ws/install/research_interfaces/include/research_interfaces/research_interfaces/msg/detail/operator_permit__type_support.c
-- Installing: /home/badger/codex-research/superlio-ego-20261007/lio-ready-69b9b75-ws/install/research_interfaces/include/research_interfaces/research_interfaces/msg/detail/road_graph_update2_d__type_support.c
-- Installing: /home/badger/codex-research/superlio-ego-20261007/lio-ready-69b9b75-ws/install/research_interfaces/include/research_interfaces/research_interfaces/msg/detail/timed_trajectory_point2_d__type_support.c
-- Installing: /home/badger/codex-research/superlio-ego-20261007/lio-ready-69b9b75-ws/install/research_interfaces/include/research_interfaces/research_interfaces/msg/detail/research_status__type_support.c
-- Installing: /home/badger/codex-research/superlio-ego-20261007/lio-ready-69b9b75-ws/install/research_interfaces/include/research_interfaces/research_interfaces/msg/detail/observation_goal__rosidl_typesupport_introspection_c.h
-- Installing: /home/badger/codex-research/superlio-ego-20261007/lio-ready-69b9b75-ws/install/research_interfaces/include/research_interfaces/research_interfaces/msg/rosidl_typesupport_introspection_c__visibility_control.h
-- Installing: /home/badger/codex-research/superlio-ego-20261007/lio-ready-69b9b75-ws/install/research_interfaces/lib/libresearch_interfaces__rosidl_typesupport_introspection_c.so
-- Set runtime path of "/home/badger/codex-research/superlio-ego-20261007/lio-ready-69b9b75-ws/install/research_interfaces/lib/libresearch_interfaces__rosidl_typesupport_introspection_c.so" to ""
-- Installing: /home/badger/codex-research/superlio-ego-20261007/lio-ready-69b9b75-ws/install/research_interfaces/lib/libresearch_interfaces__rosidl_typesupport_c.so
-- Set runtime path of "/home/badger/codex-research/superlio-ego-20261007/lio-ready-69b9b75-ws/install/research_interfaces/lib/libresearch_interfaces__rosidl_typesupport_c.so" to ""
-- Up-to-date: /home/badger/codex-research/superlio-ego-20261007/lio-ready-69b9b75-ws/install/research_interfaces/include/research_interfaces/research_interfaces
-- Up-to-date: /home/badger/codex-research/superlio-ego-20261007/lio-ready-69b9b75-ws/install/research_interfaces/include/research_interfaces/research_interfaces/srv
-- Up-to-date: /home/badger/codex-research/superlio-ego-20261007/lio-ready-69b9b75-ws/install/research_interfaces/include/research_interfaces/research_interfaces/srv/detail
-- Installing: /home/badger/codex-research/superlio-ego-20261007/lio-ready-69b9b75-ws/install/research_interfaces/include/research_interfaces/research_interfaces/srv/detail/manage_research_task__type_support.hpp
-- Installing: /home/badger/codex-research/superlio-ego-20261007/lio-ready-69b9b75-ws/install/research_interfaces/include/research_interfaces/research_interfaces/srv/detail/plan_road_reference__type_support.hpp
-- Installing: /home/badger/codex-research/superlio-ego-20261007/lio-ready-69b9b75-ws/install/research_interfaces/include/research_interfaces/research_interfaces/srv/detail/manage_research_task__builder.hpp
-- Installing: /home/badger/codex-research/superlio-ego-20261007/lio-ready-69b9b75-ws/install/research_interfaces/include/research_interfaces/research_interfaces/srv/detail/manage_research_task__traits.hpp
-- Installing: /home/badger/codex-research/superlio-ego-20261007/lio-ready-69b9b75-ws/install/research_interfaces/include/research_interfaces/research_interfaces/srv/detail/plan_road_reference__struct.hpp
-- Installing: /home/badger/codex-research/superlio-ego-20261007/lio-ready-69b9b75-ws/install/research_interfaces/include/research_interfaces/research_interfaces/srv/detail/manage_research_task__struct.hpp
-- Installing: /home/badger/codex-research/superlio-ego-20261007/lio-ready-69b9b75-ws/install/research_interfaces/include/research_interfaces/research_interfaces/srv/detail/plan_road_reference__builder.hpp
-- Installing: /home/badger/codex-research/superlio-ego-20261007/lio-ready-69b9b75-ws/install/research_interfaces/include/research_interfaces/research_interfaces/srv/detail/plan_road_reference__traits.hpp
-- Installing: /home/badger/codex-research/superlio-ego-20261007/lio-ready-69b9b75-ws/install/research_interfaces/include/research_interfaces/research_interfaces/srv/plan_road_reference.hpp
-- Installing: /home/badger/codex-research/superlio-ego-20261007/lio-ready-69b9b75-ws/install/research_interfaces/include/research_interfaces/research_interfaces/srv/manage_research_task.hpp
-- Up-to-date: /home/badger/codex-research/superlio-ego-20261007/lio-ready-69b9b75-ws/install/research_interfaces/include/research_interfaces/research_interfaces/msg
-- Installing: /home/badger/codex-research/superlio-ego-20261007/lio-ready-69b9b75-ws/install/research_interfaces/include/research_interfaces/research_interfaces/msg/rosidl_generator_cpp__visibility_control.hpp
-- Up-to-date: /home/badger/codex-research/superlio-ego-20261007/lio-ready-69b9b75-ws/install/research_interfaces/include/research_interfaces/research_interfaces/msg/detail
-- Installing: /home/badger/codex-research/superlio-ego-20261007/lio-ready-69b9b75-ws/install/research_interfaces/include/research_interfaces/research_interfaces/msg/detail/road_graph_update2_d__traits.hpp
-- Installing: /home/badger/codex-research/superlio-ego-20261007/lio-ready-69b9b75-ws/install/research_interfaces/include/research_interfaces/research_interfaces/msg/detail/road_evidence2_d__type_support.hpp
-- Installing: /home/badger/codex-research/superlio-ego-20261007/lio-ready-69b9b75-ws/install/research_interfaces/include/research_interfaces/research_interfaces/msg/detail/timed_trajectory_point2_d__traits.hpp
-- Installing: /home/badger/codex-research/superlio-ego-20261007/lio-ready-69b9b75-ws/install/research_interfaces/include/research_interfaces/research_interfaces/msg/detail/research_status__traits.hpp
-- Installing: /home/badger/codex-research/superlio-ego-20261007/lio-ready-69b9b75-ws/install/research_interfaces/include/research_interfaces/research_interfaces/msg/detail/road_event__type_support.hpp
-- Installing: /home/badger/codex-research/superlio-ego-20261007/lio-ready-69b9b75-ws/install/research_interfaces/include/research_interfaces/research_interfaces/msg/detail/road_event__traits.hpp
-- Installing: /home/badger/codex-research/superlio-ego-20261007/lio-ready-69b9b75-ws/install/research_interfaces/include/research_interfaces/research_interfaces/msg/detail/road_evidence2_d__struct.hpp
-- Installing: /home/badger/codex-research/superlio-ego-20261007/lio-ready-69b9b75-ws/install/research_interfaces/include/research_interfaces/research_interfaces/msg/detail/road_graph_update2_d__struct.hpp
-- Installing: /home/badger/codex-research/superlio-ego-20261007/lio-ready-69b9b75-ws/install/research_interfaces/include/research_interfaces/research_interfaces/msg/detail/observation_goal__traits.hpp
-- Installing: /home/badger/codex-research/superlio-ego-20261007/lio-ready-69b9b75-ws/install/research_interfaces/include/research_interfaces/research_interfaces/msg/detail/timed_trajectory_point2_d__type_support.hpp
-- Installing: /home/badger/codex-research/superlio-ego-20261007/lio-ready-69b9b75-ws/install/research_interfaces/include/research_interfaces/research_interfaces/msg/detail/observation_goal__struct.hpp
-- Installing: /home/badger/codex-research/superlio-ego-20261007/lio-ready-69b9b75-ws/install/research_interfaces/include/research_interfaces/research_interfaces/msg/detail/timed_trajectory_point2_d__struct.hpp
-- Installing: /home/badger/codex-research/superlio-ego-20261007/lio-ready-69b9b75-ws/install/research_interfaces/include/research_interfaces/research_interfaces/msg/detail/observation_goal__type_support.hpp
-- Installing: /home/badger/codex-research/superlio-ego-20261007/lio-ready-69b9b75-ws/install/research_interfaces/include/research_interfaces/research_interfaces/msg/detail/road_event__builder.hpp
-- Installing: /home/badger/codex-research/superlio-ego-20261007/lio-ready-69b9b75-ws/install/research_interfaces/include/research_interfaces/research_interfaces/msg/detail/observation_goal__builder.hpp
-- Installing: /home/badger/codex-research/superlio-ego-20261007/lio-ready-69b9b75-ws/install/research_interfaces/include/research_interfaces/research_interfaces/msg/detail/operator_permit__builder.hpp
-- Installing: /home/badger/codex-research/superlio-ego-20261007/lio-ready-69b9b75-ws/install/research_interfaces/include/research_interfaces/research_interfaces/msg/detail/research_status__builder.hpp
-- Installing: /home/badger/codex-research/superlio-ego-20261007/lio-ready-69b9b75-ws/install/research_interfaces/include/research_interfaces/research_interfaces/msg/detail/operator_permit__type_support.hpp
-- Installing: /home/badger/codex-research/superlio-ego-20261007/lio-ready-69b9b75-ws/install/research_interfaces/include/research_interfaces/research_interfaces/msg/detail/timed_trajectory2_d__struct.hpp
-- Installing: /home/badger/codex-research/superlio-ego-20261007/lio-ready-69b9b75-ws/install/research_interfaces/include/research_interfaces/research_interfaces/msg/detail/research_status__struct.hpp
-- Installing: /home/badger/codex-research/superlio-ego-20261007/lio-ready-69b9b75-ws/install/research_interfaces/include/research_interfaces/research_interfaces/msg/detail/timed_trajectory2_d__type_support.hpp
-- Installing: /home/badger/codex-research/superlio-ego-20261007/lio-ready-69b9b75-ws/install/research_interfaces/include/research_interfaces/research_interfaces/msg/detail/road_graph_update2_d__builder.hpp
-- Installing: /home/badger/codex-research/superlio-ego-20261007/lio-ready-69b9b75-ws/install/research_interfaces/include/research_interfaces/research_interfaces/msg/detail/road_evidence2_d__builder.hpp
-- Installing: /home/badger/codex-research/superlio-ego-20261007/lio-ready-69b9b75-ws/install/research_interfaces/include/research_interfaces/research_interfaces/msg/detail/timed_trajectory2_d__builder.hpp
-- Installing: /home/badger/codex-research/superlio-ego-20261007/lio-ready-69b9b75-ws/install/research_interfaces/include/research_interfaces/research_interfaces/msg/detail/research_status__type_support.hpp
-- Installing: /home/badger/codex-research/superlio-ego-20261007/lio-ready-69b9b75-ws/install/research_interfaces/include/research_interfaces/research_interfaces/msg/detail/timed_trajectory2_d__traits.hpp
-- Installing: /home/badger/codex-research/superlio-ego-20261007/lio-ready-69b9b75-ws/install/research_interfaces/include/research_interfaces/research_interfaces/msg/detail/operator_permit__struct.hpp
-- Installing: /home/badger/codex-research/superlio-ego-20261007/lio-ready-69b9b75-ws/install/research_interfaces/include/research_interfaces/research_interfaces/msg/detail/operator_permit__traits.hpp
-- Installing: /home/badger/codex-research/superlio-ego-20261007/lio-ready-69b9b75-ws/install/research_interfaces/include/research_interfaces/research_interfaces/msg/detail/road_event__struct.hpp
-- Installing: /home/badger/codex-research/superlio-ego-20261007/lio-ready-69b9b75-ws/install/research_interfaces/include/research_interfaces/research_interfaces/msg/detail/road_evidence2_d__traits.hpp
-- Installing: /home/badger/codex-research/superlio-ego-20261007/lio-ready-69b9b75-ws/install/research_interfaces/include/research_interfaces/research_interfaces/msg/detail/timed_trajectory_point2_d__builder.hpp
-- Installing: /home/badger/codex-research/superlio-ego-20261007/lio-ready-69b9b75-ws/install/research_interfaces/include/research_interfaces/research_interfaces/msg/detail/road_graph_update2_d__type_support.hpp
-- Installing: /home/badger/codex-research/superlio-ego-20261007/lio-ready-69b9b75-ws/install/research_interfaces/include/research_interfaces/research_interfaces/msg/research_status.hpp
-- Installing: /home/badger/codex-research/superlio-ego-20261007/lio-ready-69b9b75-ws/install/research_interfaces/include/research_interfaces/research_interfaces/msg/timed_trajectory2_d.hpp
-- Installing: /home/badger/codex-research/superlio-ego-20261007/lio-ready-69b9b75-ws/install/research_interfaces/include/research_interfaces/research_interfaces/msg/road_event.hpp
-- Installing: /home/badger/codex-research/superlio-ego-20261007/lio-ready-69b9b75-ws/install/research_interfaces/include/research_interfaces/research_interfaces/msg/road_graph_update2_d.hpp
-- Installing: /home/badger/codex-research/superlio-ego-20261007/lio-ready-69b9b75-ws/install/research_interfaces/include/research_interfaces/research_interfaces/msg/operator_permit.hpp
-- Installing: /home/badger/codex-research/superlio-ego-20261007/lio-ready-69b9b75-ws/install/research_interfaces/include/research_interfaces/research_interfaces/msg/timed_trajectory_point2_d.hpp
-- Installing: /home/badger/codex-research/superlio-ego-20261007/lio-ready-69b9b75-ws/install/research_interfaces/include/research_interfaces/research_interfaces/msg/observation_goal.hpp
-- Installing: /home/badger/codex-research/superlio-ego-20261007/lio-ready-69b9b75-ws/install/research_interfaces/include/research_interfaces/research_interfaces/msg/road_evidence2_d.hpp
-- Up-to-date: /home/badger/codex-research/superlio-ego-20261007/lio-ready-69b9b75-ws/install/research_interfaces/include/research_interfaces/research_interfaces
-- Up-to-date: /home/badger/codex-research/superlio-ego-20261007/lio-ready-69b9b75-ws/install/research_interfaces/include/research_interfaces/research_interfaces/srv
-- Up-to-date: /home/badger/codex-research/superlio-ego-20261007/lio-ready-69b9b75-ws/install/research_interfaces/include/research_interfaces/research_interfaces/srv/detail
-- Installing: /home/badger/codex-research/superlio-ego-20261007/lio-ready-69b9b75-ws/install/research_interfaces/include/research_interfaces/research_interfaces/srv/detail/plan_road_reference__rosidl_typesupport_fastrtps_cpp.hpp
-- Installing: /home/badger/codex-research/superlio-ego-20261007/lio-ready-69b9b75-ws/install/research_interfaces/include/research_interfaces/research_interfaces/srv/detail/manage_research_task__rosidl_typesupport_fastrtps_cpp.hpp
-- Installing: /home/badger/codex-research/superlio-ego-20261007/lio-ready-69b9b75-ws/install/research_interfaces/include/research_interfaces/research_interfaces/srv/detail/dds_fastrtps
-- Up-to-date: /home/badger/codex-research/superlio-ego-20261007/lio-ready-69b9b75-ws/install/research_interfaces/include/research_interfaces/research_interfaces/msg
-- Up-to-date: /home/badger/codex-research/superlio-ego-20261007/lio-ready-69b9b75-ws/install/research_interfaces/include/research_interfaces/research_interfaces/msg/detail
-- Installing: /home/badger/codex-research/superlio-ego-20261007/lio-ready-69b9b75-ws/install/research_interfaces/include/research_interfaces/research_interfaces/msg/detail/road_graph_update2_d__rosidl_typesupport_fastrtps_cpp.hpp
-- Installing: /home/badger/codex-research/superlio-ego-20261007/lio-ready-69b9b75-ws/install/research_interfaces/include/research_interfaces/research_interfaces/msg/detail/timed_trajectory2_d__rosidl_typesupport_fastrtps_cpp.hpp
-- Installing: /home/badger/codex-research/superlio-ego-20261007/lio-ready-69b9b75-ws/install/research_interfaces/include/research_interfaces/research_interfaces/msg/detail/operator_permit__rosidl_typesupport_fastrtps_cpp.hpp
-- Installing: /home/badger/codex-research/superlio-ego-20261007/lio-ready-69b9b75-ws/install/research_interfaces/include/research_interfaces/research_interfaces/msg/detail/observation_goal__rosidl_typesupport_fastrtps_cpp.hpp
-- Installing: /home/badger/codex-research/superlio-ego-20261007/lio-ready-69b9b75-ws/install/research_interfaces/include/research_interfaces/research_interfaces/msg/detail/timed_trajectory_point2_d__rosidl_typesupport_fastrtps_cpp.hpp
-- Installing: /home/badger/codex-research/superlio-ego-20261007/lio-ready-69b9b75-ws/install/research_interfaces/include/research_interfaces/research_interfaces/msg/detail/research_status__rosidl_typesupport_fastrtps_cpp.hpp
-- Installing: /home/badger/codex-research/superlio-ego-20261007/lio-ready-69b9b75-ws/install/research_interfaces/include/research_interfaces/research_interfaces/msg/detail/dds_fastrtps
-- Installing: /home/badger/codex-research/superlio-ego-20261007/lio-ready-69b9b75-ws/install/research_interfaces/include/research_interfaces/research_interfaces/msg/detail/road_evidence2_d__rosidl_typesupport_fastrtps_cpp.hpp
-- Installing: /home/badger/codex-research/superlio-ego-20261007/lio-ready-69b9b75-ws/install/research_interfaces/include/research_interfaces/research_interfaces/msg/detail/road_event__rosidl_typesupport_fastrtps_cpp.hpp
-- Installing: /home/badger/codex-research/superlio-ego-20261007/lio-ready-69b9b75-ws/install/research_interfaces/include/research_interfaces/research_interfaces/msg/rosidl_typesupport_fastrtps_cpp__visibility_control.h
-- Installing: /home/badger/codex-research/superlio-ego-20261007/lio-ready-69b9b75-ws/install/research_interfaces/lib/libresearch_interfaces__rosidl_typesupport_fastrtps_cpp.so
-- Set runtime path of "/home/badger/codex-research/superlio-ego-20261007/lio-ready-69b9b75-ws/install/research_interfaces/lib/libresearch_interfaces__rosidl_typesupport_fastrtps_cpp.so" to ""
-- Up-to-date: /home/badger/codex-research/superlio-ego-20261007/lio-ready-69b9b75-ws/install/research_interfaces/include/research_interfaces/research_interfaces
-- Up-to-date: /home/badger/codex-research/superlio-ego-20261007/lio-ready-69b9b75-ws/install/research_interfaces/include/research_interfaces/research_interfaces/srv
-- Up-to-date: /home/badger/codex-research/superlio-ego-20261007/lio-ready-69b9b75-ws/install/research_interfaces/include/research_interfaces/research_interfaces/srv/detail
-- Installing: /home/badger/codex-research/superlio-ego-20261007/lio-ready-69b9b75-ws/install/research_interfaces/include/research_interfaces/research_interfaces/srv/detail/plan_road_reference__type_support.cpp
-- Installing: /home/badger/codex-research/superlio-ego-20261007/lio-ready-69b9b75-ws/install/research_interfaces/include/research_interfaces/research_interfaces/srv/detail/manage_research_task__type_support.cpp
-- Installing: /home/badger/codex-research/superlio-ego-20261007/lio-ready-69b9b75-ws/install/research_interfaces/include/research_interfaces/research_interfaces/srv/detail/plan_road_reference__rosidl_typesupport_introspection_cpp.hpp
-- Installing: /home/badger/codex-research/superlio-ego-20261007/lio-ready-69b9b75-ws/install/research_interfaces/include/research_interfaces/research_interfaces/srv/detail/manage_research_task__rosidl_typesupport_introspection_cpp.hpp
-- Up-to-date: /home/badger/codex-research/superlio-ego-20261007/lio-ready-69b9b75-ws/install/research_interfaces/include/research_interfaces/research_interfaces/msg
-- Up-to-date: /home/badger/codex-research/superlio-ego-20261007/lio-ready-69b9b75-ws/install/research_interfaces/include/research_interfaces/research_interfaces/msg/detail
-- Installing: /home/badger/codex-research/superlio-ego-20261007/lio-ready-69b9b75-ws/install/research_interfaces/include/research_interfaces/research_interfaces/msg/detail/operator_permit__type_support.cpp
-- Installing: /home/badger/codex-research/superlio-ego-20261007/lio-ready-69b9b75-ws/install/research_interfaces/include/research_interfaces/research_interfaces/msg/detail/observation_goal__rosidl_typesupport_introspection_cpp.hpp
-- Installing: /home/badger/codex-research/superlio-ego-20261007/lio-ready-69b9b75-ws/install/research_interfaces/include/research_interfaces/research_interfaces/msg/detail/timed_trajectory2_d__rosidl_typesupport_introspection_cpp.hpp
-- Installing: /home/badger/codex-research/superlio-ego-20261007/lio-ready-69b9b75-ws/install/research_interfaces/include/research_interfaces/research_interfaces/msg/detail/timed_trajectory_point2_d__type_support.cpp
-- Installing: /home/badger/codex-research/superlio-ego-20261007/lio-ready-69b9b75-ws/install/research_interfaces/include/research_interfaces/research_interfaces/msg/detail/road_evidence2_d__type_support.cpp
-- Installing: /home/badger/codex-research/superlio-ego-20261007/lio-ready-69b9b75-ws/install/research_interfaces/include/research_interfaces/research_interfaces/msg/detail/operator_permit__rosidl_typesupport_introspection_cpp.hpp
-- Installing: /home/badger/codex-research/superlio-ego-20261007/lio-ready-69b9b75-ws/install/research_interfaces/include/research_interfaces/research_interfaces/msg/detail/road_event__type_support.cpp
-- Installing: /home/badger/codex-research/superlio-ego-20261007/lio-ready-69b9b75-ws/install/research_interfaces/include/research_interfaces/research_interfaces/msg/detail/timed_trajectory2_d__type_support.cpp
-- Installing: /home/badger/codex-research/superlio-ego-20261007/lio-ready-69b9b75-ws/install/research_interfaces/include/research_interfaces/research_interfaces/msg/detail/research_status__type_support.cpp
-- Installing: /home/badger/codex-research/superlio-ego-20261007/lio-ready-69b9b75-ws/install/research_interfaces/include/research_interfaces/research_interfaces/msg/detail/research_status__rosidl_typesupport_introspection_cpp.hpp
-- Installing: /home/badger/codex-research/superlio-ego-20261007/lio-ready-69b9b75-ws/install/research_interfaces/include/research_interfaces/research_interfaces/msg/detail/road_graph_update2_d__rosidl_typesupport_introspection_cpp.hpp
-- Installing: /home/badger/codex-research/superlio-ego-20261007/lio-ready-69b9b75-ws/install/research_interfaces/include/research_interfaces/research_interfaces/msg/detail/road_event__rosidl_typesupport_introspection_cpp.hpp
-- Installing: /home/badger/codex-research/superlio-ego-20261007/lio-ready-69b9b75-ws/install/research_interfaces/include/research_interfaces/research_interfaces/msg/detail/timed_trajectory_point2_d__rosidl_typesupport_introspection_cpp.hpp
-- Installing: /home/badger/codex-research/superlio-ego-20261007/lio-ready-69b9b75-ws/install/research_interfaces/include/research_interfaces/research_interfaces/msg/detail/road_graph_update2_d__type_support.cpp
-- Installing: /home/badger/codex-research/superlio-ego-20261007/lio-ready-69b9b75-ws/install/research_interfaces/include/research_interfaces/research_interfaces/msg/detail/observation_goal__type_support.cpp
-- Installing: /home/badger/codex-research/superlio-ego-20261007/lio-ready-69b9b75-ws/install/research_interfaces/include/research_interfaces/research_interfaces/msg/detail/road_evidence2_d__rosidl_typesupport_introspection_cpp.hpp
-- Installing: /home/badger/codex-research/superlio-ego-20261007/lio-ready-69b9b75-ws/install/research_interfaces/lib/libresearch_interfaces__rosidl_typesupport_introspection_cpp.so
-- Set runtime path of "/home/badger/codex-research/superlio-ego-20261007/lio-ready-69b9b75-ws/install/research_interfaces/lib/libresearch_interfaces__rosidl_typesupport_introspection_cpp.so" to ""
-- Installing: /home/badger/codex-research/superlio-ego-20261007/lio-ready-69b9b75-ws/install/research_interfaces/lib/libresearch_interfaces__rosidl_typesupport_cpp.so
-- Set runtime path of "/home/badger/codex-research/superlio-ego-20261007/lio-ready-69b9b75-ws/install/research_interfaces/lib/libresearch_interfaces__rosidl_typesupport_cpp.so" to ""
-- Installing: /home/badger/codex-research/superlio-ego-20261007/lio-ready-69b9b75-ws/install/research_interfaces/share/research_interfaces/environment/pythonpath.sh
-- Installing: /home/badger/codex-research/superlio-ego-20261007/lio-ready-69b9b75-ws/install/research_interfaces/share/research_interfaces/environment/pythonpath.dsv
-- Installing: /home/badger/codex-research/superlio-ego-20261007/lio-ready-69b9b75-ws/install/research_interfaces/local/lib/python3.10/dist-packages/research_interfaces-0.1.0-py3.10.egg-info
-- Installing: /home/badger/codex-research/superlio-ego-20261007/lio-ready-69b9b75-ws/install/research_interfaces/local/lib/python3.10/dist-packages/research_interfaces-0.1.0-py3.10.egg-info/PKG-INFO
-- Installing: /home/badger/codex-research/superlio-ego-20261007/lio-ready-69b9b75-ws/install/research_interfaces/local/lib/python3.10/dist-packages/research_interfaces-0.1.0-py3.10.egg-info/SOURCES.txt
-- Installing: /home/badger/codex-research/superlio-ego-20261007/lio-ready-69b9b75-ws/install/research_interfaces/local/lib/python3.10/dist-packages/research_interfaces-0.1.0-py3.10.egg-info/top_level.txt
-- Installing: /home/badger/codex-research/superlio-ego-20261007/lio-ready-69b9b75-ws/install/research_interfaces/local/lib/python3.10/dist-packages/research_interfaces-0.1.0-py3.10.egg-info/dependency_links.txt
-- Installing: /home/badger/codex-research/superlio-ego-20261007/lio-ready-69b9b75-ws/install/research_interfaces/local/lib/python3.10/dist-packages/research_interfaces
-- Installing: /home/badger/codex-research/superlio-ego-20261007/lio-ready-69b9b75-ws/install/research_interfaces/local/lib/python3.10/dist-packages/research_interfaces/srv
-- Installing: /home/badger/codex-research/superlio-ego-20261007/lio-ready-69b9b75-ws/install/research_interfaces/local/lib/python3.10/dist-packages/research_interfaces/srv/_manage_research_task.py
-- Installing: /home/badger/codex-research/superlio-ego-20261007/lio-ready-69b9b75-ws/install/research_interfaces/local/lib/python3.10/dist-packages/research_interfaces/srv/_plan_road_reference_s.c
-- Installing: /home/badger/codex-research/superlio-ego-20261007/lio-ready-69b9b75-ws/install/research_interfaces/local/lib/python3.10/dist-packages/research_interfaces/srv/__init__.py
-- Installing: /home/badger/codex-research/superlio-ego-20261007/lio-ready-69b9b75-ws/install/research_interfaces/local/lib/python3.10/dist-packages/research_interfaces/srv/_manage_research_task_s.c
-- Installing: /home/badger/codex-research/superlio-ego-20261007/lio-ready-69b9b75-ws/install/research_interfaces/local/lib/python3.10/dist-packages/research_interfaces/srv/_plan_road_reference.py
-- Installing: /home/badger/codex-research/superlio-ego-20261007/lio-ready-69b9b75-ws/install/research_interfaces/local/lib/python3.10/dist-packages/research_interfaces/research_interfaces_s__rosidl_typesupport_fastrtps_c.cpython-310-x86_64-linux-gnu.so
-- Installing: /home/badger/codex-research/superlio-ego-20261007/lio-ready-69b9b75-ws/install/research_interfaces/local/lib/python3.10/dist-packages/research_interfaces/__init__.py
-- Installing: /home/badger/codex-research/superlio-ego-20261007/lio-ready-69b9b75-ws/install/research_interfaces/local/lib/python3.10/dist-packages/research_interfaces/_research_interfaces_s.ep.rosidl_typesupport_fastrtps_c.c
-- Installing: /home/badger/codex-research/superlio-ego-20261007/lio-ready-69b9b75-ws/install/research_interfaces/local/lib/python3.10/dist-packages/research_interfaces/research_interfaces_s__rosidl_typesupport_introspection_c.cpython-310-x86_64-linux-gnu.so
-- Installing: /home/badger/codex-research/superlio-ego-20261007/lio-ready-69b9b75-ws/install/research_interfaces/local/lib/python3.10/dist-packages/research_interfaces/_research_interfaces_s.ep.rosidl_typesupport_c.c
-- Installing: /home/badger/codex-research/superlio-ego-20261007/lio-ready-69b9b75-ws/install/research_interfaces/local/lib/python3.10/dist-packages/research_interfaces/libresearch_interfaces__rosidl_generator_py.so
-- Installing: /home/badger/codex-research/superlio-ego-20261007/lio-ready-69b9b75-ws/install/research_interfaces/local/lib/python3.10/dist-packages/research_interfaces/msg
-- Installing: /home/badger/codex-research/superlio-ego-20261007/lio-ready-69b9b75-ws/install/research_interfaces/local/lib/python3.10/dist-packages/research_interfaces/msg/_operator_permit.py
-- Installing: /home/badger/codex-research/superlio-ego-20261007/lio-ready-69b9b75-ws/install/research_interfaces/local/lib/python3.10/dist-packages/research_interfaces/msg/_operator_permit_s.c
-- Installing: /home/badger/codex-research/superlio-ego-20261007/lio-ready-69b9b75-ws/install/research_interfaces/local/lib/python3.10/dist-packages/research_interfaces/msg/_observation_goal_s.c
-- Installing: /home/badger/codex-research/superlio-ego-20261007/lio-ready-69b9b75-ws/install/research_interfaces/local/lib/python3.10/dist-packages/research_interfaces/msg/_road_graph_update2_d.py
-- Installing: /home/badger/codex-research/superlio-ego-20261007/lio-ready-69b9b75-ws/install/research_interfaces/local/lib/python3.10/dist-packages/research_interfaces/msg/_road_event.py
-- Installing: /home/badger/codex-research/superlio-ego-20261007/lio-ready-69b9b75-ws/install/research_interfaces/local/lib/python3.10/dist-packages/research_interfaces/msg/_timed_trajectory_point2_d.py
-- Installing: /home/badger/codex-research/superlio-ego-20261007/lio-ready-69b9b75-ws/install/research_interfaces/local/lib/python3.10/dist-packages/research_interfaces/msg/__init__.py
-- Installing: /home/badger/codex-research/superlio-ego-20261007/lio-ready-69b9b75-ws/install/research_interfaces/local/lib/python3.10/dist-packages/research_interfaces/msg/_road_evidence2_d_s.c
-- Installing: /home/badger/codex-research/superlio-ego-20261007/lio-ready-69b9b75-ws/install/research_interfaces/local/lib/python3.10/dist-packages/research_interfaces/msg/_timed_trajectory2_d.py
-- Installing: /home/badger/codex-research/superlio-ego-20261007/lio-ready-69b9b75-ws/install/research_interfaces/local/lib/python3.10/dist-packages/research_interfaces/msg/_research_status_s.c
-- Installing: /home/badger/codex-research/superlio-ego-20261007/lio-ready-69b9b75-ws/install/research_interfaces/local/lib/python3.10/dist-packages/research_interfaces/msg/_timed_trajectory_point2_d_s.c
-- Installing: /home/badger/codex-research/superlio-ego-20261007/lio-ready-69b9b75-ws/install/research_interfaces/local/lib/python3.10/dist-packages/research_interfaces/msg/_road_evidence2_d.py
-- Installing: /home/badger/codex-research/superlio-ego-20261007/lio-ready-69b9b75-ws/install/research_interfaces/local/lib/python3.10/dist-packages/research_interfaces/msg/_observation_goal.py
-- Installing: /home/badger/codex-research/superlio-ego-20261007/lio-ready-69b9b75-ws/install/research_interfaces/local/lib/python3.10/dist-packages/research_interfaces/msg/_research_status.py
-- Installing: /home/badger/codex-research/superlio-ego-20261007/lio-ready-69b9b75-ws/install/research_interfaces/local/lib/python3.10/dist-packages/research_interfaces/msg/_road_graph_update2_d_s.c
-- Installing: /home/badger/codex-research/superlio-ego-20261007/lio-ready-69b9b75-ws/install/research_interfaces/local/lib/python3.10/dist-packages/research_interfaces/msg/_timed_trajectory2_d_s.c
-- Installing: /home/badger/codex-research/superlio-ego-20261007/lio-ready-69b9b75-ws/install/research_interfaces/local/lib/python3.10/dist-packages/research_interfaces/msg/_road_event_s.c
-- Installing: /home/badger/codex-research/superlio-ego-20261007/lio-ready-69b9b75-ws/install/research_interfaces/local/lib/python3.10/dist-packages/research_interfaces/research_interfaces_s__rosidl_typesupport_c.cpython-310-x86_64-linux-gnu.so
-- Installing: /home/badger/codex-research/superlio-ego-20261007/lio-ready-69b9b75-ws/install/research_interfaces/local/lib/python3.10/dist-packages/research_interfaces/_research_interfaces_s.ep.rosidl_typesupport_introspection_c.c
Listing '/home/badger/codex-research/superlio-ego-20261007/lio-ready-69b9b75-ws/install/research_interfaces/local/lib/python3.10/dist-packages/research_interfaces'...
Compiling '/home/badger/codex-research/superlio-ego-20261007/lio-ready-69b9b75-ws/install/research_interfaces/local/lib/python3.10/dist-packages/research_interfaces/__init__.py'...
Listing '/home/badger/codex-research/superlio-ego-20261007/lio-ready-69b9b75-ws/install/research_interfaces/local/lib/python3.10/dist-packages/research_interfaces/msg'...
Compiling '/home/badger/codex-research/superlio-ego-20261007/lio-ready-69b9b75-ws/install/research_interfaces/local/lib/python3.10/dist-packages/research_interfaces/msg/__init__.py'...
Compiling '/home/badger/codex-research/superlio-ego-20261007/lio-ready-69b9b75-ws/install/research_interfaces/local/lib/python3.10/dist-packages/research_interfaces/msg/_observation_goal.py'...
Compiling '/home/badger/codex-research/superlio-ego-20261007/lio-ready-69b9b75-ws/install/research_interfaces/local/lib/python3.10/dist-packages/research_interfaces/msg/_operator_permit.py'...
Compiling '/home/badger/codex-research/superlio-ego-20261007/lio-ready-69b9b75-ws/install/research_interfaces/local/lib/python3.10/dist-packages/research_interfaces/msg/_research_status.py'...
Compiling '/home/badger/codex-research/superlio-ego-20261007/lio-ready-69b9b75-ws/install/research_interfaces/local/lib/python3.10/dist-packages/research_interfaces/msg/_road_event.py'...
Compiling '/home/badger/codex-research/superlio-ego-20261007/lio-ready-69b9b75-ws/install/research_interfaces/local/lib/python3.10/dist-packages/research_interfaces/msg/_road_evidence2_d.py'...
Compiling '/home/badger/codex-research/superlio-ego-20261007/lio-ready-69b9b75-ws/install/research_interfaces/local/lib/python3.10/dist-packages/research_interfaces/msg/_road_graph_update2_d.py'...
Compiling '/home/badger/codex-research/superlio-ego-20261007/lio-ready-69b9b75-ws/install/research_interfaces/local/lib/python3.10/dist-packages/research_interfaces/msg/_timed_trajectory2_d.py'...
Compiling '/home/badger/codex-research/superlio-ego-20261007/lio-ready-69b9b75-ws/install/research_interfaces/local/lib/python3.10/dist-packages/research_interfaces/msg/_timed_trajectory_point2_d.py'...
Listing '/home/badger/codex-research/superlio-ego-20261007/lio-ready-69b9b75-ws/install/research_interfaces/local/lib/python3.10/dist-packages/research_interfaces/srv'...
Compiling '/home/badger/codex-research/superlio-ego-20261007/lio-ready-69b9b75-ws/install/research_interfaces/local/lib/python3.10/dist-packages/research_interfaces/srv/__init__.py'...
Compiling '/home/badger/codex-research/superlio-ego-20261007/lio-ready-69b9b75-ws/install/research_interfaces/local/lib/python3.10/dist-packages/research_interfaces/srv/_manage_research_task.py'...
Compiling '/home/badger/codex-research/superlio-ego-20261007/lio-ready-69b9b75-ws/install/research_interfaces/local/lib/python3.10/dist-packages/research_interfaces/srv/_plan_road_reference.py'...
-- Installing: /home/badger/codex-research/superlio-ego-20261007/lio-ready-69b9b75-ws/install/research_interfaces/local/lib/python3.10/dist-packages/research_interfaces/research_interfaces_s__rosidl_typesupport_fastrtps_c.cpython-310-x86_64-linux-gnu.so
-- Set runtime path of "/home/badger/codex-research/superlio-ego-20261007/lio-ready-69b9b75-ws/install/research_interfaces/local/lib/python3.10/dist-packages/research_interfaces/research_interfaces_s__rosidl_typesupport_fastrtps_c.cpython-310-x86_64-linux-gnu.so" to ""
-- Installing: /home/badger/codex-research/superlio-ego-20261007/lio-ready-69b9b75-ws/install/research_interfaces/local/lib/python3.10/dist-packages/research_interfaces/research_interfaces_s__rosidl_typesupport_introspection_c.cpython-310-x86_64-linux-gnu.so
-- Set runtime path of "/home/badger/codex-research/superlio-ego-20261007/lio-ready-69b9b75-ws/install/research_interfaces/local/lib/python3.10/dist-packages/research_interfaces/research_interfaces_s__rosidl_typesupport_introspection_c.cpython-310-x86_64-linux-gnu.so" to ""
-- Installing: /home/badger/codex-research/superlio-ego-20261007/lio-ready-69b9b75-ws/install/research_interfaces/local/lib/python3.10/dist-packages/research_interfaces/research_interfaces_s__rosidl_typesupport_c.cpython-310-x86_64-linux-gnu.so
-- Set runtime path of "/home/badger/codex-research/superlio-ego-20261007/lio-ready-69b9b75-ws/install/research_interfaces/local/lib/python3.10/dist-packages/research_interfaces/research_interfaces_s__rosidl_typesupport_c.cpython-310-x86_64-linux-gnu.so" to ""
-- Installing: /home/badger/codex-research/superlio-ego-20261007/lio-ready-69b9b75-ws/install/research_interfaces/lib/libresearch_interfaces__rosidl_generator_py.so
-- Set runtime path of "/home/badger/codex-research/superlio-ego-20261007/lio-ready-69b9b75-ws/install/research_interfaces/lib/libresearch_interfaces__rosidl_generator_py.so" to ""
-- Installing: /home/badger/codex-research/superlio-ego-20261007/lio-ready-69b9b75-ws/install/research_interfaces/share/research_interfaces/msg/RoadGraphUpdate2D.idl
-- Installing: /home/badger/codex-research/superlio-ego-20261007/lio-ready-69b9b75-ws/install/research_interfaces/share/research_interfaces/msg/TimedTrajectoryPoint2D.idl
-- Installing: /home/badger/codex-research/superlio-ego-20261007/lio-ready-69b9b75-ws/install/research_interfaces/share/research_interfaces/msg/TimedTrajectory2D.idl
-- Installing: /home/badger/codex-research/superlio-ego-20261007/lio-ready-69b9b75-ws/install/research_interfaces/share/research_interfaces/msg/RoadEvent.idl
-- Installing: /home/badger/codex-research/superlio-ego-20261007/lio-ready-69b9b75-ws/install/research_interfaces/share/research_interfaces/msg/ObservationGoal.idl
-- Installing: /home/badger/codex-research/superlio-ego-20261007/lio-ready-69b9b75-ws/install/research_interfaces/share/research_interfaces/msg/ResearchStatus.idl
-- Installing: /home/badger/codex-research/superlio-ego-20261007/lio-ready-69b9b75-ws/install/research_interfaces/share/research_interfaces/msg/OperatorPermit.idl
-- Installing: /home/badger/codex-research/superlio-ego-20261007/lio-ready-69b9b75-ws/install/research_interfaces/share/research_interfaces/msg/RoadEvidence2D.idl
-- Installing: /home/badger/codex-research/superlio-ego-20261007/lio-ready-69b9b75-ws/install/research_interfaces/share/research_interfaces/srv/PlanRoadReference.idl
-- Installing: /home/badger/codex-research/superlio-ego-20261007/lio-ready-69b9b75-ws/install/research_interfaces/share/research_interfaces/srv/ManageResearchTask.idl
-- Installing: /home/badger/codex-research/superlio-ego-20261007/lio-ready-69b9b75-ws/install/research_interfaces/share/research_interfaces/msg/RoadGraphUpdate2D.msg
-- Installing: /home/badger/codex-research/superlio-ego-20261007/lio-ready-69b9b75-ws/install/research_interfaces/share/research_interfaces/msg/TimedTrajectoryPoint2D.msg
-- Installing: /home/badger/codex-research/superlio-ego-20261007/lio-ready-69b9b75-ws/install/research_interfaces/share/research_interfaces/msg/TimedTrajectory2D.msg
-- Installing: /home/badger/codex-research/superlio-ego-20261007/lio-ready-69b9b75-ws/install/research_interfaces/share/research_interfaces/msg/RoadEvent.msg
-- Installing: /home/badger/codex-research/superlio-ego-20261007/lio-ready-69b9b75-ws/install/research_interfaces/share/research_interfaces/msg/ObservationGoal.msg
-- Installing: /home/badger/codex-research/superlio-ego-20261007/lio-ready-69b9b75-ws/install/research_interfaces/share/research_interfaces/msg/ResearchStatus.msg
-- Installing: /home/badger/codex-research/superlio-ego-20261007/lio-ready-69b9b75-ws/install/research_interfaces/share/research_interfaces/msg/OperatorPermit.msg
-- Installing: /home/badger/codex-research/superlio-ego-20261007/lio-ready-69b9b75-ws/install/research_interfaces/share/research_interfaces/msg/RoadEvidence2D.msg
-- Installing: /home/badger/codex-research/superlio-ego-20261007/lio-ready-69b9b75-ws/install/research_interfaces/share/research_interfaces/srv/PlanRoadReference.srv
-- Installing: /home/badger/codex-research/superlio-ego-20261007/lio-ready-69b9b75-ws/install/research_interfaces/share/research_interfaces/srv/PlanRoadReference_Request.msg
-- Installing: /home/badger/codex-research/superlio-ego-20261007/lio-ready-69b9b75-ws/install/research_interfaces/share/research_interfaces/srv/PlanRoadReference_Response.msg
-- Installing: /home/badger/codex-research/superlio-ego-20261007/lio-ready-69b9b75-ws/install/research_interfaces/share/research_interfaces/srv/ManageResearchTask.srv
-- Installing: /home/badger/codex-research/superlio-ego-20261007/lio-ready-69b9b75-ws/install/research_interfaces/share/research_interfaces/srv/ManageResearchTask_Request.msg
-- Installing: /home/badger/codex-research/superlio-ego-20261007/lio-ready-69b9b75-ws/install/research_interfaces/share/research_interfaces/srv/ManageResearchTask_Response.msg
-- Up-to-date: /home/badger/codex-research/superlio-ego-20261007/lio-ready-69b9b75-ws/install/research_interfaces/include/research_interfaces
-- Up-to-date: /home/badger/codex-research/superlio-ego-20261007/lio-ready-69b9b75-ws/install/research_interfaces/include/research_interfaces/research_interfaces
-- Installing: /home/badger/codex-research/superlio-ego-20261007/lio-ready-69b9b75-ws/install/research_interfaces/include/research_interfaces/research_interfaces/vehicle_parameter_lock.hpp
-- Installing: /home/badger/codex-research/superlio-ego-20261007/lio-ready-69b9b75-ws/install/research_interfaces/share/ament_index/resource_index/package_run_dependencies/research_interfaces
-- Installing: /home/badger/codex-research/superlio-ego-20261007/lio-ready-69b9b75-ws/install/research_interfaces/share/ament_index/resource_index/parent_prefix_path/research_interfaces
-- Installing: /home/badger/codex-research/superlio-ego-20261007/lio-ready-69b9b75-ws/install/research_interfaces/share/research_interfaces/environment/ament_prefix_path.sh
-- Installing: /home/badger/codex-research/superlio-ego-20261007/lio-ready-69b9b75-ws/install/research_interfaces/share/research_interfaces/environment/ament_prefix_path.dsv
-- Installing: /home/badger/codex-research/superlio-ego-20261007/lio-ready-69b9b75-ws/install/research_interfaces/share/research_interfaces/environment/path.sh
-- Installing: /home/badger/codex-research/superlio-ego-20261007/lio-ready-69b9b75-ws/install/research_interfaces/share/research_interfaces/environment/path.dsv
-- Installing: /home/badger/codex-research/superlio-ego-20261007/lio-ready-69b9b75-ws/install/research_interfaces/share/research_interfaces/local_setup.bash
-- Installing: /home/badger/codex-research/superlio-ego-20261007/lio-ready-69b9b75-ws/install/research_interfaces/share/research_interfaces/local_setup.sh
-- Installing: /home/badger/codex-research/superlio-ego-20261007/lio-ready-69b9b75-ws/install/research_interfaces/share/research_interfaces/local_setup.zsh
-- Installing: /home/badger/codex-research/superlio-ego-20261007/lio-ready-69b9b75-ws/install/research_interfaces/share/research_interfaces/local_setup.dsv
-- Installing: /home/badger/codex-research/superlio-ego-20261007/lio-ready-69b9b75-ws/install/research_interfaces/share/research_interfaces/package.dsv
-- Installing: /home/badger/codex-research/superlio-ego-20261007/lio-ready-69b9b75-ws/install/research_interfaces/share/ament_index/resource_index/packages/research_interfaces
-- Installing: /home/badger/codex-research/superlio-ego-20261007/lio-ready-69b9b75-ws/install/research_interfaces/share/research_interfaces/cmake/export_research_interfaces__rosidl_generator_cExport.cmake
-- Installing: /home/badger/codex-research/superlio-ego-20261007/lio-ready-69b9b75-ws/install/research_interfaces/share/research_interfaces/cmake/export_research_interfaces__rosidl_generator_cExport-noconfig.cmake
-- Installing: /home/badger/codex-research/superlio-ego-20261007/lio-ready-69b9b75-ws/install/research_interfaces/share/research_interfaces/cmake/export_research_interfaces__rosidl_typesupport_fastrtps_cExport.cmake
-- Installing: /home/badger/codex-research/superlio-ego-20261007/lio-ready-69b9b75-ws/install/research_interfaces/share/research_interfaces/cmake/export_research_interfaces__rosidl_typesupport_fastrtps_cExport-noconfig.cmake
-- Installing: /home/badger/codex-research/superlio-ego-20261007/lio-ready-69b9b75-ws/install/research_interfaces/share/research_interfaces/cmake/research_interfaces__rosidl_typesupport_introspection_cExport.cmake
-- Installing: /home/badger/codex-research/superlio-ego-20261007/lio-ready-69b9b75-ws/install/research_interfaces/share/research_interfaces/cmake/research_interfaces__rosidl_typesupport_introspection_cExport-noconfig.cmake
-- Installing: /home/badger/codex-research/superlio-ego-20261007/lio-ready-69b9b75-ws/install/research_interfaces/share/research_interfaces/cmake/research_interfaces__rosidl_typesupport_cExport.cmake
-- Installing: /home/badger/codex-research/superlio-ego-20261007/lio-ready-69b9b75-ws/install/research_interfaces/share/research_interfaces/cmake/research_interfaces__rosidl_typesupport_cExport-noconfig.cmake
-- Installing: /home/badger/codex-research/superlio-ego-20261007/lio-ready-69b9b75-ws/install/research_interfaces/share/research_interfaces/cmake/export_research_interfaces__rosidl_generator_cppExport.cmake
-- Installing: /home/badger/codex-research/superlio-ego-20261007/lio-ready-69b9b75-ws/install/research_interfaces/share/research_interfaces/cmake/export_research_interfaces__rosidl_typesupport_fastrtps_cppExport.cmake
-- Installing: /home/badger/codex-research/superlio-ego-20261007/lio-ready-69b9b75-ws/install/research_interfaces/share/research_interfaces/cmake/export_research_interfaces__rosidl_typesupport_fastrtps_cppExport-noconfig.cmake
-- Installing: /home/badger/codex-research/superlio-ego-20261007/lio-ready-69b9b75-ws/install/research_interfaces/share/research_interfaces/cmake/research_interfaces__rosidl_typesupport_introspection_cppExport.cmake
-- Installing: /home/badger/codex-research/superlio-ego-20261007/lio-ready-69b9b75-ws/install/research_interfaces/share/research_interfaces/cmake/research_interfaces__rosidl_typesupport_introspection_cppExport-noconfig.cmake
-- Installing: /home/badger/codex-research/superlio-ego-20261007/lio-ready-69b9b75-ws/install/research_interfaces/share/research_interfaces/cmake/research_interfaces__rosidl_typesupport_cppExport.cmake
-- Installing: /home/badger/codex-research/superlio-ego-20261007/lio-ready-69b9b75-ws/install/research_interfaces/share/research_interfaces/cmake/research_interfaces__rosidl_typesupport_cppExport-noconfig.cmake
-- Installing: /home/badger/codex-research/superlio-ego-20261007/lio-ready-69b9b75-ws/install/research_interfaces/share/research_interfaces/cmake/export_research_interfaces__rosidl_generator_pyExport.cmake
-- Installing: /home/badger/codex-research/superlio-ego-20261007/lio-ready-69b9b75-ws/install/research_interfaces/share/research_interfaces/cmake/export_research_interfaces__rosidl_generator_pyExport-noconfig.cmake
-- Installing: /home/badger/codex-research/superlio-ego-20261007/lio-ready-69b9b75-ws/install/research_interfaces/share/research_interfaces/cmake/rosidl_cmake-extras.cmake
-- Installing: /home/badger/codex-research/superlio-ego-20261007/lio-ready-69b9b75-ws/install/research_interfaces/share/research_interfaces/cmake/ament_cmake_export_dependencies-extras.cmake
-- Installing: /home/badger/codex-research/superlio-ego-20261007/lio-ready-69b9b75-ws/install/research_interfaces/share/research_interfaces/cmake/ament_cmake_export_include_directories-extras.cmake
-- Installing: /home/badger/codex-research/superlio-ego-20261007/lio-ready-69b9b75-ws/install/research_interfaces/share/research_interfaces/cmake/ament_cmake_export_libraries-extras.cmake
-- Installing: /home/badger/codex-research/superlio-ego-20261007/lio-ready-69b9b75-ws/install/research_interfaces/share/research_interfaces/cmake/ament_cmake_export_targets-extras.cmake
-- Installing: /home/badger/codex-research/superlio-ego-20261007/lio-ready-69b9b75-ws/install/research_interfaces/share/research_interfaces/cmake/rosidl_cmake_export_typesupport_targets-extras.cmake
-- Installing: /home/badger/codex-research/superlio-ego-20261007/lio-ready-69b9b75-ws/install/research_interfaces/share/research_interfaces/cmake/rosidl_cmake_export_typesupport_libraries-extras.cmake
-- Installing: /home/badger/codex-research/superlio-ego-20261007/lio-ready-69b9b75-ws/install/research_interfaces/share/research_interfaces/cmake/research_interfacesConfig.cmake
-- Installing: /home/badger/codex-research/superlio-ego-20261007/lio-ready-69b9b75-ws/install/research_interfaces/share/research_interfaces/cmake/research_interfacesConfig-version.cmake
-- Installing: /home/badger/codex-research/superlio-ego-20261007/lio-ready-69b9b75-ws/install/research_interfaces/share/research_interfaces/package.xml
--- stderr: research_interfaces
CMake Warning:
  Manually-specified variables were not used by the project:

    HUMBLE_ROS
    LIVOX_LIDAR_SDK_INCLUDE_DIR
    LIVOX_LIDAR_SDK_LIBRARY
    ROS_EDITION


---
Finished <<< research_interfaces [13.5s]
Starting >>> serial
-- The C compiler identification is GNU 11.4.0
-- The CXX compiler identification is GNU 11.4.0
-- Detecting C compiler ABI info
-- Detecting C compiler ABI info - done
-- Check for working C compiler: /usr/bin/cc - skipped
-- Detecting C compile features
-- Detecting C compile features - done
-- Detecting CXX compiler ABI info
-- Detecting CXX compiler ABI info - done
-- Check for working CXX compiler: /usr/bin/c++ - skipped
-- Detecting CXX compile features
-- Detecting CXX compile features - done
-- Found ament_cmake: 1.3.12 (/opt/ros/humble/share/ament_cmake/cmake)
-- Found Python3: /usr/bin/python3 (found version "3.10.12") found components: Interpreter 
-- Configuring done
-- Generating done
CMake Warning:
  Manually-specified variables were not used by the project:

    HUMBLE_ROS
    LIVOX_LIDAR_SDK_INCLUDE_DIR
    LIVOX_LIDAR_SDK_LIBRARY
    ROS_EDITION


-- Build files have been written to: /home/badger/codex-research/superlio-ego-20261007/lio-ready-69b9b75-ws/build/serial
[ 25%] Building CXX object CMakeFiles/serial.dir/src/serial.cc.o
[ 50%] Building CXX object CMakeFiles/serial.dir/src/impl/unix.cc.o
[ 75%] Building CXX object CMakeFiles/serial.dir/src/impl/list_ports/list_ports_linux.cc.o
[100%] Linking CXX shared library libserial.so
[100%] Built target serial
-- Install configuration: ""
-- Installing: /home/badger/codex-research/superlio-ego-20261007/lio-ready-69b9b75-ws/install/serial/lib/libserial.so
-- Installing: /home/badger/codex-research/superlio-ego-20261007/lio-ready-69b9b75-ws/install/serial/include
-- Installing: /home/badger/codex-research/superlio-ego-20261007/lio-ready-69b9b75-ws/install/serial/include/serial
-- Installing: /home/badger/codex-research/superlio-ego-20261007/lio-ready-69b9b75-ws/install/serial/include/serial/impl
-- Installing: /home/badger/codex-research/superlio-ego-20261007/lio-ready-69b9b75-ws/install/serial/include/serial/impl/win.h
-- Installing: /home/badger/codex-research/superlio-ego-20261007/lio-ready-69b9b75-ws/install/serial/include/serial/impl/unix.h
-- Installing: /home/badger/codex-research/superlio-ego-20261007/lio-ready-69b9b75-ws/install/serial/include/serial/serial.h
-- Installing: /home/badger/codex-research/superlio-ego-20261007/lio-ready-69b9b75-ws/install/serial/include/serial/v8stdint.h
-- Installing: /home/badger/codex-research/superlio-ego-20261007/lio-ready-69b9b75-ws/install/serial/share/serial/environment/library_path.sh
-- Installing: /home/badger/codex-research/superlio-ego-20261007/lio-ready-69b9b75-ws/install/serial/share/serial/environment/library_path.dsv
-- Installing: /home/badger/codex-research/superlio-ego-20261007/lio-ready-69b9b75-ws/install/serial/share/ament_index/resource_index/package_run_dependencies/serial
-- Installing: /home/badger/codex-research/superlio-ego-20261007/lio-ready-69b9b75-ws/install/serial/share/ament_index/resource_index/parent_prefix_path/serial
-- Installing: /home/badger/codex-research/superlio-ego-20261007/lio-ready-69b9b75-ws/install/serial/share/serial/environment/ament_prefix_path.sh
-- Installing: /home/badger/codex-research/superlio-ego-20261007/lio-ready-69b9b75-ws/install/serial/share/serial/environment/ament_prefix_path.dsv
-- Installing: /home/badger/codex-research/superlio-ego-20261007/lio-ready-69b9b75-ws/install/serial/share/serial/environment/path.sh
-- Installing: /home/badger/codex-research/superlio-ego-20261007/lio-ready-69b9b75-ws/install/serial/share/serial/environment/path.dsv
-- Installing: /home/badger/codex-research/superlio-ego-20261007/lio-ready-69b9b75-ws/install/serial/share/serial/local_setup.bash
-- Installing: /home/badger/codex-research/superlio-ego-20261007/lio-ready-69b9b75-ws/install/serial/share/serial/local_setup.sh
-- Installing: /home/badger/codex-research/superlio-ego-20261007/lio-ready-69b9b75-ws/install/serial/share/serial/local_setup.zsh
-- Installing: /home/badger/codex-research/superlio-ego-20261007/lio-ready-69b9b75-ws/install/serial/share/serial/local_setup.dsv
-- Installing: /home/badger/codex-research/superlio-ego-20261007/lio-ready-69b9b75-ws/install/serial/share/serial/package.dsv
-- Installing: /home/badger/codex-research/superlio-ego-20261007/lio-ready-69b9b75-ws/install/serial/share/ament_index/resource_index/packages/serial
-- Installing: /home/badger/codex-research/superlio-ego-20261007/lio-ready-69b9b75-ws/install/serial/share/serial/cmake/export_serialExport.cmake
-- Installing: /home/badger/codex-research/superlio-ego-20261007/lio-ready-69b9b75-ws/install/serial/share/serial/cmake/export_serialExport-noconfig.cmake
-- Installing: /home/badger/codex-research/superlio-ego-20261007/lio-ready-69b9b75-ws/install/serial/share/serial/cmake/ament_cmake_export_targets-extras.cmake
-- Installing: /home/badger/codex-research/superlio-ego-20261007/lio-ready-69b9b75-ws/install/serial/share/serial/cmake/ament_cmake_export_include_directories-extras.cmake
-- Installing: /home/badger/codex-research/superlio-ego-20261007/lio-ready-69b9b75-ws/install/serial/share/serial/cmake/ament_cmake_export_libraries-extras.cmake
-- Installing: /home/badger/codex-research/superlio-ego-20261007/lio-ready-69b9b75-ws/install/serial/share/serial/cmake/serialConfig.cmake
-- Installing: /home/badger/codex-research/superlio-ego-20261007/lio-ready-69b9b75-ws/install/serial/share/serial/cmake/serialConfig-version.cmake
-- Installing: /home/badger/codex-research/superlio-ego-20261007/lio-ready-69b9b75-ws/install/serial/share/serial/package.xml
--- stderr: serial
CMake Warning:
  Manually-specified variables were not used by the project:

    HUMBLE_ROS
    LIVOX_LIDAR_SDK_INCLUDE_DIR
    LIVOX_LIDAR_SDK_LIBRARY
    ROS_EDITION


---
Finished <<< serial [1.09s]
Starting >>> research_runtime
running egg_info
creating ../../../lio-ready-69b9b75-ws/build/research_runtime/research_runtime.egg-info
writing ../../../lio-ready-69b9b75-ws/build/research_runtime/research_runtime.egg-info/PKG-INFO
writing dependency_links to ../../../lio-ready-69b9b75-ws/build/research_runtime/research_runtime.egg-info/dependency_links.txt
writing entry points to ../../../lio-ready-69b9b75-ws/build/research_runtime/research_runtime.egg-info/entry_points.txt
writing requirements to ../../../lio-ready-69b9b75-ws/build/research_runtime/research_runtime.egg-info/requires.txt
writing top-level names to ../../../lio-ready-69b9b75-ws/build/research_runtime/research_runtime.egg-info/top_level.txt
writing manifest file '../../../lio-ready-69b9b75-ws/build/research_runtime/research_runtime.egg-info/SOURCES.txt'
reading manifest file '../../../lio-ready-69b9b75-ws/build/research_runtime/research_runtime.egg-info/SOURCES.txt'
writing manifest file '../../../lio-ready-69b9b75-ws/build/research_runtime/research_runtime.egg-info/SOURCES.txt'
running build
running build_py
creating /home/badger/codex-research/superlio-ego-20261007/lio-ready-69b9b75-ws/build/research_runtime/build
creating /home/badger/codex-research/superlio-ego-20261007/lio-ready-69b9b75-ws/build/research_runtime/build/lib
creating /home/badger/codex-research/superlio-ego-20261007/lio-ready-69b9b75-ws/build/research_runtime/build/lib/research_runtime
copying research_runtime/geometry.py -> /home/badger/codex-research/superlio-ego-20261007/lio-ready-69b9b75-ws/build/research_runtime/build/lib/research_runtime
copying research_runtime/trajectory_tracker.py -> /home/badger/codex-research/superlio-ego-20261007/lio-ready-69b9b75-ws/build/research_runtime/build/lib/research_runtime
copying research_runtime/operator_console.py -> /home/badger/codex-research/superlio-ego-20261007/lio-ready-69b9b75-ws/build/research_runtime/build/lib/research_runtime
copying research_runtime/replay_sim.py -> /home/badger/codex-research/superlio-ego-20261007/lio-ready-69b9b75-ws/build/research_runtime/build/lib/research_runtime
copying research_runtime/footprint.py -> /home/badger/codex-research/superlio-ego-20261007/lio-ready-69b9b75-ws/build/research_runtime/build/lib/research_runtime
copying research_runtime/safety_bridge.py -> /home/badger/codex-research/superlio-ego-20261007/lio-ready-69b9b75-ws/build/research_runtime/build/lib/research_runtime
copying research_runtime/runtime_paths.py -> /home/badger/codex-research/superlio-ego-20261007/lio-ready-69b9b75-ws/build/research_runtime/build/lib/research_runtime
copying research_runtime/local_obstacle_grid_node.py -> /home/badger/codex-research/superlio-ego-20261007/lio-ready-69b9b75-ws/build/research_runtime/build/lib/research_runtime
copying research_runtime/physical_parameter_lock.py -> /home/badger/codex-research/superlio-ego-20261007/lio-ready-69b9b75-ws/build/research_runtime/build/lib/research_runtime
copying research_runtime/__init__.py -> /home/badger/codex-research/superlio-ego-20261007/lio-ready-69b9b75-ws/build/research_runtime/build/lib/research_runtime
copying research_runtime/bag_identity.py -> /home/badger/codex-research/superlio-ego-20261007/lio-ready-69b9b75-ws/build/research_runtime/build/lib/research_runtime
copying research_runtime/active_observation.py -> /home/badger/codex-research/superlio-ego-20261007/lio-ready-69b9b75-ws/build/research_runtime/build/lib/research_runtime
copying research_runtime/prior_mission.py -> /home/badger/codex-research/superlio-ego-20261007/lio-ready-69b9b75-ws/build/research_runtime/build/lib/research_runtime
copying research_runtime/command_smoother.py -> /home/badger/codex-research/superlio-ego-20261007/lio-ready-69b9b75-ws/build/research_runtime/build/lib/research_runtime
copying research_runtime/active_road.py -> /home/badger/codex-research/superlio-ego-20261007/lio-ready-69b9b75-ws/build/research_runtime/build/lib/research_runtime
copying research_runtime/grid_map.py -> /home/badger/codex-research/superlio-ego-20261007/lio-ready-69b9b75-ws/build/research_runtime/build/lib/research_runtime
copying research_runtime/trajectory.py -> /home/badger/codex-research/superlio-ego-20261007/lio-ready-69b9b75-ws/build/research_runtime/build/lib/research_runtime
copying research_runtime/console_node.py -> /home/badger/codex-research/superlio-ego-20261007/lio-ready-69b9b75-ws/build/research_runtime/build/lib/research_runtime
copying research_runtime/authority.py -> /home/badger/codex-research/superlio-ego-20261007/lio-ready-69b9b75-ws/build/research_runtime/build/lib/research_runtime
copying research_runtime/console_http.py -> /home/badger/codex-research/superlio-ego-20261007/lio-ready-69b9b75-ws/build/research_runtime/build/lib/research_runtime
copying research_runtime/operator_gate.py -> /home/badger/codex-research/superlio-ego-20261007/lio-ready-69b9b75-ws/build/research_runtime/build/lib/research_runtime
running install
running install_lib
creating /home/badger/codex-research/superlio-ego-20261007/lio-ready-69b9b75-ws/install/research_runtime/lib/python3.10/site-packages/research_runtime
copying /home/badger/codex-research/superlio-ego-20261007/lio-ready-69b9b75-ws/build/research_runtime/build/lib/research_runtime/geometry.py -> /home/badger/codex-research/superlio-ego-20261007/lio-ready-69b9b75-ws/install/research_runtime/lib/python3.10/site-packages/research_runtime
copying /home/badger/codex-research/superlio-ego-20261007/lio-ready-69b9b75-ws/build/research_runtime/build/lib/research_runtime/trajectory_tracker.py -> /home/badger/codex-research/superlio-ego-20261007/lio-ready-69b9b75-ws/install/research_runtime/lib/python3.10/site-packages/research_runtime
copying /home/badger/codex-research/superlio-ego-20261007/lio-ready-69b9b75-ws/build/research_runtime/build/lib/research_runtime/operator_console.py -> /home/badger/codex-research/superlio-ego-20261007/lio-ready-69b9b75-ws/install/research_runtime/lib/python3.10/site-packages/research_runtime
copying /home/badger/codex-research/superlio-ego-20261007/lio-ready-69b9b75-ws/build/research_runtime/build/lib/research_runtime/replay_sim.py -> /home/badger/codex-research/superlio-ego-20261007/lio-ready-69b9b75-ws/install/research_runtime/lib/python3.10/site-packages/research_runtime
copying /home/badger/codex-research/superlio-ego-20261007/lio-ready-69b9b75-ws/build/research_runtime/build/lib/research_runtime/footprint.py -> /home/badger/codex-research/superlio-ego-20261007/lio-ready-69b9b75-ws/install/research_runtime/lib/python3.10/site-packages/research_runtime
copying /home/badger/codex-research/superlio-ego-20261007/lio-ready-69b9b75-ws/build/research_runtime/build/lib/research_runtime/safety_bridge.py -> /home/badger/codex-research/superlio-ego-20261007/lio-ready-69b9b75-ws/install/research_runtime/lib/python3.10/site-packages/research_runtime
copying /home/badger/codex-research/superlio-ego-20261007/lio-ready-69b9b75-ws/build/research_runtime/build/lib/research_runtime/runtime_paths.py -> /home/badger/codex-research/superlio-ego-20261007/lio-ready-69b9b75-ws/install/research_runtime/lib/python3.10/site-packages/research_runtime
copying /home/badger/codex-research/superlio-ego-20261007/lio-ready-69b9b75-ws/build/research_runtime/build/lib/research_runtime/local_obstacle_grid_node.py -> /home/badger/codex-research/superlio-ego-20261007/lio-ready-69b9b75-ws/install/research_runtime/lib/python3.10/site-packages/research_runtime
copying /home/badger/codex-research/superlio-ego-20261007/lio-ready-69b9b75-ws/build/research_runtime/build/lib/research_runtime/physical_parameter_lock.py -> /home/badger/codex-research/superlio-ego-20261007/lio-ready-69b9b75-ws/install/research_runtime/lib/python3.10/site-packages/research_runtime
copying /home/badger/codex-research/superlio-ego-20261007/lio-ready-69b9b75-ws/build/research_runtime/build/lib/research_runtime/__init__.py -> /home/badger/codex-research/superlio-ego-20261007/lio-ready-69b9b75-ws/install/research_runtime/lib/python3.10/site-packages/research_runtime
copying /home/badger/codex-research/superlio-ego-20261007/lio-ready-69b9b75-ws/build/research_runtime/build/lib/research_runtime/bag_identity.py -> /home/badger/codex-research/superlio-ego-20261007/lio-ready-69b9b75-ws/install/research_runtime/lib/python3.10/site-packages/research_runtime
copying /home/badger/codex-research/superlio-ego-20261007/lio-ready-69b9b75-ws/build/research_runtime/build/lib/research_runtime/active_observation.py -> /home/badger/codex-research/superlio-ego-20261007/lio-ready-69b9b75-ws/install/research_runtime/lib/python3.10/site-packages/research_runtime
copying /home/badger/codex-research/superlio-ego-20261007/lio-ready-69b9b75-ws/build/research_runtime/build/lib/research_runtime/prior_mission.py -> /home/badger/codex-research/superlio-ego-20261007/lio-ready-69b9b75-ws/install/research_runtime/lib/python3.10/site-packages/research_runtime
copying /home/badger/codex-research/superlio-ego-20261007/lio-ready-69b9b75-ws/build/research_runtime/build/lib/research_runtime/command_smoother.py -> /home/badger/codex-research/superlio-ego-20261007/lio-ready-69b9b75-ws/install/research_runtime/lib/python3.10/site-packages/research_runtime
copying /home/badger/codex-research/superlio-ego-20261007/lio-ready-69b9b75-ws/build/research_runtime/build/lib/research_runtime/active_road.py -> /home/badger/codex-research/superlio-ego-20261007/lio-ready-69b9b75-ws/install/research_runtime/lib/python3.10/site-packages/research_runtime
copying /home/badger/codex-research/superlio-ego-20261007/lio-ready-69b9b75-ws/build/research_runtime/build/lib/research_runtime/grid_map.py -> /home/badger/codex-research/superlio-ego-20261007/lio-ready-69b9b75-ws/install/research_runtime/lib/python3.10/site-packages/research_runtime
copying /home/badger/codex-research/superlio-ego-20261007/lio-ready-69b9b75-ws/build/research_runtime/build/lib/research_runtime/trajectory.py -> /home/badger/codex-research/superlio-ego-20261007/lio-ready-69b9b75-ws/install/research_runtime/lib/python3.10/site-packages/research_runtime
copying /home/badger/codex-research/superlio-ego-20261007/lio-ready-69b9b75-ws/build/research_runtime/build/lib/research_runtime/console_node.py -> /home/badger/codex-research/superlio-ego-20261007/lio-ready-69b9b75-ws/install/research_runtime/lib/python3.10/site-packages/research_runtime
copying /home/badger/codex-research/superlio-ego-20261007/lio-ready-69b9b75-ws/build/research_runtime/build/lib/research_runtime/authority.py -> /home/badger/codex-research/superlio-ego-20261007/lio-ready-69b9b75-ws/install/research_runtime/lib/python3.10/site-packages/research_runtime
copying /home/badger/codex-research/superlio-ego-20261007/lio-ready-69b9b75-ws/build/research_runtime/build/lib/research_runtime/console_http.py -> /home/badger/codex-research/superlio-ego-20261007/lio-ready-69b9b75-ws/install/research_runtime/lib/python3.10/site-packages/research_runtime
copying /home/badger/codex-research/superlio-ego-20261007/lio-ready-69b9b75-ws/build/research_runtime/build/lib/research_runtime/operator_gate.py -> /home/badger/codex-research/superlio-ego-20261007/lio-ready-69b9b75-ws/install/research_runtime/lib/python3.10/site-packages/research_runtime
byte-compiling /home/badger/codex-research/superlio-ego-20261007/lio-ready-69b9b75-ws/install/research_runtime/lib/python3.10/site-packages/research_runtime/geometry.py to geometry.cpython-310.pyc
byte-compiling /home/badger/codex-research/superlio-ego-20261007/lio-ready-69b9b75-ws/install/research_runtime/lib/python3.10/site-packages/research_runtime/trajectory_tracker.py to trajectory_tracker.cpython-310.pyc
byte-compiling /home/badger/codex-research/superlio-ego-20261007/lio-ready-69b9b75-ws/install/research_runtime/lib/python3.10/site-packages/research_runtime/operator_console.py to operator_console.cpython-310.pyc
byte-compiling /home/badger/codex-research/superlio-ego-20261007/lio-ready-69b9b75-ws/install/research_runtime/lib/python3.10/site-packages/research_runtime/replay_sim.py to replay_sim.cpython-310.pyc
byte-compiling /home/badger/codex-research/superlio-ego-20261007/lio-ready-69b9b75-ws/install/research_runtime/lib/python3.10/site-packages/research_runtime/footprint.py to footprint.cpython-310.pyc
byte-compiling /home/badger/codex-research/superlio-ego-20261007/lio-ready-69b9b75-ws/install/research_runtime/lib/python3.10/site-packages/research_runtime/safety_bridge.py to safety_bridge.cpython-310.pyc
byte-compiling /home/badger/codex-research/superlio-ego-20261007/lio-ready-69b9b75-ws/install/research_runtime/lib/python3.10/site-packages/research_runtime/runtime_paths.py to runtime_paths.cpython-310.pyc
byte-compiling /home/badger/codex-research/superlio-ego-20261007/lio-ready-69b9b75-ws/install/research_runtime/lib/python3.10/site-packages/research_runtime/local_obstacle_grid_node.py to local_obstacle_grid_node.cpython-310.pyc
byte-compiling /home/badger/codex-research/superlio-ego-20261007/lio-ready-69b9b75-ws/install/research_runtime/lib/python3.10/site-packages/research_runtime/physical_parameter_lock.py to physical_parameter_lock.cpython-310.pyc
byte-compiling /home/badger/codex-research/superlio-ego-20261007/lio-ready-69b9b75-ws/install/research_runtime/lib/python3.10/site-packages/research_runtime/__init__.py to __init__.cpython-310.pyc
byte-compiling /home/badger/codex-research/superlio-ego-20261007/lio-ready-69b9b75-ws/install/research_runtime/lib/python3.10/site-packages/research_runtime/bag_identity.py to bag_identity.cpython-310.pyc
byte-compiling /home/badger/codex-research/superlio-ego-20261007/lio-ready-69b9b75-ws/install/research_runtime/lib/python3.10/site-packages/research_runtime/active_observation.py to active_observation.cpython-310.pyc
byte-compiling /home/badger/codex-research/superlio-ego-20261007/lio-ready-69b9b75-ws/install/research_runtime/lib/python3.10/site-packages/research_runtime/prior_mission.py to prior_mission.cpython-310.pyc
byte-compiling /home/badger/codex-research/superlio-ego-20261007/lio-ready-69b9b75-ws/install/research_runtime/lib/python3.10/site-packages/research_runtime/command_smoother.py to command_smoother.cpython-310.pyc
byte-compiling /home/badger/codex-research/superlio-ego-20261007/lio-ready-69b9b75-ws/install/research_runtime/lib/python3.10/site-packages/research_runtime/active_road.py to active_road.cpython-310.pyc
byte-compiling /home/badger/codex-research/superlio-ego-20261007/lio-ready-69b9b75-ws/install/research_runtime/lib/python3.10/site-packages/research_runtime/grid_map.py to grid_map.cpython-310.pyc
byte-compiling /home/badger/codex-research/superlio-ego-20261007/lio-ready-69b9b75-ws/install/research_runtime/lib/python3.10/site-packages/research_runtime/trajectory.py to trajectory.cpython-310.pyc
byte-compiling /home/badger/codex-research/superlio-ego-20261007/lio-ready-69b9b75-ws/install/research_runtime/lib/python3.10/site-packages/research_runtime/console_node.py to console_node.cpython-310.pyc
byte-compiling /home/badger/codex-research/superlio-ego-20261007/lio-ready-69b9b75-ws/install/research_runtime/lib/python3.10/site-packages/research_runtime/authority.py to authority.cpython-310.pyc
byte-compiling /home/badger/codex-research/superlio-ego-20261007/lio-ready-69b9b75-ws/install/research_runtime/lib/python3.10/site-packages/research_runtime/console_http.py to console_http.cpython-310.pyc
byte-compiling /home/badger/codex-research/superlio-ego-20261007/lio-ready-69b9b75-ws/install/research_runtime/lib/python3.10/site-packages/research_runtime/operator_gate.py to operator_gate.cpython-310.pyc
running install_data
creating /home/badger/codex-research/superlio-ego-20261007/lio-ready-69b9b75-ws/install/research_runtime/share/ament_index
creating /home/badger/codex-research/superlio-ego-20261007/lio-ready-69b9b75-ws/install/research_runtime/share/ament_index/resource_index
creating /home/badger/codex-research/superlio-ego-20261007/lio-ready-69b9b75-ws/install/research_runtime/share/ament_index/resource_index/packages
copying resource/research_runtime -> /home/badger/codex-research/superlio-ego-20261007/lio-ready-69b9b75-ws/install/research_runtime/share/ament_index/resource_index/packages
copying package.xml -> /home/badger/codex-research/superlio-ego-20261007/lio-ready-69b9b75-ws/install/research_runtime/share/research_runtime
creating /home/badger/codex-research/superlio-ego-20261007/lio-ready-69b9b75-ws/install/research_runtime/share/research_runtime/web
copying web/style.css -> /home/badger/codex-research/superlio-ego-20261007/lio-ready-69b9b75-ws/install/research_runtime/share/research_runtime/web
copying web/index.html -> /home/badger/codex-research/superlio-ego-20261007/lio-ready-69b9b75-ws/install/research_runtime/share/research_runtime/web
copying web/app.js -> /home/badger/codex-research/superlio-ego-20261007/lio-ready-69b9b75-ws/install/research_runtime/share/research_runtime/web
running install_egg_info
Copying ../../../lio-ready-69b9b75-ws/build/research_runtime/research_runtime.egg-info to /home/badger/codex-research/superlio-ego-20261007/lio-ready-69b9b75-ws/install/research_runtime/lib/python3.10/site-packages/research_runtime-0.1.0-py3.10.egg-info
running install_scripts
Installing research_local_obstacle_grid script to /home/badger/codex-research/superlio-ego-20261007/lio-ready-69b9b75-ws/install/research_runtime/lib/research_runtime
Installing research_operator_console script to /home/badger/codex-research/superlio-ego-20261007/lio-ready-69b9b75-ws/install/research_runtime/lib/research_runtime
Installing research_replay script to /home/badger/codex-research/superlio-ego-20261007/lio-ready-69b9b75-ws/install/research_runtime/lib/research_runtime
Installing research_safety_bridge script to /home/badger/codex-research/superlio-ego-20261007/lio-ready-69b9b75-ws/install/research_runtime/lib/research_runtime
writing list of installed files to '/home/badger/codex-research/superlio-ego-20261007/lio-ready-69b9b75-ws/build/research_runtime/install.log'
Finished <<< research_runtime [0.63s]
Starting >>> basic
-- The CXX compiler identification is GNU 11.4.0
-- The C compiler identification is GNU 11.4.0
-- Detecting CXX compiler ABI info
-- Detecting CXX compiler ABI info - done
-- Check for working CXX compiler: /usr/bin/c++ - skipped
-- Detecting CXX compile features
-- Detecting CXX compile features - done
-- Detecting C compiler ABI info
-- Detecting C compiler ABI info - done
-- Check for working C compiler: /usr/bin/cc - skipped
-- Detecting C compile features
-- Detecting C compile features - done
-- Found ament_cmake: 1.3.12 (/opt/ros/humble/share/ament_cmake/cmake)
-- Found Python3: /usr/bin/python3 (found version "3.10.12") found components: Interpreter 
-- Found rclcpp: 16.0.17 (/opt/ros/humble/share/rclcpp/cmake)
-- Found rosidl_generator_c: 3.1.8 (/opt/ros/humble/share/rosidl_generator_c/cmake)
-- Found rosidl_adapter: 3.1.8 (/opt/ros/humble/share/rosidl_adapter/cmake)
-- Found rosidl_generator_cpp: 3.1.8 (/opt/ros/humble/share/rosidl_generator_cpp/cmake)
-- Using all available rosidl_typesupport_c: rosidl_typesupport_fastrtps_c;rosidl_typesupport_introspection_c
-- Using all available rosidl_typesupport_cpp: rosidl_typesupport_fastrtps_cpp;rosidl_typesupport_introspection_cpp
-- Found rmw_implementation_cmake: 6.1.2 (/opt/ros/humble/share/rmw_implementation_cmake/cmake)
-- Found rmw_fastrtps_cpp: 6.2.9 (/opt/ros/humble/share/rmw_fastrtps_cpp/cmake)
-- Found OpenSSL: /usr/lib/x86_64-linux-gnu/libcrypto.so (found version "3.0.2")  
-- Found FastRTPS: /opt/ros/humble/include  
-- Using RMW implementation 'rmw_fastrtps_cpp' as default
-- Looking for pthread.h
-- Looking for pthread.h - found
-- Performing Test CMAKE_HAVE_LIBC_PTHREAD
-- Performing Test CMAKE_HAVE_LIBC_PTHREAD - Success
-- Found Threads: TRUE  
-- Checking for module 'eigen3'
--   Found eigen3, version 3.4.0
-- Found Eigen: /usr/include/eigen3 (Required is at least version "3.1") 
-- Eigen found (include: /usr/include/eigen3, version: 3.4.0)
-- Found Boost: /usr/lib/x86_64-linux-gnu/cmake/Boost-1.74.0/BoostConfig.cmake (found suitable version "1.74.0", minimum required is "1.65.0") found components: system filesystem date_time iostreams serialization 
-- Checking for module 'flann'
--   Found flann, version 1.9.1
-- Found FLANN: /usr/lib/x86_64-linux-gnu/libflann_cpp.so  
-- FLANN found (include: /usr/include, lib: /usr/lib/x86_64-linux-gnu/libflann_cpp.so)
-- Found GLEW: /usr/lib/x86_64-linux-gnu/libGLEW.so  
-- Found OpenGL: /usr/lib/x86_64-linux-gnu/libOpenGL.so  found components: OpenGL GLX 
-- Found MPI_C: /usr/lib/x86_64-linux-gnu/libmpi.so (found version "3.1") 
-- Found MPI: TRUE (found version "3.1") found components: C 
-- Found JsonCpp: /usr/lib/x86_64-linux-gnu/libjsoncpp.so (found suitable version "1.9.5", minimum required is "0.7.0") 
-- Found ZLIB: /usr/lib/x86_64-linux-gnu/libz.so (found version "1.2.11") 
-- Found PNG: /usr/lib/x86_64-linux-gnu/libpng.so (found version "1.6.37") 
-- Found Eigen3: /usr/include/eigen3 (found version "3.4.0") 
-- Found X11: /usr/include   
-- Looking for XOpenDisplay in /usr/lib/x86_64-linux-gnu/libX11.so;/usr/lib/x86_64-linux-gnu/libXext.so
-- Looking for XOpenDisplay in /usr/lib/x86_64-linux-gnu/libX11.so;/usr/lib/x86_64-linux-gnu/libXext.so - found
-- Looking for gethostbyname
-- Looking for gethostbyname - found
-- Looking for connect
-- Looking for connect - found
-- Looking for remove
-- Looking for remove - found
-- Looking for shmat
-- Looking for shmat - found
-- Looking for IceConnectionNumber in ICE
-- Looking for IceConnectionNumber in ICE - found
-- Found EXPAT: /usr/lib/x86_64-linux-gnu/libexpat.so (found version "2.4.7") 
-- Found double-conversion: /usr/lib/x86_64-linux-gnu/libdouble-conversion.so  
-- Found LZ4: /usr/lib/x86_64-linux-gnu/liblz4.so (found version "1.9.3") 
-- Found LZMA: /usr/lib/x86_64-linux-gnu/liblzma.so (found version "5.2.5") 
-- Found JPEG: /usr/lib/x86_64-linux-gnu/libjpeg.so (found version "80") 
-- Found TIFF: /usr/lib/x86_64-linux-gnu/libtiff.so (found version "4.3.0")  
-- Found Freetype: /usr/lib/x86_64-linux-gnu/libfreetype.so (found version "2.11.1") 
-- Found utf8cpp: /usr/include/utf8cpp  
-- Checking for module 'libusb-1.0'
--   Found libusb-1.0, version 1.0.25
-- Found libusb: /usr/lib/x86_64-linux-gnu/libusb-1.0.so  
-- Found OpenNI: /usr/lib/libOpenNI.so;libusb::libusb (found version "1.5.4.0") 
-- OpenNI found (version: 1.5.4.0, include: /usr/include/ni, lib: /usr/lib/libOpenNI.so;libusb::libusb)
-- Found OpenNI2: /usr/lib/x86_64-linux-gnu/libOpenNI2.so;libusb::libusb (found version "2.2.0.33") 
-- OpenNI2 found (version: 2.2.0.33, include: /usr/include/openni2, lib: /usr/lib/x86_64-linux-gnu/libOpenNI2.so;libusb::libusb)
** WARNING ** io features related to pcap will be disabled
-- Eigen found (include: /usr/include/eigen3, version: 3.4.0)
-- OpenNI found (version: 1.5.4.0, include: /usr/include/ni, lib: /usr/lib/libOpenNI.so;libusb::libusb)
-- OpenNI2 found (version: 2.2.0.33, include: /usr/include/openni2, lib: /usr/lib/x86_64-linux-gnu/libOpenNI2.so;libusb::libusb)
-- Found Qhull version 8.0.2
-- OpenNI found (version: 1.5.4.0, include: /usr/include/ni, lib: /usr/lib/libOpenNI.so;libusb::libusb)
-- looking for PCL_COMMON
-- Found PCL_COMMON: /usr/lib/x86_64-linux-gnu/libpcl_common.so  
-- looking for PCL_KDTREE
-- Found PCL_KDTREE: /usr/lib/x86_64-linux-gnu/libpcl_kdtree.so  
-- looking for PCL_OCTREE
-- Found PCL_OCTREE: /usr/lib/x86_64-linux-gnu/libpcl_octree.so  
-- looking for PCL_SEARCH
-- Found PCL_SEARCH: /usr/lib/x86_64-linux-gnu/libpcl_search.so  
-- looking for PCL_SAMPLE_CONSENSUS
-- Found PCL_SAMPLE_CONSENSUS: /usr/lib/x86_64-linux-gnu/libpcl_sample_consensus.so  
-- looking for PCL_FILTERS
-- Found PCL_FILTERS: /usr/lib/x86_64-linux-gnu/libpcl_filters.so  
-- looking for PCL_2D
-- Found PCL_2D: /usr/include/pcl-1.12  
-- looking for PCL_GEOMETRY
-- Found PCL_GEOMETRY: /usr/include/pcl-1.12  
-- looking for PCL_IO
-- Found PCL_IO: /usr/lib/x86_64-linux-gnu/libpcl_io.so  
-- looking for PCL_FEATURES
-- Found PCL_FEATURES: /usr/lib/x86_64-linux-gnu/libpcl_features.so  
-- looking for PCL_ML
-- Found PCL_ML: /usr/lib/x86_64-linux-gnu/libpcl_ml.so  
-- looking for PCL_SEGMENTATION
-- Found PCL_SEGMENTATION: /usr/lib/x86_64-linux-gnu/libpcl_segmentation.so  
-- looking for PCL_VISUALIZATION
-- Found PCL_VISUALIZATION: /usr/lib/x86_64-linux-gnu/libpcl_visualization.so  
-- looking for PCL_SURFACE
-- Found PCL_SURFACE: /usr/lib/x86_64-linux-gnu/libpcl_surface.so  
-- looking for PCL_REGISTRATION
-- Found PCL_REGISTRATION: /usr/lib/x86_64-linux-gnu/libpcl_registration.so  
-- looking for PCL_KEYPOINTS
-- Found PCL_KEYPOINTS: /usr/lib/x86_64-linux-gnu/libpcl_keypoints.so  
-- looking for PCL_TRACKING
-- Found PCL_TRACKING: /usr/lib/x86_64-linux-gnu/libpcl_tracking.so  
-- looking for PCL_RECOGNITION
-- Found PCL_RECOGNITION: /usr/lib/x86_64-linux-gnu/libpcl_recognition.so  
-- looking for PCL_STEREO
-- Found PCL_STEREO: /usr/lib/x86_64-linux-gnu/libpcl_stereo.so  
-- looking for PCL_APPS
-- Found PCL_APPS: /usr/lib/x86_64-linux-gnu/libpcl_apps.so  
-- looking for PCL_IN_HAND_SCANNER
-- Found PCL_IN_HAND_SCANNER: /usr/include/pcl-1.12  
-- looking for PCL_MODELER
-- Found PCL_MODELER: /usr/include/pcl-1.12  
-- looking for PCL_POINT_CLOUD_EDITOR
-- Found PCL_POINT_CLOUD_EDITOR: /usr/include/pcl-1.12  
-- looking for PCL_OUTOFCORE
-- Found PCL_OUTOFCORE: /usr/lib/x86_64-linux-gnu/libpcl_outofcore.so  
-- looking for PCL_PEOPLE
-- Found PCL_PEOPLE: /usr/lib/x86_64-linux-gnu/libpcl_people.so  
-- Found PCL: pcl_common;pcl_kdtree;pcl_octree;pcl_search;pcl_sample_consensus;pcl_filters;pcl_io;pcl_features;pcl_ml;pcl_segmentation;pcl_visualization;pcl_surface;pcl_registration;pcl_keypoints;pcl_tracking;pcl_recognition;pcl_stereo;pcl_apps;pcl_outofcore;pcl_people;Boost::system;Boost::filesystem;Boost::date_time;Boost::iostreams;Boost::serialization;/usr/lib/libOpenNI.so;libusb::libusb;/usr/lib/x86_64-linux-gnu/libOpenNI2.so;libusb::libusb;VTK::ChartsCore;VTK::CommonColor;VTK::CommonComputationalGeometry;VTK::CommonCore;VTK::CommonDataModel;VTK::CommonExecutionModel;VTK::CommonMath;VTK::CommonMisc;VTK::CommonTransforms;VTK::FiltersCore;VTK::FiltersExtraction;VTK::FiltersGeneral;VTK::FiltersGeometry;VTK::FiltersModeling;VTK::FiltersSources;VTK::ImagingCore;VTK::ImagingSources;VTK::InteractionImage;VTK::InteractionStyle;VTK::InteractionWidgets;VTK::IOCore;VTK::IOGeometry;VTK::IOImage;VTK::IOLegacy;VTK::IOPLY;VTK::RenderingAnnotation;VTK::RenderingCore;VTK::RenderingContext2D;VTK::RenderingLOD;VTK::RenderingFreeType;VTK::ViewsCore;VTK::ViewsContext2D;VTK::RenderingOpenGL2;VTK::GUISupportQt;FLANN::FLANN;QHULL::QHULL  
-- Configuring done
-- Generating done
CMake Warning:
  Manually-specified variables were not used by the project:

    HUMBLE_ROS
    LIVOX_LIDAR_SDK_INCLUDE_DIR
    LIVOX_LIDAR_SDK_LIBRARY
    ROS_EDITION


-- Build files have been written to: /home/badger/codex-research/superlio-ego-20261007/lio-ready-69b9b75-ws/build/basic
[ 33%] Building CXX object CMakeFiles/basic.dir/src/Manifold.cpp.o
[ 66%] Building CXX object CMakeFiles/basic.dir/src/logs.cpp.o
[100%] Linking CXX shared library libbasic.so
[100%] Built target basic
-- Install configuration: "Release"
-- Installing: /home/badger/codex-research/superlio-ego-20261007/lio-ready-69b9b75-ws/install/basic/lib/libbasic.so
-- Set runtime path of "/home/badger/codex-research/superlio-ego-20261007/lio-ready-69b9b75-ws/install/basic/lib/libbasic.so" to ""
-- Installing: /home/badger/codex-research/superlio-ego-20261007/lio-ready-69b9b75-ws/install/basic/include
-- Installing: /home/badger/codex-research/superlio-ego-20261007/lio-ready-69b9b75-ws/install/basic/include/basic
-- Installing: /home/badger/codex-research/superlio-ego-20261007/lio-ready-69b9b75-ws/install/basic/include/basic/ds.h
-- Installing: /home/badger/codex-research/superlio-ego-20261007/lio-ready-69b9b75-ws/install/basic/include/basic/math.h
-- Installing: /home/badger/codex-research/superlio-ego-20261007/lio-ready-69b9b75-ws/install/basic/include/basic/alias.h
-- Installing: /home/badger/codex-research/superlio-ego-20261007/lio-ready-69b9b75-ws/install/basic/include/basic/buffer
-- Installing: /home/badger/codex-research/superlio-ego-20261007/lio-ready-69b9b75-ws/install/basic/include/basic/buffer/MultiSourceLatestBuffer.hpp
-- Installing: /home/badger/codex-research/superlio-ego-20261007/lio-ready-69b9b75-ws/install/basic/include/basic/buffer/LatestOnlyBuffer.hpp
-- Installing: /home/badger/codex-research/superlio-ego-20261007/lio-ready-69b9b75-ws/install/basic/include/basic/buffer/RingBuffer.hpp
-- Installing: /home/badger/codex-research/superlio-ego-20261007/lio-ready-69b9b75-ws/install/basic/include/basic/logs.h
-- Installing: /home/badger/codex-research/superlio-ego-20261007/lio-ready-69b9b75-ws/install/basic/include/basic/Manifold.h
-- Installing: /home/badger/codex-research/superlio-ego-20261007/lio-ready-69b9b75-ws/install/basic/share/basic/environment/library_path.sh
-- Installing: /home/badger/codex-research/superlio-ego-20261007/lio-ready-69b9b75-ws/install/basic/share/basic/environment/library_path.dsv
-- Installing: /home/badger/codex-research/superlio-ego-20261007/lio-ready-69b9b75-ws/install/basic/share/ament_index/resource_index/package_run_dependencies/basic
-- Installing: /home/badger/codex-research/superlio-ego-20261007/lio-ready-69b9b75-ws/install/basic/share/ament_index/resource_index/parent_prefix_path/basic
-- Installing: /home/badger/codex-research/superlio-ego-20261007/lio-ready-69b9b75-ws/install/basic/share/basic/environment/ament_prefix_path.sh
-- Installing: /home/badger/codex-research/superlio-ego-20261007/lio-ready-69b9b75-ws/install/basic/share/basic/environment/ament_prefix_path.dsv
-- Installing: /home/badger/codex-research/superlio-ego-20261007/lio-ready-69b9b75-ws/install/basic/share/basic/environment/path.sh
-- Installing: /home/badger/codex-research/superlio-ego-20261007/lio-ready-69b9b75-ws/install/basic/share/basic/environment/path.dsv
-- Installing: /home/badger/codex-research/superlio-ego-20261007/lio-ready-69b9b75-ws/install/basic/share/basic/local_setup.bash
-- Installing: /home/badger/codex-research/superlio-ego-20261007/lio-ready-69b9b75-ws/install/basic/share/basic/local_setup.sh
-- Installing: /home/badger/codex-research/superlio-ego-20261007/lio-ready-69b9b75-ws/install/basic/share/basic/local_setup.zsh
-- Installing: /home/badger/codex-research/superlio-ego-20261007/lio-ready-69b9b75-ws/install/basic/share/basic/local_setup.dsv
-- Installing: /home/badger/codex-research/superlio-ego-20261007/lio-ready-69b9b75-ws/install/basic/share/basic/package.dsv
-- Installing: /home/badger/codex-research/superlio-ego-20261007/lio-ready-69b9b75-ws/install/basic/share/ament_index/resource_index/packages/basic
-- Installing: /home/badger/codex-research/superlio-ego-20261007/lio-ready-69b9b75-ws/install/basic/share/basic/cmake/export_basicExport.cmake
-- Installing: /home/badger/codex-research/superlio-ego-20261007/lio-ready-69b9b75-ws/install/basic/share/basic/cmake/export_basicExport-release.cmake
-- Installing: /home/badger/codex-research/superlio-ego-20261007/lio-ready-69b9b75-ws/install/basic/share/basic/cmake/ament_cmake_export_targets-extras.cmake
-- Installing: /home/badger/codex-research/superlio-ego-20261007/lio-ready-69b9b75-ws/install/basic/share/basic/cmake/ament_cmake_export_dependencies-extras.cmake
-- Installing: /home/badger/codex-research/superlio-ego-20261007/lio-ready-69b9b75-ws/install/basic/share/basic/cmake/ament_cmake_export_include_directories-extras.cmake
-- Installing: /home/badger/codex-research/superlio-ego-20261007/lio-ready-69b9b75-ws/install/basic/share/basic/cmake/ament_cmake_export_libraries-extras.cmake
-- Installing: /home/badger/codex-research/superlio-ego-20261007/lio-ready-69b9b75-ws/install/basic/share/basic/cmake/basicConfig.cmake
-- Installing: /home/badger/codex-research/superlio-ego-20261007/lio-ready-69b9b75-ws/install/basic/share/basic/cmake/basicConfig-version.cmake
-- Installing: /home/badger/codex-research/superlio-ego-20261007/lio-ready-69b9b75-ws/install/basic/share/basic/package.xml
--- stderr: basic
** WARNING ** io features related to pcap will be disabled
CMake Warning:
  Manually-specified variables were not used by the project:

    HUMBLE_ROS
    LIVOX_LIDAR_SDK_INCLUDE_DIR
    LIVOX_LIDAR_SDK_LIBRARY
    ROS_EDITION


---
Finished <<< basic [5.81s]
Starting >>> livox_ros_driver2
-- The C compiler identification is GNU 11.4.0
-- The CXX compiler identification is GNU 11.4.0
-- Detecting C compiler ABI info
-- Detecting C compiler ABI info - done
-- Check for working C compiler: /usr/bin/cc - skipped
-- Detecting C compile features
-- Detecting C compile features - done
-- Detecting CXX compiler ABI info
-- Detecting CXX compiler ABI info - done
-- Check for working CXX compiler: /usr/bin/c++ - skipped
-- Detecting CXX compile features
-- Detecting CXX compile features - done
-- livox_ros_driver2 version: 1.2.4
-- Found ament_cmake_auto: 1.3.12 (/opt/ros/humble/share/ament_cmake_auto/cmake)
-- Found Python3: /usr/bin/python3 (found version "3.10.12") found components: Interpreter 
-- Using all available rosidl_typesupport_c: rosidl_typesupport_fastrtps_c;rosidl_typesupport_introspection_c
-- Found rosidl_adapter: 3.1.8 (/opt/ros/humble/share/rosidl_adapter/cmake)
-- Using all available rosidl_typesupport_cpp: rosidl_typesupport_fastrtps_cpp;rosidl_typesupport_introspection_cpp
-- Found rmw_implementation_cmake: 6.1.2 (/opt/ros/humble/share/rmw_implementation_cmake/cmake)
-- Found rmw_fastrtps_cpp: 6.2.9 (/opt/ros/humble/share/rmw_fastrtps_cpp/cmake)
-- Found OpenSSL: /usr/lib/x86_64-linux-gnu/libcrypto.so (found version "3.0.2")  
-- Found FastRTPS: /opt/ros/humble/include  
-- Using RMW implementation 'rmw_fastrtps_cpp' as default
-- Looking for pthread.h
-- Looking for pthread.h - found
-- Performing Test CMAKE_HAVE_LIBC_PTHREAD
-- Performing Test CMAKE_HAVE_LIBC_PTHREAD - Success
-- Found Threads: TRUE  
-- Checking for module 'eigen3'
--   Found eigen3, version 3.4.0
-- Found Eigen: /usr/include/eigen3 (Required is at least version "3.1") 
-- Eigen found (include: /usr/include/eigen3, version: 3.4.0)
-- Checking for module 'flann'
--   Found flann, version 1.9.1
-- Found FLANN: /usr/lib/x86_64-linux-gnu/libflann_cpp.so  
-- FLANN found (include: /usr/include, lib: /usr/lib/x86_64-linux-gnu/libflann_cpp.so)
-- Checking for module 'libusb-1.0'
--   Found libusb-1.0, version 1.0.25
-- Found libusb: /usr/lib/x86_64-linux-gnu/libusb-1.0.so  
-- OpenNI found (version: 1.5.4.0, include: /usr/include/ni, lib: /usr/lib/libOpenNI.so;libusb::libusb)
-- OpenNI2 found (version: 2.2.0.33, include: /usr/include/openni2, lib: /usr/lib/x86_64-linux-gnu/libOpenNI2.so;libusb::libusb)
-- Eigen found (include: /usr/include/eigen3, version: 3.4.0)
-- OpenNI found (version: 1.5.4.0, include: /usr/include/ni, lib: /usr/lib/libOpenNI.so;libusb::libusb)
-- OpenNI2 found (version: 2.2.0.33, include: /usr/include/openni2, lib: /usr/lib/x86_64-linux-gnu/libOpenNI2.so;libusb::libusb)
-- Found Qhull version 8.0.2
-- OpenNI found (version: 1.5.4.0, include: /usr/include/ni, lib: /usr/lib/libOpenNI.so;libusb::libusb)
-- Found PCL_COMMON: /usr/lib/x86_64-linux-gnu/libpcl_common.so  
-- Found PCL_KDTREE: /usr/lib/x86_64-linux-gnu/libpcl_kdtree.so  
-- Found PCL_OCTREE: /usr/lib/x86_64-linux-gnu/libpcl_octree.so  
-- Found PCL_SEARCH: /usr/lib/x86_64-linux-gnu/libpcl_search.so  
-- Found PCL_SAMPLE_CONSENSUS: /usr/lib/x86_64-linux-gnu/libpcl_sample_consensus.so  
-- Found PCL_FILTERS: /usr/lib/x86_64-linux-gnu/libpcl_filters.so  
-- Found PCL_2D: /usr/include/pcl-1.12  
-- Found PCL_GEOMETRY: /usr/include/pcl-1.12  
-- Found PCL_IO: /usr/lib/x86_64-linux-gnu/libpcl_io.so  
-- Found PCL_FEATURES: /usr/lib/x86_64-linux-gnu/libpcl_features.so  
-- Found PCL_ML: /usr/lib/x86_64-linux-gnu/libpcl_ml.so  
-- Found PCL_SEGMENTATION: /usr/lib/x86_64-linux-gnu/libpcl_segmentation.so  
-- Found PCL_VISUALIZATION: /usr/lib/x86_64-linux-gnu/libpcl_visualization.so  
-- Found PCL_SURFACE: /usr/lib/x86_64-linux-gnu/libpcl_surface.so  
-- Found PCL_REGISTRATION: /usr/lib/x86_64-linux-gnu/libpcl_registration.so  
-- Found PCL_KEYPOINTS: /usr/lib/x86_64-linux-gnu/libpcl_keypoints.so  
-- Found PCL_TRACKING: /usr/lib/x86_64-linux-gnu/libpcl_tracking.so  
-- Found PCL_RECOGNITION: /usr/lib/x86_64-linux-gnu/libpcl_recognition.so  
-- Found PCL_STEREO: /usr/lib/x86_64-linux-gnu/libpcl_stereo.so  
-- Found PCL_APPS: /usr/lib/x86_64-linux-gnu/libpcl_apps.so  
-- Found PCL_IN_HAND_SCANNER: /usr/include/pcl-1.12  
-- Found PCL_MODELER: /usr/include/pcl-1.12  
-- Found PCL_POINT_CLOUD_EDITOR: /usr/include/pcl-1.12  
-- Found PCL_OUTOFCORE: /usr/lib/x86_64-linux-gnu/libpcl_outofcore.so  
-- Found PCL_PEOPLE: /usr/lib/x86_64-linux-gnu/libpcl_people.so  
-- Found PkgConfig: /usr/bin/pkg-config (found version "0.29.2") 
-- Checking for module 'apr-1'
--   Found apr-1, version 1.7.0
/usr/include/apr-1.0
apr-1
-- Found ament_cmake_ros: 0.10.0 (/opt/ros/humble/share/ament_cmake_ros/cmake)
-- Using all available rosidl_typesupport_c: rosidl_typesupport_fastrtps_c;rosidl_typesupport_introspection_c
-- Using all available rosidl_typesupport_cpp: rosidl_typesupport_fastrtps_cpp;rosidl_typesupport_introspection_cpp
-- Found PythonInterp: /usr/bin/python3 (found suitable version "3.10.12", minimum required is "3.6") 
-- Found python_cmake_module: 0.10.0 (/opt/ros/humble/share/python_cmake_module/cmake)
-- Found PythonLibs: /usr/lib/x86_64-linux-gnu/libpython3.10.so (found suitable version "3.10.12", minimum required is "3.5") 
-- Using PYTHON_EXECUTABLE: /usr/bin/python3
-- Using PYTHON_INCLUDE_DIRS: /usr/include/python3.10
-- Using PYTHON_LIBRARIES: /usr/lib/x86_64-linux-gnu/libpython3.10.so
-- Found PythonExtra: .so  
-- Configuring done
-- Generating done
CMake Warning:
  Manually-specified variables were not used by the project:

    HUMBLE_ROS


-- Build files have been written to: /home/badger/codex-research/superlio-ego-20261007/lio-ready-69b9b75-ws/build/livox_ros_driver2
[  1%] Generating C++ code for ROS interfaces
[  1%] Built target livox_interfaces2__cpp
[  3%] Generating C++ type support dispatch for ROS interfaces
[  5%] Building CXX object CMakeFiles/livox_interfaces2__rosidl_typesupport_cpp.dir/rosidl_typesupport_cpp/livox_ros_driver2/msg/custom_point__type_support.cpp.o
[  7%] Building CXX object CMakeFiles/livox_interfaces2__rosidl_typesupport_cpp.dir/rosidl_typesupport_cpp/livox_ros_driver2/msg/custom_msg__type_support.cpp.o
[  8%] Linking CXX shared library liblivox_ros_driver2__rosidl_typesupport_cpp.so
[  8%] Built target livox_interfaces2__rosidl_typesupport_cpp
[ 10%] Generating C code for ROS interfaces
[ 12%] Building C object CMakeFiles/livox_interfaces2__rosidl_generator_c.dir/rosidl_generator_c/livox_ros_driver2/msg/detail/custom_point__functions.c.o
[ 14%] Building C object CMakeFiles/livox_interfaces2__rosidl_generator_c.dir/rosidl_generator_c/livox_ros_driver2/msg/detail/custom_msg__functions.c.o
[ 15%] Linking C shared library liblivox_ros_driver2__rosidl_generator_c.so
[ 15%] Built target livox_interfaces2__rosidl_generator_c
[ 17%] Generating C type support for eProsima Fast-RTPS
[ 19%] Building CXX object CMakeFiles/livox_interfaces2__rosidl_typesupport_fastrtps_c.dir/rosidl_typesupport_fastrtps_c/livox_ros_driver2/msg/detail/custom_point__type_support_c.cpp.o
[ 21%] Building CXX object CMakeFiles/livox_interfaces2__rosidl_typesupport_fastrtps_c.dir/rosidl_typesupport_fastrtps_c/livox_ros_driver2/msg/detail/custom_msg__type_support_c.cpp.o
[ 22%] Linking CXX shared library liblivox_ros_driver2__rosidl_typesupport_fastrtps_c.so
[ 22%] Built target livox_interfaces2__rosidl_typesupport_fastrtps_c
[ 24%] Generating C introspection for ROS interfaces
[ 26%] Building C object CMakeFiles/livox_interfaces2__rosidl_typesupport_introspection_c.dir/rosidl_typesupport_introspection_c/livox_ros_driver2/msg/detail/custom_point__type_support.c.o
[ 28%] Building C object CMakeFiles/livox_interfaces2__rosidl_typesupport_introspection_c.dir/rosidl_typesupport_introspection_c/livox_ros_driver2/msg/detail/custom_msg__type_support.c.o
[ 29%] Linking C shared library liblivox_ros_driver2__rosidl_typesupport_introspection_c.so
[ 29%] Built target livox_interfaces2__rosidl_typesupport_introspection_c
[ 31%] Generating C type support dispatch for ROS interfaces
[ 33%] Building CXX object CMakeFiles/livox_interfaces2__rosidl_typesupport_c.dir/rosidl_typesupport_c/livox_ros_driver2/msg/custom_point__type_support.cpp.o
[ 35%] Building CXX object CMakeFiles/livox_interfaces2__rosidl_typesupport_c.dir/rosidl_typesupport_c/livox_ros_driver2/msg/custom_msg__type_support.cpp.o
[ 36%] Linking CXX shared library liblivox_ros_driver2__rosidl_typesupport_c.so
[ 36%] Built target livox_interfaces2__rosidl_typesupport_c
[ 38%] Generating C++ type support for eProsima Fast-RTPS
[ 40%] Building CXX object CMakeFiles/livox_interfaces2__rosidl_typesupport_fastrtps_cpp.dir/rosidl_typesupport_fastrtps_cpp/livox_ros_driver2/msg/detail/dds_fastrtps/custom_point__type_support.cpp.o
[ 42%] Building CXX object CMakeFiles/livox_interfaces2__rosidl_typesupport_fastrtps_cpp.dir/rosidl_typesupport_fastrtps_cpp/livox_ros_driver2/msg/detail/dds_fastrtps/custom_msg__type_support.cpp.o
[ 43%] Linking CXX shared library liblivox_ros_driver2__rosidl_typesupport_fastrtps_cpp.so
[ 43%] Built target livox_interfaces2__rosidl_typesupport_fastrtps_cpp
[ 45%] Generating C++ introspection for ROS interfaces
[ 47%] Building CXX object CMakeFiles/livox_interfaces2__rosidl_typesupport_introspection_cpp.dir/rosidl_typesupport_introspection_cpp/livox_ros_driver2/msg/detail/custom_point__type_support.cpp.o
[ 49%] Building CXX object CMakeFiles/livox_interfaces2__rosidl_typesupport_introspection_cpp.dir/rosidl_typesupport_introspection_cpp/livox_ros_driver2/msg/detail/custom_msg__type_support.cpp.o
[ 50%] Linking CXX shared library liblivox_ros_driver2__rosidl_typesupport_introspection_cpp.so
[ 50%] Built target livox_interfaces2__rosidl_typesupport_introspection_cpp
[ 50%] Built target livox_interfaces2
[ 50%] Built target ament_cmake_python_copy_livox_ros_driver2
running egg_info
creating livox_ros_driver2.egg-info
writing livox_ros_driver2.egg-info/PKG-INFO
writing dependency_links to livox_ros_driver2.egg-info/dependency_links.txt
writing top-level names to livox_ros_driver2.egg-info/top_level.txt
writing manifest file 'livox_ros_driver2.egg-info/SOURCES.txt'
reading manifest file 'livox_ros_driver2.egg-info/SOURCES.txt'
writing manifest file 'livox_ros_driver2.egg-info/SOURCES.txt'
[ 50%] Built target ament_cmake_python_build_livox_ros_driver2_egg
[ 52%] Generating Python code for ROS interfaces
[ 52%] Built target livox_interfaces2__py
[ 54%] Building C object CMakeFiles/livox_interfaces2__rosidl_generator_py.dir/rosidl_generator_py/livox_ros_driver2/msg/_custom_point_s.c.o
[ 56%] Building C object CMakeFiles/livox_interfaces2__rosidl_generator_py.dir/rosidl_generator_py/livox_ros_driver2/msg/_custom_msg_s.c.o
[ 57%] Linking C shared library rosidl_generator_py/livox_ros_driver2/liblivox_interfaces2__rosidl_generator_py.so
[ 57%] Built target livox_interfaces2__rosidl_generator_py
[ 59%] Building C object CMakeFiles/livox_ros_driver2__rosidl_typesupport_fastrtps_c__pyext.dir/rosidl_generator_py/livox_ros_driver2/_livox_ros_driver2_s.ep.rosidl_typesupport_fastrtps_c.c.o
[ 61%] Linking C shared library rosidl_generator_py/livox_ros_driver2/livox_ros_driver2_s__rosidl_typesupport_fastrtps_c.cpython-310-x86_64-linux-gnu.so
[ 61%] Built target livox_ros_driver2__rosidl_typesupport_fastrtps_c__pyext
[ 63%] Building C object CMakeFiles/livox_ros_driver2__rosidl_typesupport_introspection_c__pyext.dir/rosidl_generator_py/livox_ros_driver2/_livox_ros_driver2_s.ep.rosidl_typesupport_introspection_c.c.o
[ 64%] Linking C shared library rosidl_generator_py/livox_ros_driver2/livox_ros_driver2_s__rosidl_typesupport_introspection_c.cpython-310-x86_64-linux-gnu.so
[ 64%] Built target livox_ros_driver2__rosidl_typesupport_introspection_c__pyext
[ 66%] Building C object CMakeFiles/livox_ros_driver2__rosidl_typesupport_c__pyext.dir/rosidl_generator_py/livox_ros_driver2/_livox_ros_driver2_s.ep.rosidl_typesupport_c.c.o
[ 68%] Linking C shared library rosidl_generator_py/livox_ros_driver2/livox_ros_driver2_s__rosidl_typesupport_c.cpython-310-x86_64-linux-gnu.so
[ 68%] Built target livox_ros_driver2__rosidl_typesupport_c__pyext
[ 70%] Building CXX object CMakeFiles/livox_ros_driver2.dir/src/livox_ros_driver2.cpp.o
[ 71%] Building CXX object CMakeFiles/livox_ros_driver2.dir/src/lddc.cpp.o
[ 73%] Building CXX object CMakeFiles/livox_ros_driver2.dir/src/driver_node.cpp.o
[ 75%] Building CXX object CMakeFiles/livox_ros_driver2.dir/src/lds.cpp.o
[ 77%] Building CXX object CMakeFiles/livox_ros_driver2.dir/src/lds_lidar.cpp.o
[ 78%] Building CXX object CMakeFiles/livox_ros_driver2.dir/src/comm/comm.cpp.o
[ 80%] Building CXX object CMakeFiles/livox_ros_driver2.dir/src/comm/ldq.cpp.o
[ 82%] Building CXX object CMakeFiles/livox_ros_driver2.dir/src/comm/semaphore.cpp.o
[ 84%] Building CXX object CMakeFiles/livox_ros_driver2.dir/src/comm/lidar_imu_data_queue.cpp.o
[ 85%] Building CXX object CMakeFiles/livox_ros_driver2.dir/src/comm/cache_index.cpp.o
[ 87%] Building CXX object CMakeFiles/livox_ros_driver2.dir/src/comm/pub_handler.cpp.o
[ 89%] Building CXX object CMakeFiles/livox_ros_driver2.dir/src/parse_cfg_file/parse_cfg_file.cpp.o
[ 91%] Building CXX object CMakeFiles/livox_ros_driver2.dir/src/parse_cfg_file/parse_livox_lidar_cfg.cpp.o
[ 92%] Building CXX object CMakeFiles/livox_ros_driver2.dir/src/call_back/lidar_common_callback.cpp.o
[ 94%] Building CXX object CMakeFiles/livox_ros_driver2.dir/src/call_back/livox_lidar_callback.cpp.o
[ 96%] Linking CXX shared library liblivox_ros_driver2.so
[ 96%] Built target livox_ros_driver2
[ 98%] Building CXX object CMakeFiles/livox_ros_driver2_node.dir/rclcpp_components/node_main_livox_ros_driver2_node.cpp.o
[100%] Linking CXX executable livox_ros_driver2_node
[100%] Built target livox_ros_driver2_node
-- Install configuration: ""
-- Installing: /home/badger/codex-research/superlio-ego-20261007/lio-ready-69b9b75-ws/install/livox_ros_driver2/share/ament_index/resource_index/rosidl_interfaces/livox_ros_driver2
-- Installing: /home/badger/codex-research/superlio-ego-20261007/lio-ready-69b9b75-ws/install/livox_ros_driver2/include/livox_ros_driver2/livox_ros_driver2
-- Installing: /home/badger/codex-research/superlio-ego-20261007/lio-ready-69b9b75-ws/install/livox_ros_driver2/include/livox_ros_driver2/livox_ros_driver2/msg
-- Installing: /home/badger/codex-research/superlio-ego-20261007/lio-ready-69b9b75-ws/install/livox_ros_driver2/include/livox_ros_driver2/livox_ros_driver2/msg/custom_msg.h
-- Installing: /home/badger/codex-research/superlio-ego-20261007/lio-ready-69b9b75-ws/install/livox_ros_driver2/include/livox_ros_driver2/livox_ros_driver2/msg/custom_point.h
-- Installing: /home/badger/codex-research/superlio-ego-20261007/lio-ready-69b9b75-ws/install/livox_ros_driver2/include/livox_ros_driver2/livox_ros_driver2/msg/detail
-- Installing: /home/badger/codex-research/superlio-ego-20261007/lio-ready-69b9b75-ws/install/livox_ros_driver2/include/livox_ros_driver2/livox_ros_driver2/msg/detail/custom_msg__functions.h
-- Installing: /home/badger/codex-research/superlio-ego-20261007/lio-ready-69b9b75-ws/install/livox_ros_driver2/include/livox_ros_driver2/livox_ros_driver2/msg/detail/custom_point__functions.c
-- Installing: /home/badger/codex-research/superlio-ego-20261007/lio-ready-69b9b75-ws/install/livox_ros_driver2/include/livox_ros_driver2/livox_ros_driver2/msg/detail/custom_point__struct.h
-- Installing: /home/badger/codex-research/superlio-ego-20261007/lio-ready-69b9b75-ws/install/livox_ros_driver2/include/livox_ros_driver2/livox_ros_driver2/msg/detail/custom_point__type_support.h
-- Installing: /home/badger/codex-research/superlio-ego-20261007/lio-ready-69b9b75-ws/install/livox_ros_driver2/include/livox_ros_driver2/livox_ros_driver2/msg/detail/custom_msg__functions.c
-- Installing: /home/badger/codex-research/superlio-ego-20261007/lio-ready-69b9b75-ws/install/livox_ros_driver2/include/livox_ros_driver2/livox_ros_driver2/msg/detail/custom_msg__struct.h
-- Installing: /home/badger/codex-research/superlio-ego-20261007/lio-ready-69b9b75-ws/install/livox_ros_driver2/include/livox_ros_driver2/livox_ros_driver2/msg/detail/custom_point__functions.h
-- Installing: /home/badger/codex-research/superlio-ego-20261007/lio-ready-69b9b75-ws/install/livox_ros_driver2/include/livox_ros_driver2/livox_ros_driver2/msg/detail/custom_msg__type_support.h
-- Installing: /home/badger/codex-research/superlio-ego-20261007/lio-ready-69b9b75-ws/install/livox_ros_driver2/include/livox_ros_driver2/livox_ros_driver2/msg/rosidl_generator_c__visibility_control.h
-- Installing: /home/badger/codex-research/superlio-ego-20261007/lio-ready-69b9b75-ws/install/livox_ros_driver2/share/livox_ros_driver2/environment/library_path.sh
-- Installing: /home/badger/codex-research/superlio-ego-20261007/lio-ready-69b9b75-ws/install/livox_ros_driver2/share/livox_ros_driver2/environment/library_path.dsv
-- Installing: /home/badger/codex-research/superlio-ego-20261007/lio-ready-69b9b75-ws/install/livox_ros_driver2/lib/liblivox_ros_driver2__rosidl_generator_c.so
-- Set runtime path of "/home/badger/codex-research/superlio-ego-20261007/lio-ready-69b9b75-ws/install/livox_ros_driver2/lib/liblivox_ros_driver2__rosidl_generator_c.so" to ""
-- Up-to-date: /home/badger/codex-research/superlio-ego-20261007/lio-ready-69b9b75-ws/install/livox_ros_driver2/include/livox_ros_driver2/livox_ros_driver2
-- Up-to-date: /home/badger/codex-research/superlio-ego-20261007/lio-ready-69b9b75-ws/install/livox_ros_driver2/include/livox_ros_driver2/livox_ros_driver2/msg
-- Up-to-date: /home/badger/codex-research/superlio-ego-20261007/lio-ready-69b9b75-ws/install/livox_ros_driver2/include/livox_ros_driver2/livox_ros_driver2/msg/detail
-- Installing: /home/badger/codex-research/superlio-ego-20261007/lio-ready-69b9b75-ws/install/livox_ros_driver2/include/livox_ros_driver2/livox_ros_driver2/msg/detail/custom_msg__rosidl_typesupport_fastrtps_c.h
-- Installing: /home/badger/codex-research/superlio-ego-20261007/lio-ready-69b9b75-ws/install/livox_ros_driver2/include/livox_ros_driver2/livox_ros_driver2/msg/detail/custom_point__rosidl_typesupport_fastrtps_c.h
-- Installing: /home/badger/codex-research/superlio-ego-20261007/lio-ready-69b9b75-ws/install/livox_ros_driver2/include/livox_ros_driver2/livox_ros_driver2/msg/rosidl_typesupport_fastrtps_c__visibility_control.h
-- Installing: /home/badger/codex-research/superlio-ego-20261007/lio-ready-69b9b75-ws/install/livox_ros_driver2/lib/liblivox_ros_driver2__rosidl_typesupport_fastrtps_c.so
-- Set runtime path of "/home/badger/codex-research/superlio-ego-20261007/lio-ready-69b9b75-ws/install/livox_ros_driver2/lib/liblivox_ros_driver2__rosidl_typesupport_fastrtps_c.so" to ""
-- Up-to-date: /home/badger/codex-research/superlio-ego-20261007/lio-ready-69b9b75-ws/install/livox_ros_driver2/include/livox_ros_driver2/livox_ros_driver2
-- Up-to-date: /home/badger/codex-research/superlio-ego-20261007/lio-ready-69b9b75-ws/install/livox_ros_driver2/include/livox_ros_driver2/livox_ros_driver2/msg
-- Up-to-date: /home/badger/codex-research/superlio-ego-20261007/lio-ready-69b9b75-ws/install/livox_ros_driver2/include/livox_ros_driver2/livox_ros_driver2/msg/detail
-- Installing: /home/badger/codex-research/superlio-ego-20261007/lio-ready-69b9b75-ws/install/livox_ros_driver2/include/livox_ros_driver2/livox_ros_driver2/msg/detail/custom_msg__rosidl_typesupport_introspection_c.h
-- Installing: /home/badger/codex-research/superlio-ego-20261007/lio-ready-69b9b75-ws/install/livox_ros_driver2/include/livox_ros_driver2/livox_ros_driver2/msg/detail/custom_point__rosidl_typesupport_introspection_c.h
-- Installing: /home/badger/codex-research/superlio-ego-20261007/lio-ready-69b9b75-ws/install/livox_ros_driver2/include/livox_ros_driver2/livox_ros_driver2/msg/detail/custom_point__type_support.c
-- Installing: /home/badger/codex-research/superlio-ego-20261007/lio-ready-69b9b75-ws/install/livox_ros_driver2/include/livox_ros_driver2/livox_ros_driver2/msg/detail/custom_msg__type_support.c
-- Installing: /home/badger/codex-research/superlio-ego-20261007/lio-ready-69b9b75-ws/install/livox_ros_driver2/include/livox_ros_driver2/livox_ros_driver2/msg/rosidl_typesupport_introspection_c__visibility_control.h
-- Installing: /home/badger/codex-research/superlio-ego-20261007/lio-ready-69b9b75-ws/install/livox_ros_driver2/lib/liblivox_ros_driver2__rosidl_typesupport_introspection_c.so
-- Set runtime path of "/home/badger/codex-research/superlio-ego-20261007/lio-ready-69b9b75-ws/install/livox_ros_driver2/lib/liblivox_ros_driver2__rosidl_typesupport_introspection_c.so" to ""
-- Installing: /home/badger/codex-research/superlio-ego-20261007/lio-ready-69b9b75-ws/install/livox_ros_driver2/lib/liblivox_ros_driver2__rosidl_typesupport_c.so
-- Set runtime path of "/home/badger/codex-research/superlio-ego-20261007/lio-ready-69b9b75-ws/install/livox_ros_driver2/lib/liblivox_ros_driver2__rosidl_typesupport_c.so" to ""
-- Up-to-date: /home/badger/codex-research/superlio-ego-20261007/lio-ready-69b9b75-ws/install/livox_ros_driver2/include/livox_ros_driver2/livox_ros_driver2
-- Up-to-date: /home/badger/codex-research/superlio-ego-20261007/lio-ready-69b9b75-ws/install/livox_ros_driver2/include/livox_ros_driver2/livox_ros_driver2/msg
-- Installing: /home/badger/codex-research/superlio-ego-20261007/lio-ready-69b9b75-ws/install/livox_ros_driver2/include/livox_ros_driver2/livox_ros_driver2/msg/rosidl_generator_cpp__visibility_control.hpp
-- Up-to-date: /home/badger/codex-research/superlio-ego-20261007/lio-ready-69b9b75-ws/install/livox_ros_driver2/include/livox_ros_driver2/livox_ros_driver2/msg/detail
-- Installing: /home/badger/codex-research/superlio-ego-20261007/lio-ready-69b9b75-ws/install/livox_ros_driver2/include/livox_ros_driver2/livox_ros_driver2/msg/detail/custom_point__builder.hpp
-- Installing: /home/badger/codex-research/superlio-ego-20261007/lio-ready-69b9b75-ws/install/livox_ros_driver2/include/livox_ros_driver2/livox_ros_driver2/msg/detail/custom_msg__traits.hpp
-- Installing: /home/badger/codex-research/superlio-ego-20261007/lio-ready-69b9b75-ws/install/livox_ros_driver2/include/livox_ros_driver2/livox_ros_driver2/msg/detail/custom_point__type_support.hpp
-- Installing: /home/badger/codex-research/superlio-ego-20261007/lio-ready-69b9b75-ws/install/livox_ros_driver2/include/livox_ros_driver2/livox_ros_driver2/msg/detail/custom_msg__type_support.hpp
-- Installing: /home/badger/codex-research/superlio-ego-20261007/lio-ready-69b9b75-ws/install/livox_ros_driver2/include/livox_ros_driver2/livox_ros_driver2/msg/detail/custom_msg__struct.hpp
-- Installing: /home/badger/codex-research/superlio-ego-20261007/lio-ready-69b9b75-ws/install/livox_ros_driver2/include/livox_ros_driver2/livox_ros_driver2/msg/detail/custom_point__traits.hpp
-- Installing: /home/badger/codex-research/superlio-ego-20261007/lio-ready-69b9b75-ws/install/livox_ros_driver2/include/livox_ros_driver2/livox_ros_driver2/msg/detail/custom_point__struct.hpp
-- Installing: /home/badger/codex-research/superlio-ego-20261007/lio-ready-69b9b75-ws/install/livox_ros_driver2/include/livox_ros_driver2/livox_ros_driver2/msg/detail/custom_msg__builder.hpp
-- Installing: /home/badger/codex-research/superlio-ego-20261007/lio-ready-69b9b75-ws/install/livox_ros_driver2/include/livox_ros_driver2/livox_ros_driver2/msg/custom_msg.hpp
-- Installing: /home/badger/codex-research/superlio-ego-20261007/lio-ready-69b9b75-ws/install/livox_ros_driver2/include/livox_ros_driver2/livox_ros_driver2/msg/custom_point.hpp
-- Up-to-date: /home/badger/codex-research/superlio-ego-20261007/lio-ready-69b9b75-ws/install/livox_ros_driver2/include/livox_ros_driver2/livox_ros_driver2
-- Up-to-date: /home/badger/codex-research/superlio-ego-20261007/lio-ready-69b9b75-ws/install/livox_ros_driver2/include/livox_ros_driver2/livox_ros_driver2/msg
-- Up-to-date: /home/badger/codex-research/superlio-ego-20261007/lio-ready-69b9b75-ws/install/livox_ros_driver2/include/livox_ros_driver2/livox_ros_driver2/msg/detail
-- Installing: /home/badger/codex-research/superlio-ego-20261007/lio-ready-69b9b75-ws/install/livox_ros_driver2/include/livox_ros_driver2/livox_ros_driver2/msg/detail/custom_point__rosidl_typesupport_fastrtps_cpp.hpp
-- Installing: /home/badger/codex-research/superlio-ego-20261007/lio-ready-69b9b75-ws/install/livox_ros_driver2/include/livox_ros_driver2/livox_ros_driver2/msg/detail/custom_msg__rosidl_typesupport_fastrtps_cpp.hpp
-- Installing: /home/badger/codex-research/superlio-ego-20261007/lio-ready-69b9b75-ws/install/livox_ros_driver2/include/livox_ros_driver2/livox_ros_driver2/msg/detail/dds_fastrtps
-- Installing: /home/badger/codex-research/superlio-ego-20261007/lio-ready-69b9b75-ws/install/livox_ros_driver2/include/livox_ros_driver2/livox_ros_driver2/msg/rosidl_typesupport_fastrtps_cpp__visibility_control.h
-- Installing: /home/badger/codex-research/superlio-ego-20261007/lio-ready-69b9b75-ws/install/livox_ros_driver2/lib/liblivox_ros_driver2__rosidl_typesupport_fastrtps_cpp.so
-- Set runtime path of "/home/badger/codex-research/superlio-ego-20261007/lio-ready-69b9b75-ws/install/livox_ros_driver2/lib/liblivox_ros_driver2__rosidl_typesupport_fastrtps_cpp.so" to ""
-- Up-to-date: /home/badger/codex-research/superlio-ego-20261007/lio-ready-69b9b75-ws/install/livox_ros_driver2/include/livox_ros_driver2/livox_ros_driver2
-- Up-to-date: /home/badger/codex-research/superlio-ego-20261007/lio-ready-69b9b75-ws/install/livox_ros_driver2/include/livox_ros_driver2/livox_ros_driver2/msg
-- Up-to-date: /home/badger/codex-research/superlio-ego-20261007/lio-ready-69b9b75-ws/install/livox_ros_driver2/include/livox_ros_driver2/livox_ros_driver2/msg/detail
-- Installing: /home/badger/codex-research/superlio-ego-20261007/lio-ready-69b9b75-ws/install/livox_ros_driver2/include/livox_ros_driver2/livox_ros_driver2/msg/detail/custom_msg__rosidl_typesupport_introspection_cpp.hpp
-- Installing: /home/badger/codex-research/superlio-ego-20261007/lio-ready-69b9b75-ws/install/livox_ros_driver2/include/livox_ros_driver2/livox_ros_driver2/msg/detail/custom_point__type_support.cpp
-- Installing: /home/badger/codex-research/superlio-ego-20261007/lio-ready-69b9b75-ws/install/livox_ros_driver2/include/livox_ros_driver2/livox_ros_driver2/msg/detail/custom_point__rosidl_typesupport_introspection_cpp.hpp
-- Installing: /home/badger/codex-research/superlio-ego-20261007/lio-ready-69b9b75-ws/install/livox_ros_driver2/include/livox_ros_driver2/livox_ros_driver2/msg/detail/custom_msg__type_support.cpp
-- Installing: /home/badger/codex-research/superlio-ego-20261007/lio-ready-69b9b75-ws/install/livox_ros_driver2/lib/liblivox_ros_driver2__rosidl_typesupport_introspection_cpp.so
-- Set runtime path of "/home/badger/codex-research/superlio-ego-20261007/lio-ready-69b9b75-ws/install/livox_ros_driver2/lib/liblivox_ros_driver2__rosidl_typesupport_introspection_cpp.so" to ""
-- Installing: /home/badger/codex-research/superlio-ego-20261007/lio-ready-69b9b75-ws/install/livox_ros_driver2/lib/liblivox_ros_driver2__rosidl_typesupport_cpp.so
-- Set runtime path of "/home/badger/codex-research/superlio-ego-20261007/lio-ready-69b9b75-ws/install/livox_ros_driver2/lib/liblivox_ros_driver2__rosidl_typesupport_cpp.so" to ""
-- Installing: /home/badger/codex-research/superlio-ego-20261007/lio-ready-69b9b75-ws/install/livox_ros_driver2/share/livox_ros_driver2/environment/pythonpath.sh
-- Installing: /home/badger/codex-research/superlio-ego-20261007/lio-ready-69b9b75-ws/install/livox_ros_driver2/share/livox_ros_driver2/environment/pythonpath.dsv
-- Installing: /home/badger/codex-research/superlio-ego-20261007/lio-ready-69b9b75-ws/install/livox_ros_driver2/local/lib/python3.10/dist-packages/livox_ros_driver2-1.0.0-py3.10.egg-info
-- Installing: /home/badger/codex-research/superlio-ego-20261007/lio-ready-69b9b75-ws/install/livox_ros_driver2/local/lib/python3.10/dist-packages/livox_ros_driver2-1.0.0-py3.10.egg-info/PKG-INFO
-- Installing: /home/badger/codex-research/superlio-ego-20261007/lio-ready-69b9b75-ws/install/livox_ros_driver2/local/lib/python3.10/dist-packages/livox_ros_driver2-1.0.0-py3.10.egg-info/SOURCES.txt
-- Installing: /home/badger/codex-research/superlio-ego-20261007/lio-ready-69b9b75-ws/install/livox_ros_driver2/local/lib/python3.10/dist-packages/livox_ros_driver2-1.0.0-py3.10.egg-info/top_level.txt
-- Installing: /home/badger/codex-research/superlio-ego-20261007/lio-ready-69b9b75-ws/install/livox_ros_driver2/local/lib/python3.10/dist-packages/livox_ros_driver2-1.0.0-py3.10.egg-info/dependency_links.txt
-- Installing: /home/badger/codex-research/superlio-ego-20261007/lio-ready-69b9b75-ws/install/livox_ros_driver2/local/lib/python3.10/dist-packages/livox_ros_driver2
-- Installing: /home/badger/codex-research/superlio-ego-20261007/lio-ready-69b9b75-ws/install/livox_ros_driver2/local/lib/python3.10/dist-packages/livox_ros_driver2/livox_ros_driver2_s__rosidl_typesupport_fastrtps_c.cpython-310-x86_64-linux-gnu.so
-- Installing: /home/badger/codex-research/superlio-ego-20261007/lio-ready-69b9b75-ws/install/livox_ros_driver2/local/lib/python3.10/dist-packages/livox_ros_driver2/liblivox_interfaces2__rosidl_generator_py.so
-- Installing: /home/badger/codex-research/superlio-ego-20261007/lio-ready-69b9b75-ws/install/livox_ros_driver2/local/lib/python3.10/dist-packages/livox_ros_driver2/__init__.py
-- Installing: /home/badger/codex-research/superlio-ego-20261007/lio-ready-69b9b75-ws/install/livox_ros_driver2/local/lib/python3.10/dist-packages/livox_ros_driver2/_livox_ros_driver2_s.ep.rosidl_typesupport_introspection_c.c
-- Installing: /home/badger/codex-research/superlio-ego-20261007/lio-ready-69b9b75-ws/install/livox_ros_driver2/local/lib/python3.10/dist-packages/livox_ros_driver2/_livox_ros_driver2_s.ep.rosidl_typesupport_fastrtps_c.c
-- Installing: /home/badger/codex-research/superlio-ego-20261007/lio-ready-69b9b75-ws/install/livox_ros_driver2/local/lib/python3.10/dist-packages/livox_ros_driver2/msg
-- Installing: /home/badger/codex-research/superlio-ego-20261007/lio-ready-69b9b75-ws/install/livox_ros_driver2/local/lib/python3.10/dist-packages/livox_ros_driver2/msg/_custom_msg_s.c
-- Installing: /home/badger/codex-research/superlio-ego-20261007/lio-ready-69b9b75-ws/install/livox_ros_driver2/local/lib/python3.10/dist-packages/livox_ros_driver2/msg/_custom_point.py
-- Installing: /home/badger/codex-research/superlio-ego-20261007/lio-ready-69b9b75-ws/install/livox_ros_driver2/local/lib/python3.10/dist-packages/livox_ros_driver2/msg/__init__.py
-- Installing: /home/badger/codex-research/superlio-ego-20261007/lio-ready-69b9b75-ws/install/livox_ros_driver2/local/lib/python3.10/dist-packages/livox_ros_driver2/msg/_custom_msg.py
-- Installing: /home/badger/codex-research/superlio-ego-20261007/lio-ready-69b9b75-ws/install/livox_ros_driver2/local/lib/python3.10/dist-packages/livox_ros_driver2/msg/_custom_point_s.c
-- Installing: /home/badger/codex-research/superlio-ego-20261007/lio-ready-69b9b75-ws/install/livox_ros_driver2/local/lib/python3.10/dist-packages/livox_ros_driver2/livox_ros_driver2_s__rosidl_typesupport_introspection_c.cpython-310-x86_64-linux-gnu.so
-- Installing: /home/badger/codex-research/superlio-ego-20261007/lio-ready-69b9b75-ws/install/livox_ros_driver2/local/lib/python3.10/dist-packages/livox_ros_driver2/livox_ros_driver2_s__rosidl_typesupport_c.cpython-310-x86_64-linux-gnu.so
-- Installing: /home/badger/codex-research/superlio-ego-20261007/lio-ready-69b9b75-ws/install/livox_ros_driver2/local/lib/python3.10/dist-packages/livox_ros_driver2/_livox_ros_driver2_s.ep.rosidl_typesupport_c.c
Listing '/home/badger/codex-research/superlio-ego-20261007/lio-ready-69b9b75-ws/install/livox_ros_driver2/local/lib/python3.10/dist-packages/livox_ros_driver2'...
Compiling '/home/badger/codex-research/superlio-ego-20261007/lio-ready-69b9b75-ws/install/livox_ros_driver2/local/lib/python3.10/dist-packages/livox_ros_driver2/__init__.py'...
Listing '/home/badger/codex-research/superlio-ego-20261007/lio-ready-69b9b75-ws/install/livox_ros_driver2/local/lib/python3.10/dist-packages/livox_ros_driver2/msg'...
Compiling '/home/badger/codex-research/superlio-ego-20261007/lio-ready-69b9b75-ws/install/livox_ros_driver2/local/lib/python3.10/dist-packages/livox_ros_driver2/msg/__init__.py'...
Compiling '/home/badger/codex-research/superlio-ego-20261007/lio-ready-69b9b75-ws/install/livox_ros_driver2/local/lib/python3.10/dist-packages/livox_ros_driver2/msg/_custom_msg.py'...
Compiling '/home/badger/codex-research/superlio-ego-20261007/lio-ready-69b9b75-ws/install/livox_ros_driver2/local/lib/python3.10/dist-packages/livox_ros_driver2/msg/_custom_point.py'...
-- Installing: /home/badger/codex-research/superlio-ego-20261007/lio-ready-69b9b75-ws/install/livox_ros_driver2/local/lib/python3.10/dist-packages/livox_ros_driver2/livox_ros_driver2_s__rosidl_typesupport_fastrtps_c.cpython-310-x86_64-linux-gnu.so
-- Set runtime path of "/home/badger/codex-research/superlio-ego-20261007/lio-ready-69b9b75-ws/install/livox_ros_driver2/local/lib/python3.10/dist-packages/livox_ros_driver2/livox_ros_driver2_s__rosidl_typesupport_fastrtps_c.cpython-310-x86_64-linux-gnu.so" to ""
-- Installing: /home/badger/codex-research/superlio-ego-20261007/lio-ready-69b9b75-ws/install/livox_ros_driver2/local/lib/python3.10/dist-packages/livox_ros_driver2/livox_ros_driver2_s__rosidl_typesupport_introspection_c.cpython-310-x86_64-linux-gnu.so
-- Set runtime path of "/home/badger/codex-research/superlio-ego-20261007/lio-ready-69b9b75-ws/install/livox_ros_driver2/local/lib/python3.10/dist-packages/livox_ros_driver2/livox_ros_driver2_s__rosidl_typesupport_introspection_c.cpython-310-x86_64-linux-gnu.so" to ""
-- Installing: /home/badger/codex-research/superlio-ego-20261007/lio-ready-69b9b75-ws/install/livox_ros_driver2/local/lib/python3.10/dist-packages/livox_ros_driver2/livox_ros_driver2_s__rosidl_typesupport_c.cpython-310-x86_64-linux-gnu.so
-- Set runtime path of "/home/badger/codex-research/superlio-ego-20261007/lio-ready-69b9b75-ws/install/livox_ros_driver2/local/lib/python3.10/dist-packages/livox_ros_driver2/livox_ros_driver2_s__rosidl_typesupport_c.cpython-310-x86_64-linux-gnu.so" to ""
-- Installing: /home/badger/codex-research/superlio-ego-20261007/lio-ready-69b9b75-ws/install/livox_ros_driver2/lib/liblivox_interfaces2__rosidl_generator_py.so
-- Set runtime path of "/home/badger/codex-research/superlio-ego-20261007/lio-ready-69b9b75-ws/install/livox_ros_driver2/lib/liblivox_interfaces2__rosidl_generator_py.so" to ""
-- Installing: /home/badger/codex-research/superlio-ego-20261007/lio-ready-69b9b75-ws/install/livox_ros_driver2/share/livox_ros_driver2/msg/CustomPoint.idl
-- Installing: /home/badger/codex-research/superlio-ego-20261007/lio-ready-69b9b75-ws/install/livox_ros_driver2/share/livox_ros_driver2/msg/CustomMsg.idl
-- Installing: /home/badger/codex-research/superlio-ego-20261007/lio-ready-69b9b75-ws/install/livox_ros_driver2/share/livox_ros_driver2/msg/CustomPoint.msg
-- Installing: /home/badger/codex-research/superlio-ego-20261007/lio-ready-69b9b75-ws/install/livox_ros_driver2/share/livox_ros_driver2/msg/CustomMsg.msg
-- Installing: /home/badger/codex-research/superlio-ego-20261007/lio-ready-69b9b75-ws/install/livox_ros_driver2/lib/livox_ros_driver2/livox_ros_driver2_node
-- Set runtime path of "/home/badger/codex-research/superlio-ego-20261007/lio-ready-69b9b75-ws/install/livox_ros_driver2/lib/livox_ros_driver2/livox_ros_driver2_node" to ""
-- Installing: /home/badger/codex-research/superlio-ego-20261007/lio-ready-69b9b75-ws/install/livox_ros_driver2/lib/liblivox_ros_driver2.so
-- Set runtime path of "/home/badger/codex-research/superlio-ego-20261007/lio-ready-69b9b75-ws/install/livox_ros_driver2/lib/liblivox_ros_driver2.so" to ""
-- Installing: /home/badger/codex-research/superlio-ego-20261007/lio-ready-69b9b75-ws/install/livox_ros_driver2/share/livox_ros_driver2/config
-- Installing: /home/badger/codex-research/superlio-ego-20261007/lio-ready-69b9b75-ws/install/livox_ros_driver2/share/livox_ros_driver2/config/mixed_HAP_MID360_config.json
-- Installing: /home/badger/codex-research/superlio-ego-20261007/lio-ready-69b9b75-ws/install/livox_ros_driver2/share/livox_ros_driver2/config/MID360_config.json
-- Installing: /home/badger/codex-research/superlio-ego-20261007/lio-ready-69b9b75-ws/install/livox_ros_driver2/share/livox_ros_driver2/config/display_point_cloud_ROS2.rviz
-- Installing: /home/badger/codex-research/superlio-ego-20261007/lio-ready-69b9b75-ws/install/livox_ros_driver2/share/livox_ros_driver2/config/HAP_config.json
-- Installing: /home/badger/codex-research/superlio-ego-20261007/lio-ready-69b9b75-ws/install/livox_ros_driver2/share/livox_ros_driver2/config/display_point_cloud_ROS1.rviz
-- Installing: /home/badger/codex-research/superlio-ego-20261007/lio-ready-69b9b75-ws/install/livox_ros_driver2/share/livox_ros_driver2/launch_ROS2
-- Installing: /home/badger/codex-research/superlio-ego-20261007/lio-ready-69b9b75-ws/install/livox_ros_driver2/share/livox_ros_driver2/launch_ROS2/rviz_mixed.py
-- Installing: /home/badger/codex-research/superlio-ego-20261007/lio-ready-69b9b75-ws/install/livox_ros_driver2/share/livox_ros_driver2/launch_ROS2/rviz_MID360_launch.py
-- Installing: /home/badger/codex-research/superlio-ego-20261007/lio-ready-69b9b75-ws/install/livox_ros_driver2/share/livox_ros_driver2/launch_ROS2/msg_MID360_launch.py
-- Installing: /home/badger/codex-research/superlio-ego-20261007/lio-ready-69b9b75-ws/install/livox_ros_driver2/share/livox_ros_driver2/launch_ROS2/msg_HAP_launch.py
-- Installing: /home/badger/codex-research/superlio-ego-20261007/lio-ready-69b9b75-ws/install/livox_ros_driver2/share/livox_ros_driver2/launch_ROS2/rviz_HAP_launch.py
-- Installing: /home/badger/codex-research/superlio-ego-20261007/lio-ready-69b9b75-ws/install/livox_ros_driver2/share/ament_index/resource_index/package_run_dependencies/livox_ros_driver2
-- Installing: /home/badger/codex-research/superlio-ego-20261007/lio-ready-69b9b75-ws/install/livox_ros_driver2/share/ament_index/resource_index/parent_prefix_path/livox_ros_driver2
-- Installing: /home/badger/codex-research/superlio-ego-20261007/lio-ready-69b9b75-ws/install/livox_ros_driver2/share/livox_ros_driver2/environment/ament_prefix_path.sh
-- Installing: /home/badger/codex-research/superlio-ego-20261007/lio-ready-69b9b75-ws/install/livox_ros_driver2/share/livox_ros_driver2/environment/ament_prefix_path.dsv
-- Installing: /home/badger/codex-research/superlio-ego-20261007/lio-ready-69b9b75-ws/install/livox_ros_driver2/share/livox_ros_driver2/environment/path.sh
-- Installing: /home/badger/codex-research/superlio-ego-20261007/lio-ready-69b9b75-ws/install/livox_ros_driver2/share/livox_ros_driver2/environment/path.dsv
-- Installing: /home/badger/codex-research/superlio-ego-20261007/lio-ready-69b9b75-ws/install/livox_ros_driver2/share/livox_ros_driver2/local_setup.bash
-- Installing: /home/badger/codex-research/superlio-ego-20261007/lio-ready-69b9b75-ws/install/livox_ros_driver2/share/livox_ros_driver2/local_setup.sh
-- Installing: /home/badger/codex-research/superlio-ego-20261007/lio-ready-69b9b75-ws/install/livox_ros_driver2/share/livox_ros_driver2/local_setup.zsh
-- Installing: /home/badger/codex-research/superlio-ego-20261007/lio-ready-69b9b75-ws/install/livox_ros_driver2/share/livox_ros_driver2/local_setup.dsv
-- Installing: /home/badger/codex-research/superlio-ego-20261007/lio-ready-69b9b75-ws/install/livox_ros_driver2/share/livox_ros_driver2/package.dsv
-- Installing: /home/badger/codex-research/superlio-ego-20261007/lio-ready-69b9b75-ws/install/livox_ros_driver2/share/ament_index/resource_index/packages/livox_ros_driver2
-- Installing: /home/badger/codex-research/superlio-ego-20261007/lio-ready-69b9b75-ws/install/livox_ros_driver2/share/livox_ros_driver2/cmake/export_livox_interfaces2__rosidl_generator_cExport.cmake
-- Installing: /home/badger/codex-research/superlio-ego-20261007/lio-ready-69b9b75-ws/install/livox_ros_driver2/share/livox_ros_driver2/cmake/export_livox_interfaces2__rosidl_generator_cExport-noconfig.cmake
-- Installing: /home/badger/codex-research/superlio-ego-20261007/lio-ready-69b9b75-ws/install/livox_ros_driver2/share/livox_ros_driver2/cmake/export_livox_interfaces2__rosidl_typesupport_fastrtps_cExport.cmake
-- Installing: /home/badger/codex-research/superlio-ego-20261007/lio-ready-69b9b75-ws/install/livox_ros_driver2/share/livox_ros_driver2/cmake/export_livox_interfaces2__rosidl_typesupport_fastrtps_cExport-noconfig.cmake
-- Installing: /home/badger/codex-research/superlio-ego-20261007/lio-ready-69b9b75-ws/install/livox_ros_driver2/share/livox_ros_driver2/cmake/livox_interfaces2__rosidl_typesupport_introspection_cExport.cmake
-- Installing: /home/badger/codex-research/superlio-ego-20261007/lio-ready-69b9b75-ws/install/livox_ros_driver2/share/livox_ros_driver2/cmake/livox_interfaces2__rosidl_typesupport_introspection_cExport-noconfig.cmake
-- Installing: /home/badger/codex-research/superlio-ego-20261007/lio-ready-69b9b75-ws/install/livox_ros_driver2/share/livox_ros_driver2/cmake/livox_interfaces2__rosidl_typesupport_cExport.cmake
-- Installing: /home/badger/codex-research/superlio-ego-20261007/lio-ready-69b9b75-ws/install/livox_ros_driver2/share/livox_ros_driver2/cmake/livox_interfaces2__rosidl_typesupport_cExport-noconfig.cmake
-- Installing: /home/badger/codex-research/superlio-ego-20261007/lio-ready-69b9b75-ws/install/livox_ros_driver2/share/livox_ros_driver2/cmake/export_livox_interfaces2__rosidl_generator_cppExport.cmake
-- Installing: /home/badger/codex-research/superlio-ego-20261007/lio-ready-69b9b75-ws/install/livox_ros_driver2/share/livox_ros_driver2/cmake/export_livox_interfaces2__rosidl_typesupport_fastrtps_cppExport.cmake
-- Installing: /home/badger/codex-research/superlio-ego-20261007/lio-ready-69b9b75-ws/install/livox_ros_driver2/share/livox_ros_driver2/cmake/export_livox_interfaces2__rosidl_typesupport_fastrtps_cppExport-noconfig.cmake
-- Installing: /home/badger/codex-research/superlio-ego-20261007/lio-ready-69b9b75-ws/install/livox_ros_driver2/share/livox_ros_driver2/cmake/livox_interfaces2__rosidl_typesupport_introspection_cppExport.cmake
-- Installing: /home/badger/codex-research/superlio-ego-20261007/lio-ready-69b9b75-ws/install/livox_ros_driver2/share/livox_ros_driver2/cmake/livox_interfaces2__rosidl_typesupport_introspection_cppExport-noconfig.cmake
-- Installing: /home/badger/codex-research/superlio-ego-20261007/lio-ready-69b9b75-ws/install/livox_ros_driver2/share/livox_ros_driver2/cmake/livox_interfaces2__rosidl_typesupport_cppExport.cmake
-- Installing: /home/badger/codex-research/superlio-ego-20261007/lio-ready-69b9b75-ws/install/livox_ros_driver2/share/livox_ros_driver2/cmake/livox_interfaces2__rosidl_typesupport_cppExport-noconfig.cmake
-- Installing: /home/badger/codex-research/superlio-ego-20261007/lio-ready-69b9b75-ws/install/livox_ros_driver2/share/livox_ros_driver2/cmake/export_livox_interfaces2__rosidl_generator_pyExport.cmake
-- Installing: /home/badger/codex-research/superlio-ego-20261007/lio-ready-69b9b75-ws/install/livox_ros_driver2/share/livox_ros_driver2/cmake/export_livox_interfaces2__rosidl_generator_pyExport-noconfig.cmake
-- Installing: /home/badger/codex-research/superlio-ego-20261007/lio-ready-69b9b75-ws/install/livox_ros_driver2/share/ament_index/resource_index/rclcpp_components/livox_ros_driver2
-- Installing: /home/badger/codex-research/superlio-ego-20261007/lio-ready-69b9b75-ws/install/livox_ros_driver2/share/livox_ros_driver2/cmake/rosidl_cmake-extras.cmake
-- Installing: /home/badger/codex-research/superlio-ego-20261007/lio-ready-69b9b75-ws/install/livox_ros_driver2/share/livox_ros_driver2/cmake/ament_cmake_export_dependencies-extras.cmake
-- Installing: /home/badger/codex-research/superlio-ego-20261007/lio-ready-69b9b75-ws/install/livox_ros_driver2/share/livox_ros_driver2/cmake/ament_cmake_export_include_directories-extras.cmake
-- Installing: /home/badger/codex-research/superlio-ego-20261007/lio-ready-69b9b75-ws/install/livox_ros_driver2/share/livox_ros_driver2/cmake/ament_cmake_export_libraries-extras.cmake
-- Installing: /home/badger/codex-research/superlio-ego-20261007/lio-ready-69b9b75-ws/install/livox_ros_driver2/share/livox_ros_driver2/cmake/ament_cmake_export_targets-extras.cmake
-- Installing: /home/badger/codex-research/superlio-ego-20261007/lio-ready-69b9b75-ws/install/livox_ros_driver2/share/livox_ros_driver2/cmake/rosidl_cmake_export_typesupport_targets-extras.cmake
-- Installing: /home/badger/codex-research/superlio-ego-20261007/lio-ready-69b9b75-ws/install/livox_ros_driver2/share/livox_ros_driver2/cmake/rosidl_cmake_export_typesupport_libraries-extras.cmake
-- Installing: /home/badger/codex-research/superlio-ego-20261007/lio-ready-69b9b75-ws/install/livox_ros_driver2/share/livox_ros_driver2/cmake/livox_ros_driver2Config.cmake
-- Installing: /home/badger/codex-research/superlio-ego-20261007/lio-ready-69b9b75-ws/install/livox_ros_driver2/share/livox_ros_driver2/cmake/livox_ros_driver2Config-version.cmake
-- Installing: /home/badger/codex-research/superlio-ego-20261007/lio-ready-69b9b75-ws/install/livox_ros_driver2/share/livox_ros_driver2/package.xml
--- stderr: livox_ros_driver2
/usr/include/apr-1.0
apr-1
CMake Warning:
  Manually-specified variables were not used by the project:

    HUMBLE_ROS


---
Finished <<< livox_ros_driver2 [21.7s]
Starting >>> gps_waypoint_dispatcher
running egg_info
creating ../../../../lio-ready-69b9b75-ws/build/gps_waypoint_dispatcher/gps_waypoint_dispatcher.egg-info
writing ../../../../lio-ready-69b9b75-ws/build/gps_waypoint_dispatcher/gps_waypoint_dispatcher.egg-info/PKG-INFO
writing dependency_links to ../../../../lio-ready-69b9b75-ws/build/gps_waypoint_dispatcher/gps_waypoint_dispatcher.egg-info/dependency_links.txt
writing entry points to ../../../../lio-ready-69b9b75-ws/build/gps_waypoint_dispatcher/gps_waypoint_dispatcher.egg-info/entry_points.txt
writing requirements to ../../../../lio-ready-69b9b75-ws/build/gps_waypoint_dispatcher/gps_waypoint_dispatcher.egg-info/requires.txt
writing top-level names to ../../../../lio-ready-69b9b75-ws/build/gps_waypoint_dispatcher/gps_waypoint_dispatcher.egg-info/top_level.txt
writing manifest file '../../../../lio-ready-69b9b75-ws/build/gps_waypoint_dispatcher/gps_waypoint_dispatcher.egg-info/SOURCES.txt'
reading manifest file '../../../../lio-ready-69b9b75-ws/build/gps_waypoint_dispatcher/gps_waypoint_dispatcher.egg-info/SOURCES.txt'
writing manifest file '../../../../lio-ready-69b9b75-ws/build/gps_waypoint_dispatcher/gps_waypoint_dispatcher.egg-info/SOURCES.txt'
running build
running build_py
creating /home/badger/codex-research/superlio-ego-20261007/lio-ready-69b9b75-ws/build/gps_waypoint_dispatcher/build
creating /home/badger/codex-research/superlio-ego-20261007/lio-ready-69b9b75-ws/build/gps_waypoint_dispatcher/build/lib
creating /home/badger/codex-research/superlio-ego-20261007/lio-ready-69b9b75-ws/build/gps_waypoint_dispatcher/build/lib/gps_waypoint_dispatcher
copying gps_waypoint_dispatcher/list_destinations.py -> /home/badger/codex-research/superlio-ego-20261007/lio-ready-69b9b75-ws/build/gps_waypoint_dispatcher/build/lib/gps_waypoint_dispatcher
copying gps_waypoint_dispatcher/alignment_math.py -> /home/badger/codex-research/superlio-ego-20261007/lio-ready-69b9b75-ws/build/gps_waypoint_dispatcher/build/lib/gps_waypoint_dispatcher
copying gps_waypoint_dispatcher/scene_runtime.py -> /home/badger/codex-research/superlio-ego-20261007/lio-ready-69b9b75-ws/build/gps_waypoint_dispatcher/build/lib/gps_waypoint_dispatcher
copying gps_waypoint_dispatcher/corridor_cmd_guard.py -> /home/badger/codex-research/superlio-ego-20261007/lio-ready-69b9b75-ws/build/gps_waypoint_dispatcher/build/lib/gps_waypoint_dispatcher
copying gps_waypoint_dispatcher/goto_name.py -> /home/badger/codex-research/superlio-ego-20261007/lio-ready-69b9b75-ws/build/gps_waypoint_dispatcher/build/lib/gps_waypoint_dispatcher
copying gps_waypoint_dispatcher/gps_global_aligner_node.py -> /home/badger/codex-research/superlio-ego-20261007/lio-ready-69b9b75-ws/build/gps_waypoint_dispatcher/build/lib/gps_waypoint_dispatcher
copying gps_waypoint_dispatcher/road_rejoin.py -> /home/badger/codex-research/superlio-ego-20261007/lio-ready-69b9b75-ws/build/gps_waypoint_dispatcher/build/lib/gps_waypoint_dispatcher
copying gps_waypoint_dispatcher/goal_manager_node.py -> /home/badger/codex-research/superlio-ego-20261007/lio-ready-69b9b75-ws/build/gps_waypoint_dispatcher/build/lib/gps_waypoint_dispatcher
copying gps_waypoint_dispatcher/dispatcher_node.py -> /home/badger/codex-research/superlio-ego-20261007/lio-ready-69b9b75-ws/build/gps_waypoint_dispatcher/build/lib/gps_waypoint_dispatcher
copying gps_waypoint_dispatcher/goto_latlon.py -> /home/badger/codex-research/superlio-ego-20261007/lio-ready-69b9b75-ws/build/gps_waypoint_dispatcher/build/lib/gps_waypoint_dispatcher
copying gps_waypoint_dispatcher/__init__.py -> /home/badger/codex-research/superlio-ego-20261007/lio-ready-69b9b75-ws/build/gps_waypoint_dispatcher/build/lib/gps_waypoint_dispatcher
copying gps_waypoint_dispatcher/rtk_map_odom_corrector_node.py -> /home/badger/codex-research/superlio-ego-20261007/lio-ready-69b9b75-ws/build/gps_waypoint_dispatcher/build/lib/gps_waypoint_dispatcher
copying gps_waypoint_dispatcher/gps_corridor_runner_node.py -> /home/badger/codex-research/superlio-ego-20261007/lio-ready-69b9b75-ws/build/gps_waypoint_dispatcher/build/lib/gps_waypoint_dispatcher
copying gps_waypoint_dispatcher/nav2_lifecycle_ready.py -> /home/badger/codex-research/superlio-ego-20261007/lio-ready-69b9b75-ws/build/gps_waypoint_dispatcher/build/lib/gps_waypoint_dispatcher
copying gps_waypoint_dispatcher/corridor_cmd_vel_guard_node.py -> /home/badger/codex-research/superlio-ego-20261007/lio-ready-69b9b75-ws/build/gps_waypoint_dispatcher/build/lib/gps_waypoint_dispatcher
copying gps_waypoint_dispatcher/rtk_authority.py -> /home/badger/codex-research/superlio-ego-20261007/lio-ready-69b9b75-ws/build/gps_waypoint_dispatcher/build/lib/gps_waypoint_dispatcher
copying gps_waypoint_dispatcher/route_graph_planner.py -> /home/badger/codex-research/superlio-ego-20261007/lio-ready-69b9b75-ws/build/gps_waypoint_dispatcher/build/lib/gps_waypoint_dispatcher
copying gps_waypoint_dispatcher/route_safety.py -> /home/badger/codex-research/superlio-ego-20261007/lio-ready-69b9b75-ws/build/gps_waypoint_dispatcher/build/lib/gps_waypoint_dispatcher
copying gps_waypoint_dispatcher/gps_route_runner_node.py -> /home/badger/codex-research/superlio-ego-20261007/lio-ready-69b9b75-ws/build/gps_waypoint_dispatcher/build/lib/gps_waypoint_dispatcher
copying gps_waypoint_dispatcher/stop.py -> /home/badger/codex-research/superlio-ego-20261007/lio-ready-69b9b75-ws/build/gps_waypoint_dispatcher/build/lib/gps_waypoint_dispatcher
copying gps_waypoint_dispatcher/corridor_quality.py -> /home/badger/codex-research/superlio-ego-20261007/lio-ready-69b9b75-ws/build/gps_waypoint_dispatcher/build/lib/gps_waypoint_dispatcher
running install
running install_lib
creating /home/badger/codex-research/superlio-ego-20261007/lio-ready-69b9b75-ws/install/gps_waypoint_dispatcher/lib/python3.10/site-packages/gps_waypoint_dispatcher
copying /home/badger/codex-research/superlio-ego-20261007/lio-ready-69b9b75-ws/build/gps_waypoint_dispatcher/build/lib/gps_waypoint_dispatcher/list_destinations.py -> /home/badger/codex-research/superlio-ego-20261007/lio-ready-69b9b75-ws/install/gps_waypoint_dispatcher/lib/python3.10/site-packages/gps_waypoint_dispatcher
copying /home/badger/codex-research/superlio-ego-20261007/lio-ready-69b9b75-ws/build/gps_waypoint_dispatcher/build/lib/gps_waypoint_dispatcher/alignment_math.py -> /home/badger/codex-research/superlio-ego-20261007/lio-ready-69b9b75-ws/install/gps_waypoint_dispatcher/lib/python3.10/site-packages/gps_waypoint_dispatcher
copying /home/badger/codex-research/superlio-ego-20261007/lio-ready-69b9b75-ws/build/gps_waypoint_dispatcher/build/lib/gps_waypoint_dispatcher/scene_runtime.py -> /home/badger/codex-research/superlio-ego-20261007/lio-ready-69b9b75-ws/install/gps_waypoint_dispatcher/lib/python3.10/site-packages/gps_waypoint_dispatcher
copying /home/badger/codex-research/superlio-ego-20261007/lio-ready-69b9b75-ws/build/gps_waypoint_dispatcher/build/lib/gps_waypoint_dispatcher/corridor_cmd_guard.py -> /home/badger/codex-research/superlio-ego-20261007/lio-ready-69b9b75-ws/install/gps_waypoint_dispatcher/lib/python3.10/site-packages/gps_waypoint_dispatcher
copying /home/badger/codex-research/superlio-ego-20261007/lio-ready-69b9b75-ws/build/gps_waypoint_dispatcher/build/lib/gps_waypoint_dispatcher/goto_name.py -> /home/badger/codex-research/superlio-ego-20261007/lio-ready-69b9b75-ws/install/gps_waypoint_dispatcher/lib/python3.10/site-packages/gps_waypoint_dispatcher
copying /home/badger/codex-research/superlio-ego-20261007/lio-ready-69b9b75-ws/build/gps_waypoint_dispatcher/build/lib/gps_waypoint_dispatcher/gps_global_aligner_node.py -> /home/badger/codex-research/superlio-ego-20261007/lio-ready-69b9b75-ws/install/gps_waypoint_dispatcher/lib/python3.10/site-packages/gps_waypoint_dispatcher
copying /home/badger/codex-research/superlio-ego-20261007/lio-ready-69b9b75-ws/build/gps_waypoint_dispatcher/build/lib/gps_waypoint_dispatcher/road_rejoin.py -> /home/badger/codex-research/superlio-ego-20261007/lio-ready-69b9b75-ws/install/gps_waypoint_dispatcher/lib/python3.10/site-packages/gps_waypoint_dispatcher
copying /home/badger/codex-research/superlio-ego-20261007/lio-ready-69b9b75-ws/build/gps_waypoint_dispatcher/build/lib/gps_waypoint_dispatcher/goal_manager_node.py -> /home/badger/codex-research/superlio-ego-20261007/lio-ready-69b9b75-ws/install/gps_waypoint_dispatcher/lib/python3.10/site-packages/gps_waypoint_dispatcher
copying /home/badger/codex-research/superlio-ego-20261007/lio-ready-69b9b75-ws/build/gps_waypoint_dispatcher/build/lib/gps_waypoint_dispatcher/dispatcher_node.py -> /home/badger/codex-research/superlio-ego-20261007/lio-ready-69b9b75-ws/install/gps_waypoint_dispatcher/lib/python3.10/site-packages/gps_waypoint_dispatcher
copying /home/badger/codex-research/superlio-ego-20261007/lio-ready-69b9b75-ws/build/gps_waypoint_dispatcher/build/lib/gps_waypoint_dispatcher/goto_latlon.py -> /home/badger/codex-research/superlio-ego-20261007/lio-ready-69b9b75-ws/install/gps_waypoint_dispatcher/lib/python3.10/site-packages/gps_waypoint_dispatcher
copying /home/badger/codex-research/superlio-ego-20261007/lio-ready-69b9b75-ws/build/gps_waypoint_dispatcher/build/lib/gps_waypoint_dispatcher/__init__.py -> /home/badger/codex-research/superlio-ego-20261007/lio-ready-69b9b75-ws/install/gps_waypoint_dispatcher/lib/python3.10/site-packages/gps_waypoint_dispatcher
copying /home/badger/codex-research/superlio-ego-20261007/lio-ready-69b9b75-ws/build/gps_waypoint_dispatcher/build/lib/gps_waypoint_dispatcher/rtk_map_odom_corrector_node.py -> /home/badger/codex-research/superlio-ego-20261007/lio-ready-69b9b75-ws/install/gps_waypoint_dispatcher/lib/python3.10/site-packages/gps_waypoint_dispatcher
copying /home/badger/codex-research/superlio-ego-20261007/lio-ready-69b9b75-ws/build/gps_waypoint_dispatcher/build/lib/gps_waypoint_dispatcher/gps_corridor_runner_node.py -> /home/badger/codex-research/superlio-ego-20261007/lio-ready-69b9b75-ws/install/gps_waypoint_dispatcher/lib/python3.10/site-packages/gps_waypoint_dispatcher
copying /home/badger/codex-research/superlio-ego-20261007/lio-ready-69b9b75-ws/build/gps_waypoint_dispatcher/build/lib/gps_waypoint_dispatcher/nav2_lifecycle_ready.py -> /home/badger/codex-research/superlio-ego-20261007/lio-ready-69b9b75-ws/install/gps_waypoint_dispatcher/lib/python3.10/site-packages/gps_waypoint_dispatcher
copying /home/badger/codex-research/superlio-ego-20261007/lio-ready-69b9b75-ws/build/gps_waypoint_dispatcher/build/lib/gps_waypoint_dispatcher/corridor_cmd_vel_guard_node.py -> /home/badger/codex-research/superlio-ego-20261007/lio-ready-69b9b75-ws/install/gps_waypoint_dispatcher/lib/python3.10/site-packages/gps_waypoint_dispatcher
copying /home/badger/codex-research/superlio-ego-20261007/lio-ready-69b9b75-ws/build/gps_waypoint_dispatcher/build/lib/gps_waypoint_dispatcher/rtk_authority.py -> /home/badger/codex-research/superlio-ego-20261007/lio-ready-69b9b75-ws/install/gps_waypoint_dispatcher/lib/python3.10/site-packages/gps_waypoint_dispatcher
copying /home/badger/codex-research/superlio-ego-20261007/lio-ready-69b9b75-ws/build/gps_waypoint_dispatcher/build/lib/gps_waypoint_dispatcher/route_graph_planner.py -> /home/badger/codex-research/superlio-ego-20261007/lio-ready-69b9b75-ws/install/gps_waypoint_dispatcher/lib/python3.10/site-packages/gps_waypoint_dispatcher
copying /home/badger/codex-research/superlio-ego-20261007/lio-ready-69b9b75-ws/build/gps_waypoint_dispatcher/build/lib/gps_waypoint_dispatcher/route_safety.py -> /home/badger/codex-research/superlio-ego-20261007/lio-ready-69b9b75-ws/install/gps_waypoint_dispatcher/lib/python3.10/site-packages/gps_waypoint_dispatcher
copying /home/badger/codex-research/superlio-ego-20261007/lio-ready-69b9b75-ws/build/gps_waypoint_dispatcher/build/lib/gps_waypoint_dispatcher/gps_route_runner_node.py -> /home/badger/codex-research/superlio-ego-20261007/lio-ready-69b9b75-ws/install/gps_waypoint_dispatcher/lib/python3.10/site-packages/gps_waypoint_dispatcher
copying /home/badger/codex-research/superlio-ego-20261007/lio-ready-69b9b75-ws/build/gps_waypoint_dispatcher/build/lib/gps_waypoint_dispatcher/stop.py -> /home/badger/codex-research/superlio-ego-20261007/lio-ready-69b9b75-ws/install/gps_waypoint_dispatcher/lib/python3.10/site-packages/gps_waypoint_dispatcher
copying /home/badger/codex-research/superlio-ego-20261007/lio-ready-69b9b75-ws/build/gps_waypoint_dispatcher/build/lib/gps_waypoint_dispatcher/corridor_quality.py -> /home/badger/codex-research/superlio-ego-20261007/lio-ready-69b9b75-ws/install/gps_waypoint_dispatcher/lib/python3.10/site-packages/gps_waypoint_dispatcher
byte-compiling /home/badger/codex-research/superlio-ego-20261007/lio-ready-69b9b75-ws/install/gps_waypoint_dispatcher/lib/python3.10/site-packages/gps_waypoint_dispatcher/list_destinations.py to list_destinations.cpython-310.pyc
byte-compiling /home/badger/codex-research/superlio-ego-20261007/lio-ready-69b9b75-ws/install/gps_waypoint_dispatcher/lib/python3.10/site-packages/gps_waypoint_dispatcher/alignment_math.py to alignment_math.cpython-310.pyc
byte-compiling /home/badger/codex-research/superlio-ego-20261007/lio-ready-69b9b75-ws/install/gps_waypoint_dispatcher/lib/python3.10/site-packages/gps_waypoint_dispatcher/scene_runtime.py to scene_runtime.cpython-310.pyc
byte-compiling /home/badger/codex-research/superlio-ego-20261007/lio-ready-69b9b75-ws/install/gps_waypoint_dispatcher/lib/python3.10/site-packages/gps_waypoint_dispatcher/corridor_cmd_guard.py to corridor_cmd_guard.cpython-310.pyc
byte-compiling /home/badger/codex-research/superlio-ego-20261007/lio-ready-69b9b75-ws/install/gps_waypoint_dispatcher/lib/python3.10/site-packages/gps_waypoint_dispatcher/goto_name.py to goto_name.cpython-310.pyc
byte-compiling /home/badger/codex-research/superlio-ego-20261007/lio-ready-69b9b75-ws/install/gps_waypoint_dispatcher/lib/python3.10/site-packages/gps_waypoint_dispatcher/gps_global_aligner_node.py to gps_global_aligner_node.cpython-310.pyc
byte-compiling /home/badger/codex-research/superlio-ego-20261007/lio-ready-69b9b75-ws/install/gps_waypoint_dispatcher/lib/python3.10/site-packages/gps_waypoint_dispatcher/road_rejoin.py to road_rejoin.cpython-310.pyc
byte-compiling /home/badger/codex-research/superlio-ego-20261007/lio-ready-69b9b75-ws/install/gps_waypoint_dispatcher/lib/python3.10/site-packages/gps_waypoint_dispatcher/goal_manager_node.py to goal_manager_node.cpython-310.pyc
byte-compiling /home/badger/codex-research/superlio-ego-20261007/lio-ready-69b9b75-ws/install/gps_waypoint_dispatcher/lib/python3.10/site-packages/gps_waypoint_dispatcher/dispatcher_node.py to dispatcher_node.cpython-310.pyc
byte-compiling /home/badger/codex-research/superlio-ego-20261007/lio-ready-69b9b75-ws/install/gps_waypoint_dispatcher/lib/python3.10/site-packages/gps_waypoint_dispatcher/goto_latlon.py to goto_latlon.cpython-310.pyc
byte-compiling /home/badger/codex-research/superlio-ego-20261007/lio-ready-69b9b75-ws/install/gps_waypoint_dispatcher/lib/python3.10/site-packages/gps_waypoint_dispatcher/__init__.py to __init__.cpython-310.pyc
byte-compiling /home/badger/codex-research/superlio-ego-20261007/lio-ready-69b9b75-ws/install/gps_waypoint_dispatcher/lib/python3.10/site-packages/gps_waypoint_dispatcher/rtk_map_odom_corrector_node.py to rtk_map_odom_corrector_node.cpython-310.pyc
byte-compiling /home/badger/codex-research/superlio-ego-20261007/lio-ready-69b9b75-ws/install/gps_waypoint_dispatcher/lib/python3.10/site-packages/gps_waypoint_dispatcher/gps_corridor_runner_node.py to gps_corridor_runner_node.cpython-310.pyc
byte-compiling /home/badger/codex-research/superlio-ego-20261007/lio-ready-69b9b75-ws/install/gps_waypoint_dispatcher/lib/python3.10/site-packages/gps_waypoint_dispatcher/nav2_lifecycle_ready.py to nav2_lifecycle_ready.cpython-310.pyc
byte-compiling /home/badger/codex-research/superlio-ego-20261007/lio-ready-69b9b75-ws/install/gps_waypoint_dispatcher/lib/python3.10/site-packages/gps_waypoint_dispatcher/corridor_cmd_vel_guard_node.py to corridor_cmd_vel_guard_node.cpython-310.pyc
byte-compiling /home/badger/codex-research/superlio-ego-20261007/lio-ready-69b9b75-ws/install/gps_waypoint_dispatcher/lib/python3.10/site-packages/gps_waypoint_dispatcher/rtk_authority.py to rtk_authority.cpython-310.pyc
byte-compiling /home/badger/codex-research/superlio-ego-20261007/lio-ready-69b9b75-ws/install/gps_waypoint_dispatcher/lib/python3.10/site-packages/gps_waypoint_dispatcher/route_graph_planner.py to route_graph_planner.cpython-310.pyc
byte-compiling /home/badger/codex-research/superlio-ego-20261007/lio-ready-69b9b75-ws/install/gps_waypoint_dispatcher/lib/python3.10/site-packages/gps_waypoint_dispatcher/route_safety.py to route_safety.cpython-310.pyc
byte-compiling /home/badger/codex-research/superlio-ego-20261007/lio-ready-69b9b75-ws/install/gps_waypoint_dispatcher/lib/python3.10/site-packages/gps_waypoint_dispatcher/gps_route_runner_node.py to gps_route_runner_node.cpython-310.pyc
byte-compiling /home/badger/codex-research/superlio-ego-20261007/lio-ready-69b9b75-ws/install/gps_waypoint_dispatcher/lib/python3.10/site-packages/gps_waypoint_dispatcher/stop.py to stop.cpython-310.pyc
byte-compiling /home/badger/codex-research/superlio-ego-20261007/lio-ready-69b9b75-ws/install/gps_waypoint_dispatcher/lib/python3.10/site-packages/gps_waypoint_dispatcher/corridor_quality.py to corridor_quality.cpython-310.pyc
running install_data
creating /home/badger/codex-research/superlio-ego-20261007/lio-ready-69b9b75-ws/install/gps_waypoint_dispatcher/share/ament_index
creating /home/badger/codex-research/superlio-ego-20261007/lio-ready-69b9b75-ws/install/gps_waypoint_dispatcher/share/ament_index/resource_index
creating /home/badger/codex-research/superlio-ego-20261007/lio-ready-69b9b75-ws/install/gps_waypoint_dispatcher/share/ament_index/resource_index/packages
copying resource/gps_waypoint_dispatcher -> /home/badger/codex-research/superlio-ego-20261007/lio-ready-69b9b75-ws/install/gps_waypoint_dispatcher/share/ament_index/resource_index/packages
copying package.xml -> /home/badger/codex-research/superlio-ego-20261007/lio-ready-69b9b75-ws/install/gps_waypoint_dispatcher/share/gps_waypoint_dispatcher
creating /home/badger/codex-research/superlio-ego-20261007/lio-ready-69b9b75-ws/install/gps_waypoint_dispatcher/share/gps_waypoint_dispatcher/config
copying config/campus_road_network.yaml -> /home/badger/codex-research/superlio-ego-20261007/lio-ready-69b9b75-ws/install/gps_waypoint_dispatcher/share/gps_waypoint_dispatcher/config
running install_egg_info
Copying ../../../../lio-ready-69b9b75-ws/build/gps_waypoint_dispatcher/gps_waypoint_dispatcher.egg-info to /home/badger/codex-research/superlio-ego-20261007/lio-ready-69b9b75-ws/install/gps_waypoint_dispatcher/lib/python3.10/site-packages/gps_waypoint_dispatcher-1.0.0-py3.10.egg-info
running install_scripts
Installing corridor_cmd_vel_guard_node script to /home/badger/codex-research/superlio-ego-20261007/lio-ready-69b9b75-ws/install/gps_waypoint_dispatcher/lib/gps_waypoint_dispatcher
Installing dispatcher_node script to /home/badger/codex-research/superlio-ego-20261007/lio-ready-69b9b75-ws/install/gps_waypoint_dispatcher/lib/gps_waypoint_dispatcher
Installing goal_manager_node script to /home/badger/codex-research/superlio-ego-20261007/lio-ready-69b9b75-ws/install/gps_waypoint_dispatcher/lib/gps_waypoint_dispatcher
Installing goto_latlon script to /home/badger/codex-research/superlio-ego-20261007/lio-ready-69b9b75-ws/install/gps_waypoint_dispatcher/lib/gps_waypoint_dispatcher
Installing goto_name script to /home/badger/codex-research/superlio-ego-20261007/lio-ready-69b9b75-ws/install/gps_waypoint_dispatcher/lib/gps_waypoint_dispatcher
Installing gps_corridor_runner_node script to /home/badger/codex-research/superlio-ego-20261007/lio-ready-69b9b75-ws/install/gps_waypoint_dispatcher/lib/gps_waypoint_dispatcher
Installing gps_global_aligner_node script to /home/badger/codex-research/superlio-ego-20261007/lio-ready-69b9b75-ws/install/gps_waypoint_dispatcher/lib/gps_waypoint_dispatcher
Installing gps_route_runner_node script to /home/badger/codex-research/superlio-ego-20261007/lio-ready-69b9b75-ws/install/gps_waypoint_dispatcher/lib/gps_waypoint_dispatcher
Installing list_destinations script to /home/badger/codex-research/superlio-ego-20261007/lio-ready-69b9b75-ws/install/gps_waypoint_dispatcher/lib/gps_waypoint_dispatcher
Installing rtk_map_odom_corrector_node script to /home/badger/codex-research/superlio-ego-20261007/lio-ready-69b9b75-ws/install/gps_waypoint_dispatcher/lib/gps_waypoint_dispatcher
Installing stop script to /home/badger/codex-research/superlio-ego-20261007/lio-ready-69b9b75-ws/install/gps_waypoint_dispatcher/lib/gps_waypoint_dispatcher
writing list of installed files to '/home/badger/codex-research/superlio-ego-20261007/lio-ready-69b9b75-ws/build/gps_waypoint_dispatcher/install.log'
Finished <<< gps_waypoint_dispatcher [0.50s]
Starting >>> super_lio_vehicle_adapter
running egg_info
creating ../../../lio-ready-69b9b75-ws/build/super_lio_vehicle_adapter/super_lio_vehicle_adapter.egg-info
writing ../../../lio-ready-69b9b75-ws/build/super_lio_vehicle_adapter/super_lio_vehicle_adapter.egg-info/PKG-INFO
writing dependency_links to ../../../lio-ready-69b9b75-ws/build/super_lio_vehicle_adapter/super_lio_vehicle_adapter.egg-info/dependency_links.txt
writing entry points to ../../../lio-ready-69b9b75-ws/build/super_lio_vehicle_adapter/super_lio_vehicle_adapter.egg-info/entry_points.txt
writing requirements to ../../../lio-ready-69b9b75-ws/build/super_lio_vehicle_adapter/super_lio_vehicle_adapter.egg-info/requires.txt
writing top-level names to ../../../lio-ready-69b9b75-ws/build/super_lio_vehicle_adapter/super_lio_vehicle_adapter.egg-info/top_level.txt
writing manifest file '../../../lio-ready-69b9b75-ws/build/super_lio_vehicle_adapter/super_lio_vehicle_adapter.egg-info/SOURCES.txt'
reading manifest file '../../../lio-ready-69b9b75-ws/build/super_lio_vehicle_adapter/super_lio_vehicle_adapter.egg-info/SOURCES.txt'
writing manifest file '../../../lio-ready-69b9b75-ws/build/super_lio_vehicle_adapter/super_lio_vehicle_adapter.egg-info/SOURCES.txt'
running build
running build_py
creating /home/badger/codex-research/superlio-ego-20261007/lio-ready-69b9b75-ws/build/super_lio_vehicle_adapter/build
creating /home/badger/codex-research/superlio-ego-20261007/lio-ready-69b9b75-ws/build/super_lio_vehicle_adapter/build/lib
creating /home/badger/codex-research/superlio-ego-20261007/lio-ready-69b9b75-ws/build/super_lio_vehicle_adapter/build/lib/super_lio_vehicle_adapter
copying super_lio_vehicle_adapter/__init__.py -> /home/badger/codex-research/superlio-ego-20261007/lio-ready-69b9b75-ws/build/super_lio_vehicle_adapter/build/lib/super_lio_vehicle_adapter
copying super_lio_vehicle_adapter/cloud_frame_node.py -> /home/badger/codex-research/superlio-ego-20261007/lio-ready-69b9b75-ws/build/super_lio_vehicle_adapter/build/lib/super_lio_vehicle_adapter
copying super_lio_vehicle_adapter/adapter_node.py -> /home/badger/codex-research/superlio-ego-20261007/lio-ready-69b9b75-ws/build/super_lio_vehicle_adapter/build/lib/super_lio_vehicle_adapter
running install
running install_lib
creating /home/badger/codex-research/superlio-ego-20261007/lio-ready-69b9b75-ws/install/super_lio_vehicle_adapter/lib/python3.10/site-packages/super_lio_vehicle_adapter
copying /home/badger/codex-research/superlio-ego-20261007/lio-ready-69b9b75-ws/build/super_lio_vehicle_adapter/build/lib/super_lio_vehicle_adapter/__init__.py -> /home/badger/codex-research/superlio-ego-20261007/lio-ready-69b9b75-ws/install/super_lio_vehicle_adapter/lib/python3.10/site-packages/super_lio_vehicle_adapter
copying /home/badger/codex-research/superlio-ego-20261007/lio-ready-69b9b75-ws/build/super_lio_vehicle_adapter/build/lib/super_lio_vehicle_adapter/cloud_frame_node.py -> /home/badger/codex-research/superlio-ego-20261007/lio-ready-69b9b75-ws/install/super_lio_vehicle_adapter/lib/python3.10/site-packages/super_lio_vehicle_adapter
copying /home/badger/codex-research/superlio-ego-20261007/lio-ready-69b9b75-ws/build/super_lio_vehicle_adapter/build/lib/super_lio_vehicle_adapter/adapter_node.py -> /home/badger/codex-research/superlio-ego-20261007/lio-ready-69b9b75-ws/install/super_lio_vehicle_adapter/lib/python3.10/site-packages/super_lio_vehicle_adapter
byte-compiling /home/badger/codex-research/superlio-ego-20261007/lio-ready-69b9b75-ws/install/super_lio_vehicle_adapter/lib/python3.10/site-packages/super_lio_vehicle_adapter/__init__.py to __init__.cpython-310.pyc
byte-compiling /home/badger/codex-research/superlio-ego-20261007/lio-ready-69b9b75-ws/install/super_lio_vehicle_adapter/lib/python3.10/site-packages/super_lio_vehicle_adapter/cloud_frame_node.py to cloud_frame_node.cpython-310.pyc
byte-compiling /home/badger/codex-research/superlio-ego-20261007/lio-ready-69b9b75-ws/install/super_lio_vehicle_adapter/lib/python3.10/site-packages/super_lio_vehicle_adapter/adapter_node.py to adapter_node.cpython-310.pyc
running install_data
creating /home/badger/codex-research/superlio-ego-20261007/lio-ready-69b9b75-ws/install/super_lio_vehicle_adapter/share/ament_index
creating /home/badger/codex-research/superlio-ego-20261007/lio-ready-69b9b75-ws/install/super_lio_vehicle_adapter/share/ament_index/resource_index
creating /home/badger/codex-research/superlio-ego-20261007/lio-ready-69b9b75-ws/install/super_lio_vehicle_adapter/share/ament_index/resource_index/packages
copying resource/super_lio_vehicle_adapter -> /home/badger/codex-research/superlio-ego-20261007/lio-ready-69b9b75-ws/install/super_lio_vehicle_adapter/share/ament_index/resource_index/packages
copying package.xml -> /home/badger/codex-research/superlio-ego-20261007/lio-ready-69b9b75-ws/install/super_lio_vehicle_adapter/share/super_lio_vehicle_adapter
running install_egg_info
Copying ../../../lio-ready-69b9b75-ws/build/super_lio_vehicle_adapter/super_lio_vehicle_adapter.egg-info to /home/badger/codex-research/superlio-ego-20261007/lio-ready-69b9b75-ws/install/super_lio_vehicle_adapter/lib/python3.10/site-packages/super_lio_vehicle_adapter-0.1.0-py3.10.egg-info
running install_scripts
Installing super_lio_cloud_frame_adapter script to /home/badger/codex-research/superlio-ego-20261007/lio-ready-69b9b75-ws/install/super_lio_vehicle_adapter/lib/super_lio_vehicle_adapter
Installing super_lio_vehicle_adapter script to /home/badger/codex-research/superlio-ego-20261007/lio-ready-69b9b75-ws/install/super_lio_vehicle_adapter/lib/super_lio_vehicle_adapter
writing list of installed files to '/home/badger/codex-research/superlio-ego-20261007/lio-ready-69b9b75-ws/build/super_lio_vehicle_adapter/install.log'
Finished <<< super_lio_vehicle_adapter [0.47s]
Starting >>> ego_planner
-- The C compiler identification is GNU 11.4.0
-- The CXX compiler identification is GNU 11.4.0
-- Detecting C compiler ABI info
-- Detecting C compiler ABI info - done
-- Check for working C compiler: /usr/bin/cc - skipped
-- Detecting C compile features
-- Detecting C compile features - done
-- Detecting CXX compiler ABI info
-- Detecting CXX compiler ABI info - done
-- Check for working CXX compiler: /usr/bin/c++ - skipped
-- Detecting CXX compile features
-- Detecting CXX compile features - done
-- Found ament_cmake: 1.3.12 (/opt/ros/humble/share/ament_cmake/cmake)
-- Found Python3: /usr/bin/python3 (found version "3.10.12") found components: Interpreter 
-- Found rclcpp: 16.0.17 (/opt/ros/humble/share/rclcpp/cmake)
-- Found rosidl_generator_c: 3.1.8 (/opt/ros/humble/share/rosidl_generator_c/cmake)
-- Found rosidl_adapter: 3.1.8 (/opt/ros/humble/share/rosidl_adapter/cmake)
-- Found rosidl_generator_cpp: 3.1.8 (/opt/ros/humble/share/rosidl_generator_cpp/cmake)
-- Using all available rosidl_typesupport_c: rosidl_typesupport_fastrtps_c;rosidl_typesupport_introspection_c
-- Using all available rosidl_typesupport_cpp: rosidl_typesupport_fastrtps_cpp;rosidl_typesupport_introspection_cpp
-- Found rmw_implementation_cmake: 6.1.2 (/opt/ros/humble/share/rmw_implementation_cmake/cmake)
-- Found rmw_fastrtps_cpp: 6.2.9 (/opt/ros/humble/share/rmw_fastrtps_cpp/cmake)
-- Found OpenSSL: /usr/lib/x86_64-linux-gnu/libcrypto.so (found version "3.0.2")  
-- Found FastRTPS: /opt/ros/humble/include  
-- Using RMW implementation 'rmw_fastrtps_cpp' as default
-- Looking for pthread.h
-- Looking for pthread.h - found
-- Performing Test CMAKE_HAVE_LIBC_PTHREAD
-- Performing Test CMAKE_HAVE_LIBC_PTHREAD - Success
-- Found Threads: TRUE  
-- Found nav_msgs: 4.9.0 (/opt/ros/humble/share/nav_msgs/cmake)
-- Found research_interfaces: 0.1.0 (/home/badger/codex-research/superlio-ego-20261007/lio-ready-69b9b75-ws/install/research_interfaces/share/research_interfaces/cmake)
-- Found tf2_msgs: 0.25.18 (/opt/ros/humble/share/tf2_msgs/cmake)
-- Found tf2: 0.25.18 (/opt/ros/humble/share/tf2/cmake)
-- Found tf2_ros: 0.25.18 (/opt/ros/humble/share/tf2_ros/cmake)
-- Found sensor_msgs: 4.9.0 (/opt/ros/humble/share/sensor_msgs/cmake)
-- Found Boost: /usr/lib/x86_64-linux-gnu/cmake/Boost-1.74.0/BoostConfig.cmake (found version "1.74.0")  
-- Found visualization_msgs: 4.9.0 (/opt/ros/humble/share/visualization_msgs/cmake)
-- Found rosidl_default_generators: 1.2.0 (/opt/ros/humble/share/rosidl_default_generators/cmake)
statusego_planner
-- 包根目录：/home/badger/codex-research/superlio-ego-20261007/vehicle-lio-ready/src/ego_planner_2d_ros2/src/EgoPlanner-ROS2
-- 检查msg文件：/home/badger/codex-research/superlio-ego-20261007/vehicle-lio-ready/src/ego_planner_2d_ros2/src/EgoPlanner-ROS2/msg/CurrentPose.msg
-- ✅ msg文件存在！
-- Found ament_cmake_ros: 0.10.0 (/opt/ros/humble/share/ament_cmake_ros/cmake)
-- Using all available rosidl_typesupport_c: rosidl_typesupport_fastrtps_c;rosidl_typesupport_introspection_c
-- Using all available rosidl_typesupport_cpp: rosidl_typesupport_fastrtps_cpp;rosidl_typesupport_introspection_cpp
-- Found PythonInterp: /usr/bin/python3 (found suitable version "3.10.12", minimum required is "3.6") 
-- Found python_cmake_module: 0.10.0 (/opt/ros/humble/share/python_cmake_module/cmake)
-- Found PythonLibs: /usr/lib/x86_64-linux-gnu/libpython3.10.so (found suitable version "3.10.12", minimum required is "3.5") 
-- Using PYTHON_EXECUTABLE: /usr/bin/python3
-- Using PYTHON_INCLUDE_DIRS: /usr/include/python3.10
-- Using PYTHON_LIBRARIES: /usr/lib/x86_64-linux-gnu/libpython3.10.so
-- Found PythonExtra: .so  
-- Configuring done
-- Generating done
CMake Warning:
  Manually-specified variables were not used by the project:

    HUMBLE_ROS
    LIVOX_LIDAR_SDK_INCLUDE_DIR
    LIVOX_LIDAR_SDK_LIBRARY
    ROS_EDITION


-- Build files have been written to: /home/badger/codex-research/superlio-ego-20261007/lio-ready-69b9b75-ws/build/ego_planner
[  2%] Generating C++ code for ROS interfaces
[  2%] Built target ego_planner__cpp
[  4%] Generating C++ type support dispatch for ROS interfaces
[  6%] Building CXX object CMakeFiles/ego_planner__rosidl_typesupport_cpp.dir/rosidl_typesupport_cpp/ego_planner/msg/current_pose__type_support.cpp.o
[  8%] Linking CXX shared library libego_planner__rosidl_typesupport_cpp.so
[  8%] Built target ego_planner__rosidl_typesupport_cpp
[ 11%] Generating C code for ROS interfaces
[ 13%] Building C object CMakeFiles/ego_planner__rosidl_generator_c.dir/rosidl_generator_c/ego_planner/msg/detail/current_pose__functions.c.o
[ 15%] Linking C shared library libego_planner__rosidl_generator_c.so
[ 15%] Built target ego_planner__rosidl_generator_c
[ 17%] Generating C type support for eProsima Fast-RTPS
[ 20%] Building CXX object CMakeFiles/ego_planner__rosidl_typesupport_fastrtps_c.dir/rosidl_typesupport_fastrtps_c/ego_planner/msg/detail/current_pose__type_support_c.cpp.o
[ 22%] Linking CXX shared library libego_planner__rosidl_typesupport_fastrtps_c.so
[ 22%] Built target ego_planner__rosidl_typesupport_fastrtps_c
[ 24%] Generating C++ type support for eProsima Fast-RTPS
[ 26%] Building CXX object CMakeFiles/ego_planner__rosidl_typesupport_fastrtps_cpp.dir/rosidl_typesupport_fastrtps_cpp/ego_planner/msg/detail/dds_fastrtps/current_pose__type_support.cpp.o
[ 28%] Linking CXX shared library libego_planner__rosidl_typesupport_fastrtps_cpp.so
[ 28%] Built target ego_planner__rosidl_typesupport_fastrtps_cpp
[ 31%] Generating C introspection for ROS interfaces
[ 33%] Building C object CMakeFiles/ego_planner__rosidl_typesupport_introspection_c.dir/rosidl_typesupport_introspection_c/ego_planner/msg/detail/current_pose__type_support.c.o
[ 35%] Linking C shared library libego_planner__rosidl_typesupport_introspection_c.so
[ 35%] Built target ego_planner__rosidl_typesupport_introspection_c
[ 37%] Generating C type support dispatch for ROS interfaces
[ 40%] Building CXX object CMakeFiles/ego_planner__rosidl_typesupport_c.dir/rosidl_typesupport_c/ego_planner/msg/current_pose__type_support.cpp.o
[ 42%] Linking CXX shared library libego_planner__rosidl_typesupport_c.so
[ 42%] Built target ego_planner__rosidl_typesupport_c
[ 44%] Generating C++ introspection for ROS interfaces
[ 46%] Building CXX object CMakeFiles/ego_planner__rosidl_typesupport_introspection_cpp.dir/rosidl_typesupport_introspection_cpp/ego_planner/msg/detail/current_pose__type_support.cpp.o
[ 48%] Linking CXX shared library libego_planner__rosidl_typesupport_introspection_cpp.so
[ 48%] Built target ego_planner__rosidl_typesupport_introspection_cpp
[ 48%] Built target ego_planner
[ 48%] Built target ament_cmake_python_copy_ego_planner
running egg_info
creating ego_planner.egg-info
writing ego_planner.egg-info/PKG-INFO
writing dependency_links to ego_planner.egg-info/dependency_links.txt
writing top-level names to ego_planner.egg-info/top_level.txt
writing manifest file 'ego_planner.egg-info/SOURCES.txt'
reading manifest file 'ego_planner.egg-info/SOURCES.txt'
writing manifest file 'ego_planner.egg-info/SOURCES.txt'
[ 48%] Built target ament_cmake_python_build_ego_planner_egg
[ 51%] Generating Python code for ROS interfaces
[ 51%] Built target ego_planner__py
[ 53%] Building C object CMakeFiles/ego_planner__rosidl_generator_py.dir/rosidl_generator_py/ego_planner/msg/_current_pose_s.c.o
[ 55%] Linking C shared library rosidl_generator_py/ego_planner/libego_planner__rosidl_generator_py.so
[ 55%] Built target ego_planner__rosidl_generator_py
[ 57%] Building C object CMakeFiles/ego_planner__rosidl_typesupport_fastrtps_c__pyext.dir/rosidl_generator_py/ego_planner/_ego_planner_s.ep.rosidl_typesupport_fastrtps_c.c.o
[ 60%] Linking C shared library rosidl_generator_py/ego_planner/ego_planner_s__rosidl_typesupport_fastrtps_c.cpython-310-x86_64-linux-gnu.so
[ 60%] Built target ego_planner__rosidl_typesupport_fastrtps_c__pyext
[ 62%] Building C object CMakeFiles/ego_planner__rosidl_typesupport_introspection_c__pyext.dir/rosidl_generator_py/ego_planner/_ego_planner_s.ep.rosidl_typesupport_introspection_c.c.o
[ 64%] Linking C shared library rosidl_generator_py/ego_planner/ego_planner_s__rosidl_typesupport_introspection_c.cpython-310-x86_64-linux-gnu.so
[ 64%] Built target ego_planner__rosidl_typesupport_introspection_c__pyext
[ 66%] Building C object CMakeFiles/ego_planner__rosidl_typesupport_c__pyext.dir/rosidl_generator_py/ego_planner/_ego_planner_s.ep.rosidl_typesupport_c.c.o
[ 68%] Linking C shared library rosidl_generator_py/ego_planner/ego_planner_s__rosidl_typesupport_c.cpython-310-x86_64-linux-gnu.so
[ 68%] Built target ego_planner__rosidl_typesupport_c__pyext
[ 71%] Building CXX object planner/GridMap2D/CMakeFiles/local_map.dir/src/grid_map.cpp.o
[ 73%] Linking CXX static library liblocal_map.a
[ 73%] Built target local_map
[ 75%] Building CXX object planner/bspline_opt/CMakeFiles/bspline_opt.dir/src/uniform_bspline.cpp.o
/home/badger/codex-research/superlio-ego-20261007/vehicle-lio-ready/src/ego_planner_2d_ros2/src/EgoPlanner-ROS2/planner/bspline_opt/src/uniform_bspline.cpp: In member function ‘bool ego_planner::UniformBspline::checkFeasibility(double&, bool)’:
/home/badger/codex-research/superlio-ego-20261007/vehicle-lio-ready/src/ego_planner_2d_ros2/src/EgoPlanner-ROS2/planner/bspline_opt/src/uniform_bspline.cpp:141:9: warning: unused variable ‘dimension’ [-Wunused-variable]
  141 |     int dimension = control_points_.rows();
      |         ^~~~~~~~~
/home/badger/codex-research/superlio-ego-20261007/vehicle-lio-ready/src/ego_planner_2d_ros2/src/EgoPlanner-ROS2/planner/bspline_opt/src/uniform_bspline.cpp: In member function ‘void ego_planner::UniformBspline::getMeanAndMaxVel(double&, double&)’:
/home/badger/codex-research/superlio-ego-20261007/vehicle-lio-ready/src/ego_planner_2d_ros2/src/EgoPlanner-ROS2/planner/bspline_opt/src/uniform_bspline.cpp:342:27: warning: ‘tmp’ may be used uninitialized in this function [-Wmaybe-uninitialized]
  342 |     for (double t = tm; t <= tmp; t += 0.01)
      |                         ~~^~~~~~
/home/badger/codex-research/superlio-ego-20261007/vehicle-lio-ready/src/ego_planner_2d_ros2/src/EgoPlanner-ROS2/planner/bspline_opt/src/uniform_bspline.cpp:342:27: warning: ‘tm’ may be used uninitialized in this function [-Wmaybe-uninitialized]
/home/badger/codex-research/superlio-ego-20261007/vehicle-lio-ready/src/ego_planner_2d_ros2/src/EgoPlanner-ROS2/planner/bspline_opt/src/uniform_bspline.cpp: In member function ‘void ego_planner::UniformBspline::getMeanAndMaxAcc(double&, double&)’:
/home/badger/codex-research/superlio-ego-20261007/vehicle-lio-ready/src/ego_planner_2d_ros2/src/EgoPlanner-ROS2/planner/bspline_opt/src/uniform_bspline.cpp:368:27: warning: ‘tmp’ may be used uninitialized in this function [-Wmaybe-uninitialized]
  368 |     for (double t = tm; t <= tmp; t += 0.01)
      |                         ~~^~~~~~
/home/badger/codex-research/superlio-ego-20261007/vehicle-lio-ready/src/ego_planner_2d_ros2/src/EgoPlanner-ROS2/planner/bspline_opt/src/uniform_bspline.cpp:368:27: warning: ‘tm’ may be used uninitialized in this function [-Wmaybe-uninitialized]
In file included from /usr/include/eigen3/Eigen/Core:341,
                 from /usr/include/eigen3/Eigen/Dense:1,
                 from /usr/include/eigen3/Eigen/Eigen:1,
                 from /home/badger/codex-research/superlio-ego-20261007/vehicle-lio-ready/src/ego_planner_2d_ros2/src/EgoPlanner-ROS2/./planner/bspline_opt/include/bspline_opt/uniform_bspline.h:4,
                 from /home/badger/codex-research/superlio-ego-20261007/vehicle-lio-ready/src/ego_planner_2d_ros2/src/EgoPlanner-ROS2/planner/bspline_opt/src/uniform_bspline.cpp:1:
/usr/include/eigen3/Eigen/src/Core/products/TriangularMatrixVector.h: In function ‘static void Eigen::internal::trmv_selector<Mode, 1>::run(const Lhs&, const Rhs&, Dest&, const typename Dest::Scalar&) [with Lhs = Eigen::Transpose<const Eigen::Block<const Eigen::Block<Eigen::Matrix<double, -1, -1>, -1, -1, false>, -1, -1, false> >; Rhs = Eigen::Transpose<const Eigen::CwiseBinaryOp<Eigen::internal::scalar_product_op<double, double>, const Eigen::CwiseNullaryOp<Eigen::internal::scalar_constant_op<double>, const Eigen::Matrix<double, 1, -1> >, const Eigen::Transpose<const Eigen::Block<const Eigen::Block<const Eigen::Block<Eigen::Matrix<double, -1, -1>, -1, -1, false>, -1, 1, true>, -1, 1, false> > > >; Dest = Eigen::Transpose<Eigen::Block<Eigen::Block<Eigen::Matrix<double, -1, -1, 1, -1, -1>, 1, -1, true>, 1, -1, false> >; int Mode = 6]’:
/usr/include/eigen3/Eigen/src/Core/products/TriangularMatrixVector.h:332:12: warning: ‘result’ may be used uninitialized [-Wmaybe-uninitialized]
  327 |     internal::triangular_matrix_vector_product
      |     ~~~~~~~~~~~~~~~~~~~~~~~~~~~~~~~~~~~~~~~~~~
  328 |       <Index,Mode,
      |       ~~~~~~~~~~~~
  329 |        LhsScalar, LhsBlasTraits::NeedToConjugate,
      |        ~~~~~~~~~~~~~~~~~~~~~~~~~~~~~~~~~~~~~~~~~~
  330 |        RhsScalar, RhsBlasTraits::NeedToConjugate,
      |        ~~~~~~~~~~~~~~~~~~~~~~~~~~~~~~~~~~~~~~~~~~
  331 |        RowMajor>
      |        ~~~~~~~~~
  332 |       ::run(actualLhs.rows(),actualLhs.cols(),
      |       ~~~~~^~~~~~~~~~~~~~~~~~~~~~~~~~~~~~~~~~~
  333 |             actualLhs.data(),actualLhs.outerStride(),
      |             ~~~~~~~~~~~~~~~~~~~~~~~~~~~~~~~~~~~~~~~~~
  334 |             actualRhsPtr,1,
      |             ~~~~~~~~~~~~~~~
  335 |             dest.data(),dest.innerStride(),
      |             ~~~~~~~~~~~~~~~~~~~~~~~~~~~~~~~
  336 |             actualAlpha);
      |             ~~~~~~~~~~~~
/usr/include/eigen3/Eigen/src/Core/products/TriangularMatrixVector.h:105:24: note: by argument 5 of type ‘const double*’ to ‘static void Eigen::internal::triangular_matrix_vector_product<Index, Mode, LhsScalar, ConjLhs, RhsScalar, ConjRhs, 1, Version>::run(Index, Index, const LhsScalar*, Index, const RhsScalar*, Index, Eigen::internal::triangular_matrix_vector_product<Index, Mode, LhsScalar, ConjLhs, RhsScalar, ConjRhs, 1, Version>::ResScalar*, Index, const ResScalar&) [with Index = long int; int Mode = 6; LhsScalar = double; bool ConjLhs = false; RhsScalar = double; bool ConjRhs = false; int Version = 0]’ declared here
  105 | EIGEN_DONT_INLINE void triangular_matrix_vector_product<Index,Mode,LhsScalar,ConjLhs,RhsScalar,ConjRhs,RowMajor,Version>
      |                        ^~~~~~~~~~~~~~~~~~~~~~~~~~~~~~~~~~~~~~~~~~~~~~~~~~~~~~~~~~~~~~~~~~~~~~~~~~~~~~~~~~~~~~~~~~~~~~~~~
[ 77%] Building CXX object planner/bspline_opt/CMakeFiles/bspline_opt.dir/src/bspline_optimizer.cpp.o
/home/badger/codex-research/superlio-ego-20261007/vehicle-lio-ready/src/ego_planner_2d_ros2/src/EgoPlanner-ROS2/planner/bspline_opt/src/bspline_optimizer.cpp: In member function ‘std::vector<std::vector<Eigen::Matrix<double, 2, 1> > > ego_planner::BsplineOptimizer::initControlPoints(Eigen::MatrixXd&, bool)’:
/home/badger/codex-research/superlio-ego-20261007/vehicle-lio-ready/src/ego_planner_2d_ros2/src/EgoPlanner-ROS2/planner/bspline_opt/src/bspline_optimizer.cpp:51:16: warning: ‘out_id’ may be used uninitialized in this function [-Wmaybe-uninitialized]
   51 |     int in_id, out_id;
      |                ^~~~~~
/home/badger/codex-research/superlio-ego-20261007/vehicle-lio-ready/src/ego_planner_2d_ros2/src/EgoPlanner-ROS2/planner/bspline_opt/src/bspline_optimizer.cpp:51:9: warning: ‘in_id’ may be used uninitialized in this function [-Wmaybe-uninitialized]
   51 |     int in_id, out_id;
      |         ^~~~~
[ 80%] Building CXX object planner/bspline_opt/CMakeFiles/bspline_opt.dir/src/gradient_descent_optimizer.cpp.o
[ 82%] Linking CXX static library libbspline_opt.a
[ 82%] Built target bspline_opt
[ 84%] Building CXX object planner/path_searching/CMakeFiles/path_searching.dir/src/dyn_a_star.cpp.o
[ 86%] Linking CXX static library libpath_searching.a
[ 86%] Built target path_searching
[ 88%] Building CXX object planner/plan_manage/CMakeFiles/ego_planner_lib.dir/src/planner_interface.cpp.o
In file included from /home/badger/codex-research/superlio-ego-20261007/vehicle-lio-ready/src/ego_planner_2d_ros2/src/EgoPlanner-ROS2/./planner/plan_manage/include/plan_manage/planner_interface.h:16,
                 from /home/badger/codex-research/superlio-ego-20261007/vehicle-lio-ready/src/ego_planner_2d_ros2/src/EgoPlanner-ROS2/planner/plan_manage/src/planner_interface.cpp:3:
/home/badger/codex-research/superlio-ego-20261007/vehicle-lio-ready/src/ego_planner_2d_ros2/src/EgoPlanner-ROS2/./planner/include/Bspline.h: In function ‘std::ostream& ego_planner::operator<<(std::ostream&, const ego_planner::Bspline_<ContainerAllocator>&)’:
/home/badger/codex-research/superlio-ego-20261007/vehicle-lio-ready/src/ego_planner_2d_ros2/src/EgoPlanner-ROS2/./planner/include/Bspline.h:88:1: warning: no return statement in function returning non-void [-Wreturn-type]
   88 | }
      | ^
/home/badger/codex-research/superlio-ego-20261007/vehicle-lio-ready/src/ego_planner_2d_ros2/src/EgoPlanner-ROS2/planner/plan_manage/src/planner_interface.cpp: In member function ‘void ego_planner::PlannerInterface::makePlan()’:
/home/badger/codex-research/superlio-ego-20261007/vehicle-lio-ready/src/ego_planner_2d_ros2/src/EgoPlanner-ROS2/planner/plan_manage/src/planner_interface.cpp:294:52: warning: format ‘%d’ expects argument of type ‘int’, but argument 2 has type ‘std::chrono::duration<long int, std::ratio<1, 1000> >::rep’ {aka ‘long int’} [-Wformat=]
  294 |         printf("MotionPlanner Total Running Time: %d  ms \n", elapsed.count());
      |                                                   ~^          ~~~~~~~~~~~~~~~
      |                                                    |                       |
      |                                                    int                     std::chrono::duration<long int, std::ratio<1, 1000> >::rep {aka long int}
      |                                                   %ld
[ 91%] Linking CXX static library libego_planner_lib.a
[ 91%] Built target ego_planner_lib
[ 93%] Building CXX object CMakeFiles/motion_plan.dir/src/trajectory_publisher.cpp.o
In file included from /home/badger/codex-research/superlio-ego-20261007/vehicle-lio-ready/src/ego_planner_2d_ros2/src/EgoPlanner-ROS2/./planner/plan_manage/include/plan_manage/planner_interface.h:16,
                 from /home/badger/codex-research/superlio-ego-20261007/vehicle-lio-ready/src/ego_planner_2d_ros2/src/EgoPlanner-ROS2/include/trajectory_obstacles_publisher.h:20,
                 from /home/badger/codex-research/superlio-ego-20261007/vehicle-lio-ready/src/ego_planner_2d_ros2/src/EgoPlanner-ROS2/src/trajectory_publisher.cpp:10:
/home/badger/codex-research/superlio-ego-20261007/vehicle-lio-ready/src/ego_planner_2d_ros2/src/EgoPlanner-ROS2/./planner/include/Bspline.h: In function ‘std::ostream& ego_planner::operator<<(std::ostream&, const ego_planner::Bspline_<ContainerAllocator>&)’:
/home/badger/codex-research/superlio-ego-20261007/vehicle-lio-ready/src/ego_planner_2d_ros2/src/EgoPlanner-ROS2/./planner/include/Bspline.h:88:1: warning: no return statement in function returning non-void [-Wreturn-type]
   88 | }
      | ^
[85.861s] ERROR:colcon.colcon_core.event_reactor:Exception in event handler extension 'log': [Errno 28] No space left on device [/home/badger/codex-research/superlio-ego-20261007/lio-ready-69b9b75-ws/log/build_2026-10-08_06-55-01/ego_planner/streams.log]
/home/badger/codex-research/superlio-ego-20261007/vehicle-lio-ready/src/ego_planner_2d_ros2/src/EgoPlanner-ROS2/src/trajectory_publisher.cpp: At global scope:
[85.861s] ERROR:colcon.colcon_core.event_reactor:Exception in event handler extension 'log': [Errno 28] No space left on device [/home/badger/codex-research/superlio-ego-20261007/lio-ready-69b9b75-ws/log/build_2026-10-08_06-55-01/ego_planner/streams.log]
/home/badger/codex-research/superlio-ego-20261007/vehicle-lio-ready/src/ego_planner_2d_ros2/src/EgoPlanner-ROS2/src/trajectory_publisher.cpp:605:1: fatal error: error writing to /tmp/cc1bXWBY.s: No space left on device
[85.861s] ERROR:colcon.colcon_core.event_reactor:Exception in event handler extension 'log': [Errno 28] No space left on device [/home/badger/codex-research/superlio-ego-20261007/lio-ready-69b9b75-ws/log/build_2026-10-08_06-55-01/ego_planner/streams.log]
  605 | }
[85.861s] ERROR:colcon.colcon_core.event_reactor:Exception in event handler extension 'log': [Errno 28] No space left on device [/home/badger/codex-research/superlio-ego-20261007/lio-ready-69b9b75-ws/log/build_2026-10-08_06-55-01/ego_planner/streams.log]
      | ^
[85.861s] ERROR:colcon.colcon_core.event_reactor:Exception in event handler extension 'log': [Errno 28] No space left on device [/home/badger/codex-research/superlio-ego-20261007/lio-ready-69b9b75-ws/log/build_2026-10-08_06-55-01/ego_planner/streams.log]
compilation terminated.
gmake[2]: *** [CMakeFiles/motion_plan.dir/build.make:76: CMakeFiles/motion_plan.dir/src/trajectory_publisher.cpp.o] Error 1
gmake[1]: *** [CMakeFiles/Makefile2:671: CMakeFiles/motion_plan.dir/all] Error 2
gmake: *** [Makefile:146: all] Error 2
--- stderr: ego_planner
statusego_planner
CMake Warning:
  Manually-specified variables were not used by the project:

    HUMBLE_ROS
    LIVOX_LIDAR_SDK_INCLUDE_DIR
    LIVOX_LIDAR_SDK_LIBRARY
    ROS_EDITION


/home/badger/codex-research/superlio-ego-20261007/vehicle-lio-ready/src/ego_planner_2d_ros2/src/EgoPlanner-ROS2/planner/bspline_opt/src/uniform_bspline.cpp: In member function ‘bool ego_planner::UniformBspline::checkFeasibility(double&, bool)’:
/home/badger/codex-research/superlio-ego-20261007/vehicle-lio-ready/src/ego_planner_2d_ros2/src/EgoPlanner-ROS2/planner/bspline_opt/src/uniform_bspline.cpp:141:9: warning: unused variable ‘dimension’ [-Wunused-variable]
  141 |     int dimension = control_points_.rows();
      |         ^~~~~~~~~
/home/badger/codex-research/superlio-ego-20261007/vehicle-lio-ready/src/ego_planner_2d_ros2/src/EgoPlanner-ROS2/planner/bspline_opt/src/uniform_bspline.cpp: In member function ‘void ego_planner::UniformBspline::getMeanAndMaxVel(double&, double&)’:
/home/badger/codex-research/superlio-ego-20261007/vehicle-lio-ready/src/ego_planner_2d_ros2/src/EgoPlanner-ROS2/planner/bspline_opt/src/uniform_bspline.cpp:342:27: warning: ‘tmp’ may be used uninitialized in this function [-Wmaybe-uninitialized]
  342 |     for (double t = tm; t <= tmp; t += 0.01)
      |                         ~~^~~~~~
/home/badger/codex-research/superlio-ego-20261007/vehicle-lio-ready/src/ego_planner_2d_ros2/src/EgoPlanner-ROS2/planner/bspline_opt/src/uniform_bspline.cpp:342:27: warning: ‘tm’ may be used uninitialized in this function [-Wmaybe-uninitialized]
/home/badger/codex-research/superlio-ego-20261007/vehicle-lio-ready/src/ego_planner_2d_ros2/src/EgoPlanner-ROS2/planner/bspline_opt/src/uniform_bspline.cpp: In member function ‘void ego_planner::UniformBspline::getMeanAndMaxAcc(double&, double&)’:
/home/badger/codex-research/superlio-ego-20261007/vehicle-lio-ready/src/ego_planner_2d_ros2/src/EgoPlanner-ROS2/planner/bspline_opt/src/uniform_bspline.cpp:368:27: warning: ‘tmp’ may be used uninitialized in this function [-Wmaybe-uninitialized]
  368 |     for (double t = tm; t <= tmp; t += 0.01)
      |                         ~~^~~~~~
/home/badger/codex-research/superlio-ego-20261007/vehicle-lio-ready/src/ego_planner_2d_ros2/src/EgoPlanner-ROS2/planner/bspline_opt/src/uniform_bspline.cpp:368:27: warning: ‘tm’ may be used uninitialized in this function [-Wmaybe-uninitialized]
In file included from /usr/include/eigen3/Eigen/Core:341,
                 from /usr/include/eigen3/Eigen/Dense:1,
                 from /usr/include/eigen3/Eigen/Eigen:1,
                 from /home/badger/codex-research/superlio-ego-20261007/vehicle-lio-ready/src/ego_planner_2d_ros2/src/EgoPlanner-ROS2/./planner/bspline_opt/include/bspline_opt/uniform_bspline.h:4,
                 from /home/badger/codex-research/superlio-ego-20261007/vehicle-lio-ready/src/ego_planner_2d_ros2/src/EgoPlanner-ROS2/planner/bspline_opt/src/uniform_bspline.cpp:1:
/usr/include/eigen3/Eigen/src/Core/products/TriangularMatrixVector.h: In function ‘static void Eigen::internal::trmv_selector<Mode, 1>::run(const Lhs&, const Rhs&, Dest&, const typename Dest::Scalar&) [with Lhs = Eigen::Transpose<const Eigen::Block<const Eigen::Block<Eigen::Matrix<double, -1, -1>, -1, -1, false>, -1, -1, false> >; Rhs = Eigen::Transpose<const Eigen::CwiseBinaryOp<Eigen::internal::scalar_product_op<double, double>, const Eigen::CwiseNullaryOp<Eigen::internal::scalar_constant_op<double>, const Eigen::Matrix<double, 1, -1> >, const Eigen::Transpose<const Eigen::Block<const Eigen::Block<const Eigen::Block<Eigen::Matrix<double, -1, -1>, -1, -1, false>, -1, 1, true>, -1, 1, false> > > >; Dest = Eigen::Transpose<Eigen::Block<Eigen::Block<Eigen::Matrix<double, -1, -1, 1, -1, -1>, 1, -1, true>, 1, -1, false> >; int Mode = 6]’:
/usr/include/eigen3/Eigen/src/Core/products/TriangularMatrixVector.h:332:12: warning: ‘result’ may be used uninitialized [-Wmaybe-uninitialized]
  327 |     internal::triangular_matrix_vector_product
      |     ~~~~~~~~~~~~~~~~~~~~~~~~~~~~~~~~~~~~~~~~~~
  328 |       <Index,Mode,
      |       ~~~~~~~~~~~~
  329 |        LhsScalar, LhsBlasTraits::NeedToConjugate,
      |        ~~~~~~~~~~~~~~~~~~~~~~~~~~~~~~~~~~~~~~~~~~
  330 |        RhsScalar, RhsBlasTraits::NeedToConjugate,
      |        ~~~~~~~~~~~~~~~~~~~~~~~~~~~~~~~~~~~~~~~~~~
  331 |        RowMajor>
      |        ~~~~~~~~~
  332 |       ::run(actualLhs.rows(),actualLhs.cols(),
      |       ~~~~~^~~~~~~~~~~~~~~~~~~~~~~~~~~~~~~~~~~
  333 |             actualLhs.data(),actualLhs.outerStride(),
      |             ~~~~~~~~~~~~~~~~~~~~~~~~~~~~~~~~~~~~~~~~~
  334 |             actualRhsPtr,1,
      |             ~~~~~~~~~~~~~~~
  335 |             dest.data(),dest.innerStride(),
      |             ~~~~~~~~~~~~~~~~~~~~~~~~~~~~~~~
  336 |             actualAlpha);
      |             ~~~~~~~~~~~~
/usr/include/eigen3/Eigen/src/Core/products/TriangularMatrixVector.h:105:24: note: by argument 5 of type ‘const double*’ to ‘static void Eigen::internal::triangular_matrix_vector_product<Index, Mode, LhsScalar, ConjLhs, RhsScalar, ConjRhs, 1, Version>::run(Index, Index, const LhsScalar*, Index, const RhsScalar*, Index, Eigen::internal::triangular_matrix_vector_product<Index, Mode, LhsScalar, ConjLhs, RhsScalar, ConjRhs, 1, Version>::ResScalar*, Index, const ResScalar&) [with Index = long int; int Mode = 6; LhsScalar = double; bool ConjLhs = false; RhsScalar = double; bool ConjRhs = false; int Version = 0]’ declared here
  105 | EIGEN_DONT_INLINE void triangular_matrix_vector_product<Index,Mode,LhsScalar,ConjLhs,RhsScalar,ConjRhs,RowMajor,Version>
      |                        ^~~~~~~~~~~~~~~~~~~~~~~~~~~~~~~~~~~~~~~~~~~~~~~~~~~~~~~~~~~~~~~~~~~~~~~~~~~~~~~~~~~~~~~~~~~~~~~~~
/home/badger/codex-research/superlio-ego-20261007/vehicle-lio-ready/src/ego_planner_2d_ros2/src/EgoPlanner-ROS2/planner/bspline_opt/src/bspline_optimizer.cpp: In member function ‘std::vector<std::vector<Eigen::Matrix<double, 2, 1> > > ego_planner::BsplineOptimizer::initControlPoints(Eigen::MatrixXd&, bool)’:
/home/badger/codex-research/superlio-ego-20261007/vehicle-lio-ready/src/ego_planner_2d_ros2/src/EgoPlanner-ROS2/planner/bspline_opt/src/bspline_optimizer.cpp:51:16: warning: ‘out_id’ may be used uninitialized in this function [-Wmaybe-uninitialized]
   51 |     int in_id, out_id;
      |                ^~~~~~
/home/badger/codex-research/superlio-ego-20261007/vehicle-lio-ready/src/ego_planner_2d_ros2/src/EgoPlanner-ROS2/planner/bspline_opt/src/bspline_optimizer.cpp:51:9: warning: ‘in_id’ may be used uninitialized in this function [-Wmaybe-uninitialized]
   51 |     int in_id, out_id;
      |         ^~~~~
In file included from /home/badger/codex-research/superlio-ego-20261007/vehicle-lio-ready/src/ego_planner_2d_ros2/src/EgoPlanner-ROS2/./planner/plan_manage/include/plan_manage/planner_interface.h:16,
                 from /home/badger/codex-research/superlio-ego-20261007/vehicle-lio-ready/src/ego_planner_2d_ros2/src/EgoPlanner-ROS2/planner/plan_manage/src/planner_interface.cpp:3:
/home/badger/codex-research/superlio-ego-20261007/vehicle-lio-ready/src/ego_planner_2d_ros2/src/EgoPlanner-ROS2/./planner/include/Bspline.h: In function ‘std::ostream& ego_planner::operator<<(std::ostream&, const ego_planner::Bspline_<ContainerAllocator>&)’:
/home/badger/codex-research/superlio-ego-20261007/vehicle-lio-ready/src/ego_planner_2d_ros2/src/EgoPlanner-ROS2/./planner/include/Bspline.h:88:1: warning: no return statement in function returning non-void [-Wreturn-type]
   88 | }
      | ^
/home/badger/codex-research/superlio-ego-20261007/vehicle-lio-ready/src/ego_planner_2d_ros2/src/EgoPlanner-ROS2/planner/plan_manage/src/planner_interface.cpp: In member function ‘void ego_planner::PlannerInterface::makePlan()’:
/home/badger/codex-research/superlio-ego-20261007/vehicle-lio-ready/src/ego_planner_2d_ros2/src/EgoPlanner-ROS2/planner/plan_manage/src/planner_interface.cpp:294:52: warning: format ‘%d’ expects argument of type ‘int’, but argument 2 has type ‘std::chrono::duration<long int, std::ratio<1, 1000> >::rep’ {aka ‘long int’} [-Wformat=]
  294 |         printf("MotionPlanner Total Running Time: %d  ms \n", elapsed.count());
      |                                                   ~^          ~~~~~~~~~~~~~~~
      |                                                    |                       |
      |                                                    int                     std::chrono::duration<long int, std::ratio<1, 1000> >::rep {aka long int}
      |                                                   %ld
In file included from /home/badger/codex-research/superlio-ego-20261007/vehicle-lio-ready/src/ego_planner_2d_ros2/src/EgoPlanner-ROS2/./planner/plan_manage/include/plan_manage/planner_interface.h:16,
                 from /home/badger/codex-research/superlio-ego-20261007/vehicle-lio-ready/src/ego_planner_2d_ros2/src/EgoPlanner-ROS2/include/trajectory_obstacles_publisher.h:20,
                 from /home/badger/codex-research/superlio-ego-20261007/vehicle-lio-ready/src/ego_planner_2d_ros2/src/EgoPlanner-ROS2/src/trajectory_publisher.cpp:10:
/home/badger/codex-research/superlio-ego-20261007/vehicle-lio-ready/src/ego_planner_2d_ros2/src/EgoPlanner-ROS2/./planner/include/Bspline.h: In function ‘std::ostream& ego_planner::operator<<(std::ostream&, const ego_planner::Bspline_<ContainerAllocator>&)’:
/home/badger/codex-research/superlio-ego-20261007/vehicle-lio-ready/src/ego_planner_2d_ros2/src/EgoPlanner-ROS2/./planner/include/Bspline.h:88:1: warning: no return statement in function returning non-void [-Wreturn-type]
   88 | }
      | ^
/home/badger/codex-research/superlio-ego-20261007/vehicle-lio-ready/src/ego_planner_2d_ros2/src/EgoPlanner-ROS2/src/trajectory_publisher.cpp: At global scope:
/home/badger/codex-research/superlio-ego-20261007/vehicle-lio-ready/src/ego_planner_2d_ros2/src/EgoPlanner-ROS2/src/trajectory_publisher.cpp:605:1: fatal error: error writing to /tmp/cc1bXWBY.s: No space left on device
  605 | }
      | ^
compilation terminated.
gmake[2]: *** [CMakeFiles/motion_plan.dir/build.make:76: CMakeFiles/motion_plan.dir/src/trajectory_publisher.cpp.o] Error 1
gmake[1]: *** [CMakeFiles/Makefile2:671: CMakeFiles/motion_plan.dir/all] Error 2
gmake: *** [Makefile:146: all] Error 2
---
Failed   <<< ego_planner [42.2s, exited with code 2]
[Processing: ego_planner]

Summary: 7 packages finished [1min 26s]
  1 package failed: ego_planner
  5 packages had stderr output: basic ego_planner livox_ros_driver2 research_interfaces serial
  6 packages not processed
