[INFO] [1791450301.332078281] [serial_twistctl_node]: Node 文件运行成功
Error reading log config: bad file: /home/badger/XJTLU-autonomous-vehicle/runtime-data/config/log_switch.yaml
[INFO] [1791450301.332246246] [serial_twistctl_node]: Serial port /dev/pts/0 opened successfully.
[INFO] [1791450301.332689046] [serial_twistctl_node]: serial_twistctl_node node has started and subscribed to topic...
[INFO] [1791450301.716281725] [serial_twistctl_node]: [TWIST_RX] Received Twist message - linear.x=0.000, angular.z=0.000, scaled_angular.z=0.000
[INFO] [1791450301.716337560] [serial_twistctl_node]: [SERIAL_TX] Timestamp: 1791450301716317812, Sending command (1/1): vcx=0.000,wc=0.000
 [19 bytes written]
[INFO] [1791450301.766495182] [serial_twistctl_node]: [TWIST_RX] Received Twist message - linear.x=0.000, angular.z=0.000, scaled_angular.z=0.000
[INFO] [1791450301.766531971] [serial_twistctl_node]: [SERIAL_TX] Timestamp: 1791450301766523367, Sending command (1/1): vcx=0.000,wc=0.000
 [19 bytes written]
[INFO] [1791450301.816510247] [serial_twistctl_node]: [TWIST_RX] Received Twist message - linear.x=0.000, angular.z=0.000, scaled_angular.z=0.000
[INFO] [1791450301.816554180] [serial_twistctl_node]: [SERIAL_TX] Timestamp: 1791450301816543086, Sending command (1/1): vcx=0.000,wc=0.000
 [19 bytes written]
[INFO] [1791450301.866524861] [serial_twistctl_node]: [TWIST_RX] Received Twist message - linear.x=0.000, angular.z=0.000, scaled_angular.z=0.000
[INFO] [1791450301.866562887] [serial_twistctl_node]: [SERIAL_TX] Timestamp: 1791450301866554208, Sending command (1/1): vcx=0.000,wc=0.000
 [19 bytes written]
[INFO] [1791450301.916448722] [serial_twistctl_node]: [TWIST_RX] Received Twist message - linear.x=0.000, angular.z=0.000, scaled_angular.z=0.000
[INFO] [1791450301.916492529] [serial_twistctl_node]: [SERIAL_TX] Timestamp: 1791450301916483037, Sending command (1/1): vcx=0.000,wc=0.000
 [19 bytes written]
[INFO] [1791450301.966539406] [serial_twistctl_node]: [TWIST_RX] Received Twist message - linear.x=0.000, angular.z=0.000, scaled_angular.z=0.000
[INFO] [1791450301.966578603] [serial_twistctl_node]: [SERIAL_TX] Timestamp: 1791450301966570630, Sending command (1/1): vcx=0.000,wc=0.000
 [19 bytes written]
[INFO] [1791450302.016303443] [serial_twistctl_node]: [TWIST_RX] Received Twist message - linear.x=0.000, angular.z=0.000, scaled_angular.z=0.000
[INFO] [1791450302.016348769] [serial_twistctl_node]: [SERIAL_TX] Timestamp: 1791450302016339049, Sending command (1/1): vcx=0.000,wc=0.000
 [19 bytes written]
[INFO] [1791450302.066569914] [serial_twistctl_node]: [TWIST_RX] Received Twist message - linear.x=0.000, angular.z=0.000, scaled_angular.z=0.000
[INFO] [1791450302.066626056] [serial_twistctl_node]: [SERIAL_TX] Timestamp: 1791450302066609703, Sending command (1/1): vcx=0.000,wc=0.000
 [19 bytes written]
[INFO] [1791450302.116541366] [serial_twistctl_node]: [TWIST_RX] Received Twist message - linear.x=0.000, angular.z=0.000, scaled_angular.z=0.000
[INFO] [1791450302.116588930] [serial_twistctl_node]: [SERIAL_TX] Timestamp: 1791450302116578054, Sending command (1/1): vcx=0.000,wc=0.000
 [19 bytes written]
[INFO] [1791450302.166519764] [serial_twistctl_node]: [TWIST_RX] Received Twist message - linear.x=0.000, angular.z=0.000, scaled_angular.z=0.000
[INFO] [1791450302.166558452] [serial_twistctl_node]: [SERIAL_TX] Timestamp: 1791450302166550768, Sending command (1/1): vcx=0.000,wc=0.000
 [19 bytes written]
[INFO] [1791450302.216506892] [serial_twistctl_node]: [TWIST_RX] Received Twist message - linear.x=0.000, angular.z=0.000, scaled_angular.z=0.000
[INFO] [1791450302.216565651] [serial_twistctl_node]: [SERIAL_TX] Timestamp: 1791450302216554615, Sending command (1/1): vcx=0.000,wc=0.000
 [19 bytes written]
[INFO] [1791450302.266545445] [serial_twistctl_node]: [TWIST_RX] Received Twist message - linear.x=0.000, angular.z=0.000, scaled_angular.z=0.000
[INFO] [1791450302.266595292] [serial_twistctl_node]: [SERIAL_TX] Timestamp: 1791450302266585369, Sending command (1/1): vcx=0.000,wc=0.000
 [19 bytes written]
[INFO] [1791450302.316714212] [serial_twistctl_node]: [TWIST_RX] Received Twist message - linear.x=0.000, angular.z=0.000, scaled_angular.z=0.000
[INFO] [1791450302.316779361] [serial_twistctl_node]: [SERIAL_TX] Timestamp: 1791450302316768533, Sending command (1/1): vcx=0.000,wc=0.000
 [19 bytes written]
[INFO] [1791450302.366492341] [serial_twistctl_node]: [TWIST_RX] Received Twist message - linear.x=0.000, angular.z=0.000, scaled_angular.z=0.000
[INFO] [1791450302.366539312] [serial_twistctl_node]: [SERIAL_TX] Timestamp: 1791450302366528502, Sending command (1/1): vcx=0.000,wc=0.000
 [19 bytes written]
[INFO] [1791450302.416477179] [serial_twistctl_node]: [TWIST_RX] Received Twist message - linear.x=0.000, angular.z=0.000, scaled_angular.z=0.000
[INFO] [1791450302.416524930] [serial_twistctl_node]: [SERIAL_TX] Timestamp: 1791450302416513535, Sending command (1/1): vcx=0.000,wc=0.000
 [19 bytes written]
[INFO] [1791450302.466397130] [serial_twistctl_node]: [TWIST_RX] Received Twist message - linear.x=0.000, angular.z=0.000, scaled_angular.z=0.000
[INFO] [1791450302.466440309] [serial_twistctl_node]: [SERIAL_TX] Timestamp: 1791450302466430247, Sending command (1/1): vcx=0.000,wc=0.000
 [19 bytes written]
[INFO] [1791450302.516348863] [serial_twistctl_node]: [TWIST_RX] Received Twist message - linear.x=0.000, angular.z=0.000, scaled_angular.z=0.000
[INFO] [1791450302.516394898] [serial_twistctl_node]: [SERIAL_TX] Timestamp: 1791450302516384020, Sending command (1/1): vcx=0.000,wc=0.000
 [19 bytes written]
[INFO] [1791450302.566503174] [serial_twistctl_node]: [TWIST_RX] Received Twist message - linear.x=0.000, angular.z=0.000, scaled_angular.z=0.000
[INFO] [1791450302.566548610] [serial_twistctl_node]: [SERIAL_TX] Timestamp: 1791450302566538638, Sending command (1/1): vcx=0.000,wc=0.000
 [19 bytes written]
[INFO] [1791450302.616424471] [serial_twistctl_node]: [TWIST_RX] Received Twist message - linear.x=0.000, angular.z=0.000, scaled_angular.z=0.000
[INFO] [1791450302.616468657] [serial_twistctl_node]: [SERIAL_TX] Timestamp: 1791450302616458136, Sending command (1/1): vcx=0.000,wc=0.000
 [19 bytes written]
[INFO] [1791450302.666623783] [serial_twistctl_node]: [TWIST_RX] Received Twist message - linear.x=0.000, angular.z=0.000, scaled_angular.z=0.000
[INFO] [1791450302.666672478] [serial_twistctl_node]: [SERIAL_TX] Timestamp: 1791450302666661367, Sending command (1/1): vcx=0.000,wc=0.000
 [19 bytes written]
[INFO] [1791450302.716410138] [serial_twistctl_node]: [TWIST_RX] Received Twist message - linear.x=0.000, angular.z=0.000, scaled_angular.z=0.000
[INFO] [1791450302.716460472] [serial_twistctl_node]: [SERIAL_TX] Timestamp: 1791450302716449858, Sending command (1/1): vcx=0.000,wc=0.000
 [19 bytes written]
[INFO] [1791450302.766464552] [serial_twistctl_node]: [TWIST_RX] Received Twist message - linear.x=0.000, angular.z=0.000, scaled_angular.z=0.000
[INFO] [1791450302.766510833] [serial_twistctl_node]: [SERIAL_TX] Timestamp: 1791450302766500470, Sending command (1/1): vcx=0.000,wc=0.000
 [19 bytes written]
[INFO] [1791450302.816608166] [serial_twistctl_node]: [TWIST_RX] Received Twist message - linear.x=0.000, angular.z=0.000, scaled_angular.z=0.000
[INFO] [1791450302.816657079] [serial_twistctl_node]: [SERIAL_TX] Timestamp: 1791450302816646488, Sending command (1/1): vcx=0.000,wc=0.000
 [19 bytes written]
[INFO] [1791450302.866823292] [serial_twistctl_node]: [TWIST_RX] Received Twist message - linear.x=0.000, angular.z=0.000, scaled_angular.z=0.000
[INFO] [1791450302.866870467] [serial_twistctl_node]: [SERIAL_TX] Timestamp: 1791450302866860399, Sending command (1/1): vcx=0.000,wc=0.000
 [19 bytes written]
[INFO] [1791450302.916520918] [serial_twistctl_node]: [TWIST_RX] Received Twist message - linear.x=0.000, angular.z=0.000, scaled_angular.z=0.000
[INFO] [1791450302.916565639] [serial_twistctl_node]: [SERIAL_TX] Timestamp: 1791450302916554996, Sending command (1/1): vcx=0.000,wc=0.000
 [19 bytes written]
[INFO] [1791450302.966545582] [serial_twistctl_node]: [TWIST_RX] Received Twist message - linear.x=0.000, angular.z=0.000, scaled_angular.z=0.000
[INFO] [1791450302.966603672] [serial_twistctl_node]: [SERIAL_TX] Timestamp: 1791450302966593183, Sending command (1/1): vcx=0.000,wc=0.000
 [19 bytes written]
[INFO] [1791450303.016483783] [serial_twistctl_node]: [TWIST_RX] Received Twist message - linear.x=0.000, angular.z=0.000, scaled_angular.z=0.000
[INFO] [1791450303.016532723] [serial_twistctl_node]: [SERIAL_TX] Timestamp: 1791450303016521619, Sending command (1/1): vcx=0.000,wc=0.000
 [19 bytes written]
[INFO] [1791450303.066504086] [serial_twistctl_node]: [TWIST_RX] Received Twist message - linear.x=0.000, angular.z=0.000, scaled_angular.z=0.000
[INFO] [1791450303.066548672] [serial_twistctl_node]: [SERIAL_TX] Timestamp: 1791450303066538810, Sending command (1/1): vcx=0.000,wc=0.000
 [19 bytes written]
[INFO] [1791450303.116518591] [serial_twistctl_node]: [TWIST_RX] Received Twist message - linear.x=0.000, angular.z=0.000, scaled_angular.z=0.000
[INFO] [1791450303.116564477] [serial_twistctl_node]: [SERIAL_TX] Timestamp: 1791450303116553330, Sending command (1/1): vcx=0.000,wc=0.000
 [19 bytes written]
[INFO] [1791450303.166593171] [serial_twistctl_node]: [TWIST_RX] Received Twist message - linear.x=0.000, angular.z=0.000, scaled_angular.z=0.000
[INFO] [1791450303.166647348] [serial_twistctl_node]: [SERIAL_TX] Timestamp: 1791450303166636654, Sending command (1/1): vcx=0.000,wc=0.000
 [19 bytes written]
[INFO] [1791450303.216572164] [serial_twistctl_node]: [TWIST_RX] Received Twist message - linear.x=0.000, angular.z=0.000, scaled_angular.z=0.000
[INFO] [1791450303.216637426] [serial_twistctl_node]: [SERIAL_TX] Timestamp: 1791450303216626515, Sending command (1/1): vcx=0.000,wc=0.000
 [19 bytes written]
[INFO] [1791450303.266535835] [serial_twistctl_node]: [TWIST_RX] Received Twist message - linear.x=0.000, angular.z=0.000, scaled_angular.z=0.000
[INFO] [1791450303.266581098] [serial_twistctl_node]: [SERIAL_TX] Timestamp: 1791450303266570912, Sending command (1/1): vcx=0.000,wc=0.000
 [19 bytes written]
[INFO] [1791450303.316548112] [serial_twistctl_node]: [TWIST_RX] Received Twist message - linear.x=0.000, angular.z=0.000, scaled_angular.z=0.000
[INFO] [1791450303.316593859] [serial_twistctl_node]: [SERIAL_TX] Timestamp: 1791450303316583424, Sending command (1/1): vcx=0.000,wc=0.000
 [19 bytes written]
[INFO] [1791450303.366479890] [serial_twistctl_node]: [TWIST_RX] Received Twist message - linear.x=0.000, angular.z=0.000, scaled_angular.z=0.000
[INFO] [1791450303.366523782] [serial_twistctl_node]: [SERIAL_TX] Timestamp: 1791450303366513633, Sending command (1/1): vcx=0.000,wc=0.000
 [19 bytes written]
[INFO] [1791450303.416498960] [serial_twistctl_node]: [TWIST_RX] Received Twist message - linear.x=0.000, angular.z=0.000, scaled_angular.z=0.000
[INFO] [1791450303.416542643] [serial_twistctl_node]: [SERIAL_TX] Timestamp: 1791450303416531974, Sending command (1/1): vcx=0.000,wc=0.000
 [19 bytes written]
[INFO] [1791450303.466504079] [serial_twistctl_node]: [TWIST_RX] Received Twist message - linear.x=0.000, angular.z=0.000, scaled_angular.z=0.000
[INFO] [1791450303.466556111] [serial_twistctl_node]: [SERIAL_TX] Timestamp: 1791450303466546048, Sending command (1/1): vcx=0.000,wc=0.000
 [19 bytes written]
[INFO] [1791450303.516504363] [serial_twistctl_node]: [TWIST_RX] Received Twist message - linear.x=0.000, angular.z=0.000, scaled_angular.z=0.000
[INFO] [1791450303.516547764] [serial_twistctl_node]: [SERIAL_TX] Timestamp: 1791450303516537485, Sending command (1/1): vcx=0.000,wc=0.000
 [19 bytes written]
[INFO] [1791450303.566553422] [serial_twistctl_node]: [TWIST_RX] Received Twist message - linear.x=0.000, angular.z=0.000, scaled_angular.z=0.000
[INFO] [1791450303.566596487] [serial_twistctl_node]: [SERIAL_TX] Timestamp: 1791450303566586989, Sending command (1/1): vcx=0.000,wc=0.000
 [19 bytes written]
[INFO] [1791450303.616358793] [serial_twistctl_node]: [TWIST_RX] Received Twist message - linear.x=0.000, angular.z=0.000, scaled_angular.z=0.000
[INFO] [1791450303.616402474] [serial_twistctl_node]: [SERIAL_TX] Timestamp: 1791450303616392137, Sending command (1/1): vcx=0.000,wc=0.000
 [19 bytes written]
[INFO] [1791450303.666459157] [serial_twistctl_node]: [TWIST_RX] Received Twist message - linear.x=0.000, angular.z=0.000, scaled_angular.z=0.000
[INFO] [1791450303.666512211] [serial_twistctl_node]: [SERIAL_TX] Timestamp: 1791450303666502541, Sending command (1/1): vcx=0.000,wc=0.000
 [19 bytes written]
[INFO] [1791450303.716499167] [serial_twistctl_node]: [TWIST_RX] Received Twist message - linear.x=0.000, angular.z=0.000, scaled_angular.z=0.000
[INFO] [1791450303.716542837] [serial_twistctl_node]: [SERIAL_TX] Timestamp: 1791450303716532899, Sending command (1/1): vcx=0.000,wc=0.000
 [19 bytes written]
[INFO] [1791450303.766540664] [serial_twistctl_node]: [TWIST_RX] Received Twist message - linear.x=0.000, angular.z=0.000, scaled_angular.z=0.000
[INFO] [1791450303.766580926] [serial_twistctl_node]: [SERIAL_TX] Timestamp: 1791450303766571385, Sending command (1/1): vcx=0.000,wc=0.000
 [19 bytes written]
[INFO] [1791450303.816567057] [serial_twistctl_node]: [TWIST_RX] Received Twist message - linear.x=0.000, angular.z=0.000, scaled_angular.z=0.000
[INFO] [1791450303.816618971] [serial_twistctl_node]: [SERIAL_TX] Timestamp: 1791450303816602772, Sending command (1/1): vcx=0.000,wc=0.000
 [19 bytes written]
[INFO] [1791450303.866455177] [serial_twistctl_node]: [TWIST_RX] Received Twist message - linear.x=0.000, angular.z=0.000, scaled_angular.z=0.000
[INFO] [1791450303.866499325] [serial_twistctl_node]: [SERIAL_TX] Timestamp: 1791450303866489776, Sending command (1/1): vcx=0.000,wc=0.000
 [19 bytes written]
[INFO] [1791450303.916542177] [serial_twistctl_node]: [TWIST_RX] Received Twist message - linear.x=0.000, angular.z=0.000, scaled_angular.z=0.000
[INFO] [1791450303.916586715] [serial_twistctl_node]: [SERIAL_TX] Timestamp: 1791450303916576611, Sending command (1/1): vcx=0.000,wc=0.000
 [19 bytes written]
[INFO] [1791450303.966567333] [serial_twistctl_node]: [TWIST_RX] Received Twist message - linear.x=0.000, angular.z=0.000, scaled_angular.z=0.000
[INFO] [1791450303.966610251] [serial_twistctl_node]: [SERIAL_TX] Timestamp: 1791450303966601127, Sending command (1/1): vcx=0.000,wc=0.000
 [19 bytes written]
[INFO] [1791450304.016515518] [serial_twistctl_node]: [TWIST_RX] Received Twist message - linear.x=0.000, angular.z=0.000, scaled_angular.z=0.000
[INFO] [1791450304.016564899] [serial_twistctl_node]: [SERIAL_TX] Timestamp: 1791450304016553862, Sending command (1/1): vcx=0.000,wc=0.000
 [19 bytes written]
[INFO] [1791450304.066414240] [serial_twistctl_node]: [TWIST_RX] Received Twist message - linear.x=0.000, angular.z=0.000, scaled_angular.z=0.000
[INFO] [1791450304.066462921] [serial_twistctl_node]: [SERIAL_TX] Timestamp: 1791450304066452317, Sending command (1/1): vcx=0.000,wc=0.000
 [19 bytes written]
[INFO] [1791450304.116539238] [serial_twistctl_node]: [TWIST_RX] Received Twist message - linear.x=0.000, angular.z=0.000, scaled_angular.z=0.000
[INFO] [1791450304.116582204] [serial_twistctl_node]: [SERIAL_TX] Timestamp: 1791450304116572224, Sending command (1/1): vcx=0.000,wc=0.000
 [19 bytes written]
[INFO] [1791450304.166479788] [serial_twistctl_node]: [TWIST_RX] Received Twist message - linear.x=0.000, angular.z=0.000, scaled_angular.z=0.000
[INFO] [1791450304.166529578] [serial_twistctl_node]: [SERIAL_TX] Timestamp: 1791450304166519601, Sending command (1/1): vcx=0.000,wc=0.000
 [19 bytes written]
[INFO] [1791450304.216541708] [serial_twistctl_node]: [TWIST_RX] Received Twist message - linear.x=0.000, angular.z=0.000, scaled_angular.z=0.000
[INFO] [1791450304.216589479] [serial_twistctl_node]: [SERIAL_TX] Timestamp: 1791450304216577895, Sending command (1/1): vcx=0.000,wc=0.000
 [19 bytes written]
[INFO] [1791450304.266405437] [serial_twistctl_node]: [TWIST_RX] Received Twist message - linear.x=0.000, angular.z=0.000, scaled_angular.z=0.000
[INFO] [1791450304.266454079] [serial_twistctl_node]: [SERIAL_TX] Timestamp: 1791450304266443985, Sending command (1/1): vcx=0.000,wc=0.000
 [19 bytes written]
[INFO] [1791450304.316437967] [serial_twistctl_node]: [TWIST_RX] Received Twist message - linear.x=0.000, angular.z=0.000, scaled_angular.z=0.000
[INFO] [1791450304.316489893] [serial_twistctl_node]: [SERIAL_TX] Timestamp: 1791450304316479266, Sending command (1/1): vcx=0.000,wc=0.000
 [19 bytes written]
[INFO] [1791450304.366392564] [serial_twistctl_node]: [TWIST_RX] Received Twist message - linear.x=0.000, angular.z=0.000, scaled_angular.z=0.000
[INFO] [1791450304.366438881] [serial_twistctl_node]: [SERIAL_TX] Timestamp: 1791450304366428090, Sending command (1/1): vcx=0.000,wc=0.000
 [19 bytes written]
[INFO] [1791450304.416295611] [serial_twistctl_node]: [TWIST_RX] Received Twist message - linear.x=0.000, angular.z=0.000, scaled_angular.z=0.000
[INFO] [1791450304.416345323] [serial_twistctl_node]: [SERIAL_TX] Timestamp: 1791450304416334834, Sending command (1/1): vcx=0.000,wc=0.000
 [19 bytes written]
[INFO] [1791450304.466466136] [serial_twistctl_node]: [TWIST_RX] Received Twist message - linear.x=0.000, angular.z=0.000, scaled_angular.z=0.000
[INFO] [1791450304.466514783] [serial_twistctl_node]: [SERIAL_TX] Timestamp: 1791450304466503332, Sending command (1/1): vcx=0.000,wc=0.000
 [19 bytes written]
[INFO] [1791450304.516519896] [serial_twistctl_node]: [TWIST_RX] Received Twist message - linear.x=0.000, angular.z=0.000, scaled_angular.z=0.000
[INFO] [1791450304.516565830] [serial_twistctl_node]: [SERIAL_TX] Timestamp: 1791450304516555402, Sending command (1/1): vcx=0.000,wc=0.000
 [19 bytes written]
[INFO] [1791450304.566490444] [serial_twistctl_node]: [TWIST_RX] Received Twist message - linear.x=0.000, angular.z=0.000, scaled_angular.z=0.000
[INFO] [1791450304.566537625] [serial_twistctl_node]: [SERIAL_TX] Timestamp: 1791450304566526779, Sending command (1/1): vcx=0.000,wc=0.000
 [19 bytes written]
[INFO] [1791450304.616533674] [serial_twistctl_node]: [TWIST_RX] Received Twist message - linear.x=0.000, angular.z=0.000, scaled_angular.z=0.000
[INFO] [1791450304.616577675] [serial_twistctl_node]: [SERIAL_TX] Timestamp: 1791450304616567625, Sending command (1/1): vcx=0.000,wc=0.000
 [19 bytes written]
[INFO] [1791450304.666602292] [serial_twistctl_node]: [TWIST_RX] Received Twist message - linear.x=0.000, angular.z=0.000, scaled_angular.z=0.000
[INFO] [1791450304.666645864] [serial_twistctl_node]: [SERIAL_TX] Timestamp: 1791450304666635645, Sending command (1/1): vcx=0.000,wc=0.000
 [19 bytes written]
[INFO] [1791450304.716384777] [serial_twistctl_node]: [TWIST_RX] Received Twist message - linear.x=0.000, angular.z=0.000, scaled_angular.z=0.000
[INFO] [1791450304.716442918] [serial_twistctl_node]: [SERIAL_TX] Timestamp: 1791450304716429632, Sending command (1/1): vcx=0.000,wc=0.000
 [19 bytes written]
[INFO] [1791450304.766534966] [serial_twistctl_node]: [TWIST_RX] Received Twist message - linear.x=0.000, angular.z=0.000, scaled_angular.z=0.000
[INFO] [1791450304.766603139] [serial_twistctl_node]: [SERIAL_TX] Timestamp: 1791450304766589398, Sending command (1/1): vcx=0.000,wc=0.000
 [19 bytes written]
[INFO] [1791450304.816515467] [serial_twistctl_node]: [TWIST_RX] Received Twist message - linear.x=0.000, angular.z=0.000, scaled_angular.z=0.000
[INFO] [1791450304.816574876] [serial_twistctl_node]: [SERIAL_TX] Timestamp: 1791450304816561499, Sending command (1/1): vcx=0.000,wc=0.000
 [19 bytes written]
[INFO] [1791450304.866535047] [serial_twistctl_node]: [TWIST_RX] Received Twist message - linear.x=0.000, angular.z=0.000, scaled_angular.z=0.000
[INFO] [1791450304.866596633] [serial_twistctl_node]: [SERIAL_TX] Timestamp: 1791450304866582115, Sending command (1/1): vcx=0.000,wc=0.000
 [19 bytes written]
[INFO] [1791450304.916539748] [serial_twistctl_node]: [TWIST_RX] Received Twist message - linear.x=0.000, angular.z=0.000, scaled_angular.z=0.000
[INFO] [1791450304.916591762] [serial_twistctl_node]: [SERIAL_TX] Timestamp: 1791450304916580210, Sending command (1/1): vcx=0.000,wc=0.000
 [19 bytes written]
[INFO] [1791450304.966556501] [serial_twistctl_node]: [TWIST_RX] Received Twist message - linear.x=0.000, angular.z=0.000, scaled_angular.z=0.000
[INFO] [1791450304.966605696] [serial_twistctl_node]: [SERIAL_TX] Timestamp: 1791450304966594679, Sending command (1/1): vcx=0.000,wc=0.000
 [19 bytes written]
[INFO] [1791450305.016558980] [serial_twistctl_node]: [TWIST_RX] Received Twist message - linear.x=0.000, angular.z=0.000, scaled_angular.z=0.000
[INFO] [1791450305.016612390] [serial_twistctl_node]: [SERIAL_TX] Timestamp: 1791450305016602518, Sending command (1/1): vcx=0.000,wc=0.000
 [19 bytes written]
[INFO] [1791450305.066547849] [serial_twistctl_node]: [TWIST_RX] Received Twist message - linear.x=0.000, angular.z=0.000, scaled_angular.z=0.000
[INFO] [1791450305.066593586] [serial_twistctl_node]: [SERIAL_TX] Timestamp: 1791450305066583390, Sending command (1/1): vcx=0.000,wc=0.000
 [19 bytes written]
[INFO] [1791450305.116286296] [serial_twistctl_node]: [TWIST_RX] Received Twist message - linear.x=0.000, angular.z=0.000, scaled_angular.z=0.000
[INFO] [1791450305.116330398] [serial_twistctl_node]: [SERIAL_TX] Timestamp: 1791450305116320463, Sending command (1/1): vcx=0.000,wc=0.000
 [19 bytes written]
[INFO] [1791450305.166521478] [serial_twistctl_node]: [TWIST_RX] Received Twist message - linear.x=0.000, angular.z=0.000, scaled_angular.z=0.000
[INFO] [1791450305.166564496] [serial_twistctl_node]: [SERIAL_TX] Timestamp: 1791450305166555594, Sending command (1/1): vcx=0.000,wc=0.000
 [19 bytes written]
[INFO] [1791450305.216332727] [serial_twistctl_node]: [TWIST_RX] Received Twist message - linear.x=0.000, angular.z=0.000, scaled_angular.z=0.000
[INFO] [1791450305.216377613] [serial_twistctl_node]: [SERIAL_TX] Timestamp: 1791450305216368668, Sending command (1/1): vcx=0.000,wc=0.000
 [19 bytes written]
[INFO] [1791450305.266580267] [serial_twistctl_node]: [TWIST_RX] Received Twist message - linear.x=0.000, angular.z=0.000, scaled_angular.z=0.000
[INFO] [1791450305.266630554] [serial_twistctl_node]: [SERIAL_TX] Timestamp: 1791450305266620857, Sending command (1/1): vcx=0.000,wc=0.000
 [19 bytes written]
[INFO] [1791450305.316581289] [serial_twistctl_node]: [TWIST_RX] Received Twist message - linear.x=0.000, angular.z=0.000, scaled_angular.z=0.000
[INFO] [1791450305.316623632] [serial_twistctl_node]: [SERIAL_TX] Timestamp: 1791450305316613784, Sending command (1/1): vcx=0.000,wc=0.000
 [19 bytes written]
[INFO] [1791450305.366722268] [serial_twistctl_node]: [TWIST_RX] Received Twist message - linear.x=0.000, angular.z=0.000, scaled_angular.z=0.000
[INFO] [1791450305.366760779] [serial_twistctl_node]: [SERIAL_TX] Timestamp: 1791450305366752243, Sending command (1/1): vcx=0.000,wc=0.000
 [19 bytes written]
[INFO] [1791450305.416526502] [serial_twistctl_node]: [TWIST_RX] Received Twist message - linear.x=0.000, angular.z=0.000, scaled_angular.z=0.000
[INFO] [1791450305.416571263] [serial_twistctl_node]: [SERIAL_TX] Timestamp: 1791450305416561791, Sending command (1/1): vcx=0.000,wc=0.000
 [19 bytes written]
[INFO] [1791450305.466372529] [serial_twistctl_node]: [TWIST_RX] Received Twist message - linear.x=0.000, angular.z=0.000, scaled_angular.z=0.000
[INFO] [1791450305.466415425] [serial_twistctl_node]: [SERIAL_TX] Timestamp: 1791450305466406512, Sending command (1/1): vcx=0.000,wc=0.000
 [19 bytes written]
[INFO] [1791450305.516512964] [serial_twistctl_node]: [TWIST_RX] Received Twist message - linear.x=0.000, angular.z=0.000, scaled_angular.z=0.000
[INFO] [1791450305.516557117] [serial_twistctl_node]: [SERIAL_TX] Timestamp: 1791450305516546725, Sending command (1/1): vcx=0.000,wc=0.000
 [19 bytes written]
[INFO] [1791450305.566501925] [serial_twistctl_node]: [TWIST_RX] Received Twist message - linear.x=0.000, angular.z=0.000, scaled_angular.z=0.000
[INFO] [1791450305.566546665] [serial_twistctl_node]: [SERIAL_TX] Timestamp: 1791450305566536213, Sending command (1/1): vcx=0.000,wc=0.000
 [19 bytes written]
[INFO] [1791450305.616535166] [serial_twistctl_node]: [TWIST_RX] Received Twist message - linear.x=0.000, angular.z=0.000, scaled_angular.z=0.000
[INFO] [1791450305.616582242] [serial_twistctl_node]: [SERIAL_TX] Timestamp: 1791450305616571105, Sending command (1/1): vcx=0.000,wc=0.000
 [19 bytes written]
[INFO] [1791450305.666482754] [serial_twistctl_node]: [TWIST_RX] Received Twist message - linear.x=0.000, angular.z=0.000, scaled_angular.z=0.000
[INFO] [1791450305.666536881] [serial_twistctl_node]: [SERIAL_TX] Timestamp: 1791450305666526844, Sending command (1/1): vcx=0.000,wc=0.000
 [19 bytes written]
[INFO] [1791450305.716506153] [serial_twistctl_node]: [TWIST_RX] Received Twist message - linear.x=0.000, angular.z=0.000, scaled_angular.z=0.000
[INFO] [1791450305.716558602] [serial_twistctl_node]: [SERIAL_TX] Timestamp: 1791450305716549059, Sending command (1/1): vcx=0.000,wc=0.000
 [19 bytes written]
[INFO] [1791450305.766557908] [serial_twistctl_node]: [TWIST_RX] Received Twist message - linear.x=0.000, angular.z=0.000, scaled_angular.z=0.000
[INFO] [1791450305.766603529] [serial_twistctl_node]: [SERIAL_TX] Timestamp: 1791450305766593337, Sending command (1/1): vcx=0.000,wc=0.000
 [19 bytes written]
[INFO] [1791450305.816559213] [serial_twistctl_node]: [TWIST_RX] Received Twist message - linear.x=0.000, angular.z=0.000, scaled_angular.z=0.000
[INFO] [1791450305.816609506] [serial_twistctl_node]: [SERIAL_TX] Timestamp: 1791450305816598538, Sending command (1/1): vcx=0.000,wc=0.000
 [19 bytes written]
[INFO] [1791450305.866620453] [serial_twistctl_node]: [TWIST_RX] Received Twist message - linear.x=0.000, angular.z=0.000, scaled_angular.z=0.000
[INFO] [1791450305.866666114] [serial_twistctl_node]: [SERIAL_TX] Timestamp: 1791450305866655726, Sending command (1/1): vcx=0.000,wc=0.000
 [19 bytes written]
[INFO] [1791450305.916522187] [serial_twistctl_node]: [TWIST_RX] Received Twist message - linear.x=0.000, angular.z=0.000, scaled_angular.z=0.000
[INFO] [1791450305.916574709] [serial_twistctl_node]: [SERIAL_TX] Timestamp: 1791450305916564611, Sending command (1/1): vcx=0.000,wc=0.000
 [19 bytes written]
[INFO] [1791450305.966299576] [serial_twistctl_node]: [TWIST_RX] Received Twist message - linear.x=0.000, angular.z=0.000, scaled_angular.z=0.000
[INFO] [1791450305.966343739] [serial_twistctl_node]: [SERIAL_TX] Timestamp: 1791450305966335615, Sending command (1/1): vcx=0.000,wc=0.000
 [19 bytes written]
[INFO] [1791450306.016549547] [serial_twistctl_node]: [TWIST_RX] Received Twist message - linear.x=0.000, angular.z=0.000, scaled_angular.z=0.000
[INFO] [1791450306.016595899] [serial_twistctl_node]: [SERIAL_TX] Timestamp: 1791450306016586960, Sending command (1/1): vcx=0.000,wc=0.000
 [19 bytes written]
[INFO] [1791450306.066414383] [serial_twistctl_node]: [TWIST_RX] Received Twist message - linear.x=0.000, angular.z=0.000, scaled_angular.z=0.000
[INFO] [1791450306.066462509] [serial_twistctl_node]: [SERIAL_TX] Timestamp: 1791450306066452929, Sending command (1/1): vcx=0.000,wc=0.000
 [19 bytes written]
[INFO] [1791450306.116415315] [serial_twistctl_node]: [TWIST_RX] Received Twist message - linear.x=0.000, angular.z=0.000, scaled_angular.z=0.000
[INFO] [1791450306.116461088] [serial_twistctl_node]: [SERIAL_TX] Timestamp: 1791450306116451276, Sending command (1/1): vcx=0.000,wc=0.000
 [19 bytes written]
[INFO] [1791450306.166332691] [serial_twistctl_node]: [TWIST_RX] Received Twist message - linear.x=0.000, angular.z=0.000, scaled_angular.z=0.000
[INFO] [1791450306.166377444] [serial_twistctl_node]: [SERIAL_TX] Timestamp: 1791450306166367546, Sending command (1/1): vcx=0.000,wc=0.000
 [19 bytes written]
[INFO] [1791450306.216414101] [serial_twistctl_node]: [TWIST_RX] Received Twist message - linear.x=0.000, angular.z=0.000, scaled_angular.z=0.000
[INFO] [1791450306.216461478] [serial_twistctl_node]: [SERIAL_TX] Timestamp: 1791450306216450080, Sending command (1/1): vcx=0.000,wc=0.000
 [19 bytes written]
[INFO] [1791450306.266440702] [serial_twistctl_node]: [TWIST_RX] Received Twist message - linear.x=0.000, angular.z=0.000, scaled_angular.z=0.000
[INFO] [1791450306.266483183] [serial_twistctl_node]: [SERIAL_TX] Timestamp: 1791450306266472927, Sending command (1/1): vcx=0.000,wc=0.000
 [19 bytes written]
[INFO] [1791450306.316400532] [serial_twistctl_node]: [TWIST_RX] Received Twist message - linear.x=0.000, angular.z=0.000, scaled_angular.z=0.000
[INFO] [1791450306.316452121] [serial_twistctl_node]: [SERIAL_TX] Timestamp: 1791450306316441179, Sending command (1/1): vcx=0.000,wc=0.000
 [19 bytes written]
[INFO] [1791450306.366484550] [serial_twistctl_node]: [TWIST_RX] Received Twist message - linear.x=0.000, angular.z=0.000, scaled_angular.z=0.000
[INFO] [1791450306.366527246] [serial_twistctl_node]: [SERIAL_TX] Timestamp: 1791450306366517242, Sending command (1/1): vcx=0.000,wc=0.000
 [19 bytes written]
[INFO] [1791450306.416445867] [serial_twistctl_node]: [TWIST_RX] Received Twist message - linear.x=0.000, angular.z=0.000, scaled_angular.z=0.000
[INFO] [1791450306.416490502] [serial_twistctl_node]: [SERIAL_TX] Timestamp: 1791450306416480170, Sending command (1/1): vcx=0.000,wc=0.000
 [19 bytes written]
[INFO] [1791450306.466385381] [serial_twistctl_node]: [TWIST_RX] Received Twist message - linear.x=0.000, angular.z=0.000, scaled_angular.z=0.000
[INFO] [1791450306.466436786] [serial_twistctl_node]: [SERIAL_TX] Timestamp: 1791450306466425720, Sending command (1/1): vcx=0.000,wc=0.000
 [19 bytes written]
[INFO] [1791450306.516442178] [serial_twistctl_node]: [TWIST_RX] Received Twist message - linear.x=0.000, angular.z=0.000, scaled_angular.z=0.000
[INFO] [1791450306.516487578] [serial_twistctl_node]: [SERIAL_TX] Timestamp: 1791450306516477594, Sending command (1/1): vcx=0.000,wc=0.000
 [19 bytes written]
[INFO] [1791450306.566408443] [serial_twistctl_node]: [TWIST_RX] Received Twist message - linear.x=0.000, angular.z=0.000, scaled_angular.z=0.000
[INFO] [1791450306.566477723] [serial_twistctl_node]: [SERIAL_TX] Timestamp: 1791450306566468776, Sending command (1/1): vcx=0.000,wc=0.000
 [19 bytes written]
[INFO] [1791450306.616302012] [serial_twistctl_node]: [TWIST_RX] Received Twist message - linear.x=0.000, angular.z=0.000, scaled_angular.z=0.000
[INFO] [1791450306.616347889] [serial_twistctl_node]: [SERIAL_TX] Timestamp: 1791450306616337416, Sending command (1/1): vcx=0.000,wc=0.000
 [19 bytes written]
[INFO] [1791450306.666394852] [serial_twistctl_node]: [TWIST_RX] Received Twist message - linear.x=0.000, angular.z=0.000, scaled_angular.z=0.000
[INFO] [1791450306.666437558] [serial_twistctl_node]: [SERIAL_TX] Timestamp: 1791450306666428254, Sending command (1/1): vcx=0.000,wc=0.000
 [19 bytes written]
[INFO] [1791450306.716301199] [serial_twistctl_node]: [TWIST_RX] Received Twist message - linear.x=0.000, angular.z=0.000, scaled_angular.z=0.000
[INFO] [1791450306.716348077] [serial_twistctl_node]: [SERIAL_TX] Timestamp: 1791450306716337904, Sending command (1/1): vcx=0.000,wc=0.000
 [19 bytes written]
[INFO] [1791450306.766575449] [serial_twistctl_node]: [TWIST_RX] Received Twist message - linear.x=0.000, angular.z=0.000, scaled_angular.z=0.000
[INFO] [1791450306.766618328] [serial_twistctl_node]: [SERIAL_TX] Timestamp: 1791450306766609128, Sending command (1/1): vcx=0.000,wc=0.000
 [19 bytes written]
[INFO] [1791450306.816471857] [serial_twistctl_node]: [TWIST_RX] Received Twist message - linear.x=0.000, angular.z=0.000, scaled_angular.z=0.000
[INFO] [1791450306.816517365] [serial_twistctl_node]: [SERIAL_TX] Timestamp: 1791450306816506259, Sending command (1/1): vcx=0.000,wc=0.000
 [19 bytes written]
[INFO] [1791450306.866596416] [serial_twistctl_node]: [TWIST_RX] Received Twist message - linear.x=0.000, angular.z=0.000, scaled_angular.z=0.000
[INFO] [1791450306.866636481] [serial_twistctl_node]: [SERIAL_TX] Timestamp: 1791450306866627789, Sending command (1/1): vcx=0.000,wc=0.000
 [19 bytes written]
[INFO] [1791450306.916382911] [serial_twistctl_node]: [TWIST_RX] Received Twist message - linear.x=0.000, angular.z=0.000, scaled_angular.z=0.000
[INFO] [1791450306.916430341] [serial_twistctl_node]: [SERIAL_TX] Timestamp: 1791450306916418884, Sending command (1/1): vcx=0.000,wc=0.000
 [19 bytes written]
[INFO] [1791450306.966516998] [serial_twistctl_node]: [TWIST_RX] Received Twist message - linear.x=0.000, angular.z=0.000, scaled_angular.z=0.000
[INFO] [1791450306.966561468] [serial_twistctl_node]: [SERIAL_TX] Timestamp: 1791450306966551811, Sending command (1/1): vcx=0.000,wc=0.000
 [19 bytes written]
[INFO] [1791450307.016339381] [serial_twistctl_node]: [TWIST_RX] Received Twist message - linear.x=0.000, angular.z=0.000, scaled_angular.z=0.000
[INFO] [1791450307.016398222] [serial_twistctl_node]: [SERIAL_TX] Timestamp: 1791450307016387603, Sending command (1/1): vcx=0.000,wc=0.000
 [19 bytes written]
[INFO] [1791450307.066448223] [serial_twistctl_node]: [TWIST_RX] Received Twist message - linear.x=0.000, angular.z=0.000, scaled_angular.z=0.000
[INFO] [1791450307.066492881] [serial_twistctl_node]: [SERIAL_TX] Timestamp: 1791450307066483331, Sending command (1/1): vcx=0.000,wc=0.000
 [19 bytes written]
[INFO] [1791450307.116330456] [serial_twistctl_node]: [TWIST_RX] Received Twist message - linear.x=0.000, angular.z=0.000, scaled_angular.z=0.000
[INFO] [1791450307.116377387] [serial_twistctl_node]: [SERIAL_TX] Timestamp: 1791450307116367116, Sending command (1/1): vcx=0.000,wc=0.000
 [19 bytes written]
[INFO] [1791450307.166533814] [serial_twistctl_node]: [TWIST_RX] Received Twist message - linear.x=0.000, angular.z=0.000, scaled_angular.z=0.000
[INFO] [1791450307.166580251] [serial_twistctl_node]: [SERIAL_TX] Timestamp: 1791450307166569422, Sending command (1/1): vcx=0.000,wc=0.000
 [19 bytes written]
[INFO] [1791450307.216540409] [serial_twistctl_node]: [TWIST_RX] Received Twist message - linear.x=0.000, angular.z=0.000, scaled_angular.z=0.000
[INFO] [1791450307.216586629] [serial_twistctl_node]: [SERIAL_TX] Timestamp: 1791450307216576753, Sending command (1/1): vcx=0.000,wc=0.000
 [19 bytes written]
[INFO] [1791450307.266485516] [serial_twistctl_node]: [TWIST_RX] Received Twist message - linear.x=0.000, angular.z=0.000, scaled_angular.z=0.000
[INFO] [1791450307.266531869] [serial_twistctl_node]: [SERIAL_TX] Timestamp: 1791450307266520805, Sending command (1/1): vcx=0.000,wc=0.000
 [19 bytes written]
[INFO] [1791450307.316558177] [serial_twistctl_node]: [TWIST_RX] Received Twist message - linear.x=0.000, angular.z=0.000, scaled_angular.z=0.000
[INFO] [1791450307.316617393] [serial_twistctl_node]: [SERIAL_TX] Timestamp: 1791450307316607087, Sending command (1/1): vcx=0.000,wc=0.000
 [19 bytes written]
[INFO] [1791450307.366519804] [serial_twistctl_node]: [TWIST_RX] Received Twist message - linear.x=0.000, angular.z=0.000, scaled_angular.z=0.000
[INFO] [1791450307.366569044] [serial_twistctl_node]: [SERIAL_TX] Timestamp: 1791450307366558520, Sending command (1/1): vcx=0.000,wc=0.000
 [19 bytes written]
[INFO] [1791450307.416424500] [serial_twistctl_node]: [TWIST_RX] Received Twist message - linear.x=0.000, angular.z=0.000, scaled_angular.z=0.000
[INFO] [1791450307.416470527] [serial_twistctl_node]: [SERIAL_TX] Timestamp: 1791450307416460252, Sending command (1/1): vcx=0.000,wc=0.000
 [19 bytes written]
[INFO] [1791450307.466557411] [serial_twistctl_node]: [TWIST_RX] Received Twist message - linear.x=0.000, angular.z=0.000, scaled_angular.z=0.000
[INFO] [1791450307.466606699] [serial_twistctl_node]: [SERIAL_TX] Timestamp: 1791450307466595160, Sending command (1/1): vcx=0.000,wc=0.000
 [19 bytes written]
[INFO] [1791450307.516482983] [serial_twistctl_node]: [TWIST_RX] Received Twist message - linear.x=0.000, angular.z=0.000, scaled_angular.z=0.000
[INFO] [1791450307.516528691] [serial_twistctl_node]: [SERIAL_TX] Timestamp: 1791450307516518806, Sending command (1/1): vcx=0.000,wc=0.000
 [19 bytes written]
[INFO] [1791450307.566392562] [serial_twistctl_node]: [TWIST_RX] Received Twist message - linear.x=0.000, angular.z=0.000, scaled_angular.z=0.000
[INFO] [1791450307.566436838] [serial_twistctl_node]: [SERIAL_TX] Timestamp: 1791450307566427606, Sending command (1/1): vcx=0.000,wc=0.000
 [19 bytes written]
[INFO] [1791450307.616439877] [serial_twistctl_node]: [TWIST_RX] Received Twist message - linear.x=0.000, angular.z=0.000, scaled_angular.z=0.000
[INFO] [1791450307.616484694] [serial_twistctl_node]: [SERIAL_TX] Timestamp: 1791450307616474342, Sending command (1/1): vcx=0.000,wc=0.000
 [19 bytes written]
[INFO] [1791450307.666478105] [serial_twistctl_node]: [TWIST_RX] Received Twist message - linear.x=0.000, angular.z=0.000, scaled_angular.z=0.000
[INFO] [1791450307.666527266] [serial_twistctl_node]: [SERIAL_TX] Timestamp: 1791450307666518679, Sending command (1/1): vcx=0.000,wc=0.000
 [19 bytes written]
[INFO] [1791450307.716531434] [serial_twistctl_node]: [TWIST_RX] Received Twist message - linear.x=0.000, angular.z=0.000, scaled_angular.z=0.000
[INFO] [1791450307.716579299] [serial_twistctl_node]: [SERIAL_TX] Timestamp: 1791450307716567204, Sending command (1/1): vcx=0.000,wc=0.000
 [19 bytes written]
[INFO] [1791450307.766621754] [serial_twistctl_node]: [TWIST_RX] Received Twist message - linear.x=0.000, angular.z=0.000, scaled_angular.z=0.000
[INFO] [1791450307.766668418] [serial_twistctl_node]: [SERIAL_TX] Timestamp: 1791450307766657748, Sending command (1/1): vcx=0.000,wc=0.000
 [19 bytes written]
[INFO] [1791450307.816607034] [serial_twistctl_node]: [TWIST_RX] Received Twist message - linear.x=0.000, angular.z=0.000, scaled_angular.z=0.000
[INFO] [1791450307.816655513] [serial_twistctl_node]: [SERIAL_TX] Timestamp: 1791450307816644857, Sending command (1/1): vcx=0.000,wc=0.000
 [19 bytes written]
[INFO] [1791450307.866470143] [serial_twistctl_node]: [TWIST_RX] Received Twist message - linear.x=0.000, angular.z=0.000, scaled_angular.z=0.000
[INFO] [1791450307.866515891] [serial_twistctl_node]: [SERIAL_TX] Timestamp: 1791450307866505395, Sending command (1/1): vcx=0.000,wc=0.000
 [19 bytes written]
[INFO] [1791450307.916645555] [serial_twistctl_node]: [TWIST_RX] Received Twist message - linear.x=0.000, angular.z=0.000, scaled_angular.z=0.000
[INFO] [1791450307.916692245] [serial_twistctl_node]: [SERIAL_TX] Timestamp: 1791450307916681942, Sending command (1/1): vcx=0.000,wc=0.000
 [19 bytes written]
[INFO] [1791450307.966522489] [serial_twistctl_node]: [TWIST_RX] Received Twist message - linear.x=0.000, angular.z=0.000, scaled_angular.z=0.000
[INFO] [1791450307.966566664] [serial_twistctl_node]: [SERIAL_TX] Timestamp: 1791450307966556802, Sending command (1/1): vcx=0.000,wc=0.000
 [19 bytes written]
[INFO] [1791450308.016553013] [serial_twistctl_node]: [TWIST_RX] Received Twist message - linear.x=0.000, angular.z=0.000, scaled_angular.z=0.000
[INFO] [1791450308.016608139] [serial_twistctl_node]: [SERIAL_TX] Timestamp: 1791450308016597922, Sending command (1/1): vcx=0.000,wc=0.000
 [19 bytes written]
[INFO] [1791450308.066504337] [serial_twistctl_node]: [TWIST_RX] Received Twist message - linear.x=0.000, angular.z=0.000, scaled_angular.z=0.000
[INFO] [1791450308.066549837] [serial_twistctl_node]: [SERIAL_TX] Timestamp: 1791450308066538983, Sending command (1/1): vcx=0.000,wc=0.000
 [19 bytes written]
[INFO] [1791450308.116413324] [serial_twistctl_node]: [TWIST_RX] Received Twist message - linear.x=0.000, angular.z=0.000, scaled_angular.z=0.000
[INFO] [1791450308.116460895] [serial_twistctl_node]: [SERIAL_TX] Timestamp: 1791450308116450740, Sending command (1/1): vcx=0.000,wc=0.000
 [19 bytes written]
[INFO] [1791450308.166416003] [serial_twistctl_node]: [TWIST_RX] Received Twist message - linear.x=0.000, angular.z=0.000, scaled_angular.z=0.000
[INFO] [1791450308.166463188] [serial_twistctl_node]: [SERIAL_TX] Timestamp: 1791450308166452357, Sending command (1/1): vcx=0.000,wc=0.000
 [19 bytes written]
[INFO] [1791450308.216481153] [serial_twistctl_node]: [TWIST_RX] Received Twist message - linear.x=0.000, angular.z=0.000, scaled_angular.z=0.000
[INFO] [1791450308.216534785] [serial_twistctl_node]: [SERIAL_TX] Timestamp: 1791450308216523303, Sending command (1/1): vcx=0.000,wc=0.000
 [19 bytes written]
[INFO] [1791450308.266479087] [serial_twistctl_node]: [TWIST_RX] Received Twist message - linear.x=0.000, angular.z=0.000, scaled_angular.z=0.000
[INFO] [1791450308.266524166] [serial_twistctl_node]: [SERIAL_TX] Timestamp: 1791450308266513639, Sending command (1/1): vcx=0.000,wc=0.000
 [19 bytes written]
[INFO] [1791450308.316510723] [serial_twistctl_node]: [TWIST_RX] Received Twist message - linear.x=0.000, angular.z=0.000, scaled_angular.z=0.000
[INFO] [1791450308.316565982] [serial_twistctl_node]: [SERIAL_TX] Timestamp: 1791450308316555001, Sending command (1/1): vcx=0.000,wc=0.000
 [19 bytes written]
[INFO] [1791450308.366499554] [serial_twistctl_node]: [TWIST_RX] Received Twist message - linear.x=0.000, angular.z=0.000, scaled_angular.z=0.000
[INFO] [1791450308.366547397] [serial_twistctl_node]: [SERIAL_TX] Timestamp: 1791450308366535833, Sending command (1/1): vcx=0.000,wc=0.000
 [19 bytes written]
[INFO] [1791450308.416397206] [serial_twistctl_node]: [TWIST_RX] Received Twist message - linear.x=0.000, angular.z=0.000, scaled_angular.z=0.000
[INFO] [1791450308.416442359] [serial_twistctl_node]: [SERIAL_TX] Timestamp: 1791450308416431736, Sending command (1/1): vcx=0.000,wc=0.000
 [19 bytes written]
[INFO] [1791450308.466620570] [serial_twistctl_node]: [TWIST_RX] Received Twist message - linear.x=0.000, angular.z=0.000, scaled_angular.z=0.000
[INFO] [1791450308.466664784] [serial_twistctl_node]: [SERIAL_TX] Timestamp: 1791450308466654671, Sending command (1/1): vcx=0.000,wc=0.000
 [19 bytes written]
[INFO] [1791450308.516492686] [serial_twistctl_node]: [TWIST_RX] Received Twist message - linear.x=0.000, angular.z=0.000, scaled_angular.z=0.000
[INFO] [1791450308.516556440] [serial_twistctl_node]: [SERIAL_TX] Timestamp: 1791450308516545547, Sending command (1/1): vcx=0.000,wc=0.000
 [19 bytes written]
[INFO] [1791450308.566563981] [serial_twistctl_node]: [TWIST_RX] Received Twist message - linear.x=0.000, angular.z=0.000, scaled_angular.z=0.000
[INFO] [1791450308.566611454] [serial_twistctl_node]: [SERIAL_TX] Timestamp: 1791450308566601326, Sending command (1/1): vcx=0.000,wc=0.000
 [19 bytes written]
[INFO] [1791450308.616484691] [serial_twistctl_node]: [TWIST_RX] Received Twist message - linear.x=0.000, angular.z=0.000, scaled_angular.z=0.000
[INFO] [1791450308.616567137] [serial_twistctl_node]: [SERIAL_TX] Timestamp: 1791450308616555860, Sending command (1/1): vcx=0.000,wc=0.000
 [19 bytes written]
[INFO] [1791450308.666392168] [serial_twistctl_node]: [TWIST_RX] Received Twist message - linear.x=0.000, angular.z=0.000, scaled_angular.z=0.000
[INFO] [1791450308.666439757] [serial_twistctl_node]: [SERIAL_TX] Timestamp: 1791450308666426422, Sending command (1/1): vcx=0.000,wc=0.000
 [19 bytes written]
[INFO] [1791450308.716338271] [serial_twistctl_node]: [TWIST_RX] Received Twist message - linear.x=0.000, angular.z=0.000, scaled_angular.z=0.000
[INFO] [1791450308.716381936] [serial_twistctl_node]: [SERIAL_TX] Timestamp: 1791450308716371803, Sending command (1/1): vcx=0.000,wc=0.000
 [19 bytes written]
[INFO] [1791450308.766539868] [serial_twistctl_node]: [TWIST_RX] Received Twist message - linear.x=0.000, angular.z=0.000, scaled_angular.z=0.000
[INFO] [1791450308.766583466] [serial_twistctl_node]: [SERIAL_TX] Timestamp: 1791450308766573396, Sending command (1/1): vcx=0.000,wc=0.000
 [19 bytes written]
[INFO] [1791450308.816508884] [serial_twistctl_node]: [TWIST_RX] Received Twist message - linear.x=0.000, angular.z=0.000, scaled_angular.z=0.000
[INFO] [1791450308.816551947] [serial_twistctl_node]: [SERIAL_TX] Timestamp: 1791450308816543116, Sending command (1/1): vcx=0.000,wc=0.000
 [19 bytes written]
[INFO] [1791450308.866388888] [serial_twistctl_node]: [TWIST_RX] Received Twist message - linear.x=0.000, angular.z=0.000, scaled_angular.z=0.000
[INFO] [1791450308.866436299] [serial_twistctl_node]: [SERIAL_TX] Timestamp: 1791450308866425155, Sending command (1/1): vcx=0.000,wc=0.000
 [19 bytes written]
[INFO] [1791450308.916437536] [serial_twistctl_node]: [TWIST_RX] Received Twist message - linear.x=0.000, angular.z=0.000, scaled_angular.z=0.000
[INFO] [1791450308.916479998] [serial_twistctl_node]: [SERIAL_TX] Timestamp: 1791450308916470236, Sending command (1/1): vcx=0.000,wc=0.000
 [19 bytes written]
[INFO] [1791450308.966591448] [serial_twistctl_node]: [TWIST_RX] Received Twist message - linear.x=0.000, angular.z=0.000, scaled_angular.z=0.000
[INFO] [1791450308.966635534] [serial_twistctl_node]: [SERIAL_TX] Timestamp: 1791450308966625713, Sending command (1/1): vcx=0.000,wc=0.000
 [19 bytes written]
[INFO] [1791450309.016524640] [serial_twistctl_node]: [TWIST_RX] Received Twist message - linear.x=0.000, angular.z=0.000, scaled_angular.z=0.000
[INFO] [1791450309.016574204] [serial_twistctl_node]: [SERIAL_TX] Timestamp: 1791450309016563792, Sending command (1/1): vcx=0.000,wc=0.000
 [19 bytes written]
[INFO] [1791450309.066543539] [serial_twistctl_node]: [TWIST_RX] Received Twist message - linear.x=0.000, angular.z=0.000, scaled_angular.z=0.000
[INFO] [1791450309.066585087] [serial_twistctl_node]: [SERIAL_TX] Timestamp: 1791450309066575890, Sending command (1/1): vcx=0.000,wc=0.000
 [19 bytes written]
[INFO] [1791450309.116411669] [serial_twistctl_node]: [TWIST_RX] Received Twist message - linear.x=0.000, angular.z=0.000, scaled_angular.z=0.000
[INFO] [1791450309.116471636] [serial_twistctl_node]: [SERIAL_TX] Timestamp: 1791450309116461348, Sending command (1/1): vcx=0.000,wc=0.000
 [19 bytes written]
[INFO] [1791450309.166441821] [serial_twistctl_node]: [TWIST_RX] Received Twist message - linear.x=0.000, angular.z=0.000, scaled_angular.z=0.000
[INFO] [1791450309.166479866] [serial_twistctl_node]: [SERIAL_TX] Timestamp: 1791450309166470751, Sending command (1/1): vcx=0.000,wc=0.000
 [19 bytes written]
[INFO] [1791450309.216522964] [serial_twistctl_node]: [TWIST_RX] Received Twist message - linear.x=0.000, angular.z=0.000, scaled_angular.z=0.000
[INFO] [1791450309.216568948] [serial_twistctl_node]: [SERIAL_TX] Timestamp: 1791450309216558408, Sending command (1/1): vcx=0.000,wc=0.000
 [19 bytes written]
[INFO] [1791450309.266554392] [serial_twistctl_node]: [TWIST_RX] Received Twist message - linear.x=0.000, angular.z=0.000, scaled_angular.z=0.000
[INFO] [1791450309.266594044] [serial_twistctl_node]: [SERIAL_TX] Timestamp: 1791450309266584517, Sending command (1/1): vcx=0.000,wc=0.000
 [19 bytes written]
[INFO] [1791450309.316417093] [serial_twistctl_node]: [TWIST_RX] Received Twist message - linear.x=0.000, angular.z=0.000, scaled_angular.z=0.000
[INFO] [1791450309.316467459] [serial_twistctl_node]: [SERIAL_TX] Timestamp: 1791450309316456803, Sending command (1/1): vcx=0.000,wc=0.000
 [19 bytes written]
[INFO] [1791450309.366436256] [serial_twistctl_node]: [TWIST_RX] Received Twist message - linear.x=0.000, angular.z=0.000, scaled_angular.z=0.000
[INFO] [1791450309.366478907] [serial_twistctl_node]: [SERIAL_TX] Timestamp: 1791450309366468959, Sending command (1/1): vcx=0.000,wc=0.000
 [19 bytes written]
[INFO] [1791450309.416363353] [serial_twistctl_node]: [TWIST_RX] Received Twist message - linear.x=0.000, angular.z=0.000, scaled_angular.z=0.000
[INFO] [1791450309.416415017] [serial_twistctl_node]: [SERIAL_TX] Timestamp: 1791450309416403458, Sending command (1/1): vcx=0.000,wc=0.000
 [19 bytes written]
[INFO] [1791450309.466545583] [serial_twistctl_node]: [TWIST_RX] Received Twist message - linear.x=0.000, angular.z=0.000, scaled_angular.z=0.000
[INFO] [1791450309.466587911] [serial_twistctl_node]: [SERIAL_TX] Timestamp: 1791450309466578743, Sending command (1/1): vcx=0.000,wc=0.000
 [19 bytes written]
[INFO] [1791450309.516532062] [serial_twistctl_node]: [TWIST_RX] Received Twist message - linear.x=0.000, angular.z=0.000, scaled_angular.z=0.000
[INFO] [1791450309.516585641] [serial_twistctl_node]: [SERIAL_TX] Timestamp: 1791450309516574158, Sending command (1/1): vcx=0.000,wc=0.000
 [19 bytes written]
[INFO] [1791450309.566549268] [serial_twistctl_node]: [TWIST_RX] Received Twist message - linear.x=0.000, angular.z=0.000, scaled_angular.z=0.000
[INFO] [1791450309.566595042] [serial_twistctl_node]: [SERIAL_TX] Timestamp: 1791450309566584414, Sending command (1/1): vcx=0.000,wc=0.000
 [19 bytes written]
[INFO] [1791450309.616462589] [serial_twistctl_node]: [TWIST_RX] Received Twist message - linear.x=0.000, angular.z=0.000, scaled_angular.z=0.000
[INFO] [1791450309.616520537] [serial_twistctl_node]: [SERIAL_TX] Timestamp: 1791450309616510841, Sending command (1/1): vcx=0.000,wc=0.000
 [19 bytes written]
[INFO] [1791450309.666399056] [serial_twistctl_node]: [TWIST_RX] Received Twist message - linear.x=0.000, angular.z=0.000, scaled_angular.z=0.000
[INFO] [1791450309.666476259] [serial_twistctl_node]: [SERIAL_TX] Timestamp: 1791450309666460802, Sending command (1/1): vcx=0.000,wc=0.000
 [19 bytes written]
[INFO] [1791450309.716448974] [serial_twistctl_node]: [TWIST_RX] Received Twist message - linear.x=0.000, angular.z=0.000, scaled_angular.z=0.000
[INFO] [1791450309.716522322] [serial_twistctl_node]: [SERIAL_TX] Timestamp: 1791450309716504566, Sending command (1/1): vcx=0.000,wc=0.000
 [19 bytes written]
[INFO] [1791450309.766592228] [serial_twistctl_node]: [TWIST_RX] Received Twist message - linear.x=0.000, angular.z=0.000, scaled_angular.z=0.000
[INFO] [1791450309.766649209] [serial_twistctl_node]: [SERIAL_TX] Timestamp: 1791450309766635638, Sending command (1/1): vcx=0.000,wc=0.000
 [19 bytes written]
[INFO] [1791450309.816776178] [serial_twistctl_node]: [TWIST_RX] Received Twist message - linear.x=0.000, angular.z=0.000, scaled_angular.z=0.000
[INFO] [1791450309.816848819] [serial_twistctl_node]: [SERIAL_TX] Timestamp: 1791450309816834092, Sending command (1/1): vcx=0.000,wc=0.000
 [19 bytes written]
[INFO] [1791450309.866697959] [serial_twistctl_node]: [TWIST_RX] Received Twist message - linear.x=0.000, angular.z=0.000, scaled_angular.z=0.000
[INFO] [1791450309.866755404] [serial_twistctl_node]: [SERIAL_TX] Timestamp: 1791450309866742072, Sending command (1/1): vcx=0.000,wc=0.000
 [19 bytes written]
[INFO] [1791450309.916469391] [serial_twistctl_node]: [TWIST_RX] Received Twist message - linear.x=0.000, angular.z=0.000, scaled_angular.z=0.000
[INFO] [1791450309.916525396] [serial_twistctl_node]: [SERIAL_TX] Timestamp: 1791450309916513691, Sending command (1/1): vcx=0.000,wc=0.000
 [19 bytes written]
[INFO] [1791450309.966481452] [serial_twistctl_node]: [TWIST_RX] Received Twist message - linear.x=0.000, angular.z=0.000, scaled_angular.z=0.000
[INFO] [1791450309.966542646] [serial_twistctl_node]: [SERIAL_TX] Timestamp: 1791450309966528903, Sending command (1/1): vcx=0.000,wc=0.000
 [19 bytes written]
[INFO] [1791450310.016554943] [serial_twistctl_node]: [TWIST_RX] Received Twist message - linear.x=0.000, angular.z=0.000, scaled_angular.z=0.000
[INFO] [1791450310.016616409] [serial_twistctl_node]: [SERIAL_TX] Timestamp: 1791450310016603411, Sending command (1/1): vcx=0.000,wc=0.000
 [19 bytes written]
[INFO] [1791450310.066610583] [serial_twistctl_node]: [TWIST_RX] Received Twist message - linear.x=0.000, angular.z=0.000, scaled_angular.z=0.000
[INFO] [1791450310.066678063] [serial_twistctl_node]: [SERIAL_TX] Timestamp: 1791450310066664264, Sending command (1/1): vcx=0.000,wc=0.000
 [19 bytes written]
[INFO] [1791450310.116637198] [serial_twistctl_node]: [TWIST_RX] Received Twist message - linear.x=0.000, angular.z=0.000, scaled_angular.z=0.000
[INFO] [1791450310.116700720] [serial_twistctl_node]: [SERIAL_TX] Timestamp: 1791450310116685840, Sending command (1/1): vcx=0.000,wc=0.000
 [19 bytes written]
[INFO] [1791450310.166463096] [serial_twistctl_node]: [TWIST_RX] Received Twist message - linear.x=0.000, angular.z=0.000, scaled_angular.z=0.000
[INFO] [1791450310.166526164] [serial_twistctl_node]: [SERIAL_TX] Timestamp: 1791450310166511686, Sending command (1/1): vcx=0.000,wc=0.000
 [19 bytes written]
[INFO] [1791450310.216545089] [serial_twistctl_node]: [TWIST_RX] Received Twist message - linear.x=0.000, angular.z=0.000, scaled_angular.z=0.000
[INFO] [1791450310.216615132] [serial_twistctl_node]: [SERIAL_TX] Timestamp: 1791450310216598772, Sending command (1/1): vcx=0.000,wc=0.000
 [19 bytes written]
[INFO] [1791450310.266548472] [serial_twistctl_node]: [TWIST_RX] Received Twist message - linear.x=0.000, angular.z=0.000, scaled_angular.z=0.000
[INFO] [1791450310.266614632] [serial_twistctl_node]: [SERIAL_TX] Timestamp: 1791450310266599868, Sending command (1/1): vcx=0.000,wc=0.000
 [19 bytes written]
[INFO] [1791450310.316501228] [serial_twistctl_node]: [TWIST_RX] Received Twist message - linear.x=0.000, angular.z=0.000, scaled_angular.z=0.000
[INFO] [1791450310.316556179] [serial_twistctl_node]: [SERIAL_TX] Timestamp: 1791450310316539311, Sending command (1/1): vcx=0.000,wc=0.000
 [19 bytes written]
[INFO] [1791450310.366510562] [serial_twistctl_node]: [TWIST_RX] Received Twist message - linear.x=0.000, angular.z=0.000, scaled_angular.z=0.000
[INFO] [1791450310.366568047] [serial_twistctl_node]: [SERIAL_TX] Timestamp: 1791450310366557665, Sending command (1/1): vcx=0.000,wc=0.000
 [19 bytes written]
[INFO] [1791450310.416557465] [serial_twistctl_node]: [TWIST_RX] Received Twist message - linear.x=0.000, angular.z=0.000, scaled_angular.z=0.000
[INFO] [1791450310.416602916] [serial_twistctl_node]: [SERIAL_TX] Timestamp: 1791450310416592570, Sending command (1/1): vcx=0.000,wc=0.000
 [19 bytes written]
[INFO] [1791450310.466511177] [serial_twistctl_node]: [TWIST_RX] Received Twist message - linear.x=0.000, angular.z=0.000, scaled_angular.z=0.000
[INFO] [1791450310.466571715] [serial_twistctl_node]: [SERIAL_TX] Timestamp: 1791450310466557031, Sending command (1/1): vcx=0.000,wc=0.000
 [19 bytes written]
[INFO] [1791450310.516416325] [serial_twistctl_node]: [TWIST_RX] Received Twist message - linear.x=0.000, angular.z=0.000, scaled_angular.z=0.000
[INFO] [1791450310.516460408] [serial_twistctl_node]: [SERIAL_TX] Timestamp: 1791450310516450254, Sending command (1/1): vcx=0.000,wc=0.000
 [19 bytes written]
[INFO] [1791450310.566393285] [serial_twistctl_node]: [TWIST_RX] Received Twist message - linear.x=0.000, angular.z=0.000, scaled_angular.z=0.000
[INFO] [1791450310.566437998] [serial_twistctl_node]: [SERIAL_TX] Timestamp: 1791450310566427719, Sending command (1/1): vcx=0.000,wc=0.000
 [19 bytes written]
[INFO] [1791450310.616393857] [serial_twistctl_node]: [TWIST_RX] Received Twist message - linear.x=0.000, angular.z=0.000, scaled_angular.z=0.000
[INFO] [1791450310.616442379] [serial_twistctl_node]: [SERIAL_TX] Timestamp: 1791450310616432842, Sending command (1/1): vcx=0.000,wc=0.000
 [19 bytes written]
[INFO] [1791450310.666520444] [serial_twistctl_node]: [TWIST_RX] Received Twist message - linear.x=0.000, angular.z=0.000, scaled_angular.z=0.000
[INFO] [1791450310.666576801] [serial_twistctl_node]: [SERIAL_TX] Timestamp: 1791450310666566518, Sending command (1/1): vcx=0.000,wc=0.000
 [19 bytes written]
[INFO] [1791450310.716338527] [serial_twistctl_node]: [TWIST_RX] Received Twist message - linear.x=0.000, angular.z=0.000, scaled_angular.z=0.000
[INFO] [1791450310.716402160] [serial_twistctl_node]: [SERIAL_TX] Timestamp: 1791450310716385953, Sending command (1/1): vcx=0.000,wc=0.000
 [19 bytes written]
[INFO] [1791450310.766373867] [serial_twistctl_node]: [TWIST_RX] Received Twist message - linear.x=0.000, angular.z=0.000, scaled_angular.z=0.000
[INFO] [1791450310.766434189] [serial_twistctl_node]: [SERIAL_TX] Timestamp: 1791450310766420229, Sending command (1/1): vcx=0.000,wc=0.000
 [19 bytes written]
[INFO] [1791450310.816520614] [serial_twistctl_node]: [TWIST_RX] Received Twist message - linear.x=0.000, angular.z=0.000, scaled_angular.z=0.000
[INFO] [1791450310.816568000] [serial_twistctl_node]: [SERIAL_TX] Timestamp: 1791450310816556846, Sending command (1/1): vcx=0.000,wc=0.000
 [19 bytes written]
[INFO] [1791450310.866590019] [serial_twistctl_node]: [TWIST_RX] Received Twist message - linear.x=0.000, angular.z=0.000, scaled_angular.z=0.000
[INFO] [1791450310.866634327] [serial_twistctl_node]: [SERIAL_TX] Timestamp: 1791450310866623501, Sending command (1/1): vcx=0.000,wc=0.000
 [19 bytes written]
[INFO] [1791450310.916564121] [serial_twistctl_node]: [TWIST_RX] Received Twist message - linear.x=0.000, angular.z=0.000, scaled_angular.z=0.000
[INFO] [1791450310.916609742] [serial_twistctl_node]: [SERIAL_TX] Timestamp: 1791450310916598616, Sending command (1/1): vcx=0.000,wc=0.000
 [19 bytes written]
[INFO] [1791450310.966590397] [serial_twistctl_node]: [TWIST_RX] Received Twist message - linear.x=0.000, angular.z=0.000, scaled_angular.z=0.000
[INFO] [1791450310.966635815] [serial_twistctl_node]: [SERIAL_TX] Timestamp: 1791450310966625445, Sending command (1/1): vcx=0.000,wc=0.000
 [19 bytes written]
[INFO] [1791450311.016624545] [serial_twistctl_node]: [TWIST_RX] Received Twist message - linear.x=0.000, angular.z=0.000, scaled_angular.z=0.000
[INFO] [1791450311.016699155] [serial_twistctl_node]: [SERIAL_TX] Timestamp: 1791450311016686682, Sending command (1/1): vcx=0.000,wc=0.000
 [19 bytes written]
[INFO] [1791450311.066509323] [serial_twistctl_node]: [TWIST_RX] Received Twist message - linear.x=0.000, angular.z=0.000, scaled_angular.z=0.000
[INFO] [1791450311.066571473] [serial_twistctl_node]: [SERIAL_TX] Timestamp: 1791450311066556942, Sending command (1/1): vcx=0.000,wc=0.000
 [19 bytes written]
[INFO] [1791450311.116537943] [serial_twistctl_node]: [TWIST_RX] Received Twist message - linear.x=0.000, angular.z=0.000, scaled_angular.z=0.000
[INFO] [1791450311.116600446] [serial_twistctl_node]: [SERIAL_TX] Timestamp: 1791450311116586245, Sending command (1/1): vcx=0.000,wc=0.000
 [19 bytes written]
[INFO] [1791450311.166506303] [serial_twistctl_node]: [TWIST_RX] Received Twist message - linear.x=0.000, angular.z=0.000, scaled_angular.z=0.000
[INFO] [1791450311.166574330] [serial_twistctl_node]: [SERIAL_TX] Timestamp: 1791450311166558565, Sending command (1/1): vcx=0.000,wc=0.000
 [19 bytes written]
[INFO] [1791450311.216361918] [serial_twistctl_node]: [TWIST_RX] Received Twist message - linear.x=0.000, angular.z=0.000, scaled_angular.z=0.000
[INFO] [1791450311.216426632] [serial_twistctl_node]: [SERIAL_TX] Timestamp: 1791450311216412636, Sending command (1/1): vcx=0.000,wc=0.000
 [19 bytes written]
[INFO] [1791450311.266399138] [serial_twistctl_node]: [TWIST_RX] Received Twist message - linear.x=0.000, angular.z=0.000, scaled_angular.z=0.000
[INFO] [1791450311.266467712] [serial_twistctl_node]: [SERIAL_TX] Timestamp: 1791450311266451885, Sending command (1/1): vcx=0.000,wc=0.000
 [19 bytes written]
[INFO] [1791450311.316423587] [serial_twistctl_node]: [TWIST_RX] Received Twist message - linear.x=0.000, angular.z=0.000, scaled_angular.z=0.000
[INFO] [1791450311.316483591] [serial_twistctl_node]: [SERIAL_TX] Timestamp: 1791450311316469331, Sending command (1/1): vcx=0.000,wc=0.000
 [19 bytes written]
[INFO] [1791450311.366427884] [serial_twistctl_node]: [TWIST_RX] Received Twist message - linear.x=0.000, angular.z=0.000, scaled_angular.z=0.000
[INFO] [1791450311.366486790] [serial_twistctl_node]: [SERIAL_TX] Timestamp: 1791450311366473347, Sending command (1/1): vcx=0.000,wc=0.000
 [19 bytes written]
[INFO] [1791450311.416464214] [serial_twistctl_node]: [TWIST_RX] Received Twist message - linear.x=0.000, angular.z=0.000, scaled_angular.z=0.000
[INFO] [1791450311.416528462] [serial_twistctl_node]: [SERIAL_TX] Timestamp: 1791450311416514097, Sending command (1/1): vcx=0.000,wc=0.000
 [19 bytes written]
[INFO] [1791450311.466485144] [serial_twistctl_node]: [TWIST_RX] Received Twist message - linear.x=0.000, angular.z=0.000, scaled_angular.z=0.000
[INFO] [1791450311.466551921] [serial_twistctl_node]: [SERIAL_TX] Timestamp: 1791450311466536517, Sending command (1/1): vcx=0.000,wc=0.000
 [19 bytes written]
[INFO] [1791450311.516669383] [serial_twistctl_node]: [TWIST_RX] Received Twist message - linear.x=0.000, angular.z=0.000, scaled_angular.z=0.000
[INFO] [1791450311.516730563] [serial_twistctl_node]: [SERIAL_TX] Timestamp: 1791450311516717089, Sending command (1/1): vcx=0.000,wc=0.000
 [19 bytes written]
[INFO] [1791450311.566511057] [serial_twistctl_node]: [TWIST_RX] Received Twist message - linear.x=0.000, angular.z=0.000, scaled_angular.z=0.000
[INFO] [1791450311.566576566] [serial_twistctl_node]: [SERIAL_TX] Timestamp: 1791450311566561109, Sending command (1/1): vcx=0.000,wc=0.000
 [19 bytes written]
[INFO] [1791450311.616528445] [serial_twistctl_node]: [TWIST_RX] Received Twist message - linear.x=0.000, angular.z=0.000, scaled_angular.z=0.000
[INFO] [1791450311.616594434] [serial_twistctl_node]: [SERIAL_TX] Timestamp: 1791450311616581197, Sending command (1/1): vcx=0.000,wc=0.000
 [19 bytes written]
[INFO] [1791450311.666458338] [serial_twistctl_node]: [TWIST_RX] Received Twist message - linear.x=0.000, angular.z=0.000, scaled_angular.z=0.000
[INFO] [1791450311.666538335] [serial_twistctl_node]: [SERIAL_TX] Timestamp: 1791450311666523649, Sending command (1/1): vcx=0.000,wc=0.000
 [19 bytes written]
[INFO] [1791450311.716462761] [serial_twistctl_node]: [TWIST_RX] Received Twist message - linear.x=0.000, angular.z=0.000, scaled_angular.z=0.000
[INFO] [1791450311.716518011] [serial_twistctl_node]: [SERIAL_TX] Timestamp: 1791450311716505830, Sending command (1/1): vcx=0.000,wc=0.000
 [19 bytes written]
[INFO] [1791450311.766509508] [serial_twistctl_node]: [TWIST_RX] Received Twist message - linear.x=0.000, angular.z=0.000, scaled_angular.z=0.000
[INFO] [1791450311.766588171] [serial_twistctl_node]: [SERIAL_TX] Timestamp: 1791450311766572468, Sending command (1/1): vcx=0.000,wc=0.000
 [19 bytes written]
[INFO] [1791450311.816355854] [serial_twistctl_node]: [TWIST_RX] Received Twist message - linear.x=0.000, angular.z=0.000, scaled_angular.z=0.000
[INFO] [1791450311.816417932] [serial_twistctl_node]: [SERIAL_TX] Timestamp: 1791450311816402268, Sending command (1/1): vcx=0.000,wc=0.000
 [19 bytes written]
[INFO] [1791450311.866437111] [serial_twistctl_node]: [TWIST_RX] Received Twist message - linear.x=0.000, angular.z=0.000, scaled_angular.z=0.000
[INFO] [1791450311.866494050] [serial_twistctl_node]: [SERIAL_TX] Timestamp: 1791450311866482023, Sending command (1/1): vcx=0.000,wc=0.000
 [19 bytes written]
[INFO] [1791450311.916335089] [serial_twistctl_node]: [TWIST_RX] Received Twist message - linear.x=0.000, angular.z=0.000, scaled_angular.z=0.000
[INFO] [1791450311.916396478] [serial_twistctl_node]: [SERIAL_TX] Timestamp: 1791450311916383733, Sending command (1/1): vcx=0.000,wc=0.000
 [19 bytes written]
[INFO] [1791450311.966781350] [serial_twistctl_node]: [TWIST_RX] Received Twist message - linear.x=0.000, angular.z=0.000, scaled_angular.z=0.000
[INFO] [1791450311.966841750] [serial_twistctl_node]: [SERIAL_TX] Timestamp: 1791450311966828372, Sending command (1/1): vcx=0.000,wc=0.000
 [19 bytes written]
[INFO] [1791450312.016509360] [serial_twistctl_node]: [TWIST_RX] Received Twist message - linear.x=0.000, angular.z=0.000, scaled_angular.z=0.000
[INFO] [1791450312.016575594] [serial_twistctl_node]: [SERIAL_TX] Timestamp: 1791450312016561370, Sending command (1/1): vcx=0.000,wc=0.000
 [19 bytes written]
[INFO] [1791450312.066398970] [serial_twistctl_node]: [TWIST_RX] Received Twist message - linear.x=0.000, angular.z=0.000, scaled_angular.z=0.000
[INFO] [1791450312.066454230] [serial_twistctl_node]: [SERIAL_TX] Timestamp: 1791450312066442810, Sending command (1/1): vcx=0.000,wc=0.000
 [19 bytes written]
[INFO] [1791450312.116413640] [serial_twistctl_node]: [TWIST_RX] Received Twist message - linear.x=0.000, angular.z=0.000, scaled_angular.z=0.000
[INFO] [1791450312.116470405] [serial_twistctl_node]: [SERIAL_TX] Timestamp: 1791450312116456956, Sending command (1/1): vcx=0.000,wc=0.000
 [19 bytes written]
[INFO] [1791450312.166477423] [serial_twistctl_node]: [TWIST_RX] Received Twist message - linear.x=0.000, angular.z=0.000, scaled_angular.z=0.000
[INFO] [1791450312.166536537] [serial_twistctl_node]: [SERIAL_TX] Timestamp: 1791450312166522995, Sending command (1/1): vcx=0.000,wc=0.000
 [19 bytes written]
[INFO] [1791450312.216633085] [serial_twistctl_node]: [TWIST_RX] Received Twist message - linear.x=0.000, angular.z=0.000, scaled_angular.z=0.000
[INFO] [1791450312.216692344] [serial_twistctl_node]: [SERIAL_TX] Timestamp: 1791450312216677852, Sending command (1/1): vcx=0.000,wc=0.000
 [19 bytes written]
[INFO] [1791450312.266507856] [serial_twistctl_node]: [TWIST_RX] Received Twist message - linear.x=0.000, angular.z=0.000, scaled_angular.z=0.000
[INFO] [1791450312.266566221] [serial_twistctl_node]: [SERIAL_TX] Timestamp: 1791450312266553402, Sending command (1/1): vcx=0.000,wc=0.000
 [19 bytes written]
[INFO] [1791450312.316426086] [serial_twistctl_node]: [TWIST_RX] Received Twist message - linear.x=0.000, angular.z=0.000, scaled_angular.z=0.000
[INFO] [1791450312.316483651] [serial_twistctl_node]: [SERIAL_TX] Timestamp: 1791450312316471192, Sending command (1/1): vcx=0.000,wc=0.000
 [19 bytes written]
[INFO] [1791450312.366477816] [serial_twistctl_node]: [TWIST_RX] Received Twist message - linear.x=0.000, angular.z=0.000, scaled_angular.z=0.000
[INFO] [1791450312.366551295] [serial_twistctl_node]: [SERIAL_TX] Timestamp: 1791450312366538618, Sending command (1/1): vcx=0.000,wc=0.000
 [19 bytes written]
[INFO] [1791450312.416347465] [serial_twistctl_node]: [TWIST_RX] Received Twist message - linear.x=0.000, angular.z=0.000, scaled_angular.z=0.000
[INFO] [1791450312.416409216] [serial_twistctl_node]: [SERIAL_TX] Timestamp: 1791450312416395670, Sending command (1/1): vcx=0.000,wc=0.000
 [19 bytes written]
[INFO] [1791450312.466532593] [serial_twistctl_node]: [TWIST_RX] Received Twist message - linear.x=0.000, angular.z=0.000, scaled_angular.z=0.000
[INFO] [1791450312.466586010] [serial_twistctl_node]: [SERIAL_TX] Timestamp: 1791450312466574225, Sending command (1/1): vcx=0.000,wc=0.000
 [19 bytes written]
[INFO] [1791450312.516338053] [serial_twistctl_node]: [TWIST_RX] Received Twist message - linear.x=0.000, angular.z=0.000, scaled_angular.z=0.000
[INFO] [1791450312.516400225] [serial_twistctl_node]: [SERIAL_TX] Timestamp: 1791450312516382735, Sending command (1/1): vcx=0.000,wc=0.000
 [19 bytes written]
[INFO] [1791450312.566515796] [serial_twistctl_node]: [TWIST_RX] Received Twist message - linear.x=0.000, angular.z=0.000, scaled_angular.z=0.000
[INFO] [1791450312.566576872] [serial_twistctl_node]: [SERIAL_TX] Timestamp: 1791450312566563542, Sending command (1/1): vcx=0.000,wc=0.000
 [19 bytes written]
[INFO] [1791450312.616458068] [serial_twistctl_node]: [TWIST_RX] Received Twist message - linear.x=0.000, angular.z=0.000, scaled_angular.z=0.000
[INFO] [1791450312.616538348] [serial_twistctl_node]: [SERIAL_TX] Timestamp: 1791450312616522815, Sending command (1/1): vcx=0.000,wc=0.000
 [19 bytes written]
[INFO] [1791450312.666623460] [serial_twistctl_node]: [TWIST_RX] Received Twist message - linear.x=0.000, angular.z=0.000, scaled_angular.z=0.000
[INFO] [1791450312.666690264] [serial_twistctl_node]: [SERIAL_TX] Timestamp: 1791450312666676514, Sending command (1/1): vcx=0.000,wc=0.000
 [19 bytes written]
[INFO] [1791450312.716654731] [serial_twistctl_node]: [TWIST_RX] Received Twist message - linear.x=0.000, angular.z=0.000, scaled_angular.z=0.000
[INFO] [1791450312.716714825] [serial_twistctl_node]: [SERIAL_TX] Timestamp: 1791450312716700467, Sending command (1/1): vcx=0.000,wc=0.000
 [19 bytes written]
[INFO] [1791450312.766481489] [serial_twistctl_node]: [TWIST_RX] Received Twist message - linear.x=0.000, angular.z=0.000, scaled_angular.z=0.000
[INFO] [1791450312.766538523] [serial_twistctl_node]: [SERIAL_TX] Timestamp: 1791450312766525469, Sending command (1/1): vcx=0.000,wc=0.000
 [19 bytes written]
[INFO] [1791450312.816509795] [serial_twistctl_node]: [TWIST_RX] Received Twist message - linear.x=0.000, angular.z=0.000, scaled_angular.z=0.000
[INFO] [1791450312.816572233] [serial_twistctl_node]: [SERIAL_TX] Timestamp: 1791450312816558698, Sending command (1/1): vcx=0.000,wc=0.000
 [19 bytes written]
[INFO] [1791450312.866513014] [serial_twistctl_node]: [TWIST_RX] Received Twist message - linear.x=0.000, angular.z=0.000, scaled_angular.z=0.000
[INFO] [1791450312.866569834] [serial_twistctl_node]: [SERIAL_TX] Timestamp: 1791450312866558500, Sending command (1/1): vcx=0.000,wc=0.000
 [19 bytes written]
[INFO] [1791450312.916496002] [serial_twistctl_node]: [TWIST_RX] Received Twist message - linear.x=0.000, angular.z=0.000, scaled_angular.z=0.000
[INFO] [1791450312.916555773] [serial_twistctl_node]: [SERIAL_TX] Timestamp: 1791450312916541006, Sending command (1/1): vcx=0.000,wc=0.000
 [19 bytes written]
[INFO] [1791450312.966404338] [serial_twistctl_node]: [TWIST_RX] Received Twist message - linear.x=0.000, angular.z=0.000, scaled_angular.z=0.000
[INFO] [1791450312.966466071] [serial_twistctl_node]: [SERIAL_TX] Timestamp: 1791450312966451482, Sending command (1/1): vcx=0.000,wc=0.000
 [19 bytes written]
[INFO] [1791450313.016524768] [serial_twistctl_node]: [TWIST_RX] Received Twist message - linear.x=0.000, angular.z=0.000, scaled_angular.z=0.000
[INFO] [1791450313.016599296] [serial_twistctl_node]: [SERIAL_TX] Timestamp: 1791450313016584572, Sending command (1/1): vcx=0.000,wc=0.000
 [19 bytes written]
[INFO] [1791450313.066861034] [serial_twistctl_node]: [TWIST_RX] Received Twist message - linear.x=0.000, angular.z=0.000, scaled_angular.z=0.000
[INFO] [1791450313.066926233] [serial_twistctl_node]: [SERIAL_TX] Timestamp: 1791450313066910999, Sending command (1/1): vcx=0.000,wc=0.000
 [19 bytes written]
[INFO] [1791450313.116408327] [serial_twistctl_node]: [TWIST_RX] Received Twist message - linear.x=0.000, angular.z=0.000, scaled_angular.z=0.000
[INFO] [1791450313.116468260] [serial_twistctl_node]: [SERIAL_TX] Timestamp: 1791450313116454117, Sending command (1/1): vcx=0.000,wc=0.000
 [19 bytes written]
[INFO] [1791450313.166650161] [serial_twistctl_node]: [TWIST_RX] Received Twist message - linear.x=0.000, angular.z=0.000, scaled_angular.z=0.000
[INFO] [1791450313.166716303] [serial_twistctl_node]: [SERIAL_TX] Timestamp: 1791450313166701010, Sending command (1/1): vcx=0.000,wc=0.000
 [19 bytes written]
[INFO] [1791450313.216573220] [serial_twistctl_node]: [TWIST_RX] Received Twist message - linear.x=0.000, angular.z=0.000, scaled_angular.z=0.000
[INFO] [1791450313.216634980] [serial_twistctl_node]: [SERIAL_TX] Timestamp: 1791450313216621851, Sending command (1/1): vcx=0.000,wc=0.000
 [19 bytes written]
[INFO] [1791450313.266515998] [serial_twistctl_node]: [TWIST_RX] Received Twist message - linear.x=0.000, angular.z=0.000, scaled_angular.z=0.000
[INFO] [1791450313.266580007] [serial_twistctl_node]: [SERIAL_TX] Timestamp: 1791450313266564368, Sending command (1/1): vcx=0.000,wc=0.000
 [19 bytes written]
[INFO] [1791450313.316483024] [serial_twistctl_node]: [TWIST_RX] Received Twist message - linear.x=0.000, angular.z=0.000, scaled_angular.z=0.000
[INFO] [1791450313.316543722] [serial_twistctl_node]: [SERIAL_TX] Timestamp: 1791450313316529276, Sending command (1/1): vcx=0.000,wc=0.000
 [19 bytes written]
[INFO] [1791450313.366542828] [serial_twistctl_node]: [TWIST_RX] Received Twist message - linear.x=0.000, angular.z=0.000, scaled_angular.z=0.000
[INFO] [1791450313.366599415] [serial_twistctl_node]: [SERIAL_TX] Timestamp: 1791450313366587282, Sending command (1/1): vcx=0.000,wc=0.000
 [19 bytes written]
[INFO] [1791450313.416428989] [serial_twistctl_node]: [TWIST_RX] Received Twist message - linear.x=0.000, angular.z=0.000, scaled_angular.z=0.000
[INFO] [1791450313.416485985] [serial_twistctl_node]: [SERIAL_TX] Timestamp: 1791450313416472128, Sending command (1/1): vcx=0.000,wc=0.000
 [19 bytes written]
[INFO] [1791450313.466531743] [serial_twistctl_node]: [TWIST_RX] Received Twist message - linear.x=0.042, angular.z=0.000, scaled_angular.z=0.000
[INFO] [1791450313.466590522] [serial_twistctl_node]: [SERIAL_TX] Timestamp: 1791450313466578157, Sending command (1/1): vcx=0.042,wc=0.000
 [19 bytes written]
[INFO] [1791450313.516584716] [serial_twistctl_node]: [TWIST_RX] Received Twist message - linear.x=0.064, angular.z=0.000, scaled_angular.z=0.000
[INFO] [1791450313.516644037] [serial_twistctl_node]: [SERIAL_TX] Timestamp: 1791450313516630429, Sending command (1/1): vcx=0.064,wc=0.000
 [19 bytes written]
[INFO] [1791450313.566721195] [serial_twistctl_node]: [TWIST_RX] Received Twist message - linear.x=0.064, angular.z=0.000, scaled_angular.z=0.000
[INFO] [1791450313.566776316] [serial_twistctl_node]: [SERIAL_TX] Timestamp: 1791450313566764682, Sending command (1/1): vcx=0.064,wc=0.000
 [19 bytes written]
[INFO] [1791450313.616512830] [serial_twistctl_node]: [TWIST_RX] Received Twist message - linear.x=0.085, angular.z=0.000, scaled_angular.z=0.000
[INFO] [1791450313.616575838] [serial_twistctl_node]: [SERIAL_TX] Timestamp: 1791450313616560722, Sending command (1/1): vcx=0.085,wc=0.000
 [19 bytes written]
[INFO] [1791450313.666454773] [serial_twistctl_node]: [TWIST_RX] Received Twist message - linear.x=0.106, angular.z=0.000, scaled_angular.z=0.000
[INFO] [1791450313.666518720] [serial_twistctl_node]: [SERIAL_TX] Timestamp: 1791450313666502144, Sending command (1/1): vcx=0.106,wc=0.000
 [19 bytes written]
[INFO] [1791450313.716585266] [serial_twistctl_node]: [TWIST_RX] Received Twist message - linear.x=0.127, angular.z=0.000, scaled_angular.z=0.000
[INFO] [1791450313.716644114] [serial_twistctl_node]: [SERIAL_TX] Timestamp: 1791450313716630046, Sending command (1/1): vcx=0.127,wc=0.000
 [19 bytes written]
[INFO] [1791450313.766433816] [serial_twistctl_node]: [TWIST_RX] Received Twist message - linear.x=0.149, angular.z=0.000, scaled_angular.z=0.000
[INFO] [1791450313.766492724] [serial_twistctl_node]: [SERIAL_TX] Timestamp: 1791450313766478515, Sending command (1/1): vcx=0.149,wc=0.000
 [19 bytes written]
[INFO] [1791450313.816577227] [serial_twistctl_node]: [TWIST_RX] Received Twist message - linear.x=0.170, angular.z=0.000, scaled_angular.z=0.000
[INFO] [1791450313.816634825] [serial_twistctl_node]: [SERIAL_TX] Timestamp: 1791450313816621052, Sending command (1/1): vcx=0.170,wc=0.000
 [19 bytes written]
[INFO] [1791450313.866565013] [serial_twistctl_node]: [TWIST_RX] Received Twist message - linear.x=0.212, angular.z=0.000, scaled_angular.z=0.000
[INFO] [1791450313.866626638] [serial_twistctl_node]: [SERIAL_TX] Timestamp: 1791450313866612000, Sending command (1/1): vcx=0.212,wc=0.000
 [19 bytes written]
[INFO] [1791450313.916563232] [serial_twistctl_node]: [TWIST_RX] Received Twist message - linear.x=0.212, angular.z=0.000, scaled_angular.z=0.000
[INFO] [1791450313.916622152] [serial_twistctl_node]: [SERIAL_TX] Timestamp: 1791450313916605776, Sending command (1/1): vcx=0.212,wc=0.000
 [19 bytes written]
[INFO] [1791450313.966561122] [serial_twistctl_node]: [TWIST_RX] Received Twist message - linear.x=0.218, angular.z=0.000, scaled_angular.z=0.000
[INFO] [1791450313.966620091] [serial_twistctl_node]: [SERIAL_TX] Timestamp: 1791450313966606889, Sending command (1/1): vcx=0.218,wc=0.000
 [19 bytes written]
[INFO] [1791450314.016670132] [serial_twistctl_node]: [TWIST_RX] Received Twist message - linear.x=0.218, angular.z=0.000, scaled_angular.z=0.000
[INFO] [1791450314.016731290] [serial_twistctl_node]: [SERIAL_TX] Timestamp: 1791450314016717781, Sending command (1/1): vcx=0.218,wc=0.000
 [19 bytes written]
[INFO] [1791450314.066610384] [serial_twistctl_node]: [TWIST_RX] Received Twist message - linear.x=0.220, angular.z=0.000, scaled_angular.z=0.000
[INFO] [1791450314.066670492] [serial_twistctl_node]: [SERIAL_TX] Timestamp: 1791450314066656193, Sending command (1/1): vcx=0.220,wc=0.000
 [19 bytes written]
[INFO] [1791450314.116593200] [serial_twistctl_node]: [TWIST_RX] Received Twist message - linear.x=0.217, angular.z=0.000, scaled_angular.z=0.000
[INFO] [1791450314.116651876] [serial_twistctl_node]: [SERIAL_TX] Timestamp: 1791450314116637988, Sending command (1/1): vcx=0.217,wc=0.000
 [19 bytes written]
[INFO] [1791450314.166588357] [serial_twistctl_node]: [TWIST_RX] Received Twist message - linear.x=0.220, angular.z=0.000, scaled_angular.z=0.000
[INFO] [1791450314.166647088] [serial_twistctl_node]: [SERIAL_TX] Timestamp: 1791450314166634021, Sending command (1/1): vcx=0.220,wc=0.000
 [19 bytes written]
[INFO] [1791450314.216360660] [serial_twistctl_node]: [TWIST_RX] Received Twist message - linear.x=0.220, angular.z=0.000, scaled_angular.z=0.000
[INFO] [1791450314.216421455] [serial_twistctl_node]: [SERIAL_TX] Timestamp: 1791450314216409186, Sending command (1/1): vcx=0.220,wc=0.000
 [19 bytes written]
[INFO] [1791450314.266578813] [serial_twistctl_node]: [TWIST_RX] Received Twist message - linear.x=0.216, angular.z=0.000, scaled_angular.z=0.000
[INFO] [1791450314.266638502] [serial_twistctl_node]: [SERIAL_TX] Timestamp: 1791450314266621696, Sending command (1/1): vcx=0.216,wc=0.000
 [19 bytes written]
[INFO] [1791450314.316361382] [serial_twistctl_node]: [TWIST_RX] Received Twist message - linear.x=0.219, angular.z=0.000, scaled_angular.z=0.000
[INFO] [1791450314.316420487] [serial_twistctl_node]: [SERIAL_TX] Timestamp: 1791450314316407186, Sending command (1/1): vcx=0.219,wc=0.000
 [19 bytes written]
[INFO] [1791450314.366574450] [serial_twistctl_node]: [TWIST_RX] Received Twist message - linear.x=0.221, angular.z=0.000, scaled_angular.z=0.000
[INFO] [1791450314.366647896] [serial_twistctl_node]: [SERIAL_TX] Timestamp: 1791450314366636314, Sending command (1/1): vcx=0.221,wc=0.000
 [19 bytes written]
[INFO] [1791450314.416632494] [serial_twistctl_node]: [TWIST_RX] Received Twist message - linear.x=0.219, angular.z=0.000, scaled_angular.z=0.000
[INFO] [1791450314.416690246] [serial_twistctl_node]: [SERIAL_TX] Timestamp: 1791450314416677407, Sending command (1/1): vcx=0.219,wc=0.000
 [19 bytes written]
[INFO] [1791450314.466495186] [serial_twistctl_node]: [TWIST_RX] Received Twist message - linear.x=0.218, angular.z=0.000, scaled_angular.z=0.000
[INFO] [1791450314.466550988] [serial_twistctl_node]: [SERIAL_TX] Timestamp: 1791450314466538672, Sending command (1/1): vcx=0.218,wc=0.000
 [19 bytes written]
[INFO] [1791450314.516686637] [serial_twistctl_node]: [TWIST_RX] Received Twist message - linear.x=0.218, angular.z=0.000, scaled_angular.z=0.000
[INFO] [1791450314.516744003] [serial_twistctl_node]: [SERIAL_TX] Timestamp: 1791450314516730034, Sending command (1/1): vcx=0.218,wc=0.000
 [19 bytes written]
[INFO] [1791450314.566698465] [serial_twistctl_node]: [TWIST_RX] Received Twist message - linear.x=0.218, angular.z=0.000, scaled_angular.z=0.000
[INFO] [1791450314.566756917] [serial_twistctl_node]: [SERIAL_TX] Timestamp: 1791450314566742930, Sending command (1/1): vcx=0.218,wc=0.000
 [19 bytes written]
[INFO] [1791450314.616669674] [serial_twistctl_node]: [TWIST_RX] Received Twist message - linear.x=0.220, angular.z=0.000, scaled_angular.z=0.000
[INFO] [1791450314.616728681] [serial_twistctl_node]: [SERIAL_TX] Timestamp: 1791450314616714127, Sending command (1/1): vcx=0.220,wc=0.000
 [19 bytes written]
[INFO] [1791450314.666676305] [serial_twistctl_node]: [TWIST_RX] Received Twist message - linear.x=0.217, angular.z=0.000, scaled_angular.z=0.000
[INFO] [1791450314.666737855] [serial_twistctl_node]: [SERIAL_TX] Timestamp: 1791450314666724276, Sending command (1/1): vcx=0.217,wc=0.000
 [19 bytes written]
[INFO] [1791450314.716465648] [serial_twistctl_node]: [TWIST_RX] Received Twist message - linear.x=0.220, angular.z=0.000, scaled_angular.z=0.000
[INFO] [1791450314.716525028] [serial_twistctl_node]: [SERIAL_TX] Timestamp: 1791450314716509694, Sending command (1/1): vcx=0.220,wc=0.000
 [19 bytes written]
[INFO] [1791450314.766464740] [serial_twistctl_node]: [TWIST_RX] Received Twist message - linear.x=0.220, angular.z=0.000, scaled_angular.z=0.000
[INFO] [1791450314.766535307] [serial_twistctl_node]: [SERIAL_TX] Timestamp: 1791450314766518040, Sending command (1/1): vcx=0.220,wc=0.000
 [19 bytes written]
[INFO] [1791450314.816650969] [serial_twistctl_node]: [TWIST_RX] Received Twist message - linear.x=0.222, angular.z=0.000, scaled_angular.z=0.000
[INFO] [1791450314.816715320] [serial_twistctl_node]: [SERIAL_TX] Timestamp: 1791450314816696319, Sending command (1/1): vcx=0.222,wc=0.000
 [19 bytes written]
[INFO] [1791450314.866748653] [serial_twistctl_node]: [TWIST_RX] Received Twist message - linear.x=0.219, angular.z=0.000, scaled_angular.z=0.000
[INFO] [1791450314.866810940] [serial_twistctl_node]: [SERIAL_TX] Timestamp: 1791450314866796068, Sending command (1/1): vcx=0.219,wc=0.000
 [19 bytes written]
[INFO] [1791450314.916469220] [serial_twistctl_node]: [TWIST_RX] Received Twist message - linear.x=0.000, angular.z=0.000, scaled_angular.z=0.000
[INFO] [1791450314.916527066] [serial_twistctl_node]: [SERIAL_TX] Timestamp: 1791450314916512904, Sending command (1/1): vcx=0.000,wc=0.000
 [19 bytes written]
[INFO] [1791450314.966782393] [serial_twistctl_node]: [TWIST_RX] Received Twist message - linear.x=0.000, angular.z=0.000, scaled_angular.z=0.000
[INFO] [1791450314.966840977] [serial_twistctl_node]: [SERIAL_TX] Timestamp: 1791450314966826870, Sending command (1/1): vcx=0.000,wc=0.000
 [19 bytes written]
[INFO] [1791450315.016472119] [serial_twistctl_node]: [TWIST_RX] Received Twist message - linear.x=0.000, angular.z=0.000, scaled_angular.z=0.000
[INFO] [1791450315.016544673] [serial_twistctl_node]: [SERIAL_TX] Timestamp: 1791450315016532030, Sending command (1/1): vcx=0.000,wc=0.000
 [19 bytes written]
[INFO] [1791450315.066482267] [serial_twistctl_node]: [TWIST_RX] Received Twist message - linear.x=0.000, angular.z=0.000, scaled_angular.z=0.000
[INFO] [1791450315.066544883] [serial_twistctl_node]: [SERIAL_TX] Timestamp: 1791450315066530022, Sending command (1/1): vcx=0.000,wc=0.000
 [19 bytes written]
[INFO] [1791450315.116471443] [serial_twistctl_node]: [TWIST_RX] Received Twist message - linear.x=0.000, angular.z=0.000, scaled_angular.z=0.000
[INFO] [1791450315.116529510] [serial_twistctl_node]: [SERIAL_TX] Timestamp: 1791450315116515853, Sending command (1/1): vcx=0.000,wc=0.000
 [19 bytes written]
[INFO] [1791450315.166431733] [serial_twistctl_node]: [TWIST_RX] Received Twist message - linear.x=0.000, angular.z=0.000, scaled_angular.z=0.000
[INFO] [1791450315.166491919] [serial_twistctl_node]: [SERIAL_TX] Timestamp: 1791450315166478414, Sending command (1/1): vcx=0.000,wc=0.000
 [19 bytes written]
[INFO] [1791450315.216377430] [serial_twistctl_node]: [TWIST_RX] Received Twist message - linear.x=0.000, angular.z=0.000, scaled_angular.z=0.000
[INFO] [1791450315.216438070] [serial_twistctl_node]: [SERIAL_TX] Timestamp: 1791450315216424586, Sending command (1/1): vcx=0.000,wc=0.000
 [19 bytes written]
[INFO] [1791450315.266673762] [serial_twistctl_node]: [TWIST_RX] Received Twist message - linear.x=0.000, angular.z=0.000, scaled_angular.z=0.000
[INFO] [1791450315.266734800] [serial_twistctl_node]: [SERIAL_TX] Timestamp: 1791450315266720141, Sending command (1/1): vcx=0.000,wc=0.000
 [19 bytes written]
[INFO] [1791450315.316334150] [serial_twistctl_node]: [TWIST_RX] Received Twist message - linear.x=0.000, angular.z=0.000, scaled_angular.z=0.000
[INFO] [1791450315.316397545] [serial_twistctl_node]: [SERIAL_TX] Timestamp: 1791450315316380376, Sending command (1/1): vcx=0.000,wc=0.000
 [19 bytes written]
[INFO] [1791450315.366387083] [serial_twistctl_node]: [TWIST_RX] Received Twist message - linear.x=0.000, angular.z=0.000, scaled_angular.z=0.000
[INFO] [1791450315.366446111] [serial_twistctl_node]: [SERIAL_TX] Timestamp: 1791450315366431777, Sending command (1/1): vcx=0.000,wc=0.000
 [19 bytes written]
[INFO] [1791450315.416338763] [serial_twistctl_node]: [TWIST_RX] Received Twist message - linear.x=0.000, angular.z=0.000, scaled_angular.z=0.000
[INFO] [1791450315.416398436] [serial_twistctl_node]: [SERIAL_TX] Timestamp: 1791450315416384868, Sending command (1/1): vcx=0.000,wc=0.000
 [19 bytes written]
[INFO] [1791450315.466354512] [serial_twistctl_node]: [TWIST_RX] Received Twist message - linear.x=0.000, angular.z=0.000, scaled_angular.z=0.000
[INFO] [1791450315.466414539] [serial_twistctl_node]: [SERIAL_TX] Timestamp: 1791450315466400225, Sending command (1/1): vcx=0.000,wc=0.000
 [19 bytes written]
[INFO] [1791450315.516472631] [serial_twistctl_node]: [TWIST_RX] Received Twist message - linear.x=0.000, angular.z=0.000, scaled_angular.z=0.000
[INFO] [1791450315.516531408] [serial_twistctl_node]: [SERIAL_TX] Timestamp: 1791450315516518458, Sending command (1/1): vcx=0.000,wc=0.000
 [19 bytes written]
[INFO] [1791450315.566398647] [serial_twistctl_node]: [TWIST_RX] Received Twist message - linear.x=0.000, angular.z=0.000, scaled_angular.z=0.000
[INFO] [1791450315.566454906] [serial_twistctl_node]: [SERIAL_TX] Timestamp: 1791450315566442194, Sending command (1/1): vcx=0.000,wc=0.000
 [19 bytes written]
[INFO] [1791450315.616397392] [serial_twistctl_node]: [TWIST_RX] Received Twist message - linear.x=0.000, angular.z=0.000, scaled_angular.z=0.000
[INFO] [1791450315.616461747] [serial_twistctl_node]: [SERIAL_TX] Timestamp: 1791450315616446914, Sending command (1/1): vcx=0.000,wc=0.000
 [19 bytes written]
[INFO] [1791450315.666548688] [serial_twistctl_node]: [TWIST_RX] Received Twist message - linear.x=0.000, angular.z=0.000, scaled_angular.z=0.000
[INFO] [1791450315.666604845] [serial_twistctl_node]: [SERIAL_TX] Timestamp: 1791450315666592356, Sending command (1/1): vcx=0.000,wc=0.000
 [19 bytes written]
[INFO] [1791450315.716343136] [serial_twistctl_node]: [TWIST_RX] Received Twist message - linear.x=0.000, angular.z=0.000, scaled_angular.z=0.000
[INFO] [1791450315.716418041] [serial_twistctl_node]: [SERIAL_TX] Timestamp: 1791450315716402523, Sending command (1/1): vcx=0.000,wc=0.000
 [19 bytes written]
[INFO] [1791450315.766480195] [serial_twistctl_node]: [TWIST_RX] Received Twist message - linear.x=0.000, angular.z=0.000, scaled_angular.z=0.000
[INFO] [1791450315.766540308] [serial_twistctl_node]: [SERIAL_TX] Timestamp: 1791450315766526788, Sending command (1/1): vcx=0.000,wc=0.000
 [19 bytes written]
[INFO] [1791450315.816399092] [serial_twistctl_node]: [TWIST_RX] Received Twist message - linear.x=0.000, angular.z=0.000, scaled_angular.z=0.000
[INFO] [1791450315.816457362] [serial_twistctl_node]: [SERIAL_TX] Timestamp: 1791450315816444037, Sending command (1/1): vcx=0.000,wc=0.000
 [19 bytes written]
[INFO] [1791450315.866413823] [serial_twistctl_node]: [TWIST_RX] Received Twist message - linear.x=0.000, angular.z=0.000, scaled_angular.z=0.000
[INFO] [1791450315.866472170] [serial_twistctl_node]: [SERIAL_TX] Timestamp: 1791450315866459554, Sending command (1/1): vcx=0.000,wc=0.000
 [19 bytes written]
[INFO] [1791450315.916458737] [serial_twistctl_node]: [TWIST_RX] Received Twist message - linear.x=0.000, angular.z=0.000, scaled_angular.z=0.000
[INFO] [1791450315.916518894] [serial_twistctl_node]: [SERIAL_TX] Timestamp: 1791450315916506412, Sending command (1/1): vcx=0.000,wc=0.000
 [19 bytes written]
[INFO] [1791450315.966546511] [serial_twistctl_node]: [TWIST_RX] Received Twist message - linear.x=0.000, angular.z=0.000, scaled_angular.z=0.000
[INFO] [1791450315.966600529] [serial_twistctl_node]: [SERIAL_TX] Timestamp: 1791450315966588743, Sending command (1/1): vcx=0.000,wc=0.000
 [19 bytes written]
[INFO] [1791450316.016390487] [serial_twistctl_node]: [TWIST_RX] Received Twist message - linear.x=0.000, angular.z=0.000, scaled_angular.z=0.000
[INFO] [1791450316.016455187] [serial_twistctl_node]: [SERIAL_TX] Timestamp: 1791450316016442208, Sending command (1/1): vcx=0.000,wc=0.000
 [19 bytes written]
[INFO] [1791450316.066437321] [serial_twistctl_node]: [TWIST_RX] Received Twist message - linear.x=0.000, angular.z=0.000, scaled_angular.z=0.000
[INFO] [1791450316.066490979] [serial_twistctl_node]: [SERIAL_TX] Timestamp: 1791450316066479083, Sending command (1/1): vcx=0.000,wc=0.000
 [19 bytes written]
[INFO] [1791450316.116509291] [serial_twistctl_node]: [TWIST_RX] Received Twist message - linear.x=0.000, angular.z=0.000, scaled_angular.z=0.000
[INFO] [1791450316.116565179] [serial_twistctl_node]: [SERIAL_TX] Timestamp: 1791450316116551999, Sending command (1/1): vcx=0.000,wc=0.000
 [19 bytes written]
[INFO] [1791450316.166611246] [serial_twistctl_node]: [TWIST_RX] Received Twist message - linear.x=0.000, angular.z=0.000, scaled_angular.z=0.000
[INFO] [1791450316.166665414] [serial_twistctl_node]: [SERIAL_TX] Timestamp: 1791450316166653765, Sending command (1/1): vcx=0.000,wc=0.000
 [19 bytes written]
[INFO] [1791450316.216741787] [serial_twistctl_node]: [TWIST_RX] Received Twist message - linear.x=0.000, angular.z=0.000, scaled_angular.z=0.000
[INFO] [1791450316.216798678] [serial_twistctl_node]: [SERIAL_TX] Timestamp: 1791450316216785477, Sending command (1/1): vcx=0.000,wc=0.000
 [19 bytes written]
[INFO] [1791450316.266496290] [serial_twistctl_node]: [TWIST_RX] Received Twist message - linear.x=0.000, angular.z=0.000, scaled_angular.z=0.000
[INFO] [1791450316.266551631] [serial_twistctl_node]: [SERIAL_TX] Timestamp: 1791450316266539236, Sending command (1/1): vcx=0.000,wc=0.000
 [19 bytes written]
[INFO] [1791450316.316529566] [serial_twistctl_node]: [TWIST_RX] Received Twist message - linear.x=0.000, angular.z=0.000, scaled_angular.z=0.000
[INFO] [1791450316.316585646] [serial_twistctl_node]: [SERIAL_TX] Timestamp: 1791450316316573198, Sending command (1/1): vcx=0.000,wc=0.000
 [19 bytes written]
[INFO] [1791450316.366614452] [serial_twistctl_node]: [TWIST_RX] Received Twist message - linear.x=0.000, angular.z=0.000, scaled_angular.z=0.000
[INFO] [1791450316.366680931] [serial_twistctl_node]: [SERIAL_TX] Timestamp: 1791450316366667439, Sending command (1/1): vcx=0.000,wc=0.000
 [19 bytes written]
[INFO] [1791450316.416339417] [serial_twistctl_node]: [TWIST_RX] Received Twist message - linear.x=0.000, angular.z=0.000, scaled_angular.z=0.000
[INFO] [1791450316.416396394] [serial_twistctl_node]: [SERIAL_TX] Timestamp: 1791450316416383855, Sending command (1/1): vcx=0.000,wc=0.000
 [19 bytes written]
[INFO] [1791450316.466505679] [serial_twistctl_node]: [TWIST_RX] Received Twist message - linear.x=0.000, angular.z=0.000, scaled_angular.z=0.000
[INFO] [1791450316.466560192] [serial_twistctl_node]: [SERIAL_TX] Timestamp: 1791450316466547770, Sending command (1/1): vcx=0.000,wc=0.000
 [19 bytes written]
[INFO] [1791450316.516340315] [serial_twistctl_node]: [TWIST_RX] Received Twist message - linear.x=0.000, angular.z=0.000, scaled_angular.z=0.000
[INFO] [1791450316.516401418] [serial_twistctl_node]: [SERIAL_TX] Timestamp: 1791450316516384304, Sending command (1/1): vcx=0.000,wc=0.000
 [19 bytes written]
[INFO] [1791450316.566533335] [serial_twistctl_node]: [TWIST_RX] Received Twist message - linear.x=0.000, angular.z=0.000, scaled_angular.z=0.000
[INFO] [1791450316.566590396] [serial_twistctl_node]: [SERIAL_TX] Timestamp: 1791450316566576609, Sending command (1/1): vcx=0.000,wc=0.000
 [19 bytes written]
[INFO] [1791450316.616341122] [serial_twistctl_node]: [TWIST_RX] Received Twist message - linear.x=0.000, angular.z=0.000, scaled_angular.z=0.000
[INFO] [1791450316.616403311] [serial_twistctl_node]: [SERIAL_TX] Timestamp: 1791450316616390532, Sending command (1/1): vcx=0.000,wc=0.000
 [19 bytes written]
[INFO] [1791450316.666430832] [serial_twistctl_node]: [TWIST_RX] Received Twist message - linear.x=0.000, angular.z=0.000, scaled_angular.z=0.000
[INFO] [1791450316.666497730] [serial_twistctl_node]: [SERIAL_TX] Timestamp: 1791450316666485474, Sending command (1/1): vcx=0.000,wc=0.000
 [19 bytes written]
[INFO] [1791450316.716408440] [serial_twistctl_node]: [TWIST_RX] Received Twist message - linear.x=0.000, angular.z=0.000, scaled_angular.z=0.000
[INFO] [1791450316.716462943] [serial_twistctl_node]: [SERIAL_TX] Timestamp: 1791450316716449763, Sending command (1/1): vcx=0.000,wc=0.000
 [19 bytes written]
[INFO] [1791450316.766428923] [serial_twistctl_node]: [TWIST_RX] Received Twist message - linear.x=0.000, angular.z=0.000, scaled_angular.z=0.000
[INFO] [1791450316.766486789] [serial_twistctl_node]: [SERIAL_TX] Timestamp: 1791450316766474143, Sending command (1/1): vcx=0.000,wc=0.000
 [19 bytes written]
[INFO] [1791450316.816498555] [serial_twistctl_node]: [TWIST_RX] Received Twist message - linear.x=0.000, angular.z=0.000, scaled_angular.z=0.000
[INFO] [1791450316.816559152] [serial_twistctl_node]: [SERIAL_TX] Timestamp: 1791450316816545836, Sending command (1/1): vcx=0.000,wc=0.000
 [19 bytes written]
[INFO] [1791450316.866424633] [serial_twistctl_node]: [TWIST_RX] Received Twist message - linear.x=0.000, angular.z=0.000, scaled_angular.z=0.000
[INFO] [1791450316.866484610] [serial_twistctl_node]: [SERIAL_TX] Timestamp: 1791450316866472876, Sending command (1/1): vcx=0.000,wc=0.000
 [19 bytes written]
[INFO] [1791450316.916508534] [serial_twistctl_node]: [TWIST_RX] Received Twist message - linear.x=0.000, angular.z=0.000, scaled_angular.z=0.000
[INFO] [1791450316.916564113] [serial_twistctl_node]: [SERIAL_TX] Timestamp: 1791450316916551326, Sending command (1/1): vcx=0.000,wc=0.000
 [19 bytes written]
[INFO] [1791450316.966575504] [serial_twistctl_node]: [TWIST_RX] Received Twist message - linear.x=0.000, angular.z=0.000, scaled_angular.z=0.000
[INFO] [1791450316.966640270] [serial_twistctl_node]: [SERIAL_TX] Timestamp: 1791450316966625043, Sending command (1/1): vcx=0.000,wc=0.000
 [19 bytes written]
[INFO] [1791450317.016673602] [serial_twistctl_node]: [TWIST_RX] Received Twist message - linear.x=0.000, angular.z=0.000, scaled_angular.z=0.000
[INFO] [1791450317.016739362] [serial_twistctl_node]: [SERIAL_TX] Timestamp: 1791450317016725384, Sending command (1/1): vcx=0.000,wc=0.000
 [19 bytes written]
[INFO] [1791450317.066693860] [serial_twistctl_node]: [TWIST_RX] Received Twist message - linear.x=0.000, angular.z=0.000, scaled_angular.z=0.000
[INFO] [1791450317.066752366] [serial_twistctl_node]: [SERIAL_TX] Timestamp: 1791450317066739110, Sending command (1/1): vcx=0.000,wc=0.000
 [19 bytes written]
[INFO] [1791450317.116564905] [serial_twistctl_node]: [TWIST_RX] Received Twist message - linear.x=0.000, angular.z=0.000, scaled_angular.z=0.000
[INFO] [1791450317.116636487] [serial_twistctl_node]: [SERIAL_TX] Timestamp: 1791450317116622267, Sending command (1/1): vcx=0.000,wc=0.000
 [19 bytes written]
[INFO] [1791450317.166611750] [serial_twistctl_node]: [TWIST_RX] Received Twist message - linear.x=0.000, angular.z=0.000, scaled_angular.z=0.000
[INFO] [1791450317.166669923] [serial_twistctl_node]: [SERIAL_TX] Timestamp: 1791450317166654147, Sending command (1/1): vcx=0.000,wc=0.000
 [19 bytes written]
[INFO] [1791450317.216439454] [serial_twistctl_node]: [TWIST_RX] Received Twist message - linear.x=0.000, angular.z=0.000, scaled_angular.z=0.000
[INFO] [1791450317.216496074] [serial_twistctl_node]: [SERIAL_TX] Timestamp: 1791450317216484393, Sending command (1/1): vcx=0.000,wc=0.000
 [19 bytes written]
[INFO] [1791450317.266700995] [serial_twistctl_node]: [TWIST_RX] Received Twist message - linear.x=0.000, angular.z=0.000, scaled_angular.z=0.000
[INFO] [1791450317.266756603] [serial_twistctl_node]: [SERIAL_TX] Timestamp: 1791450317266744528, Sending command (1/1): vcx=0.000,wc=0.000
 [19 bytes written]
[INFO] [1791450317.316621369] [serial_twistctl_node]: [TWIST_RX] Received Twist message - linear.x=0.000, angular.z=0.000, scaled_angular.z=0.000
[INFO] [1791450317.316680636] [serial_twistctl_node]: [SERIAL_TX] Timestamp: 1791450317316667697, Sending command (1/1): vcx=0.000,wc=0.000
 [19 bytes written]
[INFO] [1791450317.366451249] [serial_twistctl_node]: [TWIST_RX] Received Twist message - linear.x=0.000, angular.z=0.000, scaled_angular.z=0.000
[INFO] [1791450317.366505548] [serial_twistctl_node]: [SERIAL_TX] Timestamp: 1791450317366494321, Sending command (1/1): vcx=0.000,wc=0.000
 [19 bytes written]
[INFO] [1791450317.416352625] [serial_twistctl_node]: [TWIST_RX] Received Twist message - linear.x=0.000, angular.z=0.000, scaled_angular.z=0.000
[INFO] [1791450317.416399783] [serial_twistctl_node]: [SERIAL_TX] Timestamp: 1791450317416389360, Sending command (1/1): vcx=0.000,wc=0.000
 [19 bytes written]
[INFO] [1791450317.466499601] [serial_twistctl_node]: [TWIST_RX] Received Twist message - linear.x=0.000, angular.z=0.000, scaled_angular.z=0.000
[INFO] [1791450317.466546093] [serial_twistctl_node]: [SERIAL_TX] Timestamp: 1791450317466536545, Sending command (1/1): vcx=0.000,wc=0.000
 [19 bytes written]
[INFO] [1791450317.516620282] [serial_twistctl_node]: [TWIST_RX] Received Twist message - linear.x=0.000, angular.z=0.000, scaled_angular.z=0.000
[INFO] [1791450317.516667796] [serial_twistctl_node]: [SERIAL_TX] Timestamp: 1791450317516656257, Sending command (1/1): vcx=0.000,wc=0.000
 [19 bytes written]
[INFO] [1791450317.566677608] [serial_twistctl_node]: [TWIST_RX] Received Twist message - linear.x=0.000, angular.z=0.000, scaled_angular.z=0.000
[INFO] [1791450317.566718537] [serial_twistctl_node]: [SERIAL_TX] Timestamp: 1791450317566709104, Sending command (1/1): vcx=0.000,wc=0.000
 [19 bytes written]
[INFO] [1791450317.616383801] [serial_twistctl_node]: [TWIST_RX] Received Twist message - linear.x=0.000, angular.z=0.000, scaled_angular.z=0.000
[INFO] [1791450317.616450276] [serial_twistctl_node]: [SERIAL_TX] Timestamp: 1791450317616440737, Sending command (1/1): vcx=0.000,wc=0.000
 [19 bytes written]
[INFO] [1791450317.666494000] [serial_twistctl_node]: [TWIST_RX] Received Twist message - linear.x=0.000, angular.z=0.000, scaled_angular.z=0.000
[INFO] [1791450317.666533551] [serial_twistctl_node]: [SERIAL_TX] Timestamp: 1791450317666525935, Sending command (1/1): vcx=0.000,wc=0.000
 [19 bytes written]
[INFO] [1791450317.716557618] [serial_twistctl_node]: [TWIST_RX] Received Twist message - linear.x=0.000, angular.z=0.000, scaled_angular.z=0.000
[INFO] [1791450317.716608091] [serial_twistctl_node]: [SERIAL_TX] Timestamp: 1791450317716598463, Sending command (1/1): vcx=0.000,wc=0.000
 [19 bytes written]
[INFO] [1791450317.766741715] [serial_twistctl_node]: [TWIST_RX] Received Twist message - linear.x=0.042, angular.z=0.000, scaled_angular.z=0.000
[INFO] [1791450317.766782467] [serial_twistctl_node]: [SERIAL_TX] Timestamp: 1791450317766773551, Sending command (1/1): vcx=0.042,wc=0.000
 [19 bytes written]
[INFO] [1791450317.816539008] [serial_twistctl_node]: [TWIST_RX] Received Twist message - linear.x=0.042, angular.z=0.000, scaled_angular.z=0.000
[INFO] [1791450317.816587246] [serial_twistctl_node]: [SERIAL_TX] Timestamp: 1791450317816577320, Sending command (1/1): vcx=0.042,wc=0.000
 [19 bytes written]
[INFO] [1791450317.866536657] [serial_twistctl_node]: [TWIST_RX] Received Twist message - linear.x=0.064, angular.z=0.000, scaled_angular.z=0.000
[INFO] [1791450317.866585235] [serial_twistctl_node]: [SERIAL_TX] Timestamp: 1791450317866574815, Sending command (1/1): vcx=0.064,wc=0.000
 [19 bytes written]
[INFO] [1791450317.916739452] [serial_twistctl_node]: [TWIST_RX] Received Twist message - linear.x=0.085, angular.z=0.000, scaled_angular.z=0.000
[INFO] [1791450317.916787880] [serial_twistctl_node]: [SERIAL_TX] Timestamp: 1791450317916777374, Sending command (1/1): vcx=0.085,wc=0.000
 [19 bytes written]
[INFO] [1791450317.966605327] [serial_twistctl_node]: [TWIST_RX] Received Twist message - linear.x=0.106, angular.z=0.000, scaled_angular.z=0.000
[INFO] [1791450317.966651750] [serial_twistctl_node]: [SERIAL_TX] Timestamp: 1791450317966641085, Sending command (1/1): vcx=0.106,wc=0.000
 [19 bytes written]
[INFO] [1791450318.016733624] [serial_twistctl_node]: [TWIST_RX] Received Twist message - linear.x=0.149, angular.z=0.000, scaled_angular.z=0.000
[INFO] [1791450318.016782101] [serial_twistctl_node]: [SERIAL_TX] Timestamp: 1791450318016771680, Sending command (1/1): vcx=0.149,wc=0.000
 [19 bytes written]
[INFO] [1791450318.066515636] [serial_twistctl_node]: [TWIST_RX] Received Twist message - linear.x=0.170, angular.z=0.000, scaled_angular.z=0.000
[INFO] [1791450318.066568014] [serial_twistctl_node]: [SERIAL_TX] Timestamp: 1791450318066557348, Sending command (1/1): vcx=0.170,wc=0.000
 [19 bytes written]
[INFO] [1791450318.116561204] [serial_twistctl_node]: [TWIST_RX] Received Twist message - linear.x=0.170, angular.z=0.000, scaled_angular.z=0.000
[INFO] [1791450318.116613151] [serial_twistctl_node]: [SERIAL_TX] Timestamp: 1791450318116602603, Sending command (1/1): vcx=0.170,wc=0.000
 [19 bytes written]
[INFO] [1791450318.166679676] [serial_twistctl_node]: [TWIST_RX] Received Twist message - linear.x=0.191, angular.z=0.000, scaled_angular.z=0.000
[INFO] [1791450318.166724605] [serial_twistctl_node]: [SERIAL_TX] Timestamp: 1791450318166713498, Sending command (1/1): vcx=0.191,wc=0.000
 [19 bytes written]
[INFO] [1791450318.216748537] [serial_twistctl_node]: [TWIST_RX] Received Twist message - linear.x=0.217, angular.z=0.000, scaled_angular.z=0.000
[INFO] [1791450318.216792788] [serial_twistctl_node]: [SERIAL_TX] Timestamp: 1791450318216783081, Sending command (1/1): vcx=0.217,wc=0.000
 [19 bytes written]
[INFO] [1791450318.266626507] [serial_twistctl_node]: [TWIST_RX] Received Twist message - linear.x=0.217, angular.z=0.000, scaled_angular.z=0.000
[INFO] [1791450318.266670191] [serial_twistctl_node]: [SERIAL_TX] Timestamp: 1791450318266659948, Sending command (1/1): vcx=0.217,wc=0.000
 [19 bytes written]
[INFO] [1791450318.316529483] [serial_twistctl_node]: [TWIST_RX] Received Twist message - linear.x=0.219, angular.z=0.000, scaled_angular.z=0.000
[INFO] [1791450318.316594427] [serial_twistctl_node]: [SERIAL_TX] Timestamp: 1791450318316577743, Sending command (1/1): vcx=0.219,wc=0.000
 [19 bytes written]
[INFO] [1791450318.366511527] [serial_twistctl_node]: [TWIST_RX] Received Twist message - linear.x=0.221, angular.z=0.000, scaled_angular.z=0.000
[INFO] [1791450318.366570164] [serial_twistctl_node]: [SERIAL_TX] Timestamp: 1791450318366560331, Sending command (1/1): vcx=0.221,wc=0.000
 [19 bytes written]
[INFO] [1791450318.416533630] [serial_twistctl_node]: [TWIST_RX] Received Twist message - linear.x=0.219, angular.z=0.000, scaled_angular.z=0.000
[INFO] [1791450318.416579998] [serial_twistctl_node]: [SERIAL_TX] Timestamp: 1791450318416568621, Sending command (1/1): vcx=0.219,wc=0.000
 [19 bytes written]
[INFO] [1791450318.466474270] [serial_twistctl_node]: [TWIST_RX] Received Twist message - linear.x=0.221, angular.z=0.000, scaled_angular.z=0.000
[INFO] [1791450318.466518877] [serial_twistctl_node]: [SERIAL_TX] Timestamp: 1791450318466508585, Sending command (1/1): vcx=0.221,wc=0.000
 [19 bytes written]
[INFO] [1791450318.516503882] [serial_twistctl_node]: [TWIST_RX] Received Twist message - linear.x=0.218, angular.z=0.000, scaled_angular.z=0.000
[INFO] [1791450318.516548226] [serial_twistctl_node]: [SERIAL_TX] Timestamp: 1791450318516537819, Sending command (1/1): vcx=0.218,wc=0.000
 [19 bytes written]
[INFO] [1791450318.566480763] [serial_twistctl_node]: [TWIST_RX] Received Twist message - linear.x=0.220, angular.z=0.000, scaled_angular.z=0.000
[INFO] [1791450318.566529625] [serial_twistctl_node]: [SERIAL_TX] Timestamp: 1791450318566519178, Sending command (1/1): vcx=0.220,wc=0.000
 [19 bytes written]
[INFO] [1791450318.616513084] [serial_twistctl_node]: [TWIST_RX] Received Twist message - linear.x=0.218, angular.z=0.000, scaled_angular.z=0.000
[INFO] [1791450318.616566830] [serial_twistctl_node]: [SERIAL_TX] Timestamp: 1791450318616555198, Sending command (1/1): vcx=0.218,wc=0.000
 [19 bytes written]
[INFO] [1791450318.666465248] [serial_twistctl_node]: [TWIST_RX] Received Twist message - linear.x=0.220, angular.z=0.000, scaled_angular.z=0.000
[INFO] [1791450318.666515789] [serial_twistctl_node]: [SERIAL_TX] Timestamp: 1791450318666505576, Sending command (1/1): vcx=0.220,wc=0.000
 [19 bytes written]
[INFO] [1791450318.716764011] [serial_twistctl_node]: [TWIST_RX] Received Twist message - linear.x=0.217, angular.z=0.000, scaled_angular.z=0.000
[INFO] [1791450318.716808790] [serial_twistctl_node]: [SERIAL_TX] Timestamp: 1791450318716798136, Sending command (1/1): vcx=0.217,wc=0.000
 [19 bytes written]
[INFO] [1791450318.766607417] [serial_twistctl_node]: [TWIST_RX] Received Twist message - linear.x=0.220, angular.z=0.000, scaled_angular.z=0.000
[INFO] [1791450318.766655874] [serial_twistctl_node]: [SERIAL_TX] Timestamp: 1791450318766641811, Sending command (1/1): vcx=0.220,wc=0.000
 [19 bytes written]
[INFO] [1791450318.816769040] [serial_twistctl_node]: [TWIST_RX] Received Twist message - linear.x=0.216, angular.z=0.000, scaled_angular.z=0.000
[INFO] [1791450318.816813847] [serial_twistctl_node]: [SERIAL_TX] Timestamp: 1791450318816803499, Sending command (1/1): vcx=0.216,wc=0.000
 [19 bytes written]
[INFO] [1791450318.866614003] [serial_twistctl_node]: [TWIST_RX] Received Twist message - linear.x=0.219, angular.z=0.000, scaled_angular.z=0.000
[INFO] [1791450318.866664759] [serial_twistctl_node]: [SERIAL_TX] Timestamp: 1791450318866653577, Sending command (1/1): vcx=0.219,wc=0.000
 [19 bytes written]
[INFO] [1791450318.916672708] [serial_twistctl_node]: [TWIST_RX] Received Twist message - linear.x=0.218, angular.z=0.000, scaled_angular.z=0.000
[INFO] [1791450318.916717956] [serial_twistctl_node]: [SERIAL_TX] Timestamp: 1791450318916706892, Sending command (1/1): vcx=0.218,wc=0.000
 [19 bytes written]
[INFO] [1791450318.966665719] [serial_twistctl_node]: [TWIST_RX] Received Twist message - linear.x=0.218, angular.z=0.000, scaled_angular.z=0.000
[INFO] [1791450318.966714598] [serial_twistctl_node]: [SERIAL_TX] Timestamp: 1791450318966702689, Sending command (1/1): vcx=0.218,wc=0.000
 [19 bytes written]
[INFO] [1791450319.016630943] [serial_twistctl_node]: [TWIST_RX] Received Twist message - linear.x=0.220, angular.z=0.000, scaled_angular.z=0.000
[INFO] [1791450319.016683036] [serial_twistctl_node]: [SERIAL_TX] Timestamp: 1791450319016672523, Sending command (1/1): vcx=0.220,wc=0.000
 [19 bytes written]
[INFO] [1791450319.066839340] [serial_twistctl_node]: [TWIST_RX] Received Twist message - linear.x=0.218, angular.z=0.000, scaled_angular.z=0.000
[INFO] [1791450319.066904374] [serial_twistctl_node]: [SERIAL_TX] Timestamp: 1791450319066892571, Sending command (1/1): vcx=0.218,wc=0.000
 [19 bytes written]
[INFO] [1791450319.116680955] [serial_twistctl_node]: [TWIST_RX] Received Twist message - linear.x=0.217, angular.z=0.000, scaled_angular.z=0.000
[INFO] [1791450319.116730112] [serial_twistctl_node]: [SERIAL_TX] Timestamp: 1791450319116720794, Sending command (1/1): vcx=0.217,wc=0.000
 [19 bytes written]
[INFO] [1791450319.166698944] [serial_twistctl_node]: [TWIST_RX] Received Twist message - linear.x=0.217, angular.z=0.000, scaled_angular.z=0.000
[INFO] [1791450319.166745198] [serial_twistctl_node]: [SERIAL_TX] Timestamp: 1791450319166734942, Sending command (1/1): vcx=0.217,wc=0.000
 [19 bytes written]
[INFO] [1791450319.216482020] [serial_twistctl_node]: [TWIST_RX] Received Twist message - linear.x=0.000, angular.z=0.000, scaled_angular.z=0.000
[INFO] [1791450319.216531655] [serial_twistctl_node]: [SERIAL_TX] Timestamp: 1791450319216521759, Sending command (1/1): vcx=0.000,wc=0.000
 [19 bytes written]
[INFO] [1791450319.266702014] [serial_twistctl_node]: [TWIST_RX] Received Twist message - linear.x=0.000, angular.z=0.000, scaled_angular.z=0.000
[INFO] [1791450319.266747423] [serial_twistctl_node]: [SERIAL_TX] Timestamp: 1791450319266737313, Sending command (1/1): vcx=0.000,wc=0.000
 [19 bytes written]
[INFO] [1791450319.316619509] [serial_twistctl_node]: [TWIST_RX] Received Twist message - linear.x=0.000, angular.z=0.000, scaled_angular.z=0.000
[INFO] [1791450319.316666841] [serial_twistctl_node]: [SERIAL_TX] Timestamp: 1791450319316656059, Sending command (1/1): vcx=0.000,wc=0.000
 [19 bytes written]
[INFO] [1791450319.366655125] [serial_twistctl_node]: [TWIST_RX] Received Twist message - linear.x=0.000, angular.z=0.000, scaled_angular.z=0.000
[INFO] [1791450319.366701691] [serial_twistctl_node]: [SERIAL_TX] Timestamp: 1791450319366691453, Sending command (1/1): vcx=0.000,wc=0.000
 [19 bytes written]
[INFO] [1791450319.416491247] [serial_twistctl_node]: [TWIST_RX] Received Twist message - linear.x=0.000, angular.z=0.000, scaled_angular.z=0.000
[INFO] [1791450319.416538390] [serial_twistctl_node]: [SERIAL_TX] Timestamp: 1791450319416527733, Sending command (1/1): vcx=0.000,wc=0.000
 [19 bytes written]
[INFO] [1791450319.466623735] [serial_twistctl_node]: [TWIST_RX] Received Twist message - linear.x=0.000, angular.z=0.000, scaled_angular.z=0.000
[INFO] [1791450319.466665579] [serial_twistctl_node]: [SERIAL_TX] Timestamp: 1791450319466655753, Sending command (1/1): vcx=0.000,wc=0.000
 [19 bytes written]
[INFO] [1791450319.516554507] [serial_twistctl_node]: [TWIST_RX] Received Twist message - linear.x=0.000, angular.z=0.000, scaled_angular.z=0.000
[INFO] [1791450319.516599742] [serial_twistctl_node]: [SERIAL_TX] Timestamp: 1791450319516588667, Sending command (1/1): vcx=0.000,wc=0.000
 [19 bytes written]
[INFO] [1791450319.566501733] [serial_twistctl_node]: [TWIST_RX] Received Twist message - linear.x=0.000, angular.z=0.000, scaled_angular.z=0.000
[INFO] [1791450319.566545400] [serial_twistctl_node]: [SERIAL_TX] Timestamp: 1791450319566535775, Sending command (1/1): vcx=0.000,wc=0.000
 [19 bytes written]
[INFO] [1791450319.616564742] [serial_twistctl_node]: [TWIST_RX] Received Twist message - linear.x=0.000, angular.z=0.000, scaled_angular.z=0.000
[INFO] [1791450319.616610650] [serial_twistctl_node]: [SERIAL_TX] Timestamp: 1791450319616598947, Sending command (1/1): vcx=0.000,wc=0.000
 [19 bytes written]
[INFO] [1791450319.666419915] [serial_twistctl_node]: [TWIST_RX] Received Twist message - linear.x=0.000, angular.z=0.000, scaled_angular.z=0.000
[INFO] [1791450319.666470848] [serial_twistctl_node]: [SERIAL_TX] Timestamp: 1791450319666459743, Sending command (1/1): vcx=0.000,wc=0.000
 [19 bytes written]
[INFO] [1791450319.716691700] [serial_twistctl_node]: [TWIST_RX] Received Twist message - linear.x=0.000, angular.z=0.000, scaled_angular.z=0.000
[INFO] [1791450319.716751769] [serial_twistctl_node]: [SERIAL_TX] Timestamp: 1791450319716741066, Sending command (1/1): vcx=0.000,wc=0.000
 [19 bytes written]
[INFO] [1791450319.766443791] [serial_twistctl_node]: [TWIST_RX] Received Twist message - linear.x=0.000, angular.z=0.000, scaled_angular.z=0.000
[INFO] [1791450319.766491885] [serial_twistctl_node]: [SERIAL_TX] Timestamp: 1791450319766481246, Sending command (1/1): vcx=0.000,wc=0.000
 [19 bytes written]
[INFO] [1791450319.816567727] [serial_twistctl_node]: [TWIST_RX] Received Twist message - linear.x=0.000, angular.z=0.000, scaled_angular.z=0.000
[INFO] [1791450319.816611594] [serial_twistctl_node]: [SERIAL_TX] Timestamp: 1791450319816601563, Sending command (1/1): vcx=0.000,wc=0.000
 [19 bytes written]
[INFO] [1791450319.866462214] [serial_twistctl_node]: [TWIST_RX] Received Twist message - linear.x=0.000, angular.z=0.000, scaled_angular.z=0.000
[INFO] [1791450319.866506955] [serial_twistctl_node]: [SERIAL_TX] Timestamp: 1791450319866496305, Sending command (1/1): vcx=0.000,wc=0.000
 [19 bytes written]
[INFO] [1791450319.916560857] [serial_twistctl_node]: [TWIST_RX] Received Twist message - linear.x=0.000, angular.z=0.000, scaled_angular.z=0.000
[INFO] [1791450319.916608411] [serial_twistctl_node]: [SERIAL_TX] Timestamp: 1791450319916597273, Sending command (1/1): vcx=0.000,wc=0.000
 [19 bytes written]
[INFO] [1791450319.966540367] [serial_twistctl_node]: [TWIST_RX] Received Twist message - linear.x=0.000, angular.z=0.000, scaled_angular.z=0.000
[INFO] [1791450319.966586829] [serial_twistctl_node]: [SERIAL_TX] Timestamp: 1791450319966574627, Sending command (1/1): vcx=0.000,wc=0.000
 [19 bytes written]
[INFO] [1791450320.016455578] [serial_twistctl_node]: [TWIST_RX] Received Twist message - linear.x=0.000, angular.z=0.000, scaled_angular.z=0.000
[INFO] [1791450320.016507284] [serial_twistctl_node]: [SERIAL_TX] Timestamp: 1791450320016496226, Sending command (1/1): vcx=0.000,wc=0.000
 [19 bytes written]
[INFO] [1791450320.066688214] [serial_twistctl_node]: [TWIST_RX] Received Twist message - linear.x=0.000, angular.z=0.000, scaled_angular.z=0.000
[INFO] [1791450320.066732888] [serial_twistctl_node]: [SERIAL_TX] Timestamp: 1791450320066723009, Sending command (1/1): vcx=0.000,wc=0.000
 [19 bytes written]
[INFO] [1791450320.116675936] [serial_twistctl_node]: [TWIST_RX] Received Twist message - linear.x=0.000, angular.z=0.000, scaled_angular.z=0.000
[INFO] [1791450320.116719849] [serial_twistctl_node]: [SERIAL_TX] Timestamp: 1791450320116709773, Sending command (1/1): vcx=0.000,wc=0.000
 [19 bytes written]
[INFO] [1791450320.166498814] [serial_twistctl_node]: [TWIST_RX] Received Twist message - linear.x=0.000, angular.z=0.000, scaled_angular.z=0.000
[INFO] [1791450320.166548690] [serial_twistctl_node]: [SERIAL_TX] Timestamp: 1791450320166539043, Sending command (1/1): vcx=0.000,wc=0.000
 [19 bytes written]
[INFO] [1791450320.216538798] [serial_twistctl_node]: [TWIST_RX] Received Twist message - linear.x=0.000, angular.z=0.000, scaled_angular.z=0.000
[INFO] [1791450320.216588247] [serial_twistctl_node]: [SERIAL_TX] Timestamp: 1791450320216576553, Sending command (1/1): vcx=0.000,wc=0.000
 [19 bytes written]
[INFO] [1791450320.266562388] [serial_twistctl_node]: [TWIST_RX] Received Twist message - linear.x=0.000, angular.z=0.000, scaled_angular.z=0.000
[INFO] [1791450320.266611015] [serial_twistctl_node]: [SERIAL_TX] Timestamp: 1791450320266601541, Sending command (1/1): vcx=0.000,wc=0.000
 [19 bytes written]
[INFO] [1791450320.316660295] [serial_twistctl_node]: [TWIST_RX] Received Twist message - linear.x=0.000, angular.z=0.000, scaled_angular.z=0.000
[INFO] [1791450320.316707768] [serial_twistctl_node]: [SERIAL_TX] Timestamp: 1791450320316696451, Sending command (1/1): vcx=0.000,wc=0.000
 [19 bytes written]
[INFO] [1791450320.366468807] [serial_twistctl_node]: [TWIST_RX] Received Twist message - linear.x=0.000, angular.z=0.000, scaled_angular.z=0.000
[INFO] [1791450320.366523167] [serial_twistctl_node]: [SERIAL_TX] Timestamp: 1791450320366512443, Sending command (1/1): vcx=0.000,wc=0.000
 [19 bytes written]
[INFO] [1791450320.416643548] [serial_twistctl_node]: [TWIST_RX] Received Twist message - linear.x=0.000, angular.z=0.000, scaled_angular.z=0.000
[INFO] [1791450320.416689585] [serial_twistctl_node]: [SERIAL_TX] Timestamp: 1791450320416677989, Sending command (1/1): vcx=0.000,wc=0.000
 [19 bytes written]
[INFO] [1791450320.466449095] [serial_twistctl_node]: [TWIST_RX] Received Twist message - linear.x=0.000, angular.z=0.000, scaled_angular.z=0.000
[INFO] [1791450320.466496656] [serial_twistctl_node]: [SERIAL_TX] Timestamp: 1791450320466486760, Sending command (1/1): vcx=0.000,wc=0.000
 [19 bytes written]
[INFO] [1791450320.516518888] [serial_twistctl_node]: [TWIST_RX] Received Twist message - linear.x=0.000, angular.z=0.000, scaled_angular.z=0.000
[INFO] [1791450320.516569787] [serial_twistctl_node]: [SERIAL_TX] Timestamp: 1791450320516559493, Sending command (1/1): vcx=0.000,wc=0.000
 [19 bytes written]
[INFO] [1791450320.566543580] [serial_twistctl_node]: [TWIST_RX] Received Twist message - linear.x=0.000, angular.z=0.000, scaled_angular.z=0.000
[INFO] [1791450320.566600864] [serial_twistctl_node]: [SERIAL_TX] Timestamp: 1791450320566586806, Sending command (1/1): vcx=0.000,wc=0.000
 [19 bytes written]
[INFO] [1791450320.616442239] [serial_twistctl_node]: [TWIST_RX] Received Twist message - linear.x=0.000, angular.z=0.000, scaled_angular.z=0.000
[INFO] [1791450320.616505463] [serial_twistctl_node]: [SERIAL_TX] Timestamp: 1791450320616490814, Sending command (1/1): vcx=0.000,wc=0.000
 [19 bytes written]
[INFO] [1791450320.666458465] [serial_twistctl_node]: [TWIST_RX] Received Twist message - linear.x=0.000, angular.z=0.000, scaled_angular.z=0.000
[INFO] [1791450320.666516570] [serial_twistctl_node]: [SERIAL_TX] Timestamp: 1791450320666504153, Sending command (1/1): vcx=0.000,wc=0.000
 [19 bytes written]
[INFO] [1791450320.716524458] [serial_twistctl_node]: [TWIST_RX] Received Twist message - linear.x=0.000, angular.z=0.000, scaled_angular.z=0.000
[INFO] [1791450320.716577151] [serial_twistctl_node]: [SERIAL_TX] Timestamp: 1791450320716564812, Sending command (1/1): vcx=0.000,wc=0.000
 [19 bytes written]
[INFO] [1791450320.766447884] [serial_twistctl_node]: [TWIST_RX] Received Twist message - linear.x=0.000, angular.z=0.000, scaled_angular.z=0.000
[INFO] [1791450320.766499213] [serial_twistctl_node]: [SERIAL_TX] Timestamp: 1791450320766488447, Sending command (1/1): vcx=0.000,wc=0.000
 [19 bytes written]
[INFO] [1791450320.816601123] [serial_twistctl_node]: [TWIST_RX] Received Twist message - linear.x=0.000, angular.z=0.000, scaled_angular.z=0.000
[INFO] [1791450320.816675460] [serial_twistctl_node]: [SERIAL_TX] Timestamp: 1791450320816663511, Sending command (1/1): vcx=0.000,wc=0.000
 [19 bytes written]
[INFO] [1791450320.866388673] [serial_twistctl_node]: [TWIST_RX] Received Twist message - linear.x=0.000, angular.z=0.000, scaled_angular.z=0.000
[INFO] [1791450320.866442441] [serial_twistctl_node]: [SERIAL_TX] Timestamp: 1791450320866431424, Sending command (1/1): vcx=0.000,wc=0.000
 [19 bytes written]
[INFO] [1791450320.916693355] [serial_twistctl_node]: [TWIST_RX] Received Twist message - linear.x=0.000, angular.z=0.000, scaled_angular.z=0.000
[INFO] [1791450320.916750964] [serial_twistctl_node]: [SERIAL_TX] Timestamp: 1791450320916736877, Sending command (1/1): vcx=0.000,wc=0.000
 [19 bytes written]
[INFO] [1791450320.966574037] [serial_twistctl_node]: [TWIST_RX] Received Twist message - linear.x=0.000, angular.z=0.000, scaled_angular.z=0.000
[INFO] [1791450320.966631502] [serial_twistctl_node]: [SERIAL_TX] Timestamp: 1791450320966617868, Sending command (1/1): vcx=0.000,wc=0.000
 [19 bytes written]
[INFO] [1791450321.016509459] [serial_twistctl_node]: [TWIST_RX] Received Twist message - linear.x=0.000, angular.z=0.000, scaled_angular.z=0.000
[INFO] [1791450321.016574706] [serial_twistctl_node]: [SERIAL_TX] Timestamp: 1791450321016560808, Sending command (1/1): vcx=0.000,wc=0.000
 [19 bytes written]
[INFO] [1791450321.066507175] [serial_twistctl_node]: [TWIST_RX] Received Twist message - linear.x=0.000, angular.z=0.000, scaled_angular.z=0.000
[INFO] [1791450321.066581298] [serial_twistctl_node]: [SERIAL_TX] Timestamp: 1791450321066567849, Sending command (1/1): vcx=0.000,wc=0.000
 [19 bytes written]
[INFO] [1791450321.116541878] [serial_twistctl_node]: [TWIST_RX] Received Twist message - linear.x=0.000, angular.z=0.000, scaled_angular.z=0.000
[INFO] [1791450321.116600418] [serial_twistctl_node]: [SERIAL_TX] Timestamp: 1791450321116586232, Sending command (1/1): vcx=0.000,wc=0.000
 [19 bytes written]
[INFO] [1791450321.166444628] [serial_twistctl_node]: [TWIST_RX] Received Twist message - linear.x=0.000, angular.z=0.000, scaled_angular.z=0.000
[INFO] [1791450321.166499133] [serial_twistctl_node]: [SERIAL_TX] Timestamp: 1791450321166486703, Sending command (1/1): vcx=0.000,wc=0.000
 [19 bytes written]
[INFO] [1791450321.216564807] [serial_twistctl_node]: [TWIST_RX] Received Twist message - linear.x=0.000, angular.z=0.000, scaled_angular.z=0.000
[INFO] [1791450321.216623670] [serial_twistctl_node]: [SERIAL_TX] Timestamp: 1791450321216609848, Sending command (1/1): vcx=0.000,wc=0.000
 [19 bytes written]
[INFO] [1791450321.266490258] [serial_twistctl_node]: [TWIST_RX] Received Twist message - linear.x=0.000, angular.z=0.000, scaled_angular.z=0.000
[INFO] [1791450321.266548402] [serial_twistctl_node]: [SERIAL_TX] Timestamp: 1791450321266533606, Sending command (1/1): vcx=0.000,wc=0.000
 [19 bytes written]
[INFO] [1791450321.316480252] [serial_twistctl_node]: [TWIST_RX] Received Twist message - linear.x=0.000, angular.z=0.000, scaled_angular.z=0.000
[INFO] [1791450321.316536489] [serial_twistctl_node]: [SERIAL_TX] Timestamp: 1791450321316523501, Sending command (1/1): vcx=0.000,wc=0.000
 [19 bytes written]
[INFO] [1791450321.366499658] [serial_twistctl_node]: [TWIST_RX] Received Twist message - linear.x=0.000, angular.z=0.000, scaled_angular.z=0.000
[INFO] [1791450321.366555681] [serial_twistctl_node]: [SERIAL_TX] Timestamp: 1791450321366542196, Sending command (1/1): vcx=0.000,wc=0.000
 [19 bytes written]
[INFO] [1791450321.416641786] [serial_twistctl_node]: [TWIST_RX] Received Twist message - linear.x=0.000, angular.z=0.000, scaled_angular.z=0.000
[INFO] [1791450321.416698657] [serial_twistctl_node]: [SERIAL_TX] Timestamp: 1791450321416685953, Sending command (1/1): vcx=0.000,wc=0.000
 [19 bytes written]
[INFO] [1791450321.466641074] [serial_twistctl_node]: [TWIST_RX] Received Twist message - linear.x=0.000, angular.z=0.000, scaled_angular.z=0.000
[INFO] [1791450321.466699010] [serial_twistctl_node]: [SERIAL_TX] Timestamp: 1791450321466685128, Sending command (1/1): vcx=0.000,wc=0.000
 [19 bytes written]
[INFO] [1791450321.516606273] [serial_twistctl_node]: [TWIST_RX] Received Twist message - linear.x=0.000, angular.z=0.000, scaled_angular.z=0.000
[INFO] [1791450321.516671544] [serial_twistctl_node]: [SERIAL_TX] Timestamp: 1791450321516657427, Sending command (1/1): vcx=0.000,wc=0.000
 [19 bytes written]
[INFO] [1791450321.566521369] [serial_twistctl_node]: [TWIST_RX] Received Twist message - linear.x=0.000, angular.z=0.000, scaled_angular.z=0.000
[INFO] [1791450321.566666215] [serial_twistctl_node]: [SERIAL_TX] Timestamp: 1791450321566648344, Sending command (1/1): vcx=0.000,wc=0.000
 [19 bytes written]
[INFO] [1791450321.616405926] [serial_twistctl_node]: [TWIST_RX] Received Twist message - linear.x=0.000, angular.z=0.000, scaled_angular.z=0.000
[INFO] [1791450321.616466590] [serial_twistctl_node]: [SERIAL_TX] Timestamp: 1791450321616452216, Sending command (1/1): vcx=0.000,wc=0.000
 [19 bytes written]
[INFO] [1791450321.666502555] [serial_twistctl_node]: [TWIST_RX] Received Twist message - linear.x=0.000, angular.z=0.000, scaled_angular.z=0.000
[INFO] [1791450321.666560665] [serial_twistctl_node]: [SERIAL_TX] Timestamp: 1791450321666546731, Sending command (1/1): vcx=0.000,wc=0.000
 [19 bytes written]
[INFO] [1791450321.716496101] [serial_twistctl_node]: [TWIST_RX] Received Twist message - linear.x=0.000, angular.z=0.000, scaled_angular.z=0.000
[INFO] [1791450321.716561367] [serial_twistctl_node]: [SERIAL_TX] Timestamp: 1791450321716546987, Sending command (1/1): vcx=0.000,wc=0.000
 [19 bytes written]
[INFO] [1791450321.766721311] [serial_twistctl_node]: [TWIST_RX] Received Twist message - linear.x=0.000, angular.z=0.000, scaled_angular.z=0.000
[INFO] [1791450321.766776299] [serial_twistctl_node]: [SERIAL_TX] Timestamp: 1791450321766764352, Sending command (1/1): vcx=0.000,wc=0.000
 [19 bytes written]
[INFO] [1791450321.816626327] [serial_twistctl_node]: [TWIST_RX] Received Twist message - linear.x=0.000, angular.z=0.000, scaled_angular.z=0.000
[INFO] [1791450321.816681754] [serial_twistctl_node]: [SERIAL_TX] Timestamp: 1791450321816669206, Sending command (1/1): vcx=0.000,wc=0.000
 [19 bytes written]
[INFO] [1791450321.866763167] [serial_twistctl_node]: [TWIST_RX] Received Twist message - linear.x=0.000, angular.z=0.000, scaled_angular.z=0.000
[INFO] [1791450321.866827190] [serial_twistctl_node]: [SERIAL_TX] Timestamp: 1791450321866813198, Sending command (1/1): vcx=0.000,wc=0.000
 [19 bytes written]
[INFO] [1791450321.916643196] [serial_twistctl_node]: [TWIST_RX] Received Twist message - linear.x=0.000, angular.z=0.000, scaled_angular.z=0.000
[INFO] [1791450321.916698821] [serial_twistctl_node]: [SERIAL_TX] Timestamp: 1791450321916685670, Sending command (1/1): vcx=0.000,wc=0.000
 [19 bytes written]
[INFO] [1791450321.966446023] [serial_twistctl_node]: [TWIST_RX] Received Twist message - linear.x=0.000, angular.z=0.000, scaled_angular.z=0.000
[INFO] [1791450321.966506225] [serial_twistctl_node]: [SERIAL_TX] Timestamp: 1791450321966493736, Sending command (1/1): vcx=0.000,wc=0.000
 [19 bytes written]
[INFO] [1791450322.016718175] [serial_twistctl_node]: [TWIST_RX] Received Twist message - linear.x=0.000, angular.z=0.000, scaled_angular.z=0.000
[INFO] [1791450322.016778953] [serial_twistctl_node]: [SERIAL_TX] Timestamp: 1791450322016766100, Sending command (1/1): vcx=0.000,wc=0.000
 [19 bytes written]
[INFO] [1791450322.066570365] [serial_twistctl_node]: [TWIST_RX] Received Twist message - linear.x=0.000, angular.z=0.000, scaled_angular.z=0.000
[INFO] [1791450322.066625060] [serial_twistctl_node]: [SERIAL_TX] Timestamp: 1791450322066612801, Sending command (1/1): vcx=0.000,wc=0.000
 [19 bytes written]
[INFO] [1791450322.116575855] [serial_twistctl_node]: [TWIST_RX] Received Twist message - linear.x=0.000, angular.z=0.000, scaled_angular.z=0.000
[INFO] [1791450322.116629547] [serial_twistctl_node]: [SERIAL_TX] Timestamp: 1791450322116616471, Sending command (1/1): vcx=0.000,wc=0.000
 [19 bytes written]
[INFO] [1791450322.166654670] [serial_twistctl_node]: [TWIST_RX] Received Twist message - linear.x=0.021, angular.z=0.000, scaled_angular.z=0.000
[INFO] [1791450322.166713791] [serial_twistctl_node]: [SERIAL_TX] Timestamp: 1791450322166701041, Sending command (1/1): vcx=0.021,wc=0.000
 [19 bytes written]
[INFO] [1791450322.216493633] [serial_twistctl_node]: [TWIST_RX] Received Twist message - linear.x=0.043, angular.z=0.000, scaled_angular.z=0.000
[INFO] [1791450322.216549415] [serial_twistctl_node]: [SERIAL_TX] Timestamp: 1791450322216538228, Sending command (1/1): vcx=0.043,wc=0.000
 [19 bytes written]
[INFO] [1791450322.266751447] [serial_twistctl_node]: [TWIST_RX] Received Twist message - linear.x=0.064, angular.z=0.000, scaled_angular.z=0.000
[INFO] [1791450322.266812458] [serial_twistctl_node]: [SERIAL_TX] Timestamp: 1791450322266798999, Sending command (1/1): vcx=0.064,wc=0.000
 [19 bytes written]
[INFO] [1791450322.316385877] [serial_twistctl_node]: [TWIST_RX] Received Twist message - linear.x=0.085, angular.z=0.000, scaled_angular.z=0.000
[INFO] [1791450322.316446845] [serial_twistctl_node]: [SERIAL_TX] Timestamp: 1791450322316432785, Sending command (1/1): vcx=0.085,wc=0.000
 [19 bytes written]
[INFO] [1791450322.366641095] [serial_twistctl_node]: [TWIST_RX] Received Twist message - linear.x=0.106, angular.z=0.000, scaled_angular.z=0.000
[INFO] [1791450322.366701254] [serial_twistctl_node]: [SERIAL_TX] Timestamp: 1791450322366688037, Sending command (1/1): vcx=0.106,wc=0.000
 [19 bytes written]
[INFO] [1791450322.416426897] [serial_twistctl_node]: [TWIST_RX] Received Twist message - linear.x=0.149, angular.z=0.000, scaled_angular.z=0.000
[INFO] [1791450322.416485902] [serial_twistctl_node]: [SERIAL_TX] Timestamp: 1791450322416472254, Sending command (1/1): vcx=0.149,wc=0.000
 [19 bytes written]
[INFO] [1791450322.466680238] [serial_twistctl_node]: [TWIST_RX] Received Twist message - linear.x=0.149, angular.z=0.000, scaled_angular.z=0.000
[INFO] [1791450322.466740183] [serial_twistctl_node]: [SERIAL_TX] Timestamp: 1791450322466725769, Sending command (1/1): vcx=0.149,wc=0.000
 [19 bytes written]
[INFO] [1791450322.516708429] [serial_twistctl_node]: [TWIST_RX] Received Twist message - linear.x=0.191, angular.z=0.000, scaled_angular.z=0.000
[INFO] [1791450322.516767774] [serial_twistctl_node]: [SERIAL_TX] Timestamp: 1791450322516752991, Sending command (1/1): vcx=0.191,wc=0.000
 [19 bytes written]
[INFO] [1791450322.566608743] [serial_twistctl_node]: [TWIST_RX] Received Twist message - linear.x=0.191, angular.z=0.000, scaled_angular.z=0.000
[INFO] [1791450322.566667792] [serial_twistctl_node]: [SERIAL_TX] Timestamp: 1791450322566654077, Sending command (1/1): vcx=0.191,wc=0.000
 [19 bytes written]
[INFO] [1791450322.616462507] [serial_twistctl_node]: [TWIST_RX] Received Twist message - linear.x=0.213, angular.z=0.000, scaled_angular.z=0.000
[INFO] [1791450322.616526782] [serial_twistctl_node]: [SERIAL_TX] Timestamp: 1791450322616511815, Sending command (1/1): vcx=0.213,wc=0.000
 [19 bytes written]
[INFO] [1791450322.666732751] [serial_twistctl_node]: [TWIST_RX] Received Twist message - linear.x=0.220, angular.z=0.000, scaled_angular.z=0.000
[INFO] [1791450322.666788457] [serial_twistctl_node]: [SERIAL_TX] Timestamp: 1791450322666776595, Sending command (1/1): vcx=0.220,wc=0.000
 [19 bytes written]
[INFO] [1791450322.716545882] [serial_twistctl_node]: [TWIST_RX] Received Twist message - linear.x=0.218, angular.z=0.000, scaled_angular.z=0.000
[INFO] [1791450322.716606846] [serial_twistctl_node]: [SERIAL_TX] Timestamp: 1791450322716592981, Sending command (1/1): vcx=0.218,wc=0.000
 [19 bytes written]
[INFO] [1791450322.766514888] [serial_twistctl_node]: [TWIST_RX] Received Twist message - linear.x=0.220, angular.z=0.000, scaled_angular.z=0.000
[INFO] [1791450322.766574539] [serial_twistctl_node]: [SERIAL_TX] Timestamp: 1791450322766561329, Sending command (1/1): vcx=0.220,wc=0.000
 [19 bytes written]
[INFO] [1791450322.816594174] [serial_twistctl_node]: [TWIST_RX] Received Twist message - linear.x=0.217, angular.z=0.000, scaled_angular.z=0.000
[INFO] [1791450322.816660116] [serial_twistctl_node]: [SERIAL_TX] Timestamp: 1791450322816644570, Sending command (1/1): vcx=0.217,wc=0.000
 [19 bytes written]
[INFO] [1791450322.866489102] [serial_twistctl_node]: [TWIST_RX] Received Twist message - linear.x=0.220, angular.z=0.000, scaled_angular.z=0.000
[INFO] [1791450322.866548908] [serial_twistctl_node]: [SERIAL_TX] Timestamp: 1791450322866534981, Sending command (1/1): vcx=0.220,wc=0.000
 [19 bytes written]
[INFO] [1791450322.916825023] [serial_twistctl_node]: [TWIST_RX] Received Twist message - linear.x=0.221, angular.z=0.000, scaled_angular.z=0.000
[INFO] [1791450322.916884145] [serial_twistctl_node]: [SERIAL_TX] Timestamp: 1791450322916870316, Sending command (1/1): vcx=0.221,wc=0.000
 [19 bytes written]
[INFO] [1791450322.966736894] [serial_twistctl_node]: [TWIST_RX] Received Twist message - linear.x=0.219, angular.z=0.000, scaled_angular.z=0.000
[INFO] [1791450322.966793494] [serial_twistctl_node]: [SERIAL_TX] Timestamp: 1791450322966780341, Sending command (1/1): vcx=0.219,wc=0.000
 [19 bytes written]
[INFO] [1791450323.016700551] [serial_twistctl_node]: [TWIST_RX] Received Twist message - linear.x=0.221, angular.z=0.000, scaled_angular.z=0.000
[INFO] [1791450323.016764228] [serial_twistctl_node]: [SERIAL_TX] Timestamp: 1791450323016749753, Sending command (1/1): vcx=0.221,wc=0.000
 [19 bytes written]
[INFO] [1791450323.066812845] [serial_twistctl_node]: [TWIST_RX] Received Twist message - linear.x=0.218, angular.z=0.000, scaled_angular.z=0.000
[INFO] [1791450323.066890456] [serial_twistctl_node]: [SERIAL_TX] Timestamp: 1791450323066877246, Sending command (1/1): vcx=0.218,wc=0.000
 [19 bytes written]
[INFO] [1791450323.116511101] [serial_twistctl_node]: [TWIST_RX] Received Twist message - linear.x=0.220, angular.z=0.000, scaled_angular.z=0.000
[INFO] [1791450323.116568755] [serial_twistctl_node]: [SERIAL_TX] Timestamp: 1791450323116555746, Sending command (1/1): vcx=0.220,wc=0.000
 [19 bytes written]
[INFO] [1791450323.166684937] [serial_twistctl_node]: [TWIST_RX] Received Twist message - linear.x=0.217, angular.z=0.000, scaled_angular.z=0.000
[INFO] [1791450323.166745418] [serial_twistctl_node]: [SERIAL_TX] Timestamp: 1791450323166731041, Sending command (1/1): vcx=0.217,wc=0.000
 [19 bytes written]
[INFO] [1791450323.216442566] [serial_twistctl_node]: [TWIST_RX] Received Twist message - linear.x=0.220, angular.z=0.000, scaled_angular.z=0.000
[INFO] [1791450323.216502385] [serial_twistctl_node]: [SERIAL_TX] Timestamp: 1791450323216490209, Sending command (1/1): vcx=0.220,wc=0.000
 [19 bytes written]
[INFO] [1791450323.266695347] [serial_twistctl_node]: [TWIST_RX] Received Twist message - linear.x=0.217, angular.z=0.000, scaled_angular.z=0.000
[INFO] [1791450323.266758475] [serial_twistctl_node]: [SERIAL_TX] Timestamp: 1791450323266745650, Sending command (1/1): vcx=0.217,wc=0.000
 [19 bytes written]
[INFO] [1791450323.316394051] [serial_twistctl_node]: [TWIST_RX] Received Twist message - linear.x=0.219, angular.z=0.000, scaled_angular.z=0.000
[INFO] [1791450323.316455517] [serial_twistctl_node]: [SERIAL_TX] Timestamp: 1791450323316441403, Sending command (1/1): vcx=0.219,wc=0.000
 [19 bytes written]
[INFO] [1791450323.366635893] [serial_twistctl_node]: [TWIST_RX] Received Twist message - linear.x=0.221, angular.z=0.000, scaled_angular.z=0.000
[INFO] [1791450323.366694452] [serial_twistctl_node]: [SERIAL_TX] Timestamp: 1791450323366681686, Sending command (1/1): vcx=0.221,wc=0.000
 [19 bytes written]
[INFO] [1791450323.416627080] [serial_twistctl_node]: [TWIST_RX] Received Twist message - linear.x=0.219, angular.z=0.000, scaled_angular.z=0.000
[INFO] [1791450323.416682739] [serial_twistctl_node]: [SERIAL_TX] Timestamp: 1791450323416668775, Sending command (1/1): vcx=0.219,wc=0.000
 [19 bytes written]
[INFO] [1791450323.466735582] [serial_twistctl_node]: [TWIST_RX] Received Twist message - linear.x=0.221, angular.z=0.000, scaled_angular.z=0.000
[INFO] [1791450323.466803761] [serial_twistctl_node]: [SERIAL_TX] Timestamp: 1791450323466789002, Sending command (1/1): vcx=0.221,wc=0.000
 [19 bytes written]
[INFO] [1791450323.516744593] [serial_twistctl_node]: [TWIST_RX] Received Twist message - linear.x=0.218, angular.z=0.000, scaled_angular.z=0.000
[INFO] [1791450323.516791704] [serial_twistctl_node]: [SERIAL_TX] Timestamp: 1791450323516781182, Sending command (1/1): vcx=0.218,wc=0.000
 [19 bytes written]
[INFO] [1791450323.566722337] [serial_twistctl_node]: [TWIST_RX] Received Twist message - linear.x=0.220, angular.z=0.000, scaled_angular.z=0.000
[INFO] [1791450323.566774659] [serial_twistctl_node]: [SERIAL_TX] Timestamp: 1791450323566764357, Sending command (1/1): vcx=0.220,wc=0.000
 [19 bytes written]
[INFO] [1791450323.616500562] [serial_twistctl_node]: [TWIST_RX] Received Twist message - linear.x=0.000, angular.z=0.000, scaled_angular.z=0.000
[INFO] [1791450323.616548598] [serial_twistctl_node]: [SERIAL_TX] Timestamp: 1791450323616537740, Sending command (1/1): vcx=0.000,wc=0.000
 [19 bytes written]
[INFO] [1791450323.666400940] [serial_twistctl_node]: [TWIST_RX] Received Twist message - linear.x=0.000, angular.z=0.000, scaled_angular.z=0.000
[INFO] [1791450323.666444048] [serial_twistctl_node]: [SERIAL_TX] Timestamp: 1791450323666433596, Sending command (1/1): vcx=0.000,wc=0.000
 [19 bytes written]
[INFO] [1791450323.716390144] [serial_twistctl_node]: [TWIST_RX] Received Twist message - linear.x=0.000, angular.z=0.000, scaled_angular.z=0.000
[INFO] [1791450323.716463861] [serial_twistctl_node]: [SERIAL_TX] Timestamp: 1791450323716447273, Sending command (1/1): vcx=0.000,wc=0.000
 [19 bytes written]
[INFO] [1791450323.766524252] [serial_twistctl_node]: [TWIST_RX] Received Twist message - linear.x=0.000, angular.z=0.000, scaled_angular.z=0.000
[INFO] [1791450323.766567726] [serial_twistctl_node]: [SERIAL_TX] Timestamp: 1791450323766557720, Sending command (1/1): vcx=0.000,wc=0.000
 [19 bytes written]
[INFO] [1791450323.816622501] [serial_twistctl_node]: [TWIST_RX] Received Twist message - linear.x=0.000, angular.z=0.000, scaled_angular.z=0.000
[INFO] [1791450323.816681528] [serial_twistctl_node]: [SERIAL_TX] Timestamp: 1791450323816670425, Sending command (1/1): vcx=0.000,wc=0.000
 [19 bytes written]
[INFO] [1791450323.866813680] [serial_twistctl_node]: [TWIST_RX] Received Twist message - linear.x=0.000, angular.z=0.000, scaled_angular.z=0.000
[INFO] [1791450323.866863590] [serial_twistctl_node]: [SERIAL_TX] Timestamp: 1791450323866853075, Sending command (1/1): vcx=0.000,wc=0.000
 [19 bytes written]
[INFO] [1791450323.916593082] [serial_twistctl_node]: [TWIST_RX] Received Twist message - linear.x=0.000, angular.z=0.000, scaled_angular.z=0.000
[INFO] [1791450323.916639642] [serial_twistctl_node]: [SERIAL_TX] Timestamp: 1791450323916629480, Sending command (1/1): vcx=0.000,wc=0.000
 [19 bytes written]
[INFO] [1791450323.966316325] [serial_twistctl_node]: [TWIST_RX] Received Twist message - linear.x=0.000, angular.z=0.000, scaled_angular.z=0.000
[INFO] [1791450323.966357973] [serial_twistctl_node]: [SERIAL_TX] Timestamp: 1791450323966348221, Sending command (1/1): vcx=0.000,wc=0.000
 [19 bytes written]
[INFO] [1791450324.016585748] [serial_twistctl_node]: [TWIST_RX] Received Twist message - linear.x=0.000, angular.z=0.000, scaled_angular.z=0.000
[INFO] [1791450324.016632488] [serial_twistctl_node]: [SERIAL_TX] Timestamp: 1791450324016623232, Sending command (1/1): vcx=0.000,wc=0.000
 [19 bytes written]
[INFO] [1791450324.066508893] [serial_twistctl_node]: [TWIST_RX] Received Twist message - linear.x=0.000, angular.z=0.000, scaled_angular.z=0.000
[INFO] [1791450324.066552992] [serial_twistctl_node]: [SERIAL_TX] Timestamp: 1791450324066543381, Sending command (1/1): vcx=0.000,wc=0.000
 [19 bytes written]
[INFO] [1791450324.116429603] [serial_twistctl_node]: [TWIST_RX] Received Twist message - linear.x=0.000, angular.z=0.000, scaled_angular.z=0.000
[INFO] [1791450324.116473914] [serial_twistctl_node]: [SERIAL_TX] Timestamp: 1791450324116463705, Sending command (1/1): vcx=0.000,wc=0.000
 [19 bytes written]
[INFO] [1791450324.166435259] [serial_twistctl_node]: [TWIST_RX] Received Twist message - linear.x=0.000, angular.z=0.000, scaled_angular.z=0.000
[INFO] [1791450324.166477088] [serial_twistctl_node]: [SERIAL_TX] Timestamp: 1791450324166467854, Sending command (1/1): vcx=0.000,wc=0.000
 [19 bytes written]
[INFO] [1791450324.216430723] [serial_twistctl_node]: [TWIST_RX] Received Twist message - linear.x=0.000, angular.z=0.000, scaled_angular.z=0.000
[INFO] [1791450324.216478283] [serial_twistctl_node]: [SERIAL_TX] Timestamp: 1791450324216466917, Sending command (1/1): vcx=0.000,wc=0.000
 [19 bytes written]
[INFO] [1791450324.266424682] [serial_twistctl_node]: [TWIST_RX] Received Twist message - linear.x=0.000, angular.z=0.000, scaled_angular.z=0.000
[INFO] [1791450324.266475211] [serial_twistctl_node]: [SERIAL_TX] Timestamp: 1791450324266465537, Sending command (1/1): vcx=0.000,wc=0.000
 [19 bytes written]
[INFO] [1791450324.316588767] [serial_twistctl_node]: [TWIST_RX] Received Twist message - linear.x=0.000, angular.z=0.000, scaled_angular.z=0.000
[INFO] [1791450324.316636524] [serial_twistctl_node]: [SERIAL_TX] Timestamp: 1791450324316624990, Sending command (1/1): vcx=0.000,wc=0.000
 [19 bytes written]
[INFO] [1791450324.366430189] [serial_twistctl_node]: [TWIST_RX] Received Twist message - linear.x=0.000, angular.z=0.000, scaled_angular.z=0.000
[INFO] [1791450324.366472777] [serial_twistctl_node]: [SERIAL_TX] Timestamp: 1791450324366463733, Sending command (1/1): vcx=0.000,wc=0.000
 [19 bytes written]
[INFO] [1791450324.416797868] [serial_twistctl_node]: [TWIST_RX] Received Twist message - linear.x=0.000, angular.z=0.000, scaled_angular.z=0.000
[INFO] [1791450324.416849235] [serial_twistctl_node]: [SERIAL_TX] Timestamp: 1791450324416839421, Sending command (1/1): vcx=0.000,wc=0.000
 [19 bytes written]
[INFO] [1791450324.466672571] [serial_twistctl_node]: [TWIST_RX] Received Twist message - linear.x=0.000, angular.z=0.000, scaled_angular.z=0.000
[INFO] [1791450324.466712567] [serial_twistctl_node]: [SERIAL_TX] Timestamp: 1791450324466703992, Sending command (1/1): vcx=0.000,wc=0.000
 [19 bytes written]
[INFO] [1791450324.516606032] [serial_twistctl_node]: [TWIST_RX] Received Twist message - linear.x=0.000, angular.z=0.000, scaled_angular.z=0.000
[INFO] [1791450324.516655964] [serial_twistctl_node]: [SERIAL_TX] Timestamp: 1791450324516645194, Sending command (1/1): vcx=0.000,wc=0.000
 [19 bytes written]
[INFO] [1791450324.566473871] [serial_twistctl_node]: [TWIST_RX] Received Twist message - linear.x=0.000, angular.z=0.000, scaled_angular.z=0.000
[INFO] [1791450324.566520160] [serial_twistctl_node]: [SERIAL_TX] Timestamp: 1791450324566510408, Sending command (1/1): vcx=0.000,wc=0.000
 [19 bytes written]
[INFO] [1791450324.616490700] [serial_twistctl_node]: [TWIST_RX] Received Twist message - linear.x=0.000, angular.z=0.000, scaled_angular.z=0.000
[INFO] [1791450324.616537198] [serial_twistctl_node]: [SERIAL_TX] Timestamp: 1791450324616526633, Sending command (1/1): vcx=0.000,wc=0.000
 [19 bytes written]
[INFO] [1791450324.666647130] [serial_twistctl_node]: [TWIST_RX] Received Twist message - linear.x=0.000, angular.z=0.000, scaled_angular.z=0.000
[INFO] [1791450324.666689787] [serial_twistctl_node]: [SERIAL_TX] Timestamp: 1791450324666680193, Sending command (1/1): vcx=0.000,wc=0.000
 [19 bytes written]
[INFO] [1791450324.716580609] [serial_twistctl_node]: [TWIST_RX] Received Twist message - linear.x=0.000, angular.z=0.000, scaled_angular.z=0.000
[INFO] [1791450324.716622260] [serial_twistctl_node]: [SERIAL_TX] Timestamp: 1791450324716613429, Sending command (1/1): vcx=0.000,wc=0.000
 [19 bytes written]
[INFO] [1791450324.766627720] [serial_twistctl_node]: [TWIST_RX] Received Twist message - linear.x=0.000, angular.z=0.000, scaled_angular.z=0.000
[INFO] [1791450324.766679610] [serial_twistctl_node]: [SERIAL_TX] Timestamp: 1791450324766669656, Sending command (1/1): vcx=0.000,wc=0.000
 [19 bytes written]
[INFO] [1791450324.816395958] [serial_twistctl_node]: [TWIST_RX] Received Twist message - linear.x=0.000, angular.z=0.000, scaled_angular.z=0.000
[INFO] [1791450324.816447427] [serial_twistctl_node]: [SERIAL_TX] Timestamp: 1791450324816437559, Sending command (1/1): vcx=0.000,wc=0.000
 [19 bytes written]
[INFO] [1791450324.866558058] [serial_twistctl_node]: [TWIST_RX] Received Twist message - linear.x=0.000, angular.z=0.000, scaled_angular.z=0.000
[INFO] [1791450324.866609291] [serial_twistctl_node]: [SERIAL_TX] Timestamp: 1791450324866598439, Sending command (1/1): vcx=0.000,wc=0.000
 [19 bytes written]
[INFO] [1791450324.916467264] [serial_twistctl_node]: [TWIST_RX] Received Twist message - linear.x=0.000, angular.z=0.000, scaled_angular.z=0.000
[INFO] [1791450324.916513483] [serial_twistctl_node]: [SERIAL_TX] Timestamp: 1791450324916502763, Sending command (1/1): vcx=0.000,wc=0.000
 [19 bytes written]
[INFO] [1791450324.966680219] [serial_twistctl_node]: [TWIST_RX] Received Twist message - linear.x=0.000, angular.z=0.000, scaled_angular.z=0.000
[INFO] [1791450324.966736233] [serial_twistctl_node]: [SERIAL_TX] Timestamp: 1791450324966714137, Sending command (1/1): vcx=0.000,wc=0.000
 [19 bytes written]
[INFO] [1791450325.016696338] [serial_twistctl_node]: [TWIST_RX] Received Twist message - linear.x=0.000, angular.z=0.000, scaled_angular.z=0.000
[INFO] [1791450325.016745020] [serial_twistctl_node]: [SERIAL_TX] Timestamp: 1791450325016734694, Sending command (1/1): vcx=0.000,wc=0.000
 [19 bytes written]
[INFO] [1791450325.066502082] [serial_twistctl_node]: [TWIST_RX] Received Twist message - linear.x=0.000, angular.z=0.000, scaled_angular.z=0.000
[INFO] [1791450325.066552209] [serial_twistctl_node]: [SERIAL_TX] Timestamp: 1791450325066542352, Sending command (1/1): vcx=0.000,wc=0.000
 [19 bytes written]
[INFO] [1791450325.116643321] [serial_twistctl_node]: [TWIST_RX] Received Twist message - linear.x=0.000, angular.z=0.000, scaled_angular.z=0.000
[INFO] [1791450325.116690707] [serial_twistctl_node]: [SERIAL_TX] Timestamp: 1791450325116678286, Sending command (1/1): vcx=0.000,wc=0.000
 [19 bytes written]
[INFO] [1791450325.166570051] [serial_twistctl_node]: [TWIST_RX] Received Twist message - linear.x=0.000, angular.z=0.000, scaled_angular.z=0.000
[INFO] [1791450325.166613776] [serial_twistctl_node]: [SERIAL_TX] Timestamp: 1791450325166603079, Sending command (1/1): vcx=0.000,wc=0.000
 [19 bytes written]
[INFO] [1791450325.216710890] [serial_twistctl_node]: [TWIST_RX] Received Twist message - linear.x=0.000, angular.z=0.000, scaled_angular.z=0.000
[INFO] [1791450325.216761547] [serial_twistctl_node]: [SERIAL_TX] Timestamp: 1791450325216749115, Sending command (1/1): vcx=0.000,wc=0.000
 [19 bytes written]
[INFO] [1791450325.266584926] [serial_twistctl_node]: [TWIST_RX] Received Twist message - linear.x=0.000, angular.z=0.000, scaled_angular.z=0.000
[INFO] [1791450325.266628460] [serial_twistctl_node]: [SERIAL_TX] Timestamp: 1791450325266619105, Sending command (1/1): vcx=0.000,wc=0.000
 [19 bytes written]
[INFO] [1791450325.316457930] [serial_twistctl_node]: [TWIST_RX] Received Twist message - linear.x=0.000, angular.z=0.000, scaled_angular.z=0.000
[INFO] [1791450325.316505084] [serial_twistctl_node]: [SERIAL_TX] Timestamp: 1791450325316493183, Sending command (1/1): vcx=0.000,wc=0.000
 [19 bytes written]
[INFO] [1791450325.366567967] [serial_twistctl_node]: [TWIST_RX] Received Twist message - linear.x=0.000, angular.z=0.000, scaled_angular.z=0.000
[INFO] [1791450325.366613166] [serial_twistctl_node]: [SERIAL_TX] Timestamp: 1791450325366601773, Sending command (1/1): vcx=0.000,wc=0.000
 [19 bytes written]
[INFO] [1791450325.416549412] [serial_twistctl_node]: [TWIST_RX] Received Twist message - linear.x=0.000, angular.z=0.000, scaled_angular.z=0.000
[INFO] [1791450325.416594644] [serial_twistctl_node]: [SERIAL_TX] Timestamp: 1791450325416584328, Sending command (1/1): vcx=0.000,wc=0.000
 [19 bytes written]
[INFO] [1791450325.466573958] [serial_twistctl_node]: [TWIST_RX] Received Twist message - linear.x=0.000, angular.z=0.000, scaled_angular.z=0.000
[INFO] [1791450325.466619587] [serial_twistctl_node]: [SERIAL_TX] Timestamp: 1791450325466610449, Sending command (1/1): vcx=0.000,wc=0.000
 [19 bytes written]
[INFO] [1791450325.516458068] [serial_twistctl_node]: [TWIST_RX] Received Twist message - linear.x=0.000, angular.z=0.000, scaled_angular.z=0.000
[INFO] [1791450325.516502455] [serial_twistctl_node]: [SERIAL_TX] Timestamp: 1791450325516492050, Sending command (1/1): vcx=0.000,wc=0.000
 [19 bytes written]
[INFO] [1791450325.566762073] [serial_twistctl_node]: [TWIST_RX] Received Twist message - linear.x=0.000, angular.z=0.000, scaled_angular.z=0.000
[INFO] [1791450325.566805775] [serial_twistctl_node]: [SERIAL_TX] Timestamp: 1791450325566795358, Sending command (1/1): vcx=0.000,wc=0.000
 [19 bytes written]
[INFO] [1791450325.616640924] [serial_twistctl_node]: [TWIST_RX] Received Twist message - linear.x=0.000, angular.z=0.000, scaled_angular.z=0.000
[INFO] [1791450325.616684596] [serial_twistctl_node]: [SERIAL_TX] Timestamp: 1791450325616674101, Sending command (1/1): vcx=0.000,wc=0.000
 [19 bytes written]
[INFO] [1791450325.666756981] [serial_twistctl_node]: [TWIST_RX] Received Twist message - linear.x=0.000, angular.z=0.000, scaled_angular.z=0.000
[INFO] [1791450325.666800383] [serial_twistctl_node]: [SERIAL_TX] Timestamp: 1791450325666790447, Sending command (1/1): vcx=0.000,wc=0.000
 [19 bytes written]
[INFO] [1791450325.716713343] [serial_twistctl_node]: [TWIST_RX] Received Twist message - linear.x=0.000, angular.z=0.000, scaled_angular.z=0.000
[INFO] [1791450325.716760768] [serial_twistctl_node]: [SERIAL_TX] Timestamp: 1791450325716749809, Sending command (1/1): vcx=0.000,wc=0.000
 [19 bytes written]
[INFO] [1791450325.766650650] [serial_twistctl_node]: [TWIST_RX] Received Twist message - linear.x=0.000, angular.z=0.000, scaled_angular.z=0.000
[INFO] [1791450325.766694182] [serial_twistctl_node]: [SERIAL_TX] Timestamp: 1791450325766684866, Sending command (1/1): vcx=0.000,wc=0.000
 [19 bytes written]
[INFO] [1791450325.816565147] [serial_twistctl_node]: [TWIST_RX] Received Twist message - linear.x=0.000, angular.z=0.000, scaled_angular.z=0.000
[INFO] [1791450325.816609970] [serial_twistctl_node]: [SERIAL_TX] Timestamp: 1791450325816599023, Sending command (1/1): vcx=0.000,wc=0.000
 [19 bytes written]
[INFO] [1791450325.866496867] [serial_twistctl_node]: [TWIST_RX] Received Twist message - linear.x=0.000, angular.z=0.000, scaled_angular.z=0.000
[INFO] [1791450325.866543708] [serial_twistctl_node]: [SERIAL_TX] Timestamp: 1791450325866534699, Sending command (1/1): vcx=0.000,wc=0.000
 [19 bytes written]
[INFO] [1791450325.916528994] [serial_twistctl_node]: [TWIST_RX] Received Twist message - linear.x=0.000, angular.z=0.000, scaled_angular.z=0.000
[INFO] [1791450325.916589231] [serial_twistctl_node]: [SERIAL_TX] Timestamp: 1791450325916578173, Sending command (1/1): vcx=0.000,wc=0.000
 [19 bytes written]
[INFO] [1791450325.966488205] [serial_twistctl_node]: [TWIST_RX] Received Twist message - linear.x=0.000, angular.z=0.000, scaled_angular.z=0.000
[INFO] [1791450325.966534741] [serial_twistctl_node]: [SERIAL_TX] Timestamp: 1791450325966523975, Sending command (1/1): vcx=0.000,wc=0.000
 [19 bytes written]
[INFO] [1791450326.016655993] [serial_twistctl_node]: [TWIST_RX] Received Twist message - linear.x=0.000, angular.z=0.000, scaled_angular.z=0.000
[INFO] [1791450326.016705389] [serial_twistctl_node]: [SERIAL_TX] Timestamp: 1791450326016695226, Sending command (1/1): vcx=0.000,wc=0.000
 [19 bytes written]
[INFO] [1791450326.066638468] [serial_twistctl_node]: [TWIST_RX] Received Twist message - linear.x=0.000, angular.z=0.000, scaled_angular.z=0.000
[INFO] [1791450326.066684708] [serial_twistctl_node]: [SERIAL_TX] Timestamp: 1791450326066674189, Sending command (1/1): vcx=0.000,wc=0.000
 [19 bytes written]
[INFO] [1791450326.116558409] [serial_twistctl_node]: [TWIST_RX] Received Twist message - linear.x=0.000, angular.z=0.000, scaled_angular.z=0.000
[INFO] [1791450326.116602620] [serial_twistctl_node]: [SERIAL_TX] Timestamp: 1791450326116592143, Sending command (1/1): vcx=0.000,wc=0.000
 [19 bytes written]
[INFO] [1791450326.166750989] [serial_twistctl_node]: [TWIST_RX] Received Twist message - linear.x=0.000, angular.z=0.000, scaled_angular.z=0.000
[INFO] [1791450326.166797568] [serial_twistctl_node]: [SERIAL_TX] Timestamp: 1791450326166786548, Sending command (1/1): vcx=0.000,wc=0.000
 [19 bytes written]
[INFO] [1791450326.216499731] [serial_twistctl_node]: [TWIST_RX] Received Twist message - linear.x=0.000, angular.z=0.000, scaled_angular.z=0.000
[INFO] [1791450326.216546171] [serial_twistctl_node]: [SERIAL_TX] Timestamp: 1791450326216534551, Sending command (1/1): vcx=0.000,wc=0.000
 [19 bytes written]
[INFO] [1791450326.266533964] [serial_twistctl_node]: [TWIST_RX] Received Twist message - linear.x=0.000, angular.z=0.000, scaled_angular.z=0.000
[INFO] [1791450326.266584080] [serial_twistctl_node]: [SERIAL_TX] Timestamp: 1791450326266573881, Sending command (1/1): vcx=0.000,wc=0.000
 [19 bytes written]
[INFO] [1791450326.316348130] [serial_twistctl_node]: [TWIST_RX] Received Twist message - linear.x=0.000, angular.z=0.000, scaled_angular.z=0.000
[INFO] [1791450326.316393222] [serial_twistctl_node]: [SERIAL_TX] Timestamp: 1791450326316383006, Sending command (1/1): vcx=0.000,wc=0.000
 [19 bytes written]
[INFO] [1791450326.366521371] [serial_twistctl_node]: [TWIST_RX] Received Twist message - linear.x=0.000, angular.z=0.000, scaled_angular.z=0.000
[INFO] [1791450326.366569458] [serial_twistctl_node]: [SERIAL_TX] Timestamp: 1791450326366558505, Sending command (1/1): vcx=0.000,wc=0.000
 [19 bytes written]
[INFO] [1791450326.416659518] [serial_twistctl_node]: [TWIST_RX] Received Twist message - linear.x=0.000, angular.z=0.000, scaled_angular.z=0.000
[INFO] [1791450326.416711322] [serial_twistctl_node]: [SERIAL_TX] Timestamp: 1791450326416699969, Sending command (1/1): vcx=0.000,wc=0.000
 [19 bytes written]
[INFO] [1791450326.466703388] [serial_twistctl_node]: [TWIST_RX] Received Twist message - linear.x=0.021, angular.z=0.000, scaled_angular.z=0.000
[INFO] [1791450326.466747652] [serial_twistctl_node]: [SERIAL_TX] Timestamp: 1791450326466737814, Sending command (1/1): vcx=0.021,wc=0.000
 [19 bytes written]
[INFO] [1791450326.516619525] [serial_twistctl_node]: [TWIST_RX] Received Twist message - linear.x=0.042, angular.z=0.000, scaled_angular.z=0.000
[INFO] [1791450326.516670165] [serial_twistctl_node]: [SERIAL_TX] Timestamp: 1791450326516658355, Sending command (1/1): vcx=0.042,wc=0.000
 [19 bytes written]
[INFO] [1791450326.566578347] [serial_twistctl_node]: [TWIST_RX] Received Twist message - linear.x=0.064, angular.z=0.000, scaled_angular.z=0.000
[INFO] [1791450326.566621994] [serial_twistctl_node]: [SERIAL_TX] Timestamp: 1791450326566612867, Sending command (1/1): vcx=0.064,wc=0.000
 [19 bytes written]
[INFO] [1791450326.616495591] [serial_twistctl_node]: [TWIST_RX] Received Twist message - linear.x=0.085, angular.z=0.000, scaled_angular.z=0.000
[INFO] [1791450326.616543199] [serial_twistctl_node]: [SERIAL_TX] Timestamp: 1791450326616531236, Sending command (1/1): vcx=0.085,wc=0.000
 [19 bytes written]
[INFO] [1791450326.666541175] [serial_twistctl_node]: [TWIST_RX] Received Twist message - linear.x=0.106, angular.z=0.000, scaled_angular.z=0.000
[INFO] [1791450326.666586248] [serial_twistctl_node]: [SERIAL_TX] Timestamp: 1791450326666575814, Sending command (1/1): vcx=0.106,wc=0.000
 [19 bytes written]
[INFO] [1791450326.716752396] [serial_twistctl_node]: [TWIST_RX] Received Twist message - linear.x=0.127, angular.z=0.000, scaled_angular.z=0.000
[INFO] [1791450326.716796637] [serial_twistctl_node]: [SERIAL_TX] Timestamp: 1791450326716785179, Sending command (1/1): vcx=0.127,wc=0.000
 [19 bytes written]
[INFO] [1791450326.766640418] [serial_twistctl_node]: [TWIST_RX] Received Twist message - linear.x=0.149, angular.z=0.000, scaled_angular.z=0.000
[INFO] [1791450326.766682373] [serial_twistctl_node]: [SERIAL_TX] Timestamp: 1791450326766673123, Sending command (1/1): vcx=0.149,wc=0.000
 [19 bytes written]
[INFO] [1791450326.816533437] [serial_twistctl_node]: [TWIST_RX] Received Twist message - linear.x=0.170, angular.z=0.000, scaled_angular.z=0.000
[INFO] [1791450326.816587992] [serial_twistctl_node]: [SERIAL_TX] Timestamp: 1791450326816576913, Sending command (1/1): vcx=0.170,wc=0.000
 [19 bytes written]
[INFO] [1791450326.866495363] [serial_twistctl_node]: [TWIST_RX] Received Twist message - linear.x=0.191, angular.z=0.000, scaled_angular.z=0.000
[INFO] [1791450326.866546736] [serial_twistctl_node]: [SERIAL_TX] Timestamp: 1791450326866532902, Sending command (1/1): vcx=0.191,wc=0.000
 [19 bytes written]
[INFO] [1791450326.916452685] [serial_twistctl_node]: [TWIST_RX] Received Twist message - linear.x=0.213, angular.z=0.000, scaled_angular.z=0.000
[INFO] [1791450326.916494541] [serial_twistctl_node]: [SERIAL_TX] Timestamp: 1791450326916485228, Sending command (1/1): vcx=0.213,wc=0.000
 [19 bytes written]
[INFO] [1791450326.966473653] [serial_twistctl_node]: [TWIST_RX] Received Twist message - linear.x=0.217, angular.z=0.000, scaled_angular.z=0.000
[INFO] [1791450326.966515549] [serial_twistctl_node]: [SERIAL_TX] Timestamp: 1791450326966507389, Sending command (1/1): vcx=0.217,wc=0.000
 [19 bytes written]
[INFO] [1791450327.016320495] [serial_twistctl_node]: [TWIST_RX] Received Twist message - linear.x=0.219, angular.z=0.000, scaled_angular.z=0.000
[INFO] [1791450327.016379563] [serial_twistctl_node]: [SERIAL_TX] Timestamp: 1791450327016367638, Sending command (1/1): vcx=0.219,wc=0.000
 [19 bytes written]
[INFO] [1791450327.066620554] [serial_twistctl_node]: [TWIST_RX] Received Twist message - linear.x=0.221, angular.z=0.000, scaled_angular.z=0.000
[INFO] [1791450327.066679270] [serial_twistctl_node]: [SERIAL_TX] Timestamp: 1791450327066668148, Sending command (1/1): vcx=0.221,wc=0.000
 [19 bytes written]
[INFO] [1791450327.116583750] [serial_twistctl_node]: [TWIST_RX] Received Twist message - linear.x=0.219, angular.z=0.000, scaled_angular.z=0.000
[INFO] [1791450327.116636595] [serial_twistctl_node]: [SERIAL_TX] Timestamp: 1791450327116623316, Sending command (1/1): vcx=0.219,wc=0.000
 [19 bytes written]
[INFO] [1791450327.166686754] [serial_twistctl_node]: [TWIST_RX] Received Twist message - linear.x=0.221, angular.z=0.000, scaled_angular.z=0.000
[INFO] [1791450327.166736009] [serial_twistctl_node]: [SERIAL_TX] Timestamp: 1791450327166722092, Sending command (1/1): vcx=0.221,wc=0.000
 [19 bytes written]
[INFO] [1791450327.216614395] [serial_twistctl_node]: [TWIST_RX] Received Twist message - linear.x=0.218, angular.z=0.000, scaled_angular.z=0.000
[INFO] [1791450327.216661764] [serial_twistctl_node]: [SERIAL_TX] Timestamp: 1791450327216651007, Sending command (1/1): vcx=0.218,wc=0.000
 [19 bytes written]
[INFO] [1791450327.266687292] [serial_twistctl_node]: [TWIST_RX] Received Twist message - linear.x=0.220, angular.z=0.000, scaled_angular.z=0.000
[INFO] [1791450327.266731067] [serial_twistctl_node]: [SERIAL_TX] Timestamp: 1791450327266722506, Sending command (1/1): vcx=0.220,wc=0.000
 [19 bytes written]
[INFO] [1791450327.316620543] [serial_twistctl_node]: [TWIST_RX] Received Twist message - linear.x=0.218, angular.z=0.000, scaled_angular.z=0.000
[INFO] [1791450327.316671344] [serial_twistctl_node]: [SERIAL_TX] Timestamp: 1791450327316657978, Sending command (1/1): vcx=0.218,wc=0.000
 [19 bytes written]
[INFO] [1791450327.366612645] [serial_twistctl_node]: [TWIST_RX] Received Twist message - linear.x=0.220, angular.z=0.000, scaled_angular.z=0.000
[INFO] [1791450327.366655911] [serial_twistctl_node]: [SERIAL_TX] Timestamp: 1791450327366646284, Sending command (1/1): vcx=0.220,wc=0.000
 [19 bytes written]
[INFO] [1791450327.416728963] [serial_twistctl_node]: [TWIST_RX] Received Twist message - linear.x=0.217, angular.z=0.000, scaled_angular.z=0.000
[INFO] [1791450327.416775360] [serial_twistctl_node]: [SERIAL_TX] Timestamp: 1791450327416763261, Sending command (1/1): vcx=0.217,wc=0.000
 [19 bytes written]
[INFO] [1791450327.466509367] [serial_twistctl_node]: [TWIST_RX] Received Twist message - linear.x=0.220, angular.z=0.000, scaled_angular.z=0.000
[INFO] [1791450327.466556927] [serial_twistctl_node]: [SERIAL_TX] Timestamp: 1791450327466547799, Sending command (1/1): vcx=0.220,wc=0.000
 [19 bytes written]
[INFO] [1791450327.516475478] [serial_twistctl_node]: [TWIST_RX] Received Twist message - linear.x=0.222, angular.z=0.000, scaled_angular.z=0.000
[INFO] [1791450327.516528504] [serial_twistctl_node]: [SERIAL_TX] Timestamp: 1791450327516516083, Sending command (1/1): vcx=0.222,wc=0.000
 [19 bytes written]
[INFO] [1791450327.566753838] [serial_twistctl_node]: [TWIST_RX] Received Twist message - linear.x=0.219, angular.z=0.000, scaled_angular.z=0.000
[INFO] [1791450327.566813462] [serial_twistctl_node]: [SERIAL_TX] Timestamp: 1791450327566799861, Sending command (1/1): vcx=0.219,wc=0.000
 [19 bytes written]
[INFO] [1791450327.616498032] [serial_twistctl_node]: [TWIST_RX] Received Twist message - linear.x=0.221, angular.z=0.000, scaled_angular.z=0.000
[INFO] [1791450327.616564422] [serial_twistctl_node]: [SERIAL_TX] Timestamp: 1791450327616550479, Sending command (1/1): vcx=0.221,wc=0.000
 [19 bytes written]
[INFO] [1791450327.666658437] [serial_twistctl_node]: [TWIST_RX] Received Twist message - linear.x=0.218, angular.z=0.000, scaled_angular.z=0.000
[INFO] [1791450327.666715601] [serial_twistctl_node]: [SERIAL_TX] Timestamp: 1791450327666703476, Sending command (1/1): vcx=0.218,wc=0.000
 [19 bytes written]
[INFO] [1791450327.716542350] [serial_twistctl_node]: [TWIST_RX] Received Twist message - linear.x=0.220, angular.z=0.000, scaled_angular.z=0.000
[INFO] [1791450327.716599651] [serial_twistctl_node]: [SERIAL_TX] Timestamp: 1791450327716587429, Sending command (1/1): vcx=0.220,wc=0.000
 [19 bytes written]
[INFO] [1791450327.766609672] [serial_twistctl_node]: [TWIST_RX] Received Twist message - linear.x=0.218, angular.z=0.000, scaled_angular.z=0.000
[INFO] [1791450327.766678282] [serial_twistctl_node]: [SERIAL_TX] Timestamp: 1791450327766666568, Sending command (1/1): vcx=0.218,wc=0.000
 [19 bytes written]
[INFO] [1791450327.816423453] [serial_twistctl_node]: [TWIST_RX] Received Twist message - linear.x=0.220, angular.z=0.000, scaled_angular.z=0.000
[INFO] [1791450327.816482429] [serial_twistctl_node]: [SERIAL_TX] Timestamp: 1791450327816468656, Sending command (1/1): vcx=0.220,wc=0.000
 [19 bytes written]
[INFO] [1791450327.866676758] [serial_twistctl_node]: [TWIST_RX] Received Twist message - linear.x=0.217, angular.z=0.000, scaled_angular.z=0.000
[INFO] [1791450327.866733590] [serial_twistctl_node]: [SERIAL_TX] Timestamp: 1791450327866721042, Sending command (1/1): vcx=0.217,wc=0.000
 [19 bytes written]
[INFO] [1791450327.916524175] [serial_twistctl_node]: [TWIST_RX] Received Twist message - linear.x=0.220, angular.z=0.000, scaled_angular.z=0.000
[INFO] [1791450327.916586713] [serial_twistctl_node]: [SERIAL_TX] Timestamp: 1791450327916574175, Sending command (1/1): vcx=0.220,wc=0.000
 [19 bytes written]
[INFO] [1791450327.966715109] [serial_twistctl_node]: [TWIST_RX] Received Twist message - linear.x=0.217, angular.z=0.000, scaled_angular.z=0.000
[INFO] [1791450327.966771065] [serial_twistctl_node]: [SERIAL_TX] Timestamp: 1791450327966758378, Sending command (1/1): vcx=0.217,wc=0.000
 [19 bytes written]
[INFO] [1791450328.016671057] [serial_twistctl_node]: [TWIST_RX] Received Twist message - linear.x=0.220, angular.z=0.000, scaled_angular.z=0.000
[INFO] [1791450328.016739887] [serial_twistctl_node]: [SERIAL_TX] Timestamp: 1791450328016726309, Sending command (1/1): vcx=0.220,wc=0.000
 [19 bytes written]
[INFO] [1791450328.066615383] [serial_twistctl_node]: [TWIST_RX] Received Twist message - linear.x=0.217, angular.z=0.000, scaled_angular.z=0.000
[INFO] [1791450328.066670740] [serial_twistctl_node]: [SERIAL_TX] Timestamp: 1791450328066658818, Sending command (1/1): vcx=0.217,wc=0.000
 [19 bytes written]
[INFO] [1791450328.116535992] [serial_twistctl_node]: [TWIST_RX] Received Twist message - linear.x=0.220, angular.z=0.000, scaled_angular.z=0.000
[INFO] [1791450328.116596489] [serial_twistctl_node]: [SERIAL_TX] Timestamp: 1791450328116582954, Sending command (1/1): vcx=0.220,wc=0.000
 [19 bytes written]
[INFO] [1791450328.166579322] [serial_twistctl_node]: [TWIST_RX] Received Twist message - linear.x=0.218, angular.z=0.000, scaled_angular.z=0.000
[INFO] [1791450328.166633058] [serial_twistctl_node]: [SERIAL_TX] Timestamp: 1791450328166623048, Sending command (1/1): vcx=0.218,wc=0.000
 [19 bytes written]
[INFO] [1791450328.216571982] [serial_twistctl_node]: [TWIST_RX] Received Twist message - linear.x=0.220, angular.z=0.000, scaled_angular.z=0.000
[INFO] [1791450328.216617374] [serial_twistctl_node]: [SERIAL_TX] Timestamp: 1791450328216607223, Sending command (1/1): vcx=0.220,wc=0.000
 [19 bytes written]
[INFO] [1791450328.266648324] [serial_twistctl_node]: [TWIST_RX] Received Twist message - linear.x=0.218, angular.z=0.000, scaled_angular.z=0.000
[INFO] [1791450328.266689100] [serial_twistctl_node]: [SERIAL_TX] Timestamp: 1791450328266680399, Sending command (1/1): vcx=0.218,wc=0.000
 [19 bytes written]
[INFO] [1791450328.316437069] [serial_twistctl_node]: [TWIST_RX] Received Twist message - linear.x=0.220, angular.z=0.000, scaled_angular.z=0.000
[INFO] [1791450328.316481281] [serial_twistctl_node]: [SERIAL_TX] Timestamp: 1791450328316470576, Sending command (1/1): vcx=0.220,wc=0.000
 [19 bytes written]
[INFO] [1791450328.366494151] [serial_twistctl_node]: [TWIST_RX] Received Twist message - linear.x=0.218, angular.z=0.000, scaled_angular.z=0.000
[INFO] [1791450328.366536620] [serial_twistctl_node]: [SERIAL_TX] Timestamp: 1791450328366527712, Sending command (1/1): vcx=0.218,wc=0.000
 [19 bytes written]
[INFO] [1791450328.416431143] [serial_twistctl_node]: [TWIST_RX] Received Twist message - linear.x=0.000, angular.z=0.000, scaled_angular.z=0.000
[INFO] [1791450328.416484539] [serial_twistctl_node]: [SERIAL_TX] Timestamp: 1791450328416475385, Sending command (1/1): vcx=0.000,wc=0.000
 [19 bytes written]
[INFO] [1791450328.466496086] [serial_twistctl_node]: [TWIST_RX] Received Twist message - linear.x=0.000, angular.z=0.000, scaled_angular.z=0.000
[INFO] [1791450328.466537100] [serial_twistctl_node]: [SERIAL_TX] Timestamp: 1791450328466528302, Sending command (1/1): vcx=0.000,wc=0.000
 [19 bytes written]
[INFO] [1791450328.516494799] [serial_twistctl_node]: [TWIST_RX] Received Twist message - linear.x=0.000, angular.z=0.000, scaled_angular.z=0.000
[INFO] [1791450328.516541115] [serial_twistctl_node]: [SERIAL_TX] Timestamp: 1791450328516530573, Sending command (1/1): vcx=0.000,wc=0.000
 [19 bytes written]
[INFO] [1791450328.566386561] [serial_twistctl_node]: [TWIST_RX] Received Twist message - linear.x=0.000, angular.z=0.000, scaled_angular.z=0.000
[INFO] [1791450328.566427039] [serial_twistctl_node]: [SERIAL_TX] Timestamp: 1791450328566418109, Sending command (1/1): vcx=0.000,wc=0.000
 [19 bytes written]
[INFO] [1791450328.616478689] [serial_twistctl_node]: [TWIST_RX] Received Twist message - linear.x=0.000, angular.z=0.000, scaled_angular.z=0.000
[INFO] [1791450328.616521043] [serial_twistctl_node]: [SERIAL_TX] Timestamp: 1791450328616510734, Sending command (1/1): vcx=0.000,wc=0.000
 [19 bytes written]
[INFO] [1791450328.666510629] [serial_twistctl_node]: [TWIST_RX] Received Twist message - linear.x=0.000, angular.z=0.000, scaled_angular.z=0.000
[INFO] [1791450328.666547061] [serial_twistctl_node]: [SERIAL_TX] Timestamp: 1791450328666538302, Sending command (1/1): vcx=0.000,wc=0.000
 [19 bytes written]
[INFO] [1791450328.716506272] [serial_twistctl_node]: [TWIST_RX] Received Twist message - linear.x=0.000, angular.z=0.000, scaled_angular.z=0.000
[INFO] [1791450328.716550637] [serial_twistctl_node]: [SERIAL_TX] Timestamp: 1791450328716540341, Sending command (1/1): vcx=0.000,wc=0.000
 [19 bytes written]
[INFO] [1791450328.766559564] [serial_twistctl_node]: [TWIST_RX] Received Twist message - linear.x=0.000, angular.z=0.000, scaled_angular.z=0.000
[INFO] [1791450328.766602525] [serial_twistctl_node]: [SERIAL_TX] Timestamp: 1791450328766592455, Sending command (1/1): vcx=0.000,wc=0.000
 [19 bytes written]
[INFO] [1791450328.816467311] [serial_twistctl_node]: [TWIST_RX] Received Twist message - linear.x=0.000, angular.z=0.000, scaled_angular.z=0.000
[INFO] [1791450328.816512691] [serial_twistctl_node]: [SERIAL_TX] Timestamp: 1791450328816501653, Sending command (1/1): vcx=0.000,wc=0.000
 [19 bytes written]
[INFO] [1791450328.866491745] [serial_twistctl_node]: [TWIST_RX] Received Twist message - linear.x=0.000, angular.z=0.000, scaled_angular.z=0.000
[INFO] [1791450328.866542325] [serial_twistctl_node]: [SERIAL_TX] Timestamp: 1791450328866531014, Sending command (1/1): vcx=0.000,wc=0.000
 [19 bytes written]
[INFO] [1791450328.917183928] [serial_twistctl_node]: [TWIST_RX] Received Twist message - linear.x=0.000, angular.z=0.000, scaled_angular.z=0.000
[INFO] [1791450328.917230155] [serial_twistctl_node]: [SERIAL_TX] Timestamp: 1791450328917218600, Sending command (1/1): vcx=0.000,wc=0.000
 [19 bytes written]
[INFO] [1791450328.966522253] [serial_twistctl_node]: [TWIST_RX] Received Twist message - linear.x=0.000, angular.z=0.000, scaled_angular.z=0.000
[INFO] [1791450328.966596841] [serial_twistctl_node]: [SERIAL_TX] Timestamp: 1791450328966586557, Sending command (1/1): vcx=0.000,wc=0.000
 [19 bytes written]
[INFO] [1791450329.016645315] [serial_twistctl_node]: [TWIST_RX] Received Twist message - linear.x=0.000, angular.z=0.000, scaled_angular.z=0.000
[INFO] [1791450329.016696287] [serial_twistctl_node]: [SERIAL_TX] Timestamp: 1791450329016684622, Sending command (1/1): vcx=0.000,wc=0.000
 [19 bytes written]
[INFO] [1791450329.066755682] [serial_twistctl_node]: [TWIST_RX] Received Twist message - linear.x=0.000, angular.z=0.000, scaled_angular.z=0.000
[INFO] [1791450329.066799499] [serial_twistctl_node]: [SERIAL_TX] Timestamp: 1791450329066789379, Sending command (1/1): vcx=0.000,wc=0.000
 [19 bytes written]
[INFO] [1791450329.116580321] [serial_twistctl_node]: [TWIST_RX] Received Twist message - linear.x=0.000, angular.z=0.000, scaled_angular.z=0.000
[INFO] [1791450329.116624211] [serial_twistctl_node]: [SERIAL_TX] Timestamp: 1791450329116613694, Sending command (1/1): vcx=0.000,wc=0.000
 [19 bytes written]
[INFO] [1791450329.166479689] [serial_twistctl_node]: [TWIST_RX] Received Twist message - linear.x=0.000, angular.z=0.000, scaled_angular.z=0.000
[INFO] [1791450329.166519972] [serial_twistctl_node]: [SERIAL_TX] Timestamp: 1791450329166510906, Sending command (1/1): vcx=0.000,wc=0.000
 [19 bytes written]
[INFO] [1791450329.216627767] [serial_twistctl_node]: [TWIST_RX] Received Twist message - linear.x=0.000, angular.z=0.000, scaled_angular.z=0.000
[INFO] [1791450329.216678779] [serial_twistctl_node]: [SERIAL_TX] Timestamp: 1791450329216667553, Sending command (1/1): vcx=0.000,wc=0.000
 [19 bytes written]
[INFO] [1791450329.266739642] [serial_twistctl_node]: [TWIST_RX] Received Twist message - linear.x=0.000, angular.z=0.000, scaled_angular.z=0.000
[INFO] [1791450329.266788678] [serial_twistctl_node]: [SERIAL_TX] Timestamp: 1791450329266779086, Sending command (1/1): vcx=0.000,wc=0.000
 [19 bytes written]
[INFO] [1791450329.316700450] [serial_twistctl_node]: [TWIST_RX] Received Twist message - linear.x=0.000, angular.z=0.000, scaled_angular.z=0.000
[INFO] [1791450329.316745590] [serial_twistctl_node]: [SERIAL_TX] Timestamp: 1791450329316735224, Sending command (1/1): vcx=0.000,wc=0.000
 [19 bytes written]
[INFO] [1791450329.366625049] [serial_twistctl_node]: [TWIST_RX] Received Twist message - linear.x=0.000, angular.z=0.000, scaled_angular.z=0.000
[INFO] [1791450329.366685910] [serial_twistctl_node]: [SERIAL_TX] Timestamp: 1791450329366672583, Sending command (1/1): vcx=0.000,wc=0.000
 [19 bytes written]
[INFO] [1791450329.416721907] [serial_twistctl_node]: [TWIST_RX] Received Twist message - linear.x=0.000, angular.z=0.000, scaled_angular.z=0.000
[INFO] [1791450329.416780883] [serial_twistctl_node]: [SERIAL_TX] Timestamp: 1791450329416767842, Sending command (1/1): vcx=0.000,wc=0.000
 [19 bytes written]
[INFO] [1791450329.466606136] [serial_twistctl_node]: [TWIST_RX] Received Twist message - linear.x=0.000, angular.z=0.000, scaled_angular.z=0.000
[INFO] [1791450329.466665992] [serial_twistctl_node]: [SERIAL_TX] Timestamp: 1791450329466652476, Sending command (1/1): vcx=0.000,wc=0.000
 [19 bytes written]
[INFO] [1791450329.516469292] [serial_twistctl_node]: [TWIST_RX] Received Twist message - linear.x=0.000, angular.z=0.000, scaled_angular.z=0.000
[INFO] [1791450329.516527125] [serial_twistctl_node]: [SERIAL_TX] Timestamp: 1791450329516515613, Sending command (1/1): vcx=0.000,wc=0.000
 [19 bytes written]
[INFO] [1791450329.566629401] [serial_twistctl_node]: [TWIST_RX] Received Twist message - linear.x=0.000, angular.z=0.000, scaled_angular.z=0.000
[INFO] [1791450329.566687039] [serial_twistctl_node]: [SERIAL_TX] Timestamp: 1791450329566673673, Sending command (1/1): vcx=0.000,wc=0.000
 [19 bytes written]
[INFO] [1791450329.616414562] [serial_twistctl_node]: [TWIST_RX] Received Twist message - linear.x=0.000, angular.z=0.000, scaled_angular.z=0.000
[INFO] [1791450329.616472872] [serial_twistctl_node]: [SERIAL_TX] Timestamp: 1791450329616458405, Sending command (1/1): vcx=0.000,wc=0.000
 [19 bytes written]
[INFO] [1791450329.666696190] [serial_twistctl_node]: [TWIST_RX] Received Twist message - linear.x=0.000, angular.z=0.000, scaled_angular.z=0.000
[INFO] [1791450329.666753083] [serial_twistctl_node]: [SERIAL_TX] Timestamp: 1791450329666740279, Sending command (1/1): vcx=0.000,wc=0.000
 [19 bytes written]
[INFO] [1791450329.716674085] [serial_twistctl_node]: [TWIST_RX] Received Twist message - linear.x=0.000, angular.z=0.000, scaled_angular.z=0.000
[INFO] [1791450329.716737392] [serial_twistctl_node]: [SERIAL_TX] Timestamp: 1791450329716723678, Sending command (1/1): vcx=0.000,wc=0.000
 [19 bytes written]
[INFO] [1791450329.766763595] [serial_twistctl_node]: [TWIST_RX] Received Twist message - linear.x=0.000, angular.z=0.000, scaled_angular.z=0.000
[INFO] [1791450329.766834998] [serial_twistctl_node]: [SERIAL_TX] Timestamp: 1791450329766822984, Sending command (1/1): vcx=0.000,wc=0.000
 [19 bytes written]
[INFO] [1791450329.816682994] [serial_twistctl_node]: [TWIST_RX] Received Twist message - linear.x=0.000, angular.z=0.000, scaled_angular.z=0.000
[INFO] [1791450329.816748194] [serial_twistctl_node]: [SERIAL_TX] Timestamp: 1791450329816733998, Sending command (1/1): vcx=0.000,wc=0.000
 [19 bytes written]
[INFO] [1791450329.866581178] [serial_twistctl_node]: [TWIST_RX] Received Twist message - linear.x=0.000, angular.z=0.000, scaled_angular.z=0.000
[INFO] [1791450329.866641680] [serial_twistctl_node]: [SERIAL_TX] Timestamp: 1791450329866626369, Sending command (1/1): vcx=0.000,wc=0.000
 [19 bytes written]
[INFO] [1791450329.916538285] [serial_twistctl_node]: [TWIST_RX] Received Twist message - linear.x=0.000, angular.z=0.000, scaled_angular.z=0.000
[INFO] [1791450329.916604178] [serial_twistctl_node]: [SERIAL_TX] Timestamp: 1791450329916589498, Sending command (1/1): vcx=0.000,wc=0.000
 [19 bytes written]
[INFO] [1791450329.966473434] [serial_twistctl_node]: [TWIST_RX] Received Twist message - linear.x=0.000, angular.z=0.000, scaled_angular.z=0.000
[INFO] [1791450329.966531430] [serial_twistctl_node]: [SERIAL_TX] Timestamp: 1791450329966518441, Sending command (1/1): vcx=0.000,wc=0.000
 [19 bytes written]
[INFO] [1791450330.016595270] [serial_twistctl_node]: [TWIST_RX] Received Twist message - linear.x=0.000, angular.z=0.000, scaled_angular.z=0.000
[INFO] [1791450330.016658073] [serial_twistctl_node]: [SERIAL_TX] Timestamp: 1791450330016643382, Sending command (1/1): vcx=0.000,wc=0.000
 [19 bytes written]
[INFO] [1791450330.066707358] [serial_twistctl_node]: [TWIST_RX] Received Twist message - linear.x=0.000, angular.z=0.000, scaled_angular.z=0.000
[INFO] [1791450330.066761351] [serial_twistctl_node]: [SERIAL_TX] Timestamp: 1791450330066748537, Sending command (1/1): vcx=0.000,wc=0.000
 [19 bytes written]
[INFO] [1791450330.116501002] [serial_twistctl_node]: [TWIST_RX] Received Twist message - linear.x=0.000, angular.z=0.000, scaled_angular.z=0.000
[INFO] [1791450330.116557433] [serial_twistctl_node]: [SERIAL_TX] Timestamp: 1791450330116545048, Sending command (1/1): vcx=0.000,wc=0.000
 [19 bytes written]
[INFO] [1791450330.166660928] [serial_twistctl_node]: [TWIST_RX] Received Twist message - linear.x=0.000, angular.z=0.000, scaled_angular.z=0.000
[INFO] [1791450330.166720545] [serial_twistctl_node]: [SERIAL_TX] Timestamp: 1791450330166705840, Sending command (1/1): vcx=0.000,wc=0.000
 [19 bytes written]
[INFO] [1791450330.216477073] [serial_twistctl_node]: [TWIST_RX] Received Twist message - linear.x=0.000, angular.z=0.000, scaled_angular.z=0.000
[INFO] [1791450330.216536300] [serial_twistctl_node]: [SERIAL_TX] Timestamp: 1791450330216523305, Sending command (1/1): vcx=0.000,wc=0.000
 [19 bytes written]
[INFO] [1791450330.266642291] [serial_twistctl_node]: [TWIST_RX] Received Twist message - linear.x=0.000, angular.z=0.000, scaled_angular.z=0.000
[INFO] [1791450330.266701413] [serial_twistctl_node]: [SERIAL_TX] Timestamp: 1791450330266688003, Sending command (1/1): vcx=0.000,wc=0.000
 [19 bytes written]
[INFO] [1791450330.316378608] [serial_twistctl_node]: [TWIST_RX] Received Twist message - linear.x=0.000, angular.z=0.000, scaled_angular.z=0.000
[INFO] [1791450330.316443079] [serial_twistctl_node]: [SERIAL_TX] Timestamp: 1791450330316428141, Sending command (1/1): vcx=0.000,wc=0.000
 [19 bytes written]
[INFO] [1791450330.366661840] [serial_twistctl_node]: [TWIST_RX] Received Twist message - linear.x=0.000, angular.z=0.000, scaled_angular.z=0.000
[INFO] [1791450330.366721814] [serial_twistctl_node]: [SERIAL_TX] Timestamp: 1791450330366707609, Sending command (1/1): vcx=0.000,wc=0.000
 [19 bytes written]
[INFO] [1791450330.416671733] [serial_twistctl_node]: [TWIST_RX] Received Twist message - linear.x=0.000, angular.z=0.000, scaled_angular.z=0.000
[INFO] [1791450330.416741185] [serial_twistctl_node]: [SERIAL_TX] Timestamp: 1791450330416728186, Sending command (1/1): vcx=0.000,wc=0.000
 [19 bytes written]
[INFO] [1791450330.466689844] [serial_twistctl_node]: [TWIST_RX] Received Twist message - linear.x=0.000, angular.z=0.000, scaled_angular.z=0.000
[INFO] [1791450330.466747020] [serial_twistctl_node]: [SERIAL_TX] Timestamp: 1791450330466733592, Sending command (1/1): vcx=0.000,wc=0.000
 [19 bytes written]
[INFO] [1791450330.516528511] [serial_twistctl_node]: [TWIST_RX] Received Twist message - linear.x=0.000, angular.z=0.000, scaled_angular.z=0.000
[INFO] [1791450330.516585801] [serial_twistctl_node]: [SERIAL_TX] Timestamp: 1791450330516572439, Sending command (1/1): vcx=0.000,wc=0.000
 [19 bytes written]
[INFO] [1791450330.566604520] [serial_twistctl_node]: [TWIST_RX] Received Twist message - linear.x=0.000, angular.z=0.000, scaled_angular.z=0.000
[INFO] [1791450330.566661774] [serial_twistctl_node]: [SERIAL_TX] Timestamp: 1791450330566649289, Sending command (1/1): vcx=0.000,wc=0.000
 [19 bytes written]
[INFO] [1791450330.616575094] [serial_twistctl_node]: [TWIST_RX] Received Twist message - linear.x=0.000, angular.z=0.000, scaled_angular.z=0.000
[INFO] [1791450330.616635934] [serial_twistctl_node]: [SERIAL_TX] Timestamp: 1791450330616621534, Sending command (1/1): vcx=0.000,wc=0.000
 [19 bytes written]
[INFO] [1791450330.666363438] [serial_twistctl_node]: [TWIST_RX] Received Twist message - linear.x=0.000, angular.z=0.000, scaled_angular.z=0.000
[INFO] [1791450330.666425007] [serial_twistctl_node]: [SERIAL_TX] Timestamp: 1791450330666411572, Sending command (1/1): vcx=0.000,wc=0.000
 [19 bytes written]
[INFO] [1791450330.716572648] [serial_twistctl_node]: [TWIST_RX] Received Twist message - linear.x=0.000, angular.z=0.000, scaled_angular.z=0.000
[INFO] [1791450330.716630434] [serial_twistctl_node]: [SERIAL_TX] Timestamp: 1791450330716617116, Sending command (1/1): vcx=0.000,wc=0.000
 [19 bytes written]
[INFO] [1791450330.766595800] [serial_twistctl_node]: [TWIST_RX] Received Twist message - linear.x=0.000, angular.z=0.000, scaled_angular.z=0.000
[INFO] [1791450330.766659111] [serial_twistctl_node]: [SERIAL_TX] Timestamp: 1791450330766644654, Sending command (1/1): vcx=0.000,wc=0.000
 [19 bytes written]
[INFO] [1791450330.816631830] [serial_twistctl_node]: [TWIST_RX] Received Twist message - linear.x=0.000, angular.z=0.000, scaled_angular.z=0.000
[INFO] [1791450330.816693338] [serial_twistctl_node]: [SERIAL_TX] Timestamp: 1791450330816679423, Sending command (1/1): vcx=0.000,wc=0.000
 [19 bytes written]
[INFO] [1791450330.866716798] [serial_twistctl_node]: [TWIST_RX] Received Twist message - linear.x=0.021, angular.z=0.000, scaled_angular.z=0.000
[INFO] [1791450330.866779151] [serial_twistctl_node]: [SERIAL_TX] Timestamp: 1791450330866763379, Sending command (1/1): vcx=0.021,wc=0.000
 [19 bytes written]
[INFO] [1791450330.916506860] [serial_twistctl_node]: [TWIST_RX] Received Twist message - linear.x=0.043, angular.z=0.000, scaled_angular.z=0.000
[INFO] [1791450330.916564584] [serial_twistctl_node]: [SERIAL_TX] Timestamp: 1791450330916552219, Sending command (1/1): vcx=0.043,wc=0.000
 [19 bytes written]
[INFO] [1791450330.966659732] [serial_twistctl_node]: [TWIST_RX] Received Twist message - linear.x=0.064, angular.z=0.000, scaled_angular.z=0.000
[INFO] [1791450330.966718506] [serial_twistctl_node]: [SERIAL_TX] Timestamp: 1791450330966704524, Sending command (1/1): vcx=0.064,wc=0.000
 [19 bytes written]
[INFO] [1791450331.016480460] [serial_twistctl_node]: [TWIST_RX] Received Twist message - linear.x=0.085, angular.z=0.000, scaled_angular.z=0.000
[INFO] [1791450331.016541742] [serial_twistctl_node]: [SERIAL_TX] Timestamp: 1791450331016528409, Sending command (1/1): vcx=0.085,wc=0.000
 [19 bytes written]
[INFO] [1791450331.066648251] [serial_twistctl_node]: [TWIST_RX] Received Twist message - linear.x=0.106, angular.z=0.000, scaled_angular.z=0.000
[INFO] [1791450331.066709967] [serial_twistctl_node]: [SERIAL_TX] Timestamp: 1791450331066695586, Sending command (1/1): vcx=0.106,wc=0.000
 [19 bytes written]
[INFO] [1791450331.116722635] [serial_twistctl_node]: [TWIST_RX] Received Twist message - linear.x=0.127, angular.z=0.000, scaled_angular.z=0.000
[INFO] [1791450331.116793182] [serial_twistctl_node]: [SERIAL_TX] Timestamp: 1791450331116779877, Sending command (1/1): vcx=0.127,wc=0.000
 [19 bytes written]
[INFO] [1791450331.166583961] [serial_twistctl_node]: [TWIST_RX] Received Twist message - linear.x=0.149, angular.z=0.000, scaled_angular.z=0.000
[INFO] [1791450331.166648455] [serial_twistctl_node]: [SERIAL_TX] Timestamp: 1791450331166630106, Sending command (1/1): vcx=0.149,wc=0.000
 [19 bytes written]
[INFO] [1791450331.216551209] [serial_twistctl_node]: [TWIST_RX] Received Twist message - linear.x=0.170, angular.z=0.000, scaled_angular.z=0.000
[INFO] [1791450331.216613742] [serial_twistctl_node]: [SERIAL_TX] Timestamp: 1791450331216599315, Sending command (1/1): vcx=0.170,wc=0.000
 [19 bytes written]
[INFO] [1791450331.266639679] [serial_twistctl_node]: [TWIST_RX] Received Twist message - linear.x=0.191, angular.z=0.000, scaled_angular.z=0.000
[INFO] [1791450331.266701445] [serial_twistctl_node]: [SERIAL_TX] Timestamp: 1791450331266688318, Sending command (1/1): vcx=0.191,wc=0.000
 [19 bytes written]
[INFO] [1791450331.316671038] [serial_twistctl_node]: [TWIST_RX] Received Twist message - linear.x=0.213, angular.z=0.000, scaled_angular.z=0.000
[INFO] [1791450331.316739679] [serial_twistctl_node]: [SERIAL_TX] Timestamp: 1791450331316721134, Sending command (1/1): vcx=0.213,wc=0.000
 [19 bytes written]
[INFO] [1791450331.366468195] [serial_twistctl_node]: [TWIST_RX] Received Twist message - linear.x=0.220, angular.z=0.000, scaled_angular.z=0.000
[INFO] [1791450331.366528433] [serial_twistctl_node]: [SERIAL_TX] Timestamp: 1791450331366515210, Sending command (1/1): vcx=0.220,wc=0.000
 [19 bytes written]
[INFO] [1791450331.416620782] [serial_twistctl_node]: [TWIST_RX] Received Twist message - linear.x=0.217, angular.z=0.000, scaled_angular.z=0.000
[INFO] [1791450331.416690899] [serial_twistctl_node]: [SERIAL_TX] Timestamp: 1791450331416674904, Sending command (1/1): vcx=0.217,wc=0.000
 [19 bytes written]
[INFO] [1791450331.466424992] [serial_twistctl_node]: [TWIST_RX] Received Twist message - linear.x=0.220, angular.z=0.000, scaled_angular.z=0.000
[INFO] [1791450331.466486201] [serial_twistctl_node]: [SERIAL_TX] Timestamp: 1791450331466469583, Sending command (1/1): vcx=0.220,wc=0.000
 [19 bytes written]
[INFO] [1791450331.516745372] [serial_twistctl_node]: [TWIST_RX] Received Twist message - linear.x=0.216, angular.z=0.000, scaled_angular.z=0.000
[INFO] [1791450331.516796908] [serial_twistctl_node]: [SERIAL_TX] Timestamp: 1791450331516785005, Sending command (1/1): vcx=0.216,wc=0.000
 [19 bytes written]
[INFO] [1791450331.566703998] [serial_twistctl_node]: [TWIST_RX] Received Twist message - linear.x=0.219, angular.z=0.000, scaled_angular.z=0.000
[INFO] [1791450331.566752956] [serial_twistctl_node]: [SERIAL_TX] Timestamp: 1791450331566740605, Sending command (1/1): vcx=0.219,wc=0.000
 [19 bytes written]
[INFO] [1791450331.616687228] [serial_twistctl_node]: [TWIST_RX] Received Twist message - linear.x=0.221, angular.z=0.000, scaled_angular.z=0.000
[INFO] [1791450331.616732296] [serial_twistctl_node]: [SERIAL_TX] Timestamp: 1791450331616721799, Sending command (1/1): vcx=0.221,wc=0.000
 [19 bytes written]
[INFO] [1791450331.666673485] [serial_twistctl_node]: [TWIST_RX] Received Twist message - linear.x=0.219, angular.z=0.000, scaled_angular.z=0.000
[INFO] [1791450331.666733539] [serial_twistctl_node]: [SERIAL_TX] Timestamp: 1791450331666719431, Sending command (1/1): vcx=0.219,wc=0.000
 [19 bytes written]
[INFO] [1791450331.716637759] [serial_twistctl_node]: [TWIST_RX] Received Twist message - linear.x=0.221, angular.z=0.000, scaled_angular.z=0.000
[INFO] [1791450331.716698863] [serial_twistctl_node]: [SERIAL_TX] Timestamp: 1791450331716684653, Sending command (1/1): vcx=0.221,wc=0.000
 [19 bytes written]
[INFO] [1791450331.766634496] [serial_twistctl_node]: [TWIST_RX] Received Twist message - linear.x=0.218, angular.z=0.000, scaled_angular.z=0.000
[INFO] [1791450331.766712478] [serial_twistctl_node]: [SERIAL_TX] Timestamp: 1791450331766698079, Sending command (1/1): vcx=0.218,wc=0.000
 [19 bytes written]
[INFO] [1791450331.816693775] [serial_twistctl_node]: [TWIST_RX] Received Twist message - linear.x=0.220, angular.z=0.000, scaled_angular.z=0.000
[INFO] [1791450331.816753375] [serial_twistctl_node]: [SERIAL_TX] Timestamp: 1791450331816739148, Sending command (1/1): vcx=0.220,wc=0.000
 [19 bytes written]
[INFO] [1791450331.866750479] [serial_twistctl_node]: [TWIST_RX] Received Twist message - linear.x=0.218, angular.z=0.000, scaled_angular.z=0.000
[INFO] [1791450331.866811661] [serial_twistctl_node]: [SERIAL_TX] Timestamp: 1791450331866795804, Sending command (1/1): vcx=0.218,wc=0.000
 [19 bytes written]
[INFO] [1791450331.916497774] [serial_twistctl_node]: [TWIST_RX] Received Twist message - linear.x=0.220, angular.z=0.000, scaled_angular.z=0.000
[INFO] [1791450331.916561603] [serial_twistctl_node]: [SERIAL_TX] Timestamp: 1791450331916549157, Sending command (1/1): vcx=0.220,wc=0.000
 [19 bytes written]
[INFO] [1791450331.966664102] [serial_twistctl_node]: [TWIST_RX] Received Twist message - linear.x=0.217, angular.z=0.000, scaled_angular.z=0.000
[INFO] [1791450331.966736655] [serial_twistctl_node]: [SERIAL_TX] Timestamp: 1791450331966720675, Sending command (1/1): vcx=0.217,wc=0.000
 [19 bytes written]
[INFO] [1791450332.016470702] [serial_twistctl_node]: [TWIST_RX] Received Twist message - linear.x=0.220, angular.z=0.000, scaled_angular.z=0.000
[INFO] [1791450332.016534976] [serial_twistctl_node]: [SERIAL_TX] Timestamp: 1791450332016520056, Sending command (1/1): vcx=0.220,wc=0.000
 [19 bytes written]
[INFO] [1791450332.066663632] [serial_twistctl_node]: [TWIST_RX] Received Twist message - linear.x=0.221, angular.z=0.000, scaled_angular.z=0.000
[INFO] [1791450332.066733647] [serial_twistctl_node]: [SERIAL_TX] Timestamp: 1791450332066719839, Sending command (1/1): vcx=0.221,wc=0.000
 [19 bytes written]
[INFO] [1791450332.116480788] [serial_twistctl_node]: [TWIST_RX] Received Twist message - linear.x=0.219, angular.z=0.000, scaled_angular.z=0.000
[INFO] [1791450332.116548173] [serial_twistctl_node]: [SERIAL_TX] Timestamp: 1791450332116531206, Sending command (1/1): vcx=0.219,wc=0.000
 [19 bytes written]
[INFO] [1791450332.166564440] [serial_twistctl_node]: [TWIST_RX] Received Twist message - linear.x=0.221, angular.z=0.000, scaled_angular.z=0.000
[INFO] [1791450332.166624414] [serial_twistctl_node]: [SERIAL_TX] Timestamp: 1791450332166612562, Sending command (1/1): vcx=0.221,wc=0.000
 [19 bytes written]
[INFO] [1791450332.216452965] [serial_twistctl_node]: [TWIST_RX] Received Twist message - linear.x=0.218, angular.z=0.000, scaled_angular.z=0.000
[INFO] [1791450332.216516637] [serial_twistctl_node]: [SERIAL_TX] Timestamp: 1791450332216502515, Sending command (1/1): vcx=0.218,wc=0.000
 [19 bytes written]
[INFO] [1791450332.266475281] [serial_twistctl_node]: [TWIST_RX] Received Twist message - linear.x=0.000, angular.z=0.000, scaled_angular.z=0.000
[INFO] [1791450332.266526698] [serial_twistctl_node]: [SERIAL_TX] Timestamp: 1791450332266515582, Sending command (1/1): vcx=0.000,wc=0.000
 [19 bytes written]
[INFO] [1791450332.316713021] [serial_twistctl_node]: [TWIST_RX] Received Twist message - linear.x=0.000, angular.z=0.000, scaled_angular.z=0.000
[INFO] [1791450332.316771048] [serial_twistctl_node]: [SERIAL_TX] Timestamp: 1791450332316756909, Sending command (1/1): vcx=0.000,wc=0.000
 [19 bytes written]
[INFO] [1791450332.366436368] [serial_twistctl_node]: [TWIST_RX] Received Twist message - linear.x=0.000, angular.z=0.000, scaled_angular.z=0.000
[INFO] [1791450332.366491102] [serial_twistctl_node]: [SERIAL_TX] Timestamp: 1791450332366479641, Sending command (1/1): vcx=0.000,wc=0.000
 [19 bytes written]
[INFO] [1791450332.416574872] [serial_twistctl_node]: [TWIST_RX] Received Twist message - linear.x=0.000, angular.z=0.000, scaled_angular.z=0.000
[INFO] [1791450332.416637756] [serial_twistctl_node]: [SERIAL_TX] Timestamp: 1791450332416625185, Sending command (1/1): vcx=0.000,wc=0.000
 [19 bytes written]
[INFO] [1791450332.466539560] [serial_twistctl_node]: [TWIST_RX] Received Twist message - linear.x=0.000, angular.z=0.000, scaled_angular.z=0.000
[INFO] [1791450332.466599133] [serial_twistctl_node]: [SERIAL_TX] Timestamp: 1791450332466582342, Sending command (1/1): vcx=0.000,wc=0.000
 [19 bytes written]
[INFO] [1791450332.516573821] [serial_twistctl_node]: [TWIST_RX] Received Twist message - linear.x=0.000, angular.z=0.000, scaled_angular.z=0.000
[INFO] [1791450332.516643667] [serial_twistctl_node]: [SERIAL_TX] Timestamp: 1791450332516632351, Sending command (1/1): vcx=0.000,wc=0.000
 [19 bytes written]
[INFO] [1791450332.566597354] [serial_twistctl_node]: [TWIST_RX] Received Twist message - linear.x=0.000, angular.z=0.000, scaled_angular.z=0.000
[INFO] [1791450332.566667557] [serial_twistctl_node]: [SERIAL_TX] Timestamp: 1791450332566643749, Sending command (1/1): vcx=0.000,wc=0.000
 [19 bytes written]
[INFO] [1791450332.616592236] [serial_twistctl_node]: [TWIST_RX] Received Twist message - linear.x=0.000, angular.z=0.000, scaled_angular.z=0.000
[INFO] [1791450332.616653165] [serial_twistctl_node]: [SERIAL_TX] Timestamp: 1791450332616639117, Sending command (1/1): vcx=0.000,wc=0.000
 [19 bytes written]
[INFO] [1791450332.666708006] [serial_twistctl_node]: [TWIST_RX] Received Twist message - linear.x=0.000, angular.z=0.000, scaled_angular.z=0.000
[INFO] [1791450332.666768277] [serial_twistctl_node]: [SERIAL_TX] Timestamp: 1791450332666753843, Sending command (1/1): vcx=0.000,wc=0.000
 [19 bytes written]
[INFO] [1791450332.716599489] [serial_twistctl_node]: [TWIST_RX] Received Twist message - linear.x=0.000, angular.z=0.000, scaled_angular.z=0.000
[INFO] [1791450332.716656042] [serial_twistctl_node]: [SERIAL_TX] Timestamp: 1791450332716642337, Sending command (1/1): vcx=0.000,wc=0.000
 [19 bytes written]
[INFO] [1791450332.766722800] [serial_twistctl_node]: [TWIST_RX] Received Twist message - linear.x=0.000, angular.z=0.000, scaled_angular.z=0.000
[INFO] [1791450332.766785431] [serial_twistctl_node]: [SERIAL_TX] Timestamp: 1791450332766771391, Sending command (1/1): vcx=0.000,wc=0.000
 [19 bytes written]
[INFO] [1791450332.816469020] [serial_twistctl_node]: [TWIST_RX] Received Twist message - linear.x=0.000, angular.z=0.000, scaled_angular.z=0.000
[INFO] [1791450332.816525416] [serial_twistctl_node]: [SERIAL_TX] Timestamp: 1791450332816512218, Sending command (1/1): vcx=0.000,wc=0.000
 [19 bytes written]
[INFO] [1791450332.866608608] [serial_twistctl_node]: [TWIST_RX] Received Twist message - linear.x=0.000, angular.z=0.000, scaled_angular.z=0.000
[INFO] [1791450332.866665266] [serial_twistctl_node]: [SERIAL_TX] Timestamp: 1791450332866652469, Sending command (1/1): vcx=0.000,wc=0.000
 [19 bytes written]
[INFO] [1791450332.916654200] [serial_twistctl_node]: [TWIST_RX] Received Twist message - linear.x=0.000, angular.z=0.000, scaled_angular.z=0.000
[INFO] [1791450332.916710024] [serial_twistctl_node]: [SERIAL_TX] Timestamp: 1791450332916696057, Sending command (1/1): vcx=0.000,wc=0.000
 [19 bytes written]
[INFO] [1791450332.966614977] [serial_twistctl_node]: [TWIST_RX] Received Twist message - linear.x=0.000, angular.z=0.000, scaled_angular.z=0.000
[INFO] [1791450332.966669715] [serial_twistctl_node]: [SERIAL_TX] Timestamp: 1791450332966657574, Sending command (1/1): vcx=0.000,wc=0.000
 [19 bytes written]
[INFO] [1791450333.016601478] [serial_twistctl_node]: [TWIST_RX] Received Twist message - linear.x=0.000, angular.z=0.000, scaled_angular.z=0.000
[INFO] [1791450333.016662075] [serial_twistctl_node]: [SERIAL_TX] Timestamp: 1791450333016648921, Sending command (1/1): vcx=0.000,wc=0.000
 [19 bytes written]
[INFO] [1791450333.066428444] [serial_twistctl_node]: [TWIST_RX] Received Twist message - linear.x=0.000, angular.z=0.000, scaled_angular.z=0.000
[INFO] [1791450333.066484370] [serial_twistctl_node]: [SERIAL_TX] Timestamp: 1791450333066473062, Sending command (1/1): vcx=0.000,wc=0.000
 [19 bytes written]
[INFO] [1791450333.116550348] [serial_twistctl_node]: [TWIST_RX] Received Twist message - linear.x=0.000, angular.z=0.000, scaled_angular.z=0.000
[INFO] [1791450333.116620678] [serial_twistctl_node]: [SERIAL_TX] Timestamp: 1791450333116607871, Sending command (1/1): vcx=0.000,wc=0.000
 [19 bytes written]
[INFO] [1791450333.166506088] [serial_twistctl_node]: [TWIST_RX] Received Twist message - linear.x=0.000, angular.z=0.000, scaled_angular.z=0.000
[INFO] [1791450333.166576818] [serial_twistctl_node]: [SERIAL_TX] Timestamp: 1791450333166564573, Sending command (1/1): vcx=0.000,wc=0.000
 [19 bytes written]
[INFO] [1791450333.216586695] [serial_twistctl_node]: [TWIST_RX] Received Twist message - linear.x=0.000, angular.z=0.000, scaled_angular.z=0.000
[INFO] [1791450333.216646001] [serial_twistctl_node]: [SERIAL_TX] Timestamp: 1791450333216632384, Sending command (1/1): vcx=0.000,wc=0.000
 [19 bytes written]
[INFO] [1791450333.266661556] [serial_twistctl_node]: [TWIST_RX] Received Twist message - linear.x=0.000, angular.z=0.000, scaled_angular.z=0.000
[INFO] [1791450333.266719157] [serial_twistctl_node]: [SERIAL_TX] Timestamp: 1791450333266705615, Sending command (1/1): vcx=0.000,wc=0.000
 [19 bytes written]
[INFO] [1791450333.316592470] [serial_twistctl_node]: [TWIST_RX] Received Twist message - linear.x=0.000, angular.z=0.000, scaled_angular.z=0.000
[INFO] [1791450333.316647093] [serial_twistctl_node]: [SERIAL_TX] Timestamp: 1791450333316634323, Sending command (1/1): vcx=0.000,wc=0.000
 [19 bytes written]
[INFO] [1791450333.366662198] [serial_twistctl_node]: [TWIST_RX] Received Twist message - linear.x=0.000, angular.z=0.000, scaled_angular.z=0.000
[INFO] [1791450333.366715592] [serial_twistctl_node]: [SERIAL_TX] Timestamp: 1791450333366703415, Sending command (1/1): vcx=0.000,wc=0.000
 [19 bytes written]
[INFO] [1791450333.416455872] [serial_twistctl_node]: [TWIST_RX] Received Twist message - linear.x=0.000, angular.z=0.000, scaled_angular.z=0.000
[INFO] [1791450333.416512740] [serial_twistctl_node]: [SERIAL_TX] Timestamp: 1791450333416500479, Sending command (1/1): vcx=0.000,wc=0.000
 [19 bytes written]
[INFO] [1791450333.466545078] [serial_twistctl_node]: [TWIST_RX] Received Twist message - linear.x=0.000, angular.z=0.000, scaled_angular.z=0.000
[INFO] [1791450333.466602070] [serial_twistctl_node]: [SERIAL_TX] Timestamp: 1791450333466589220, Sending command (1/1): vcx=0.000,wc=0.000
 [19 bytes written]
[INFO] [1791450333.516427615] [serial_twistctl_node]: [TWIST_RX] Received Twist message - linear.x=0.000, angular.z=0.000, scaled_angular.z=0.000
[INFO] [1791450333.516470475] [serial_twistctl_node]: [SERIAL_TX] Timestamp: 1791450333516461719, Sending command (1/1): vcx=0.000,wc=0.000
 [19 bytes written]
[INFO] [1791450333.566438929] [serial_twistctl_node]: [TWIST_RX] Received Twist message - linear.x=0.000, angular.z=0.000, scaled_angular.z=0.000
[INFO] [1791450333.566475668] [serial_twistctl_node]: [SERIAL_TX] Timestamp: 1791450333566468680, Sending command (1/1): vcx=0.000,wc=0.000
 [19 bytes written]
[INFO] [1791450333.616474784] [serial_twistctl_node]: [TWIST_RX] Received Twist message - linear.x=0.000, angular.z=0.000, scaled_angular.z=0.000
[INFO] [1791450333.616518703] [serial_twistctl_node]: [SERIAL_TX] Timestamp: 1791450333616509758, Sending command (1/1): vcx=0.000,wc=0.000
 [19 bytes written]
[INFO] [1791450333.666675170] [serial_twistctl_node]: [TWIST_RX] Received Twist message - linear.x=0.000, angular.z=0.000, scaled_angular.z=0.000
[INFO] [1791450333.666782668] [serial_twistctl_node]: [SERIAL_TX] Timestamp: 1791450333666772656, Sending command (1/1): vcx=0.000,wc=0.000
 [19 bytes written]
[INFO] [1791450333.716706935] [serial_twistctl_node]: [TWIST_RX] Received Twist message - linear.x=0.000, angular.z=0.000, scaled_angular.z=0.000
[INFO] [1791450333.716754289] [serial_twistctl_node]: [SERIAL_TX] Timestamp: 1791450333716742551, Sending command (1/1): vcx=0.000,wc=0.000
 [19 bytes written]
[INFO] [1791450333.766717173] [serial_twistctl_node]: [TWIST_RX] Received Twist message - linear.x=0.000, angular.z=0.000, scaled_angular.z=0.000
[INFO] [1791450333.766774181] [serial_twistctl_node]: [SERIAL_TX] Timestamp: 1791450333766764252, Sending command (1/1): vcx=0.000,wc=0.000
 [19 bytes written]
[INFO] [1791450333.816738217] [serial_twistctl_node]: [TWIST_RX] Received Twist message - linear.x=0.000, angular.z=0.000, scaled_angular.z=0.000
[INFO] [1791450333.816783952] [serial_twistctl_node]: [SERIAL_TX] Timestamp: 1791450333816773538, Sending command (1/1): vcx=0.000,wc=0.000
 [19 bytes written]
[INFO] [1791450333.866618690] [serial_twistctl_node]: [TWIST_RX] Received Twist message - linear.x=0.000, angular.z=0.000, scaled_angular.z=0.000
[INFO] [1791450333.866660412] [serial_twistctl_node]: [SERIAL_TX] Timestamp: 1791450333866651970, Sending command (1/1): vcx=0.000,wc=0.000
 [19 bytes written]
[INFO] [1791450333.916835517] [serial_twistctl_node]: [TWIST_RX] Received Twist message - linear.x=0.000, angular.z=0.000, scaled_angular.z=0.000
[INFO] [1791450333.916881261] [serial_twistctl_node]: [SERIAL_TX] Timestamp: 1791450333916870504, Sending command (1/1): vcx=0.000,wc=0.000
 [19 bytes written]
[INFO] [1791450333.966507746] [serial_twistctl_node]: [TWIST_RX] Received Twist message - linear.x=0.000, angular.z=0.000, scaled_angular.z=0.000
[INFO] [1791450333.966551279] [serial_twistctl_node]: [SERIAL_TX] Timestamp: 1791450333966541515, Sending command (1/1): vcx=0.000,wc=0.000
 [19 bytes written]
[INFO] [1791450334.016690023] [serial_twistctl_node]: [TWIST_RX] Received Twist message - linear.x=0.000, angular.z=0.000, scaled_angular.z=0.000
[INFO] [1791450334.016740682] [serial_twistctl_node]: [SERIAL_TX] Timestamp: 1791450334016729726, Sending command (1/1): vcx=0.000,wc=0.000
 [19 bytes written]
[INFO] [1791450334.066604448] [serial_twistctl_node]: [TWIST_RX] Received Twist message - linear.x=0.000, angular.z=0.000, scaled_angular.z=0.000
[INFO] [1791450334.066652900] [serial_twistctl_node]: [SERIAL_TX] Timestamp: 1791450334066640344, Sending command (1/1): vcx=0.000,wc=0.000
 [19 bytes written]
[INFO] [1791450334.116513102] [serial_twistctl_node]: [TWIST_RX] Received Twist message - linear.x=0.000, angular.z=0.000, scaled_angular.z=0.000
[INFO] [1791450334.116554331] [serial_twistctl_node]: [SERIAL_TX] Timestamp: 1791450334116544517, Sending command (1/1): vcx=0.000,wc=0.000
 [19 bytes written]
[INFO] [1791450334.166712564] [serial_twistctl_node]: [TWIST_RX] Received Twist message - linear.x=0.000, angular.z=0.000, scaled_angular.z=0.000
[INFO] [1791450334.166768689] [serial_twistctl_node]: [SERIAL_TX] Timestamp: 1791450334166757225, Sending command (1/1): vcx=0.000,wc=0.000
 [19 bytes written]
[INFO] [1791450334.216504470] [serial_twistctl_node]: [TWIST_RX] Received Twist message - linear.x=0.000, angular.z=0.000, scaled_angular.z=0.000
[INFO] [1791450334.216551506] [serial_twistctl_node]: [SERIAL_TX] Timestamp: 1791450334216540026, Sending command (1/1): vcx=0.000,wc=0.000
 [19 bytes written]
[INFO] [1791450334.266699164] [serial_twistctl_node]: [TWIST_RX] Received Twist message - linear.x=0.000, angular.z=0.000, scaled_angular.z=0.000
[INFO] [1791450334.266744381] [serial_twistctl_node]: [SERIAL_TX] Timestamp: 1791450334266733894, Sending command (1/1): vcx=0.000,wc=0.000
 [19 bytes written]
[INFO] [1791450334.316703155] [serial_twistctl_node]: [TWIST_RX] Received Twist message - linear.x=0.000, angular.z=0.000, scaled_angular.z=0.000
[INFO] [1791450334.316747697] [serial_twistctl_node]: [SERIAL_TX] Timestamp: 1791450334316738125, Sending command (1/1): vcx=0.000,wc=0.000
 [19 bytes written]
[INFO] [1791450334.366564772] [serial_twistctl_node]: [TWIST_RX] Received Twist message - linear.x=0.000, angular.z=0.000, scaled_angular.z=0.000
[INFO] [1791450334.366611526] [serial_twistctl_node]: [SERIAL_TX] Timestamp: 1791450334366601447, Sending command (1/1): vcx=0.000,wc=0.000
 [19 bytes written]
[INFO] [1791450334.416490293] [serial_twistctl_node]: [TWIST_RX] Received Twist message - linear.x=0.000, angular.z=0.000, scaled_angular.z=0.000
[INFO] [1791450334.416531470] [serial_twistctl_node]: [SERIAL_TX] Timestamp: 1791450334416522236, Sending command (1/1): vcx=0.000,wc=0.000
 [19 bytes written]
[INFO] [1791450334.466573370] [serial_twistctl_node]: [TWIST_RX] Received Twist message - linear.x=0.000, angular.z=0.000, scaled_angular.z=0.000
[INFO] [1791450334.466618171] [serial_twistctl_node]: [SERIAL_TX] Timestamp: 1791450334466607510, Sending command (1/1): vcx=0.000,wc=0.000
 [19 bytes written]
[INFO] [1791450334.516354610] [serial_twistctl_node]: [TWIST_RX] Received Twist message - linear.x=0.000, angular.z=0.000, scaled_angular.z=0.000
[INFO] [1791450334.516397647] [serial_twistctl_node]: [SERIAL_TX] Timestamp: 1791450334516387720, Sending command (1/1): vcx=0.000,wc=0.000
 [19 bytes written]
[INFO] [1791450334.566679891] [serial_twistctl_node]: [TWIST_RX] Received Twist message - linear.x=0.000, angular.z=0.000, scaled_angular.z=0.000
[INFO] [1791450334.566724670] [serial_twistctl_node]: [SERIAL_TX] Timestamp: 1791450334566714889, Sending command (1/1): vcx=0.000,wc=0.000
 [19 bytes written]
[INFO] [1791450334.616590941] [serial_twistctl_node]: [TWIST_RX] Received Twist message - linear.x=0.000, angular.z=0.000, scaled_angular.z=0.000
[INFO] [1791450334.616639875] [serial_twistctl_node]: [SERIAL_TX] Timestamp: 1791450334616627892, Sending command (1/1): vcx=0.000,wc=0.000
 [19 bytes written]
[INFO] [1791450334.666693344] [serial_twistctl_node]: [TWIST_RX] Received Twist message - linear.x=0.000, angular.z=0.000, scaled_angular.z=0.000
[INFO] [1791450334.666740874] [serial_twistctl_node]: [SERIAL_TX] Timestamp: 1791450334666729669, Sending command (1/1): vcx=0.000,wc=0.000
 [19 bytes written]
[INFO] [1791450334.716683435] [serial_twistctl_node]: [TWIST_RX] Received Twist message - linear.x=0.000, angular.z=0.000, scaled_angular.z=0.000
[INFO] [1791450334.716729779] [serial_twistctl_node]: [SERIAL_TX] Timestamp: 1791450334716718578, Sending command (1/1): vcx=0.000,wc=0.000
 [19 bytes written]
[INFO] [1791450334.766595565] [serial_twistctl_node]: [TWIST_RX] Received Twist message - linear.x=0.000, angular.z=0.000, scaled_angular.z=0.000
[INFO] [1791450334.766643413] [serial_twistctl_node]: [SERIAL_TX] Timestamp: 1791450334766633264, Sending command (1/1): vcx=0.000,wc=0.000
 [19 bytes written]
[INFO] [1791450334.816539711] [serial_twistctl_node]: [TWIST_RX] Received Twist message - linear.x=0.000, angular.z=0.000, scaled_angular.z=0.000
[INFO] [1791450334.816585596] [serial_twistctl_node]: [SERIAL_TX] Timestamp: 1791450334816571717, Sending command (1/1): vcx=0.000,wc=0.000
 [19 bytes written]
[INFO] [1791450334.866581589] [serial_twistctl_node]: [TWIST_RX] Received Twist message - linear.x=0.000, angular.z=0.000, scaled_angular.z=0.000
[INFO] [1791450334.866629240] [serial_twistctl_node]: [SERIAL_TX] Timestamp: 1791450334866618571, Sending command (1/1): vcx=0.000,wc=0.000
 [19 bytes written]
[INFO] [1791450334.916556630] [serial_twistctl_node]: [TWIST_RX] Received Twist message - linear.x=0.000, angular.z=0.000, scaled_angular.z=0.000
[INFO] [1791450334.916618447] [serial_twistctl_node]: [SERIAL_TX] Timestamp: 1791450334916604580, Sending command (1/1): vcx=0.000,wc=0.000
 [19 bytes written]
[INFO] [1791450334.966489205] [serial_twistctl_node]: [TWIST_RX] Received Twist message - linear.x=0.000, angular.z=0.000, scaled_angular.z=0.000
[INFO] [1791450334.966552763] [serial_twistctl_node]: [SERIAL_TX] Timestamp: 1791450334966538544, Sending command (1/1): vcx=0.000,wc=0.000
 [19 bytes written]
[INFO] [1791450335.016527453] [serial_twistctl_node]: [TWIST_RX] Received Twist message - linear.x=0.000, angular.z=0.000, scaled_angular.z=0.000
[INFO] [1791450335.016594635] [serial_twistctl_node]: [SERIAL_TX] Timestamp: 1791450335016579837, Sending command (1/1): vcx=0.000,wc=0.000
 [19 bytes written]
[INFO] [1791450335.066641459] [serial_twistctl_node]: [TWIST_RX] Received Twist message - linear.x=0.000, angular.z=0.000, scaled_angular.z=0.000
[INFO] [1791450335.066702465] [serial_twistctl_node]: [SERIAL_TX] Timestamp: 1791450335066687769, Sending command (1/1): vcx=0.000,wc=0.000
 [19 bytes written]
[INFO] [1791450335.116649384] [serial_twistctl_node]: [TWIST_RX] Received Twist message - linear.x=0.000, angular.z=0.000, scaled_angular.z=0.000
[INFO] [1791450335.116728728] [serial_twistctl_node]: [SERIAL_TX] Timestamp: 1791450335116715959, Sending command (1/1): vcx=0.000,wc=0.000
 [19 bytes written]
[INFO] [1791450335.166660790] [serial_twistctl_node]: [TWIST_RX] Received Twist message - linear.x=0.000, angular.z=0.000, scaled_angular.z=0.000
[INFO] [1791450335.166732828] [serial_twistctl_node]: [SERIAL_TX] Timestamp: 1791450335166720021, Sending command (1/1): vcx=0.000,wc=0.000
 [19 bytes written]
[INFO] [1791450335.216517804] [serial_twistctl_node]: [TWIST_RX] Received Twist message - linear.x=0.000, angular.z=0.000, scaled_angular.z=0.000
[INFO] [1791450335.216568639] [serial_twistctl_node]: [SERIAL_TX] Timestamp: 1791450335216556838, Sending command (1/1): vcx=0.000,wc=0.000
 [19 bytes written]
[INFO] [1791450335.266560057] [serial_twistctl_node]: [TWIST_RX] Received Twist message - linear.x=0.000, angular.z=0.000, scaled_angular.z=0.000
[INFO] [1791450335.266618072] [serial_twistctl_node]: [SERIAL_TX] Timestamp: 1791450335266606225, Sending command (1/1): vcx=0.000,wc=0.000
 [19 bytes written]
[INFO] [1791450335.316562069] [serial_twistctl_node]: [TWIST_RX] Received Twist message - linear.x=0.000, angular.z=0.000, scaled_angular.z=0.000
[INFO] [1791450335.316625704] [serial_twistctl_node]: [SERIAL_TX] Timestamp: 1791450335316611268, Sending command (1/1): vcx=0.000,wc=0.000
 [19 bytes written]
[INFO] [1791450335.366838442] [serial_twistctl_node]: [TWIST_RX] Received Twist message - linear.x=0.000, angular.z=0.000, scaled_angular.z=0.000
[INFO] [1791450335.366896861] [serial_twistctl_node]: [SERIAL_TX] Timestamp: 1791450335366881910, Sending command (1/1): vcx=0.000,wc=0.000
 [19 bytes written]
[INFO] [1791450335.416564236] [serial_twistctl_node]: [TWIST_RX] Received Twist message - linear.x=0.000, angular.z=0.000, scaled_angular.z=0.000
[INFO] [1791450335.416620976] [serial_twistctl_node]: [SERIAL_TX] Timestamp: 1791450335416607545, Sending command (1/1): vcx=0.000,wc=0.000
 [19 bytes written]
[INFO] [1791450335.466587517] [serial_twistctl_node]: [TWIST_RX] Received Twist message - linear.x=0.000, angular.z=0.000, scaled_angular.z=0.000
[INFO] [1791450335.466644551] [serial_twistctl_node]: [SERIAL_TX] Timestamp: 1791450335466632561, Sending command (1/1): vcx=0.000,wc=0.000
 [19 bytes written]
[INFO] [1791450335.516535818] [serial_twistctl_node]: [TWIST_RX] Received Twist message - linear.x=0.000, angular.z=0.000, scaled_angular.z=0.000
[INFO] [1791450335.516594443] [serial_twistctl_node]: [SERIAL_TX] Timestamp: 1791450335516580334, Sending command (1/1): vcx=0.000,wc=0.000
 [19 bytes written]
[INFO] [1791450335.566468691] [serial_twistctl_node]: [TWIST_RX] Received Twist message - linear.x=0.000, angular.z=0.000, scaled_angular.z=0.000
[INFO] [1791450335.566525967] [serial_twistctl_node]: [SERIAL_TX] Timestamp: 1791450335566513735, Sending command (1/1): vcx=0.000,wc=0.000
 [19 bytes written]
[INFO] [1791450335.616448702] [serial_twistctl_node]: [TWIST_RX] Received Twist message - linear.x=0.000, angular.z=0.000, scaled_angular.z=0.000
[INFO] [1791450335.616507945] [serial_twistctl_node]: [SERIAL_TX] Timestamp: 1791450335616493689, Sending command (1/1): vcx=0.000,wc=0.000
 [19 bytes written]
[INFO] [1791450335.666632039] [serial_twistctl_node]: [TWIST_RX] Received Twist message - linear.x=0.000, angular.z=0.000, scaled_angular.z=0.000
[INFO] [1791450335.666690935] [serial_twistctl_node]: [SERIAL_TX] Timestamp: 1791450335666677840, Sending command (1/1): vcx=0.000,wc=0.000
 [19 bytes written]
[INFO] [1791450335.716449722] [serial_twistctl_node]: [TWIST_RX] Received Twist message - linear.x=0.000, angular.z=0.000, scaled_angular.z=0.000
[INFO] [1791450335.716509098] [serial_twistctl_node]: [SERIAL_TX] Timestamp: 1791450335716496189, Sending command (1/1): vcx=0.000,wc=0.000
 [19 bytes written]
[INFO] [1791450335.766464598] [serial_twistctl_node]: [TWIST_RX] Received Twist message - linear.x=0.000, angular.z=0.000, scaled_angular.z=0.000
[INFO] [1791450335.766537551] [serial_twistctl_node]: [SERIAL_TX] Timestamp: 1791450335766524612, Sending command (1/1): vcx=0.000,wc=0.000
 [19 bytes written]
[INFO] [1791450335.816557378] [serial_twistctl_node]: [TWIST_RX] Received Twist message - linear.x=0.000, angular.z=0.000, scaled_angular.z=0.000
[INFO] [1791450335.816616404] [serial_twistctl_node]: [SERIAL_TX] Timestamp: 1791450335816602604, Sending command (1/1): vcx=0.000,wc=0.000
 [19 bytes written]
[INFO] [1791450335.866526706] [serial_twistctl_node]: [TWIST_RX] Received Twist message - linear.x=0.000, angular.z=0.000, scaled_angular.z=0.000
[INFO] [1791450335.866581173] [serial_twistctl_node]: [SERIAL_TX] Timestamp: 1791450335866568968, Sending command (1/1): vcx=0.000,wc=0.000
 [19 bytes written]
[INFO] [1791450335.916473211] [serial_twistctl_node]: [TWIST_RX] Received Twist message - linear.x=0.000, angular.z=0.000, scaled_angular.z=0.000
[INFO] [1791450335.916529060] [serial_twistctl_node]: [SERIAL_TX] Timestamp: 1791450335916517157, Sending command (1/1): vcx=0.000,wc=0.000
 [19 bytes written]
[INFO] [1791450335.966566350] [serial_twistctl_node]: [TWIST_RX] Received Twist message - linear.x=0.000, angular.z=0.000, scaled_angular.z=0.000
[INFO] [1791450335.966625642] [serial_twistctl_node]: [SERIAL_TX] Timestamp: 1791450335966614105, Sending command (1/1): vcx=0.000,wc=0.000
 [19 bytes written]
[INFO] [1791450336.016602249] [serial_twistctl_node]: [TWIST_RX] Received Twist message - linear.x=0.000, angular.z=0.000, scaled_angular.z=0.000
[INFO] [1791450336.016660957] [serial_twistctl_node]: [SERIAL_TX] Timestamp: 1791450336016649067, Sending command (1/1): vcx=0.000,wc=0.000
 [19 bytes written]
[INFO] [1791450336.066483758] [serial_twistctl_node]: [TWIST_RX] Received Twist message - linear.x=0.021, angular.z=0.000, scaled_angular.z=0.000
[INFO] [1791450336.066543316] [serial_twistctl_node]: [SERIAL_TX] Timestamp: 1791450336066531795, Sending command (1/1): vcx=0.021,wc=0.000
 [19 bytes written]
[INFO] [1791450336.116402325] [serial_twistctl_node]: [TWIST_RX] Received Twist message - linear.x=0.043, angular.z=0.000, scaled_angular.z=0.000
[INFO] [1791450336.116463758] [serial_twistctl_node]: [SERIAL_TX] Timestamp: 1791450336116451466, Sending command (1/1): vcx=0.043,wc=0.000
 [19 bytes written]
[INFO] [1791450336.166814222] [serial_twistctl_node]: [TWIST_RX] Received Twist message - linear.x=0.064, angular.z=0.000, scaled_angular.z=0.000
[INFO] [1791450336.166866941] [serial_twistctl_node]: [SERIAL_TX] Timestamp: 1791450336166856214, Sending command (1/1): vcx=0.064,wc=0.000
 [19 bytes written]
[INFO] [1791450336.216597749] [serial_twistctl_node]: [TWIST_RX] Received Twist message - linear.x=0.085, angular.z=0.000, scaled_angular.z=0.000
[INFO] [1791450336.216660018] [serial_twistctl_node]: [SERIAL_TX] Timestamp: 1791450336216645567, Sending command (1/1): vcx=0.085,wc=0.000
 [19 bytes written]
[INFO] [1791450336.266708000] [serial_twistctl_node]: [TWIST_RX] Received Twist message - linear.x=0.106, angular.z=0.000, scaled_angular.z=0.000
[INFO] [1791450336.266769393] [serial_twistctl_node]: [SERIAL_TX] Timestamp: 1791450336266757352, Sending command (1/1): vcx=0.106,wc=0.000
 [19 bytes written]
[INFO] [1791450336.316481618] [serial_twistctl_node]: [TWIST_RX] Received Twist message - linear.x=0.128, angular.z=0.000, scaled_angular.z=0.000
[INFO] [1791450336.316544430] [serial_twistctl_node]: [SERIAL_TX] Timestamp: 1791450336316529901, Sending command (1/1): vcx=0.128,wc=0.000
 [19 bytes written]
[INFO] [1791450336.366593794] [serial_twistctl_node]: [TWIST_RX] Received Twist message - linear.x=0.149, angular.z=0.000, scaled_angular.z=0.000
[INFO] [1791450336.366650935] [serial_twistctl_node]: [SERIAL_TX] Timestamp: 1791450336366638783, Sending command (1/1): vcx=0.149,wc=0.000
 [19 bytes written]
[INFO] [1791450336.416592747] [serial_twistctl_node]: [TWIST_RX] Received Twist message - linear.x=0.170, angular.z=0.000, scaled_angular.z=0.000
[INFO] [1791450336.416660493] [serial_twistctl_node]: [SERIAL_TX] Timestamp: 1791450336416642089, Sending command (1/1): vcx=0.170,wc=0.000
 [19 bytes written]
[INFO] [1791450336.466488896] [serial_twistctl_node]: [TWIST_RX] Received Twist message - linear.x=0.191, angular.z=0.000, scaled_angular.z=0.000
[INFO] [1791450336.466562310] [serial_twistctl_node]: [SERIAL_TX] Timestamp: 1791450336466550109, Sending command (1/1): vcx=0.191,wc=0.000
 [19 bytes written]
[INFO] [1791450336.516577349] [serial_twistctl_node]: [TWIST_RX] Received Twist message - linear.x=0.213, angular.z=0.000, scaled_angular.z=0.000
[INFO] [1791450336.516637778] [serial_twistctl_node]: [SERIAL_TX] Timestamp: 1791450336516624105, Sending command (1/1): vcx=0.213,wc=0.000
 [19 bytes written]
[INFO] [1791450336.566491482] [serial_twistctl_node]: [TWIST_RX] Received Twist message - linear.x=0.219, angular.z=0.000, scaled_angular.z=0.000
[INFO] [1791450336.566552530] [serial_twistctl_node]: [SERIAL_TX] Timestamp: 1791450336566537746, Sending command (1/1): vcx=0.219,wc=0.000
 [19 bytes written]
[INFO] [1791450336.616684190] [serial_twistctl_node]: [TWIST_RX] Received Twist message - linear.x=0.221, angular.z=0.000, scaled_angular.z=0.000
[INFO] [1791450336.616743245] [serial_twistctl_node]: [SERIAL_TX] Timestamp: 1791450336616729077, Sending command (1/1): vcx=0.221,wc=0.000
 [19 bytes written]
[INFO] [1791450336.666779294] [serial_twistctl_node]: [TWIST_RX] Received Twist message - linear.x=0.219, angular.z=0.000, scaled_angular.z=0.000
[INFO] [1791450336.666855346] [serial_twistctl_node]: [SERIAL_TX] Timestamp: 1791450336666840313, Sending command (1/1): vcx=0.219,wc=0.000
 [19 bytes written]
[INFO] [1791450336.716580827] [serial_twistctl_node]: [TWIST_RX] Received Twist message - linear.x=0.221, angular.z=0.000, scaled_angular.z=0.000
[INFO] [1791450336.716639992] [serial_twistctl_node]: [SERIAL_TX] Timestamp: 1791450336716625676, Sending command (1/1): vcx=0.221,wc=0.000
 [19 bytes written]
[INFO] [1791450336.766684767] [serial_twistctl_node]: [TWIST_RX] Received Twist message - linear.x=0.218, angular.z=0.000, scaled_angular.z=0.000
[INFO] [1791450336.766744146] [serial_twistctl_node]: [SERIAL_TX] Timestamp: 1791450336766729502, Sending command (1/1): vcx=0.218,wc=0.000
 [19 bytes written]
[INFO] [1791450336.816581823] [serial_twistctl_node]: [TWIST_RX] Received Twist message - linear.x=0.220, angular.z=0.000, scaled_angular.z=0.000
[INFO] [1791450336.816657946] [serial_twistctl_node]: [SERIAL_TX] Timestamp: 1791450336816645042, Sending command (1/1): vcx=0.220,wc=0.000
 [19 bytes written]
[INFO] [1791450336.866670087] [serial_twistctl_node]: [TWIST_RX] Received Twist message - linear.x=0.217, angular.z=0.000, scaled_angular.z=0.000
[INFO] [1791450336.866729322] [serial_twistctl_node]: [SERIAL_TX] Timestamp: 1791450336866715567, Sending command (1/1): vcx=0.217,wc=0.000
 [19 bytes written]
[INFO] [1791450336.916621307] [serial_twistctl_node]: [TWIST_RX] Received Twist message - linear.x=0.220, angular.z=0.000, scaled_angular.z=0.000
[INFO] [1791450336.916679329] [serial_twistctl_node]: [SERIAL_TX] Timestamp: 1791450336916664597, Sending command (1/1): vcx=0.220,wc=0.000
 [19 bytes written]
[INFO] [1791450336.966741230] [serial_twistctl_node]: [TWIST_RX] Received Twist message - linear.x=0.222, angular.z=0.000, scaled_angular.z=0.000
[INFO] [1791450336.966799996] [serial_twistctl_node]: [SERIAL_TX] Timestamp: 1791450336966785660, Sending command (1/1): vcx=0.222,wc=0.000
 [19 bytes written]
[INFO] [1791450337.016607113] [serial_twistctl_node]: [TWIST_RX] Received Twist message - linear.x=0.219, angular.z=0.000, scaled_angular.z=0.000
[INFO] [1791450337.016668264] [serial_twistctl_node]: [SERIAL_TX] Timestamp: 1791450337016654619, Sending command (1/1): vcx=0.219,wc=0.000
 [19 bytes written]
[INFO] [1791450337.066631505] [serial_twistctl_node]: [TWIST_RX] Received Twist message - linear.x=0.221, angular.z=0.000, scaled_angular.z=0.000
[INFO] [1791450337.066701383] [serial_twistctl_node]: [SERIAL_TX] Timestamp: 1791450337066689260, Sending command (1/1): vcx=0.221,wc=0.000
 [19 bytes written]
[INFO] [1791450337.116612125] [serial_twistctl_node]: [TWIST_RX] Received Twist message - linear.x=0.218, angular.z=0.000, scaled_angular.z=0.000
[INFO] [1791450337.116684923] [serial_twistctl_node]: [SERIAL_TX] Timestamp: 1791450337116670721, Sending command (1/1): vcx=0.218,wc=0.000
 [19 bytes written]
[INFO] [1791450337.166599203] [serial_twistctl_node]: [TWIST_RX] Received Twist message - linear.x=0.220, angular.z=0.000, scaled_angular.z=0.000
[INFO] [1791450337.166659005] [serial_twistctl_node]: [SERIAL_TX] Timestamp: 1791450337166646083, Sending command (1/1): vcx=0.220,wc=0.000
 [19 bytes written]
[INFO] [1791450337.216594242] [serial_twistctl_node]: [TWIST_RX] Received Twist message - linear.x=0.217, angular.z=0.000, scaled_angular.z=0.000
[INFO] [1791450337.216661287] [serial_twistctl_node]: [SERIAL_TX] Timestamp: 1791450337216646721, Sending command (1/1): vcx=0.217,wc=0.000
 [19 bytes written]
[INFO] [1791450337.266766131] [serial_twistctl_node]: [TWIST_RX] Received Twist message - linear.x=0.219, angular.z=0.000, scaled_angular.z=0.000
[INFO] [1791450337.266826778] [serial_twistctl_node]: [SERIAL_TX] Timestamp: 1791450337266813287, Sending command (1/1): vcx=0.219,wc=0.000
 [19 bytes written]
[INFO] [1791450337.316610763] [serial_twistctl_node]: [TWIST_RX] Received Twist message - linear.x=0.221, angular.z=0.000, scaled_angular.z=0.000
[INFO] [1791450337.316670796] [serial_twistctl_node]: [SERIAL_TX] Timestamp: 1791450337316656989, Sending command (1/1): vcx=0.221,wc=0.000
 [19 bytes written]
[INFO] [1791450337.366593933] [serial_twistctl_node]: [TWIST_RX] Received Twist message - linear.x=0.218, angular.z=0.000, scaled_angular.z=0.000
[INFO] [1791450337.366656059] [serial_twistctl_node]: [SERIAL_TX] Timestamp: 1791450337366642446, Sending command (1/1): vcx=0.218,wc=0.000
 [19 bytes written]
[INFO] [1791450337.416778957] [serial_twistctl_node]: [TWIST_RX] Received Twist message - linear.x=0.221, angular.z=0.000, scaled_angular.z=0.000
[INFO] [1791450337.416840661] [serial_twistctl_node]: [SERIAL_TX] Timestamp: 1791450337416825790, Sending command (1/1): vcx=0.221,wc=0.000
 [19 bytes written]
[INFO] [1791450337.466801746] [serial_twistctl_node]: [TWIST_RX] Received Twist message - linear.x=0.218, angular.z=0.000, scaled_angular.z=0.000
[INFO] [1791450337.466863169] [serial_twistctl_node]: [SERIAL_TX] Timestamp: 1791450337466848815, Sending command (1/1): vcx=0.218,wc=0.000
 [19 bytes written]
[INFO] [1791450337.516473894] [serial_twistctl_node]: [TWIST_RX] Received Twist message - linear.x=0.220, angular.z=0.000, scaled_angular.z=0.000
[INFO] [1791450337.516533969] [serial_twistctl_node]: [SERIAL_TX] Timestamp: 1791450337516521265, Sending command (1/1): vcx=0.220,wc=0.000
 [19 bytes written]
[INFO] [1791450337.566728200] [serial_twistctl_node]: [TWIST_RX] Received Twist message - linear.x=0.000, angular.z=0.000, scaled_angular.z=0.000
[INFO] [1791450337.566788378] [serial_twistctl_node]: [SERIAL_TX] Timestamp: 1791450337566773798, Sending command (1/1): vcx=0.000,wc=0.000
 [19 bytes written]
[INFO] [1791450337.616630860] [serial_twistctl_node]: [TWIST_RX] Received Twist message - linear.x=0.000, angular.z=0.000, scaled_angular.z=0.000
[INFO] [1791450337.616688975] [serial_twistctl_node]: [SERIAL_TX] Timestamp: 1791450337616675036, Sending command (1/1): vcx=0.000,wc=0.000
 [19 bytes written]
[INFO] [1791450337.666716445] [serial_twistctl_node]: [TWIST_RX] Received Twist message - linear.x=0.000, angular.z=0.000, scaled_angular.z=0.000
[INFO] [1791450337.666777824] [serial_twistctl_node]: [SERIAL_TX] Timestamp: 1791450337666763292, Sending command (1/1): vcx=0.000,wc=0.000
 [19 bytes written]
[INFO] [1791450337.716606626] [serial_twistctl_node]: [TWIST_RX] Received Twist message - linear.x=0.000, angular.z=0.000, scaled_angular.z=0.000
[INFO] [1791450337.716669122] [serial_twistctl_node]: [SERIAL_TX] Timestamp: 1791450337716653478, Sending command (1/1): vcx=0.000,wc=0.000
 [19 bytes written]
[INFO] [1791450337.766798208] [serial_twistctl_node]: [TWIST_RX] Received Twist message - linear.x=0.000, angular.z=0.000, scaled_angular.z=0.000
[INFO] [1791450337.766860916] [serial_twistctl_node]: [SERIAL_TX] Timestamp: 1791450337766846514, Sending command (1/1): vcx=0.000,wc=0.000
 [19 bytes written]
[INFO] [1791450337.816694445] [serial_twistctl_node]: [TWIST_RX] Received Twist message - linear.x=0.000, angular.z=0.000, scaled_angular.z=0.000
[INFO] [1791450337.816753206] [serial_twistctl_node]: [SERIAL_TX] Timestamp: 1791450337816738827, Sending command (1/1): vcx=0.000,wc=0.000
 [19 bytes written]
[INFO] [1791450337.866541978] [serial_twistctl_node]: [TWIST_RX] Received Twist message - linear.x=0.000, angular.z=0.000, scaled_angular.z=0.000
[INFO] [1791450337.866601118] [serial_twistctl_node]: [SERIAL_TX] Timestamp: 1791450337866587466, Sending command (1/1): vcx=0.000,wc=0.000
 [19 bytes written]
[INFO] [1791450337.916739077] [serial_twistctl_node]: [TWIST_RX] Received Twist message - linear.x=0.000, angular.z=0.000, scaled_angular.z=0.000
[INFO] [1791450337.916797057] [serial_twistctl_node]: [SERIAL_TX] Timestamp: 1791450337916783104, Sending command (1/1): vcx=0.000,wc=0.000
 [19 bytes written]
[INFO] [1791450337.966784516] [serial_twistctl_node]: [TWIST_RX] Received Twist message - linear.x=0.000, angular.z=0.000, scaled_angular.z=0.000
[INFO] [1791450337.966850267] [serial_twistctl_node]: [SERIAL_TX] Timestamp: 1791450337966835345, Sending command (1/1): vcx=0.000,wc=0.000
 [19 bytes written]
[INFO] [1791450338.016391554] [serial_twistctl_node]: [TWIST_RX] Received Twist message - linear.x=0.000, angular.z=0.000, scaled_angular.z=0.000
[INFO] [1791450338.016455341] [serial_twistctl_node]: [SERIAL_TX] Timestamp: 1791450338016441356, Sending command (1/1): vcx=0.000,wc=0.000
 [19 bytes written]
[INFO] [1791450338.066702655] [serial_twistctl_node]: [TWIST_RX] Received Twist message - linear.x=0.000, angular.z=0.000, scaled_angular.z=0.000
[INFO] [1791450338.066760710] [serial_twistctl_node]: [SERIAL_TX] Timestamp: 1791450338066747118, Sending command (1/1): vcx=0.000,wc=0.000
 [19 bytes written]
[INFO] [1791450338.116630666] [serial_twistctl_node]: [TWIST_RX] Received Twist message - linear.x=0.000, angular.z=0.000, scaled_angular.z=0.000
[INFO] [1791450338.116688696] [serial_twistctl_node]: [SERIAL_TX] Timestamp: 1791450338116675068, Sending command (1/1): vcx=0.000,wc=0.000
 [19 bytes written]
[INFO] [1791450338.166619813] [serial_twistctl_node]: [TWIST_RX] Received Twist message - linear.x=0.000, angular.z=0.000, scaled_angular.z=0.000
[INFO] [1791450338.166676335] [serial_twistctl_node]: [SERIAL_TX] Timestamp: 1791450338166664253, Sending command (1/1): vcx=0.000,wc=0.000
 [19 bytes written]
[INFO] [1791450338.216676667] [serial_twistctl_node]: [TWIST_RX] Received Twist message - linear.x=0.000, angular.z=0.000, scaled_angular.z=0.000
[INFO] [1791450338.216735285] [serial_twistctl_node]: [SERIAL_TX] Timestamp: 1791450338216721153, Sending command (1/1): vcx=0.000,wc=0.000
 [19 bytes written]
[INFO] [1791450338.266639885] [serial_twistctl_node]: [TWIST_RX] Received Twist message - linear.x=0.000, angular.z=0.000, scaled_angular.z=0.000
[INFO] [1791450338.266700823] [serial_twistctl_node]: [SERIAL_TX] Timestamp: 1791450338266687228, Sending command (1/1): vcx=0.000,wc=0.000
 [19 bytes written]
[INFO] [1791450338.316680670] [serial_twistctl_node]: [TWIST_RX] Received Twist message - linear.x=0.000, angular.z=0.000, scaled_angular.z=0.000
[INFO] [1791450338.316737930] [serial_twistctl_node]: [SERIAL_TX] Timestamp: 1791450338316723541, Sending command (1/1): vcx=0.000,wc=0.000
 [19 bytes written]
[INFO] [1791450338.366818484] [serial_twistctl_node]: [TWIST_RX] Received Twist message - linear.x=0.000, angular.z=0.000, scaled_angular.z=0.000
[INFO] [1791450338.366897936] [serial_twistctl_node]: [SERIAL_TX] Timestamp: 1791450338366871870, Sending command (1/1): vcx=0.000,wc=0.000
 [19 bytes written]
[INFO] [1791450338.416532414] [serial_twistctl_node]: [TWIST_RX] Received Twist message - linear.x=0.000, angular.z=0.000, scaled_angular.z=0.000
[INFO] [1791450338.416590228] [serial_twistctl_node]: [SERIAL_TX] Timestamp: 1791450338416576952, Sending command (1/1): vcx=0.000,wc=0.000
 [19 bytes written]
[INFO] [1791450338.466509479] [serial_twistctl_node]: [TWIST_RX] Received Twist message - linear.x=0.000, angular.z=0.000, scaled_angular.z=0.000
[INFO] [1791450338.466583492] [serial_twistctl_node]: [SERIAL_TX] Timestamp: 1791450338466565808, Sending command (1/1): vcx=0.000,wc=0.000
 [19 bytes written]
[INFO] [1791450338.516519370] [serial_twistctl_node]: [TWIST_RX] Received Twist message - linear.x=0.000, angular.z=0.000, scaled_angular.z=0.000
[INFO] [1791450338.516574444] [serial_twistctl_node]: [SERIAL_TX] Timestamp: 1791450338516561609, Sending command (1/1): vcx=0.000,wc=0.000
 [19 bytes written]
[INFO] [1791450338.566698996] [serial_twistctl_node]: [TWIST_RX] Received Twist message - linear.x=0.000, angular.z=0.000, scaled_angular.z=0.000
[INFO] [1791450338.566752883] [serial_twistctl_node]: [SERIAL_TX] Timestamp: 1791450338566739124, Sending command (1/1): vcx=0.000,wc=0.000
 [19 bytes written]
[INFO] [1791450338.616516179] [serial_twistctl_node]: [TWIST_RX] Received Twist message - linear.x=0.000, angular.z=0.000, scaled_angular.z=0.000
[INFO] [1791450338.616588806] [serial_twistctl_node]: [SERIAL_TX] Timestamp: 1791450338616570210, Sending command (1/1): vcx=0.000,wc=0.000
 [19 bytes written]
[INFO] [1791450338.666379344] [serial_twistctl_node]: [TWIST_RX] Received Twist message - linear.x=0.000, angular.z=0.000, scaled_angular.z=0.000
[INFO] [1791450338.666437519] [serial_twistctl_node]: [SERIAL_TX] Timestamp: 1791450338666423247, Sending command (1/1): vcx=0.000,wc=0.000
 [19 bytes written]
[INFO] [1791450338.716370767] [serial_twistctl_node]: [TWIST_RX] Received Twist message - linear.x=0.000, angular.z=0.000, scaled_angular.z=0.000
[INFO] [1791450338.716429000] [serial_twistctl_node]: [SERIAL_TX] Timestamp: 1791450338716415198, Sending command (1/1): vcx=0.000,wc=0.000
 [19 bytes written]
[INFO] [1791450338.766512808] [serial_twistctl_node]: [TWIST_RX] Received Twist message - linear.x=0.000, angular.z=0.000, scaled_angular.z=0.000
[INFO] [1791450338.766573324] [serial_twistctl_node]: [SERIAL_TX] Timestamp: 1791450338766555960, Sending command (1/1): vcx=0.000,wc=0.000
 [19 bytes written]
[INFO] [1791450338.816448132] [serial_twistctl_node]: [TWIST_RX] Received Twist message - linear.x=0.000, angular.z=0.000, scaled_angular.z=0.000
[INFO] [1791450338.816507556] [serial_twistctl_node]: [SERIAL_TX] Timestamp: 1791450338816494957, Sending command (1/1): vcx=0.000,wc=0.000
 [19 bytes written]
[INFO] [1791450338.866531421] [serial_twistctl_node]: [TWIST_RX] Received Twist message - linear.x=0.000, angular.z=0.000, scaled_angular.z=0.000
[INFO] [1791450338.866602039] [serial_twistctl_node]: [SERIAL_TX] Timestamp: 1791450338866588642, Sending command (1/1): vcx=0.000,wc=0.000
 [19 bytes written]
[INFO] [1791450338.916649138] [serial_twistctl_node]: [TWIST_RX] Received Twist message - linear.x=0.000, angular.z=0.000, scaled_angular.z=0.000
[INFO] [1791450338.916709505] [serial_twistctl_node]: [SERIAL_TX] Timestamp: 1791450338916695891, Sending command (1/1): vcx=0.000,wc=0.000
 [19 bytes written]
[INFO] [1791450338.966686712] [serial_twistctl_node]: [TWIST_RX] Received Twist message - linear.x=0.000, angular.z=0.000, scaled_angular.z=0.000
[INFO] [1791450338.966743748] [serial_twistctl_node]: [SERIAL_TX] Timestamp: 1791450338966729750, Sending command (1/1): vcx=0.000,wc=0.000
 [19 bytes written]
[INFO] [1791450339.016567727] [serial_twistctl_node]: [TWIST_RX] Received Twist message - linear.x=0.000, angular.z=0.000, scaled_angular.z=0.000
[INFO] [1791450339.016630430] [serial_twistctl_node]: [SERIAL_TX] Timestamp: 1791450339016616610, Sending command (1/1): vcx=0.000,wc=0.000
 [19 bytes written]
[INFO] [1791450339.066597400] [serial_twistctl_node]: [TWIST_RX] Received Twist message - linear.x=0.000, angular.z=0.000, scaled_angular.z=0.000
[INFO] [1791450339.066654753] [serial_twistctl_node]: [SERIAL_TX] Timestamp: 1791450339066640774, Sending command (1/1): vcx=0.000,wc=0.000
 [19 bytes written]
[INFO] [1791450339.116437921] [serial_twistctl_node]: [TWIST_RX] Received Twist message - linear.x=0.000, angular.z=0.000, scaled_angular.z=0.000
[INFO] [1791450339.116508814] [serial_twistctl_node]: [SERIAL_TX] Timestamp: 1791450339116495360, Sending command (1/1): vcx=0.000,wc=0.000
 [19 bytes written]
[INFO] [1791450339.166459285] [serial_twistctl_node]: [TWIST_RX] Received Twist message - linear.x=0.000, angular.z=0.000, scaled_angular.z=0.000
[INFO] [1791450339.166521911] [serial_twistctl_node]: [SERIAL_TX] Timestamp: 1791450339166507882, Sending command (1/1): vcx=0.000,wc=0.000
 [19 bytes written]
[INFO] [1791450339.216512166] [serial_twistctl_node]: [TWIST_RX] Received Twist message - linear.x=0.000, angular.z=0.000, scaled_angular.z=0.000
[INFO] [1791450339.216578291] [serial_twistctl_node]: [SERIAL_TX] Timestamp: 1791450339216564033, Sending command (1/1): vcx=0.000,wc=0.000
 [19 bytes written]
[INFO] [1791450339.266522705] [serial_twistctl_node]: [TWIST_RX] Received Twist message - linear.x=0.000, angular.z=0.000, scaled_angular.z=0.000
[INFO] [1791450339.266585951] [serial_twistctl_node]: [SERIAL_TX] Timestamp: 1791450339266572232, Sending command (1/1): vcx=0.000,wc=0.000
 [19 bytes written]
[INFO] [1791450339.316554601] [serial_twistctl_node]: [TWIST_RX] Received Twist message - linear.x=0.000, angular.z=0.000, scaled_angular.z=0.000
[INFO] [1791450339.316615541] [serial_twistctl_node]: [SERIAL_TX] Timestamp: 1791450339316600951, Sending command (1/1): vcx=0.000,wc=0.000
 [19 bytes written]
[INFO] [1791450339.366668141] [serial_twistctl_node]: [TWIST_RX] Received Twist message - linear.x=0.000, angular.z=0.000, scaled_angular.z=0.000
[INFO] [1791450339.366739742] [serial_twistctl_node]: [SERIAL_TX] Timestamp: 1791450339366725781, Sending command (1/1): vcx=0.000,wc=0.000
 [19 bytes written]
[INFO] [1791450339.416433367] [serial_twistctl_node]: [TWIST_RX] Received Twist message - linear.x=0.000, angular.z=0.000, scaled_angular.z=0.000
[INFO] [1791450339.416495661] [serial_twistctl_node]: [SERIAL_TX] Timestamp: 1791450339416482130, Sending command (1/1): vcx=0.000,wc=0.000
 [19 bytes written]
[INFO] [1791450339.466685712] [serial_twistctl_node]: [TWIST_RX] Received Twist message - linear.x=0.000, angular.z=0.000, scaled_angular.z=0.000
[INFO] [1791450339.466738609] [serial_twistctl_node]: [SERIAL_TX] Timestamp: 1791450339466728924, Sending command (1/1): vcx=0.000,wc=0.000
 [19 bytes written]
[INFO] [1791450339.516435533] [serial_twistctl_node]: [TWIST_RX] Received Twist message - linear.x=0.000, angular.z=0.000, scaled_angular.z=0.000
[INFO] [1791450339.516477081] [serial_twistctl_node]: [SERIAL_TX] Timestamp: 1791450339516467520, Sending command (1/1): vcx=0.000,wc=0.000
 [19 bytes written]
[INFO] [1791450339.566656736] [serial_twistctl_node]: [TWIST_RX] Received Twist message - linear.x=0.000, angular.z=0.000, scaled_angular.z=0.000
[INFO] [1791450339.566697882] [serial_twistctl_node]: [SERIAL_TX] Timestamp: 1791450339566688587, Sending command (1/1): vcx=0.000,wc=0.000
 [19 bytes written]
[INFO] [1791450339.616457738] [serial_twistctl_node]: [TWIST_RX] Received Twist message - linear.x=0.000, angular.z=0.000, scaled_angular.z=0.000
[INFO] [1791450339.616500810] [serial_twistctl_node]: [SERIAL_TX] Timestamp: 1791450339616491148, Sending command (1/1): vcx=0.000,wc=0.000
 [19 bytes written]
[INFO] [1791450339.666715390] [serial_twistctl_node]: [TWIST_RX] Received Twist message - linear.x=0.000, angular.z=0.000, scaled_angular.z=0.000
[INFO] [1791450339.666752642] [serial_twistctl_node]: [SERIAL_TX] Timestamp: 1791450339666744632, Sending command (1/1): vcx=0.000,wc=0.000
 [19 bytes written]
[INFO] [1791450339.716613600] [serial_twistctl_node]: [TWIST_RX] Received Twist message - linear.x=0.000, angular.z=0.000, scaled_angular.z=0.000
[INFO] [1791450339.716671051] [serial_twistctl_node]: [SERIAL_TX] Timestamp: 1791450339716658479, Sending command (1/1): vcx=0.000,wc=0.000
 [19 bytes written]
[INFO] [1791450339.766681665] [serial_twistctl_node]: [TWIST_RX] Received Twist message - linear.x=0.000, angular.z=0.000, scaled_angular.z=0.000
[INFO] [1791450339.766739096] [serial_twistctl_node]: [SERIAL_TX] Timestamp: 1791450339766726816, Sending command (1/1): vcx=0.000,wc=0.000
 [19 bytes written]
[INFO] [1791450339.816654343] [serial_twistctl_node]: [TWIST_RX] Received Twist message - linear.x=0.000, angular.z=0.000, scaled_angular.z=0.000
[INFO] [1791450339.816724771] [serial_twistctl_node]: [SERIAL_TX] Timestamp: 1791450339816711749, Sending command (1/1): vcx=0.000,wc=0.000
 [19 bytes written]
[INFO] [1791450339.866557393] [serial_twistctl_node]: [TWIST_RX] Received Twist message - linear.x=0.000, angular.z=0.000, scaled_angular.z=0.000
[INFO] [1791450339.866615698] [serial_twistctl_node]: [SERIAL_TX] Timestamp: 1791450339866602318, Sending command (1/1): vcx=0.000,wc=0.000
 [19 bytes written]
[INFO] [1791450339.916605279] [serial_twistctl_node]: [TWIST_RX] Received Twist message - linear.x=0.000, angular.z=0.000, scaled_angular.z=0.000
[INFO] [1791450339.916665353] [serial_twistctl_node]: [SERIAL_TX] Timestamp: 1791450339916650753, Sending command (1/1): vcx=0.000,wc=0.000
 [19 bytes written]
[INFO] [1791450339.966489367] [serial_twistctl_node]: [TWIST_RX] Received Twist message - linear.x=0.000, angular.z=0.000, scaled_angular.z=0.000
[INFO] [1791450339.966547525] [serial_twistctl_node]: [SERIAL_TX] Timestamp: 1791450339966535290, Sending command (1/1): vcx=0.000,wc=0.000
 [19 bytes written]
[INFO] [1791450340.016602485] [serial_twistctl_node]: [TWIST_RX] Received Twist message - linear.x=0.000, angular.z=0.000, scaled_angular.z=0.000
[INFO] [1791450340.016659735] [serial_twistctl_node]: [SERIAL_TX] Timestamp: 1791450340016647852, Sending command (1/1): vcx=0.000,wc=0.000
 [19 bytes written]
[INFO] [1791450340.066741553] [serial_twistctl_node]: [TWIST_RX] Received Twist message - linear.x=0.000, angular.z=0.000, scaled_angular.z=0.000
[INFO] [1791450340.066795277] [serial_twistctl_node]: [SERIAL_TX] Timestamp: 1791450340066783420, Sending command (1/1): vcx=0.000,wc=0.000
 [19 bytes written]
[INFO] [1791450340.116507677] [serial_twistctl_node]: [TWIST_RX] Received Twist message - linear.x=0.000, angular.z=0.000, scaled_angular.z=0.000
[INFO] [1791450340.116569825] [serial_twistctl_node]: [SERIAL_TX] Timestamp: 1791450340116556550, Sending command (1/1): vcx=0.000,wc=0.000
 [19 bytes written]
[INFO] [1791450340.166713445] [serial_twistctl_node]: [TWIST_RX] Received Twist message - linear.x=0.000, angular.z=0.000, scaled_angular.z=0.000
[INFO] [1791450340.166770066] [serial_twistctl_node]: [SERIAL_TX] Timestamp: 1791450340166757614, Sending command (1/1): vcx=0.000,wc=0.000
 [19 bytes written]
[INFO] [1791450340.216542997] [serial_twistctl_node]: [TWIST_RX] Received Twist message - linear.x=0.000, angular.z=0.000, scaled_angular.z=0.000
[INFO] [1791450340.216602226] [serial_twistctl_node]: [SERIAL_TX] Timestamp: 1791450340216589189, Sending command (1/1): vcx=0.000,wc=0.000
 [19 bytes written]
[INFO] [1791450340.266769521] [serial_twistctl_node]: [TWIST_RX] Received Twist message - linear.x=0.000, angular.z=0.000, scaled_angular.z=0.000
[INFO] [1791450340.266824954] [serial_twistctl_node]: [SERIAL_TX] Timestamp: 1791450340266812776, Sending command (1/1): vcx=0.000,wc=0.000
 [19 bytes written]
[INFO] [1791450340.316422762] [serial_twistctl_node]: [TWIST_RX] Received Twist message - linear.x=0.000, angular.z=0.000, scaled_angular.z=0.000
[INFO] [1791450340.316479084] [serial_twistctl_node]: [SERIAL_TX] Timestamp: 1791450340316465576, Sending command (1/1): vcx=0.000,wc=0.000
 [19 bytes written]
[INFO] [1791450340.366647109] [serial_twistctl_node]: [TWIST_RX] Received Twist message - linear.x=0.000, angular.z=0.000, scaled_angular.z=0.000
[INFO] [1791450340.366701271] [serial_twistctl_node]: [SERIAL_TX] Timestamp: 1791450340366689587, Sending command (1/1): vcx=0.000,wc=0.000
 [19 bytes written]
[INFO] [1791450340.416698834] [serial_twistctl_node]: [TWIST_RX] Received Twist message - linear.x=0.000, angular.z=0.000, scaled_angular.z=0.000
[INFO] [1791450340.416756265] [serial_twistctl_node]: [SERIAL_TX] Timestamp: 1791450340416743108, Sending command (1/1): vcx=0.000,wc=0.000
 [19 bytes written]
[INFO] [1791450340.466554771] [serial_twistctl_node]: [TWIST_RX] Received Twist message - linear.x=0.000, angular.z=0.000, scaled_angular.z=0.000
[INFO] [1791450340.466624656] [serial_twistctl_node]: [SERIAL_TX] Timestamp: 1791450340466613675, Sending command (1/1): vcx=0.000,wc=0.000
 [19 bytes written]
[INFO] [1791450340.516630673] [serial_twistctl_node]: [TWIST_RX] Received Twist message - linear.x=0.000, angular.z=0.000, scaled_angular.z=0.000
[INFO] [1791450340.516686247] [serial_twistctl_node]: [SERIAL_TX] Timestamp: 1791450340516673334, Sending command (1/1): vcx=0.000,wc=0.000
 [19 bytes written]
[INFO] [1791450340.566607471] [serial_twistctl_node]: [TWIST_RX] Received Twist message - linear.x=0.000, angular.z=0.000, scaled_angular.z=0.000
[INFO] [1791450340.566667761] [serial_twistctl_node]: [SERIAL_TX] Timestamp: 1791450340566653018, Sending command (1/1): vcx=0.000,wc=0.000
 [19 bytes written]
[INFO] [1791450340.616707319] [serial_twistctl_node]: [TWIST_RX] Received Twist message - linear.x=0.000, angular.z=0.000, scaled_angular.z=0.000
[INFO] [1791450340.616770143] [serial_twistctl_node]: [SERIAL_TX] Timestamp: 1791450340616756622, Sending command (1/1): vcx=0.000,wc=0.000
 [19 bytes written]
[INFO] [1791450340.666603911] [serial_twistctl_node]: [TWIST_RX] Received Twist message - linear.x=0.000, angular.z=0.000, scaled_angular.z=0.000
[INFO] [1791450340.666687144] [serial_twistctl_node]: [SERIAL_TX] Timestamp: 1791450340666672975, Sending command (1/1): vcx=0.000,wc=0.000
 [19 bytes written]
[INFO] [1791450340.716698874] [serial_twistctl_node]: [TWIST_RX] Received Twist message - linear.x=0.000, angular.z=0.000, scaled_angular.z=0.000
[INFO] [1791450340.716756819] [serial_twistctl_node]: [SERIAL_TX] Timestamp: 1791450340716742904, Sending command (1/1): vcx=0.000,wc=0.000
 [19 bytes written]
[INFO] [1791450340.766570039] [serial_twistctl_node]: [TWIST_RX] Received Twist message - linear.x=0.000, angular.z=0.000, scaled_angular.z=0.000
[INFO] [1791450340.766634389] [serial_twistctl_node]: [SERIAL_TX] Timestamp: 1791450340766620810, Sending command (1/1): vcx=0.000,wc=0.000
 [19 bytes written]
[INFO] [1791450340.816644958] [serial_twistctl_node]: [TWIST_RX] Received Twist message - linear.x=0.000, angular.z=0.000, scaled_angular.z=0.000
[INFO] [1791450340.816692737] [serial_twistctl_node]: [SERIAL_TX] Timestamp: 1791450340816682055, Sending command (1/1): vcx=0.000,wc=0.000
 [19 bytes written]
[INFO] [1791450340.866635148] [serial_twistctl_node]: [TWIST_RX] Received Twist message - linear.x=0.000, angular.z=0.000, scaled_angular.z=0.000
[INFO] [1791450340.866681052] [serial_twistctl_node]: [SERIAL_TX] Timestamp: 1791450340866670142, Sending command (1/1): vcx=0.000,wc=0.000
 [19 bytes written]
[INFO] [1791450340.916586510] [serial_twistctl_node]: [TWIST_RX] Received Twist message - linear.x=0.000, angular.z=0.000, scaled_angular.z=0.000
[INFO] [1791450340.916628662] [serial_twistctl_node]: [SERIAL_TX] Timestamp: 1791450340916618316, Sending command (1/1): vcx=0.000,wc=0.000
 [19 bytes written]
[INFO] [1791450340.966820171] [serial_twistctl_node]: [TWIST_RX] Received Twist message - linear.x=0.000, angular.z=0.000, scaled_angular.z=0.000
[INFO] [1791450340.966866191] [serial_twistctl_node]: [SERIAL_TX] Timestamp: 1791450340966854692, Sending command (1/1): vcx=0.000,wc=0.000
 [19 bytes written]
[INFO] [1791450341.016622886] [serial_twistctl_node]: [TWIST_RX] Received Twist message - linear.x=0.000, angular.z=0.000, scaled_angular.z=0.000
[INFO] [1791450341.016670410] [serial_twistctl_node]: [SERIAL_TX] Timestamp: 1791450341016660381, Sending command (1/1): vcx=0.000,wc=0.000
 [19 bytes written]
[INFO] [1791450341.066756045] [serial_twistctl_node]: [TWIST_RX] Received Twist message - linear.x=0.000, angular.z=0.000, scaled_angular.z=0.000
[INFO] [1791450341.066816449] [serial_twistctl_node]: [SERIAL_TX] Timestamp: 1791450341066806495, Sending command (1/1): vcx=0.000,wc=0.000
 [19 bytes written]
[INFO] [1791450341.116592102] [serial_twistctl_node]: [TWIST_RX] Received Twist message - linear.x=0.000, angular.z=0.000, scaled_angular.z=0.000
[INFO] [1791450341.116641574] [serial_twistctl_node]: [SERIAL_TX] Timestamp: 1791450341116631758, Sending command (1/1): vcx=0.000,wc=0.000
 [19 bytes written]
[INFO] [1791450341.166560682] [serial_twistctl_node]: [TWIST_RX] Received Twist message - linear.x=0.000, angular.z=0.000, scaled_angular.z=0.000
[INFO] [1791450341.166634636] [serial_twistctl_node]: [SERIAL_TX] Timestamp: 1791450341166616145, Sending command (1/1): vcx=0.000,wc=0.000
 [19 bytes written]
[INFO] [1791450341.216540002] [serial_twistctl_node]: [TWIST_RX] Received Twist message - linear.x=0.000, angular.z=0.000, scaled_angular.z=0.000
[INFO] [1791450341.216584534] [serial_twistctl_node]: [SERIAL_TX] Timestamp: 1791450341216573874, Sending command (1/1): vcx=0.000,wc=0.000
 [19 bytes written]
[INFO] [1791450341.266545648] [serial_twistctl_node]: [TWIST_RX] Received Twist message - linear.x=0.000, angular.z=0.000, scaled_angular.z=0.000
[INFO] [1791450341.266603405] [serial_twistctl_node]: [SERIAL_TX] Timestamp: 1791450341266591249, Sending command (1/1): vcx=0.000,wc=0.000
 [19 bytes written]
[INFO] [1791450341.316710810] [serial_twistctl_node]: [TWIST_RX] Received Twist message - linear.x=0.000, angular.z=0.000, scaled_angular.z=0.000
[INFO] [1791450341.316758236] [serial_twistctl_node]: [SERIAL_TX] Timestamp: 1791450341316747251, Sending command (1/1): vcx=0.000,wc=0.000
 [19 bytes written]
[INFO] [1791450341.366600061] [serial_twistctl_node]: [TWIST_RX] Received Twist message - linear.x=0.000, angular.z=0.000, scaled_angular.z=0.000
[INFO] [1791450341.366652071] [serial_twistctl_node]: [SERIAL_TX] Timestamp: 1791450341366639918, Sending command (1/1): vcx=0.000,wc=0.000
 [19 bytes written]
[INFO] [1791450341.416834237] [serial_twistctl_node]: [TWIST_RX] Received Twist message - linear.x=0.000, angular.z=0.000, scaled_angular.z=0.000
[INFO] [1791450341.416880959] [serial_twistctl_node]: [SERIAL_TX] Timestamp: 1791450341416870142, Sending command (1/1): vcx=0.000,wc=0.000
 [19 bytes written]
[INFO] [1791450341.466773173] [serial_twistctl_node]: [TWIST_RX] Received Twist message - linear.x=0.000, angular.z=0.000, scaled_angular.z=0.000
[INFO] [1791450341.466820743] [serial_twistctl_node]: [SERIAL_TX] Timestamp: 1791450341466808000, Sending command (1/1): vcx=0.000,wc=0.000
 [19 bytes written]
[INFO] [1791450341.516714366] [serial_twistctl_node]: [TWIST_RX] Received Twist message - linear.x=0.000, angular.z=0.000, scaled_angular.z=0.000
[INFO] [1791450341.516774117] [serial_twistctl_node]: [SERIAL_TX] Timestamp: 1791450341516763389, Sending command (1/1): vcx=0.000,wc=0.000
 [19 bytes written]
[INFO] [1791450341.566722207] [serial_twistctl_node]: [TWIST_RX] Received Twist message - linear.x=0.021, angular.z=0.000, scaled_angular.z=0.000
[INFO] [1791450341.566769370] [serial_twistctl_node]: [SERIAL_TX] Timestamp: 1791450341566759695, Sending command (1/1): vcx=0.021,wc=0.000
 [19 bytes written]
[INFO] [1791450341.616420691] [serial_twistctl_node]: [TWIST_RX] Received Twist message - linear.x=0.042, angular.z=0.000, scaled_angular.z=0.000
[INFO] [1791450341.616469594] [serial_twistctl_node]: [SERIAL_TX] Timestamp: 1791450341616459201, Sending command (1/1): vcx=0.042,wc=0.000
 [19 bytes written]
[INFO] [1791450341.666653747] [serial_twistctl_node]: [TWIST_RX] Received Twist message - linear.x=0.064, angular.z=0.000, scaled_angular.z=0.000
[INFO] [1791450341.666701484] [serial_twistctl_node]: [SERIAL_TX] Timestamp: 1791450341666689276, Sending command (1/1): vcx=0.064,wc=0.000
 [19 bytes written]
[INFO] [1791450341.716660270] [serial_twistctl_node]: [TWIST_RX] Received Twist message - linear.x=0.085, angular.z=0.000, scaled_angular.z=0.000
[INFO] [1791450341.716710610] [serial_twistctl_node]: [SERIAL_TX] Timestamp: 1791450341716700536, Sending command (1/1): vcx=0.085,wc=0.000
 [19 bytes written]
[INFO] [1791450341.766653310] [serial_twistctl_node]: [TWIST_RX] Received Twist message - linear.x=0.106, angular.z=0.000, scaled_angular.z=0.000
[INFO] [1791450341.766702521] [serial_twistctl_node]: [SERIAL_TX] Timestamp: 1791450341766688282, Sending command (1/1): vcx=0.106,wc=0.000
 [19 bytes written]
[INFO] [1791450341.816747832] [serial_twistctl_node]: [TWIST_RX] Received Twist message - linear.x=0.128, angular.z=0.000, scaled_angular.z=0.000
[INFO] [1791450341.816814634] [serial_twistctl_node]: [SERIAL_TX] Timestamp: 1791450341816804459, Sending command (1/1): vcx=0.128,wc=0.000
 [19 bytes written]
[INFO] [1791450341.866523576] [serial_twistctl_node]: [TWIST_RX] Received Twist message - linear.x=0.149, angular.z=0.000, scaled_angular.z=0.000
[INFO] [1791450341.866576213] [serial_twistctl_node]: [SERIAL_TX] Timestamp: 1791450341866565172, Sending command (1/1): vcx=0.149,wc=0.000
 [19 bytes written]
[INFO] [1791450341.916579444] [serial_twistctl_node]: [TWIST_RX] Received Twist message - linear.x=0.170, angular.z=0.000, scaled_angular.z=0.000
[INFO] [1791450341.916623501] [serial_twistctl_node]: [SERIAL_TX] Timestamp: 1791450341916614179, Sending command (1/1): vcx=0.170,wc=0.000
 [19 bytes written]
[INFO] [1791450341.966553682] [serial_twistctl_node]: [TWIST_RX] Received Twist message - linear.x=0.191, angular.z=0.000, scaled_angular.z=0.000
[INFO] [1791450341.966598196] [serial_twistctl_node]: [SERIAL_TX] Timestamp: 1791450341966588108, Sending command (1/1): vcx=0.191,wc=0.000
 [19 bytes written]
[INFO] [1791450342.016550548] [serial_twistctl_node]: [TWIST_RX] Received Twist message - linear.x=0.212, angular.z=0.000, scaled_angular.z=0.000
[INFO] [1791450342.016603268] [serial_twistctl_node]: [SERIAL_TX] Timestamp: 1791450342016588839, Sending command (1/1): vcx=0.212,wc=0.000
 [19 bytes written]
[INFO] [1791450342.066794776] [serial_twistctl_node]: [TWIST_RX] Received Twist message - linear.x=0.218, angular.z=0.000, scaled_angular.z=0.000
[INFO] [1791450342.066840724] [serial_twistctl_node]: [SERIAL_TX] Timestamp: 1791450342066830304, Sending command (1/1): vcx=0.218,wc=0.000
 [19 bytes written]
[INFO] [1791450342.116704710] [serial_twistctl_node]: [TWIST_RX] Received Twist message - linear.x=0.221, angular.z=0.000, scaled_angular.z=0.000
[INFO] [1791450342.116748351] [serial_twistctl_node]: [SERIAL_TX] Timestamp: 1791450342116738216, Sending command (1/1): vcx=0.221,wc=0.000
 [19 bytes written]
[INFO] [1791450342.166597466] [serial_twistctl_node]: [TWIST_RX] Received Twist message - linear.x=0.218, angular.z=0.000, scaled_angular.z=0.000
[INFO] [1791450342.166641625] [serial_twistctl_node]: [SERIAL_TX] Timestamp: 1791450342166632713, Sending command (1/1): vcx=0.218,wc=0.000
 [19 bytes written]
[INFO] [1791450342.216404874] [serial_twistctl_node]: [TWIST_RX] Received Twist message - linear.x=0.220, angular.z=0.000, scaled_angular.z=0.000
[INFO] [1791450342.216449630] [serial_twistctl_node]: [SERIAL_TX] Timestamp: 1791450342216439515, Sending command (1/1): vcx=0.220,wc=0.000
 [19 bytes written]
[INFO] [1791450342.266572207] [serial_twistctl_node]: [TWIST_RX] Received Twist message - linear.x=0.217, angular.z=0.000, scaled_angular.z=0.000
[INFO] [1791450342.266621076] [serial_twistctl_node]: [SERIAL_TX] Timestamp: 1791450342266611490, Sending command (1/1): vcx=0.217,wc=0.000
 [19 bytes written]
[INFO] [1791450342.316405270] [serial_twistctl_node]: [TWIST_RX] Received Twist message - linear.x=0.219, angular.z=0.000, scaled_angular.z=0.000
[INFO] [1791450342.316447454] [serial_twistctl_node]: [SERIAL_TX] Timestamp: 1791450342316438306, Sending command (1/1): vcx=0.219,wc=0.000
 [19 bytes written]
[INFO] [1791450342.366596465] [serial_twistctl_node]: [TWIST_RX] Received Twist message - linear.x=0.217, angular.z=0.000, scaled_angular.z=0.000
[INFO] [1791450342.366642944] [serial_twistctl_node]: [SERIAL_TX] Timestamp: 1791450342366629527, Sending command (1/1): vcx=0.217,wc=0.000
 [19 bytes written]
[INFO] [1791450342.416569855] [serial_twistctl_node]: [TWIST_RX] Received Twist message - linear.x=0.218, angular.z=0.000, scaled_angular.z=0.000
[INFO] [1791450342.416615676] [serial_twistctl_node]: [SERIAL_TX] Timestamp: 1791450342416605046, Sending command (1/1): vcx=0.218,wc=0.000
 [19 bytes written]
[INFO] [1791450342.466398934] [serial_twistctl_node]: [TWIST_RX] Received Twist message - linear.x=0.221, angular.z=0.000, scaled_angular.z=0.000
[INFO] [1791450342.466461133] [serial_twistctl_node]: [SERIAL_TX] Timestamp: 1791450342466452068, Sending command (1/1): vcx=0.221,wc=0.000
 [19 bytes written]
[INFO] [1791450342.516705317] [serial_twistctl_node]: [TWIST_RX] Received Twist message - linear.x=0.218, angular.z=0.000, scaled_angular.z=0.000
[INFO] [1791450342.516754931] [serial_twistctl_node]: [SERIAL_TX] Timestamp: 1791450342516745782, Sending command (1/1): vcx=0.218,wc=0.000
 [19 bytes written]
[INFO] [1791450342.566652889] [serial_twistctl_node]: [TWIST_RX] Received Twist message - linear.x=0.221, angular.z=0.000, scaled_angular.z=0.000
[INFO] [1791450342.566699046] [serial_twistctl_node]: [SERIAL_TX] Timestamp: 1791450342566688090, Sending command (1/1): vcx=0.221,wc=0.000
 [19 bytes written]
[INFO] [1791450342.616629740] [serial_twistctl_node]: [TWIST_RX] Received Twist message - linear.x=0.218, angular.z=0.000, scaled_angular.z=0.000
[INFO] [1791450342.616679417] [serial_twistctl_node]: [SERIAL_TX] Timestamp: 1791450342616667838, Sending command (1/1): vcx=0.218,wc=0.000
 [19 bytes written]
[INFO] [1791450342.666661352] [serial_twistctl_node]: [TWIST_RX] Received Twist message - linear.x=0.220, angular.z=0.000, scaled_angular.z=0.000
[INFO] [1791450342.666716729] [serial_twistctl_node]: [SERIAL_TX] Timestamp: 1791450342666702219, Sending command (1/1): vcx=0.220,wc=0.000
 [19 bytes written]
[INFO] [1791450342.716647986] [serial_twistctl_node]: [TWIST_RX] Received Twist message - linear.x=0.217, angular.z=0.000, scaled_angular.z=0.000
[INFO] [1791450342.716707117] [serial_twistctl_node]: [SERIAL_TX] Timestamp: 1791450342716694660, Sending command (1/1): vcx=0.217,wc=0.000
 [19 bytes written]
[INFO] [1791450342.766505515] [serial_twistctl_node]: [TWIST_RX] Received Twist message - linear.x=0.219, angular.z=0.000, scaled_angular.z=0.000
[INFO] [1791450342.766553702] [serial_twistctl_node]: [SERIAL_TX] Timestamp: 1791450342766542107, Sending command (1/1): vcx=0.219,wc=0.000
 [19 bytes written]
[INFO] [1791450342.816557433] [serial_twistctl_node]: [TWIST_RX] Received Twist message - linear.x=0.216, angular.z=0.000, scaled_angular.z=0.000
[INFO] [1791450342.816604720] [serial_twistctl_node]: [SERIAL_TX] Timestamp: 1791450342816593302, Sending command (1/1): vcx=0.216,wc=0.000
 [19 bytes written]
[INFO] [1791450342.866830022] [serial_twistctl_node]: [TWIST_RX] Received Twist message - linear.x=0.218, angular.z=0.000, scaled_angular.z=0.000
[INFO] [1791450342.866878987] [serial_twistctl_node]: [SERIAL_TX] Timestamp: 1791450342866867039, Sending command (1/1): vcx=0.218,wc=0.000
 [19 bytes written]
[INFO] [1791450342.916558355] [serial_twistctl_node]: [TWIST_RX] Received Twist message - linear.x=0.221, angular.z=0.000, scaled_angular.z=0.000
[INFO] [1791450342.916607329] [serial_twistctl_node]: [SERIAL_TX] Timestamp: 1791450342916595735, Sending command (1/1): vcx=0.221,wc=0.000
 [19 bytes written]
[INFO] [1791450342.966637672] [serial_twistctl_node]: [TWIST_RX] Received Twist message - linear.x=0.218, angular.z=0.000, scaled_angular.z=0.000
[INFO] [1791450342.966688576] [serial_twistctl_node]: [SERIAL_TX] Timestamp: 1791450342966676686, Sending command (1/1): vcx=0.218,wc=0.000
 [19 bytes written]
[INFO] [1791450343.016637106] [serial_twistctl_node]: [TWIST_RX] Received Twist message - linear.x=0.220, angular.z=0.000, scaled_angular.z=0.000
[INFO] [1791450343.016687268] [serial_twistctl_node]: [SERIAL_TX] Timestamp: 1791450343016676773, Sending command (1/1): vcx=0.220,wc=0.000
 [19 bytes written]
[INFO] [1791450343.066640613] [serial_twistctl_node]: [TWIST_RX] Received Twist message - linear.x=0.217, angular.z=0.000, scaled_angular.z=0.000
[INFO] [1791450343.066694004] [serial_twistctl_node]: [SERIAL_TX] Timestamp: 1791450343066677939, Sending command (1/1): vcx=0.217,wc=0.000
 [19 bytes written]
[INFO] [1791450343.116326365] [serial_twistctl_node]: [TWIST_RX] Received Twist message - linear.x=0.000, angular.z=0.000, scaled_angular.z=0.000
[INFO] [1791450343.116381537] [serial_twistctl_node]: [SERIAL_TX] Timestamp: 1791450343116368288, Sending command (1/1): vcx=0.000,wc=0.000
 [19 bytes written]
[INFO] [1791450343.166674139] [serial_twistctl_node]: [TWIST_RX] Received Twist message - linear.x=0.000, angular.z=0.000, scaled_angular.z=0.000
[INFO] [1791450343.166719320] [serial_twistctl_node]: [SERIAL_TX] Timestamp: 1791450343166709293, Sending command (1/1): vcx=0.000,wc=0.000
 [19 bytes written]
[INFO] [1791450343.216589014] [serial_twistctl_node]: [TWIST_RX] Received Twist message - linear.x=0.000, angular.z=0.000, scaled_angular.z=0.000
[INFO] [1791450343.216638906] [serial_twistctl_node]: [SERIAL_TX] Timestamp: 1791450343216628380, Sending command (1/1): vcx=0.000,wc=0.000
 [19 bytes written]
[INFO] [1791450343.266610804] [serial_twistctl_node]: [TWIST_RX] Received Twist message - linear.x=0.000, angular.z=0.000, scaled_angular.z=0.000
[INFO] [1791450343.266653884] [serial_twistctl_node]: [SERIAL_TX] Timestamp: 1791450343266644350, Sending command (1/1): vcx=0.000,wc=0.000
 [19 bytes written]
[INFO] [1791450343.316605793] [serial_twistctl_node]: [TWIST_RX] Received Twist message - linear.x=0.000, angular.z=0.000, scaled_angular.z=0.000
[INFO] [1791450343.316663738] [serial_twistctl_node]: [SERIAL_TX] Timestamp: 1791450343316647454, Sending command (1/1): vcx=0.000,wc=0.000
 [19 bytes written]
[INFO] [1791450343.366616541] [serial_twistctl_node]: [TWIST_RX] Received Twist message - linear.x=0.000, angular.z=0.000, scaled_angular.z=0.000
[INFO] [1791450343.366662570] [serial_twistctl_node]: [SERIAL_TX] Timestamp: 1791450343366652184, Sending command (1/1): vcx=0.000,wc=0.000
 [19 bytes written]
[INFO] [1791450343.416366801] [serial_twistctl_node]: [TWIST_RX] Received Twist message - linear.x=0.000, angular.z=0.000, scaled_angular.z=0.000
[INFO] [1791450343.416409483] [serial_twistctl_node]: [SERIAL_TX] Timestamp: 1791450343416400465, Sending command (1/1): vcx=0.000,wc=0.000
 [19 bytes written]
[INFO] [1791450343.466732730] [serial_twistctl_node]: [TWIST_RX] Received Twist message - linear.x=0.000, angular.z=0.000, scaled_angular.z=0.000
[INFO] [1791450343.466780288] [serial_twistctl_node]: [SERIAL_TX] Timestamp: 1791450343466769972, Sending command (1/1): vcx=0.000,wc=0.000
 [19 bytes written]
[INFO] [1791450343.516524078] [serial_twistctl_node]: [TWIST_RX] Received Twist message - linear.x=0.000, angular.z=0.000, scaled_angular.z=0.000
[INFO] [1791450343.516571279] [serial_twistctl_node]: [SERIAL_TX] Timestamp: 1791450343516559987, Sending command (1/1): vcx=0.000,wc=0.000
 [19 bytes written]
[INFO] [1791450343.566431757] [serial_twistctl_node]: [TWIST_RX] Received Twist message - linear.x=0.000, angular.z=0.000, scaled_angular.z=0.000
[INFO] [1791450343.566478371] [serial_twistctl_node]: [SERIAL_TX] Timestamp: 1791450343566467590, Sending command (1/1): vcx=0.000,wc=0.000
 [19 bytes written]
[INFO] [1791450343.616491925] [serial_twistctl_node]: [TWIST_RX] Received Twist message - linear.x=0.000, angular.z=0.000, scaled_angular.z=0.000
[INFO] [1791450343.616539382] [serial_twistctl_node]: [SERIAL_TX] Timestamp: 1791450343616528576, Sending command (1/1): vcx=0.000,wc=0.000
 [19 bytes written]
[INFO] [1791450343.666808070] [serial_twistctl_node]: [TWIST_RX] Received Twist message - linear.x=0.000, angular.z=0.000, scaled_angular.z=0.000
[INFO] [1791450343.666850647] [serial_twistctl_node]: [SERIAL_TX] Timestamp: 1791450343666840994, Sending command (1/1): vcx=0.000,wc=0.000
 [19 bytes written]
[INFO] [1791450343.716764050] [serial_twistctl_node]: [TWIST_RX] Received Twist message - linear.x=0.000, angular.z=0.000, scaled_angular.z=0.000
[INFO] [1791450343.716809119] [serial_twistctl_node]: [SERIAL_TX] Timestamp: 1791450343716799209, Sending command (1/1): vcx=0.000,wc=0.000
 [19 bytes written]
[INFO] [1791450343.766442998] [serial_twistctl_node]: [TWIST_RX] Received Twist message - linear.x=0.000, angular.z=0.000, scaled_angular.z=0.000
[INFO] [1791450343.766499073] [serial_twistctl_node]: [SERIAL_TX] Timestamp: 1791450343766488829, Sending command (1/1): vcx=0.000,wc=0.000
 [19 bytes written]
[INFO] [1791450343.816542314] [serial_twistctl_node]: [TWIST_RX] Received Twist message - linear.x=0.000, angular.z=0.000, scaled_angular.z=0.000
[INFO] [1791450343.816592952] [serial_twistctl_node]: [SERIAL_TX] Timestamp: 1791450343816583811, Sending command (1/1): vcx=0.000,wc=0.000
 [19 bytes written]
[INFO] [1791450343.866450295] [serial_twistctl_node]: [TWIST_RX] Received Twist message - linear.x=0.000, angular.z=0.000, scaled_angular.z=0.000
[INFO] [1791450343.866492647] [serial_twistctl_node]: [SERIAL_TX] Timestamp: 1791450343866485140, Sending command (1/1): vcx=0.000,wc=0.000
 [19 bytes written]
[INFO] [1791450343.916406718] [serial_twistctl_node]: [TWIST_RX] Received Twist message - linear.x=0.000, angular.z=0.000, scaled_angular.z=0.000
[INFO] [1791450343.916464176] [serial_twistctl_node]: [SERIAL_TX] Timestamp: 1791450343916454544, Sending command (1/1): vcx=0.000,wc=0.000
 [19 bytes written]
[INFO] [1791450343.966680047] [serial_twistctl_node]: [TWIST_RX] Received Twist message - linear.x=0.000, angular.z=0.000, scaled_angular.z=0.000
[INFO] [1791450343.966723191] [serial_twistctl_node]: [SERIAL_TX] Timestamp: 1791450343966714024, Sending command (1/1): vcx=0.000,wc=0.000
 [19 bytes written]
[INFO] [1791450344.016635387] [serial_twistctl_node]: [TWIST_RX] Received Twist message - linear.x=0.000, angular.z=0.000, scaled_angular.z=0.000
[INFO] [1791450344.016685594] [serial_twistctl_node]: [SERIAL_TX] Timestamp: 1791450344016674798, Sending command (1/1): vcx=0.000,wc=0.000
 [19 bytes written]
[INFO] [1791450344.066600774] [serial_twistctl_node]: [TWIST_RX] Received Twist message - linear.x=0.000, angular.z=0.000, scaled_angular.z=0.000
[INFO] [1791450344.066644008] [serial_twistctl_node]: [SERIAL_TX] Timestamp: 1791450344066635204, Sending command (1/1): vcx=0.000,wc=0.000
 [19 bytes written]
[INFO] [1791450344.116512181] [serial_twistctl_node]: [TWIST_RX] Received Twist message - linear.x=0.000, angular.z=0.000, scaled_angular.z=0.000
[INFO] [1791450344.116567167] [serial_twistctl_node]: [SERIAL_TX] Timestamp: 1791450344116553447, Sending command (1/1): vcx=0.000,wc=0.000
 [19 bytes written]
[INFO] [1791450344.166419231] [serial_twistctl_node]: [TWIST_RX] Received Twist message - linear.x=0.000, angular.z=0.000, scaled_angular.z=0.000
[INFO] [1791450344.166481833] [serial_twistctl_node]: [SERIAL_TX] Timestamp: 1791450344166467013, Sending command (1/1): vcx=0.000,wc=0.000
 [19 bytes written]
[INFO] [1791450344.217410252] [serial_twistctl_node]: [TWIST_RX] Received Twist message - linear.x=0.000, angular.z=0.000, scaled_angular.z=0.000
[INFO] [1791450344.217483403] [serial_twistctl_node]: [SERIAL_TX] Timestamp: 1791450344217463944, Sending command (1/1): vcx=0.000,wc=0.000
 [19 bytes written]
[INFO] [1791450344.266558898] [serial_twistctl_node]: [TWIST_RX] Received Twist message - linear.x=0.000, angular.z=0.000, scaled_angular.z=0.000
[INFO] [1791450344.266610525] [serial_twistctl_node]: [SERIAL_TX] Timestamp: 1791450344266597723, Sending command (1/1): vcx=0.000,wc=0.000
 [19 bytes written]
[INFO] [1791450344.316666299] [serial_twistctl_node]: [TWIST_RX] Received Twist message - linear.x=0.000, angular.z=0.000, scaled_angular.z=0.000
[INFO] [1791450344.316722124] [serial_twistctl_node]: [SERIAL_TX] Timestamp: 1791450344316709732, Sending command (1/1): vcx=0.000,wc=0.000
 [19 bytes written]
[INFO] [1791450344.366372357] [serial_twistctl_node]: [TWIST_RX] Received Twist message - linear.x=0.000, angular.z=0.000, scaled_angular.z=0.000
[INFO] [1791450344.366428795] [serial_twistctl_node]: [SERIAL_TX] Timestamp: 1791450344366418307, Sending command (1/1): vcx=0.000,wc=0.000
 [19 bytes written]
[INFO] [1791450344.416622455] [serial_twistctl_node]: [TWIST_RX] Received Twist message - linear.x=0.000, angular.z=0.000, scaled_angular.z=0.000
[INFO] [1791450344.416689205] [serial_twistctl_node]: [SERIAL_TX] Timestamp: 1791450344416663941, Sending command (1/1): vcx=0.000,wc=0.000
 [19 bytes written]
[INFO] [1791450344.466754512] [serial_twistctl_node]: [TWIST_RX] Received Twist message - linear.x=0.000, angular.z=0.000, scaled_angular.z=0.000
[INFO] [1791450344.466820989] [serial_twistctl_node]: [SERIAL_TX] Timestamp: 1791450344466807736, Sending command (1/1): vcx=0.000,wc=0.000
 [19 bytes written]
[INFO] [1791450344.516514120] [serial_twistctl_node]: [TWIST_RX] Received Twist message - linear.x=0.000, angular.z=0.000, scaled_angular.z=0.000
[INFO] [1791450344.516571206] [serial_twistctl_node]: [SERIAL_TX] Timestamp: 1791450344516559287, Sending command (1/1): vcx=0.000,wc=0.000
 [19 bytes written]
[INFO] [1791450344.566628143] [serial_twistctl_node]: [TWIST_RX] Received Twist message - linear.x=0.000, angular.z=0.000, scaled_angular.z=0.000
[INFO] [1791450344.566683339] [serial_twistctl_node]: [SERIAL_TX] Timestamp: 1791450344566671812, Sending command (1/1): vcx=0.000,wc=0.000
 [19 bytes written]
[INFO] [1791450344.616567370] [serial_twistctl_node]: [TWIST_RX] Received Twist message - linear.x=0.000, angular.z=0.000, scaled_angular.z=0.000
[INFO] [1791450344.616626317] [serial_twistctl_node]: [SERIAL_TX] Timestamp: 1791450344616612791, Sending command (1/1): vcx=0.000,wc=0.000
 [19 bytes written]
[INFO] [1791450344.666650047] [serial_twistctl_node]: [TWIST_RX] Received Twist message - linear.x=0.000, angular.z=0.000, scaled_angular.z=0.000
[INFO] [1791450344.666704802] [serial_twistctl_node]: [SERIAL_TX] Timestamp: 1791450344666690699, Sending command (1/1): vcx=0.000,wc=0.000
 [19 bytes written]
[INFO] [1791450344.716608149] [serial_twistctl_node]: [TWIST_RX] Received Twist message - linear.x=0.000, angular.z=0.000, scaled_angular.z=0.000
[INFO] [1791450344.716666138] [serial_twistctl_node]: [SERIAL_TX] Timestamp: 1791450344716652034, Sending command (1/1): vcx=0.000,wc=0.000
 [19 bytes written]
[INFO] [1791450344.766580149] [serial_twistctl_node]: [TWIST_RX] Received Twist message - linear.x=0.000, angular.z=0.000, scaled_angular.z=0.000
[INFO] [1791450344.766635500] [serial_twistctl_node]: [SERIAL_TX] Timestamp: 1791450344766624073, Sending command (1/1): vcx=0.000,wc=0.000
 [19 bytes written]
[INFO] [1791450344.816589032] [serial_twistctl_node]: [TWIST_RX] Received Twist message - linear.x=0.000, angular.z=0.000, scaled_angular.z=0.000
[INFO] [1791450344.816646655] [serial_twistctl_node]: [SERIAL_TX] Timestamp: 1791450344816632597, Sending command (1/1): vcx=0.000,wc=0.000
 [19 bytes written]
[INFO] [1791450344.866630780] [serial_twistctl_node]: [TWIST_RX] Received Twist message - linear.x=0.000, angular.z=0.000, scaled_angular.z=0.000
[INFO] [1791450344.866689891] [serial_twistctl_node]: [SERIAL_TX] Timestamp: 1791450344866676314, Sending command (1/1): vcx=0.000,wc=0.000
 [19 bytes written]
[INFO] [1791450344.916576126] [serial_twistctl_node]: [TWIST_RX] Received Twist message - linear.x=0.000, angular.z=0.000, scaled_angular.z=0.000
[INFO] [1791450344.916637463] [serial_twistctl_node]: [SERIAL_TX] Timestamp: 1791450344916624521, Sending command (1/1): vcx=0.000,wc=0.000
 [19 bytes written]
[INFO] [1791450344.966620621] [serial_twistctl_node]: [TWIST_RX] Received Twist message - linear.x=0.000, angular.z=0.000, scaled_angular.z=0.000
[INFO] [1791450344.966680263] [serial_twistctl_node]: [SERIAL_TX] Timestamp: 1791450344966666574, Sending command (1/1): vcx=0.000,wc=0.000
 [19 bytes written]
[INFO] [1791450345.016540947] [serial_twistctl_node]: [TWIST_RX] Received Twist message - linear.x=0.000, angular.z=0.000, scaled_angular.z=0.000
[INFO] [1791450345.016608527] [serial_twistctl_node]: [SERIAL_TX] Timestamp: 1791450345016594957, Sending command (1/1): vcx=0.000,wc=0.000
 [19 bytes written]
[INFO] [1791450345.066653214] [serial_twistctl_node]: [TWIST_RX] Received Twist message - linear.x=0.000, angular.z=0.000, scaled_angular.z=0.000
[INFO] [1791450345.066713313] [serial_twistctl_node]: [SERIAL_TX] Timestamp: 1791450345066699187, Sending command (1/1): vcx=0.000,wc=0.000
 [19 bytes written]
[INFO] [1791450345.116641077] [serial_twistctl_node]: [TWIST_RX] Received Twist message - linear.x=0.000, angular.z=0.000, scaled_angular.z=0.000
[INFO] [1791450345.116714091] [serial_twistctl_node]: [SERIAL_TX] Timestamp: 1791450345116700051, Sending command (1/1): vcx=0.000,wc=0.000
 [19 bytes written]
[INFO] [1791450345.166742474] [serial_twistctl_node]: [TWIST_RX] Received Twist message - linear.x=0.000, angular.z=0.000, scaled_angular.z=0.000
[INFO] [1791450345.166801844] [serial_twistctl_node]: [SERIAL_TX] Timestamp: 1791450345166791244, Sending command (1/1): vcx=0.000,wc=0.000
 [19 bytes written]
[INFO] [1791450345.216703765] [serial_twistctl_node]: [TWIST_RX] Received Twist message - linear.x=0.000, angular.z=0.000, scaled_angular.z=0.000
[INFO] [1791450345.216754032] [serial_twistctl_node]: [SERIAL_TX] Timestamp: 1791450345216741880, Sending command (1/1): vcx=0.000,wc=0.000
 [19 bytes written]
[INFO] [1791450345.266714035] [serial_twistctl_node]: [TWIST_RX] Received Twist message - linear.x=0.000, angular.z=0.000, scaled_angular.z=0.000
[INFO] [1791450345.266772090] [serial_twistctl_node]: [SERIAL_TX] Timestamp: 1791450345266758521, Sending command (1/1): vcx=0.000,wc=0.000
 [19 bytes written]
[INFO] [1791450345.316651448] [serial_twistctl_node]: [TWIST_RX] Received Twist message - linear.x=0.000, angular.z=0.000, scaled_angular.z=0.000
[INFO] [1791450345.316710307] [serial_twistctl_node]: [SERIAL_TX] Timestamp: 1791450345316696467, Sending command (1/1): vcx=0.000,wc=0.000
 [19 bytes written]
[INFO] [1791450345.366464279] [serial_twistctl_node]: [TWIST_RX] Received Twist message - linear.x=0.000, angular.z=0.000, scaled_angular.z=0.000
[INFO] [1791450345.366525470] [serial_twistctl_node]: [SERIAL_TX] Timestamp: 1791450345366512642, Sending command (1/1): vcx=0.000,wc=0.000
 [19 bytes written]
[INFO] [1791450345.416691614] [serial_twistctl_node]: [TWIST_RX] Received Twist message - linear.x=0.000, angular.z=0.000, scaled_angular.z=0.000
[INFO] [1791450345.416747043] [serial_twistctl_node]: [SERIAL_TX] Timestamp: 1791450345416733302, Sending command (1/1): vcx=0.000,wc=0.000
 [19 bytes written]
[INFO] [1791450345.466608393] [serial_twistctl_node]: [TWIST_RX] Received Twist message - linear.x=0.000, angular.z=0.000, scaled_angular.z=0.000
[INFO] [1791450345.466664316] [serial_twistctl_node]: [SERIAL_TX] Timestamp: 1791450345466651709, Sending command (1/1): vcx=0.000,wc=0.000
 [19 bytes written]
[INFO] [1791450345.516417086] [serial_twistctl_node]: [TWIST_RX] Received Twist message - linear.x=0.000, angular.z=0.000, scaled_angular.z=0.000
[INFO] [1791450345.516479150] [serial_twistctl_node]: [SERIAL_TX] Timestamp: 1791450345516464192, Sending command (1/1): vcx=0.000,wc=0.000
 [19 bytes written]
[INFO] [1791450345.566555525] [serial_twistctl_node]: [TWIST_RX] Received Twist message - linear.x=0.000, angular.z=0.000, scaled_angular.z=0.000
[INFO] [1791450345.566619405] [serial_twistctl_node]: [SERIAL_TX] Timestamp: 1791450345566607268, Sending command (1/1): vcx=0.000,wc=0.000
 [19 bytes written]
[INFO] [1791450345.616529666] [serial_twistctl_node]: [TWIST_RX] Received Twist message - linear.x=0.000, angular.z=0.000, scaled_angular.z=0.000
[INFO] [1791450345.616590446] [serial_twistctl_node]: [SERIAL_TX] Timestamp: 1791450345616577434, Sending command (1/1): vcx=0.000,wc=0.000
 [19 bytes written]
[INFO] [1791450345.666745299] [serial_twistctl_node]: [TWIST_RX] Received Twist message - linear.x=0.000, angular.z=0.000, scaled_angular.z=0.000
[INFO] [1791450345.666801329] [serial_twistctl_node]: [SERIAL_TX] Timestamp: 1791450345666788693, Sending command (1/1): vcx=0.000,wc=0.000
 [19 bytes written]
[INFO] [1791450345.716627348] [serial_twistctl_node]: [TWIST_RX] Received Twist message - linear.x=0.000, angular.z=0.000, scaled_angular.z=0.000
[INFO] [1791450345.716698953] [serial_twistctl_node]: [SERIAL_TX] Timestamp: 1791450345716684354, Sending command (1/1): vcx=0.000,wc=0.000
 [19 bytes written]
[INFO] [1791450345.766569212] [serial_twistctl_node]: [TWIST_RX] Received Twist message - linear.x=0.000, angular.z=0.000, scaled_angular.z=0.000
[INFO] [1791450345.766623714] [serial_twistctl_node]: [SERIAL_TX] Timestamp: 1791450345766612499, Sending command (1/1): vcx=0.000,wc=0.000
 [19 bytes written]
[INFO] [1791450345.816439747] [serial_twistctl_node]: [TWIST_RX] Received Twist message - linear.x=0.000, angular.z=0.000, scaled_angular.z=0.000
[INFO] [1791450345.816512253] [serial_twistctl_node]: [SERIAL_TX] Timestamp: 1791450345816498440, Sending command (1/1): vcx=0.000,wc=0.000
 [19 bytes written]
[INFO] [1791450345.866589294] [serial_twistctl_node]: [TWIST_RX] Received Twist message - linear.x=0.000, angular.z=0.000, scaled_angular.z=0.000
[INFO] [1791450345.866658325] [serial_twistctl_node]: [SERIAL_TX] Timestamp: 1791450345866645293, Sending command (1/1): vcx=0.000,wc=0.000
 [19 bytes written]
[INFO] [1791450345.916570681] [serial_twistctl_node]: [TWIST_RX] Received Twist message - linear.x=0.000, angular.z=0.000, scaled_angular.z=0.000
[INFO] [1791450345.916630983] [serial_twistctl_node]: [SERIAL_TX] Timestamp: 1791450345916616057, Sending command (1/1): vcx=0.000,wc=0.000
 [19 bytes written]
[INFO] [1791450345.966752921] [serial_twistctl_node]: [TWIST_RX] Received Twist message - linear.x=0.000, angular.z=0.000, scaled_angular.z=0.000
[INFO] [1791450345.966812764] [serial_twistctl_node]: [SERIAL_TX] Timestamp: 1791450345966797593, Sending command (1/1): vcx=0.000,wc=0.000
 [19 bytes written]
[INFO] [1791450346.016546614] [serial_twistctl_node]: [TWIST_RX] Received Twist message - linear.x=0.000, angular.z=0.000, scaled_angular.z=0.000
[INFO] [1791450346.016611337] [serial_twistctl_node]: [SERIAL_TX] Timestamp: 1791450346016596783, Sending command (1/1): vcx=0.000,wc=0.000
 [19 bytes written]
[INFO] [1791450346.066660436] [serial_twistctl_node]: [TWIST_RX] Received Twist message - linear.x=0.000, angular.z=0.000, scaled_angular.z=0.000
[INFO] [1791450346.066722050] [serial_twistctl_node]: [SERIAL_TX] Timestamp: 1791450346066706965, Sending command (1/1): vcx=0.000,wc=0.000
 [19 bytes written]
[INFO] [1791450346.116463446] [serial_twistctl_node]: [TWIST_RX] Received Twist message - linear.x=0.000, angular.z=0.000, scaled_angular.z=0.000
[INFO] [1791450346.116525217] [serial_twistctl_node]: [SERIAL_TX] Timestamp: 1791450346116510316, Sending command (1/1): vcx=0.000,wc=0.000
 [19 bytes written]
[INFO] [1791450346.166754616] [serial_twistctl_node]: [TWIST_RX] Received Twist message - linear.x=0.000, angular.z=0.000, scaled_angular.z=0.000
[INFO] [1791450346.166811948] [serial_twistctl_node]: [SERIAL_TX] Timestamp: 1791450346166798512, Sending command (1/1): vcx=0.000,wc=0.000
 [19 bytes written]
[INFO] [1791450346.216607648] [serial_twistctl_node]: [TWIST_RX] Received Twist message - linear.x=0.000, angular.z=0.000, scaled_angular.z=0.000
[INFO] [1791450346.216669339] [serial_twistctl_node]: [SERIAL_TX] Timestamp: 1791450346216654645, Sending command (1/1): vcx=0.000,wc=0.000
 [19 bytes written]
[INFO] [1791450346.266719540] [serial_twistctl_node]: [TWIST_RX] Received Twist message - linear.x=0.000, angular.z=0.000, scaled_angular.z=0.000
[INFO] [1791450346.266781043] [serial_twistctl_node]: [SERIAL_TX] Timestamp: 1791450346266766473, Sending command (1/1): vcx=0.000,wc=0.000
 [19 bytes written]
[INFO] [1791450346.316567274] [serial_twistctl_node]: [TWIST_RX] Received Twist message - linear.x=0.000, angular.z=0.000, scaled_angular.z=0.000
[INFO] [1791450346.316624825] [serial_twistctl_node]: [SERIAL_TX] Timestamp: 1791450346316610253, Sending command (1/1): vcx=0.000,wc=0.000
 [19 bytes written]
[INFO] [1791450346.366644155] [serial_twistctl_node]: [TWIST_RX] Received Twist message - linear.x=0.000, angular.z=0.000, scaled_angular.z=0.000
[INFO] [1791450346.366710472] [serial_twistctl_node]: [SERIAL_TX] Timestamp: 1791450346366694810, Sending command (1/1): vcx=0.000,wc=0.000
 [19 bytes written]
[INFO] [1791450346.416479102] [serial_twistctl_node]: [TWIST_RX] Received Twist message - linear.x=0.000, angular.z=0.000, scaled_angular.z=0.000
[INFO] [1791450346.416540462] [serial_twistctl_node]: [SERIAL_TX] Timestamp: 1791450346416526648, Sending command (1/1): vcx=0.000,wc=0.000
 [19 bytes written]
[INFO] [1791450346.466565486] [serial_twistctl_node]: [TWIST_RX] Received Twist message - linear.x=0.000, angular.z=0.000, scaled_angular.z=0.000
[INFO] [1791450346.466626395] [serial_twistctl_node]: [SERIAL_TX] Timestamp: 1791450346466611125, Sending command (1/1): vcx=0.000,wc=0.000
 [19 bytes written]
[INFO] [1791450346.516756368] [serial_twistctl_node]: [TWIST_RX] Received Twist message - linear.x=0.000, angular.z=0.000, scaled_angular.z=0.000
[INFO] [1791450346.516817256] [serial_twistctl_node]: [SERIAL_TX] Timestamp: 1791450346516802327, Sending command (1/1): vcx=0.000,wc=0.000
 [19 bytes written]
[INFO] [1791450346.566755010] [serial_twistctl_node]: [TWIST_RX] Received Twist message - linear.x=0.000, angular.z=0.000, scaled_angular.z=0.000
[INFO] [1791450346.566825058] [serial_twistctl_node]: [SERIAL_TX] Timestamp: 1791450346566809834, Sending command (1/1): vcx=0.000,wc=0.000
 [19 bytes written]
[INFO] [1791450346.616685145] [serial_twistctl_node]: [TWIST_RX] Received Twist message - linear.x=0.000, angular.z=0.000, scaled_angular.z=0.000
[INFO] [1791450346.616746025] [serial_twistctl_node]: [SERIAL_TX] Timestamp: 1791450346616731463, Sending command (1/1): vcx=0.000,wc=0.000
 [19 bytes written]
[INFO] [1791450346.666766560] [serial_twistctl_node]: [TWIST_RX] Received Twist message - linear.x=0.000, angular.z=0.000, scaled_angular.z=0.000
[INFO] [1791450346.666822606] [serial_twistctl_node]: [SERIAL_TX] Timestamp: 1791450346666809388, Sending command (1/1): vcx=0.000,wc=0.000
 [19 bytes written]
[INFO] [1791450346.716810158] [serial_twistctl_node]: [TWIST_RX] Received Twist message - linear.x=0.000, angular.z=0.000, scaled_angular.z=0.000
[INFO] [1791450346.716868260] [serial_twistctl_node]: [SERIAL_TX] Timestamp: 1791450346716854074, Sending command (1/1): vcx=0.000,wc=0.000
 [19 bytes written]
[INFO] [1791450346.766542911] [serial_twistctl_node]: [TWIST_RX] Received Twist message - linear.x=0.000, angular.z=0.000, scaled_angular.z=0.000
[INFO] [1791450346.766603099] [serial_twistctl_node]: [SERIAL_TX] Timestamp: 1791450346766586458, Sending command (1/1): vcx=0.000,wc=0.000
 [19 bytes written]
[INFO] [1791450346.816503994] [serial_twistctl_node]: [TWIST_RX] Received Twist message - linear.x=0.000, angular.z=0.000, scaled_angular.z=0.000
[INFO] [1791450346.816563626] [serial_twistctl_node]: [SERIAL_TX] Timestamp: 1791450346816550324, Sending command (1/1): vcx=0.000,wc=0.000
 [19 bytes written]
[INFO] [1791450346.866637115] [serial_twistctl_node]: [TWIST_RX] Received Twist message - linear.x=0.000, angular.z=0.000, scaled_angular.z=0.000
[INFO] [1791450346.866697554] [serial_twistctl_node]: [SERIAL_TX] Timestamp: 1791450346866684217, Sending command (1/1): vcx=0.000,wc=0.000
 [19 bytes written]
[INFO] [1791450346.916328618] [serial_twistctl_node]: [TWIST_RX] Received Twist message - linear.x=0.000, angular.z=0.000, scaled_angular.z=0.000
[INFO] [1791450346.916387632] [serial_twistctl_node]: [SERIAL_TX] Timestamp: 1791450346916374369, Sending command (1/1): vcx=0.000,wc=0.000
 [19 bytes written]
[INFO] [1791450346.966767956] [serial_twistctl_node]: [TWIST_RX] Received Twist message - linear.x=0.000, angular.z=0.000, scaled_angular.z=0.000
[INFO] [1791450346.966828258] [serial_twistctl_node]: [SERIAL_TX] Timestamp: 1791450346966814235, Sending command (1/1): vcx=0.000,wc=0.000
 [19 bytes written]
[INFO] [1791450347.016634475] [serial_twistctl_node]: [TWIST_RX] Received Twist message - linear.x=0.000, angular.z=0.000, scaled_angular.z=0.000
[INFO] [1791450347.016702099] [serial_twistctl_node]: [SERIAL_TX] Timestamp: 1791450347016684550, Sending command (1/1): vcx=0.000,wc=0.000
 [19 bytes written]
[INFO] [1791450347.066598958] [serial_twistctl_node]: [TWIST_RX] Received Twist message - linear.x=0.000, angular.z=0.000, scaled_angular.z=0.000
[INFO] [1791450347.066661230] [serial_twistctl_node]: [SERIAL_TX] Timestamp: 1791450347066648283, Sending command (1/1): vcx=0.000,wc=0.000
 [19 bytes written]
[INFO] [1791450347.116529801] [serial_twistctl_node]: [TWIST_RX] Received Twist message - linear.x=0.000, angular.z=0.000, scaled_angular.z=0.000
[INFO] [1791450347.116589019] [serial_twistctl_node]: [SERIAL_TX] Timestamp: 1791450347116575679, Sending command (1/1): vcx=0.000,wc=0.000
 [19 bytes written]
[INFO] [1791450347.166701852] [serial_twistctl_node]: [TWIST_RX] Received Twist message - linear.x=0.000, angular.z=0.000, scaled_angular.z=0.000
[INFO] [1791450347.166770953] [serial_twistctl_node]: [SERIAL_TX] Timestamp: 1791450347166758370, Sending command (1/1): vcx=0.000,wc=0.000
 [19 bytes written]
[INFO] [1791450347.216553087] [serial_twistctl_node]: [TWIST_RX] Received Twist message - linear.x=0.000, angular.z=0.000, scaled_angular.z=0.000
[INFO] [1791450347.216613500] [serial_twistctl_node]: [SERIAL_TX] Timestamp: 1791450347216598559, Sending command (1/1): vcx=0.000,wc=0.000
 [19 bytes written]
[INFO] [1791450347.266603530] [serial_twistctl_node]: [TWIST_RX] Received Twist message - linear.x=0.000, angular.z=0.000, scaled_angular.z=0.000
[INFO] [1791450347.266661280] [serial_twistctl_node]: [SERIAL_TX] Timestamp: 1791450347266647954, Sending command (1/1): vcx=0.000,wc=0.000
 [19 bytes written]
[INFO] [1791450347.316805516] [serial_twistctl_node]: [TWIST_RX] Received Twist message - linear.x=0.000, angular.z=0.000, scaled_angular.z=0.000
[INFO] [1791450347.316864725] [serial_twistctl_node]: [SERIAL_TX] Timestamp: 1791450347316849568, Sending command (1/1): vcx=0.000,wc=0.000
 [19 bytes written]
[INFO] [1791450347.366693358] [serial_twistctl_node]: [TWIST_RX] Received Twist message - linear.x=0.000, angular.z=0.000, scaled_angular.z=0.000
[INFO] [1791450347.366752975] [serial_twistctl_node]: [SERIAL_TX] Timestamp: 1791450347366738777, Sending command (1/1): vcx=0.000,wc=0.000
 [19 bytes written]
[INFO] [1791450347.416656014] [serial_twistctl_node]: [TWIST_RX] Received Twist message - linear.x=0.000, angular.z=0.000, scaled_angular.z=0.000
[INFO] [1791450347.416714855] [serial_twistctl_node]: [SERIAL_TX] Timestamp: 1791450347416701041, Sending command (1/1): vcx=0.000,wc=0.000
 [19 bytes written]
[INFO] [1791450347.466728640] [serial_twistctl_node]: [TWIST_RX] Received Twist message - linear.x=0.000, angular.z=0.000, scaled_angular.z=0.000
[INFO] [1791450347.466800326] [serial_twistctl_node]: [SERIAL_TX] Timestamp: 1791450347466787313, Sending command (1/1): vcx=0.000,wc=0.000
 [19 bytes written]
[INFO] [1791450347.516453308] [serial_twistctl_node]: [TWIST_RX] Received Twist message - linear.x=0.000, angular.z=0.000, scaled_angular.z=0.000
[INFO] [1791450347.516515414] [serial_twistctl_node]: [SERIAL_TX] Timestamp: 1791450347516503587, Sending command (1/1): vcx=0.000,wc=0.000
 [19 bytes written]
[INFO] [1791450347.566731983] [serial_twistctl_node]: [TWIST_RX] Received Twist message - linear.x=0.000, angular.z=0.000, scaled_angular.z=0.000
[INFO] [1791450347.566788013] [serial_twistctl_node]: [SERIAL_TX] Timestamp: 1791450347566774502, Sending command (1/1): vcx=0.000,wc=0.000
 [19 bytes written]
[INFO] [1791450347.616662262] [serial_twistctl_node]: [TWIST_RX] Received Twist message - linear.x=0.000, angular.z=0.000, scaled_angular.z=0.000
[INFO] [1791450347.616722607] [serial_twistctl_node]: [SERIAL_TX] Timestamp: 1791450347616708302, Sending command (1/1): vcx=0.000,wc=0.000
 [19 bytes written]
[INFO] [1791450347.666721470] [serial_twistctl_node]: [TWIST_RX] Received Twist message - linear.x=0.000, angular.z=0.000, scaled_angular.z=0.000
[INFO] [1791450347.666780193] [serial_twistctl_node]: [SERIAL_TX] Timestamp: 1791450347666767261, Sending command (1/1): vcx=0.000,wc=0.000
 [19 bytes written]
[INFO] [1791450347.716621661] [serial_twistctl_node]: [TWIST_RX] Received Twist message - linear.x=0.000, angular.z=0.000, scaled_angular.z=0.000
[INFO] [1791450347.716693693] [serial_twistctl_node]: [SERIAL_TX] Timestamp: 1791450347716679250, Sending command (1/1): vcx=0.000,wc=0.000
 [19 bytes written]
[INFO] [1791450347.766578548] [serial_twistctl_node]: [TWIST_RX] Received Twist message - linear.x=0.000, angular.z=0.000, scaled_angular.z=0.000
[INFO] [1791450347.766634621] [serial_twistctl_node]: [SERIAL_TX] Timestamp: 1791450347766621662, Sending command (1/1): vcx=0.000,wc=0.000
 [19 bytes written]
[INFO] [1791450347.816635569] [serial_twistctl_node]: [TWIST_RX] Received Twist message - linear.x=0.000, angular.z=0.000, scaled_angular.z=0.000
[INFO] [1791450347.816703205] [serial_twistctl_node]: [SERIAL_TX] Timestamp: 1791450347816689408, Sending command (1/1): vcx=0.000,wc=0.000
 [19 bytes written]
[INFO] [1791450347.866422283] [serial_twistctl_node]: [TWIST_RX] Received Twist message - linear.x=0.000, angular.z=0.000, scaled_angular.z=0.000
[INFO] [1791450347.866486488] [serial_twistctl_node]: [SERIAL_TX] Timestamp: 1791450347866472982, Sending command (1/1): vcx=0.000,wc=0.000
 [19 bytes written]
[INFO] [1791450347.916684723] [serial_twistctl_node]: [TWIST_RX] Received Twist message - linear.x=0.000, angular.z=0.000, scaled_angular.z=0.000
[INFO] [1791450347.916750743] [serial_twistctl_node]: [SERIAL_TX] Timestamp: 1791450347916736269, Sending command (1/1): vcx=0.000,wc=0.000
 [19 bytes written]
[INFO] [1791450347.966694310] [serial_twistctl_node]: [TWIST_RX] Received Twist message - linear.x=0.000, angular.z=0.000, scaled_angular.z=0.000
[INFO] [1791450347.966749332] [serial_twistctl_node]: [SERIAL_TX] Timestamp: 1791450347966737313, Sending command (1/1): vcx=0.000,wc=0.000
 [19 bytes written]
[INFO] [1791450348.016680774] [serial_twistctl_node]: [TWIST_RX] Received Twist message - linear.x=0.000, angular.z=0.000, scaled_angular.z=0.000
[INFO] [1791450348.016742661] [serial_twistctl_node]: [SERIAL_TX] Timestamp: 1791450348016727903, Sending command (1/1): vcx=0.000,wc=0.000
 [19 bytes written]
[INFO] [1791450348.066709783] [serial_twistctl_node]: [TWIST_RX] Received Twist message - linear.x=0.000, angular.z=0.000, scaled_angular.z=0.000
[INFO] [1791450348.066771701] [serial_twistctl_node]: [SERIAL_TX] Timestamp: 1791450348066758086, Sending command (1/1): vcx=0.000,wc=0.000
 [19 bytes written]
[INFO] [1791450348.116594684] [serial_twistctl_node]: [TWIST_RX] Received Twist message - linear.x=0.000, angular.z=0.000, scaled_angular.z=0.000
[INFO] [1791450348.116659295] [serial_twistctl_node]: [SERIAL_TX] Timestamp: 1791450348116644201, Sending command (1/1): vcx=0.000,wc=0.000
 [19 bytes written]
[INFO] [1791450348.166820987] [serial_twistctl_node]: [TWIST_RX] Received Twist message - linear.x=0.000, angular.z=0.000, scaled_angular.z=0.000
[INFO] [1791450348.166880161] [serial_twistctl_node]: [SERIAL_TX] Timestamp: 1791450348166865261, Sending command (1/1): vcx=0.000,wc=0.000
 [19 bytes written]
[INFO] [1791450348.216762962] [serial_twistctl_node]: [TWIST_RX] Received Twist message - linear.x=0.000, angular.z=0.000, scaled_angular.z=0.000
[INFO] [1791450348.216825541] [serial_twistctl_node]: [SERIAL_TX] Timestamp: 1791450348216810664, Sending command (1/1): vcx=0.000,wc=0.000
 [19 bytes written]
[INFO] [1791450348.266718422] [serial_twistctl_node]: [TWIST_RX] Received Twist message - linear.x=0.000, angular.z=0.000, scaled_angular.z=0.000
[INFO] [1791450348.266785716] [serial_twistctl_node]: [SERIAL_TX] Timestamp: 1791450348266770197, Sending command (1/1): vcx=0.000,wc=0.000
 [19 bytes written]
[INFO] [1791450348.316679115] [serial_twistctl_node]: [TWIST_RX] Received Twist message - linear.x=0.000, angular.z=0.000, scaled_angular.z=0.000
[INFO] [1791450348.316735763] [serial_twistctl_node]: [SERIAL_TX] Timestamp: 1791450348316722657, Sending command (1/1): vcx=0.000,wc=0.000
 [19 bytes written]
[INFO] [1791450348.366774425] [serial_twistctl_node]: [TWIST_RX] Received Twist message - linear.x=0.000, angular.z=0.000, scaled_angular.z=0.000
[INFO] [1791450348.366833947] [serial_twistctl_node]: [SERIAL_TX] Timestamp: 1791450348366820782, Sending command (1/1): vcx=0.000,wc=0.000
 [19 bytes written]
[INFO] [1791450348.416605879] [serial_twistctl_node]: [TWIST_RX] Received Twist message - linear.x=0.000, angular.z=0.000, scaled_angular.z=0.000
[INFO] [1791450348.416664942] [serial_twistctl_node]: [SERIAL_TX] Timestamp: 1791450348416651056, Sending command (1/1): vcx=0.000,wc=0.000
 [19 bytes written]
[INFO] [1791450348.466615613] [serial_twistctl_node]: [TWIST_RX] Received Twist message - linear.x=0.000, angular.z=0.000, scaled_angular.z=0.000
[INFO] [1791450348.466670444] [serial_twistctl_node]: [SERIAL_TX] Timestamp: 1791450348466657449, Sending command (1/1): vcx=0.000,wc=0.000
 [19 bytes written]
[INFO] [1791450348.516784296] [serial_twistctl_node]: [TWIST_RX] Received Twist message - linear.x=0.000, angular.z=0.000, scaled_angular.z=0.000
[INFO] [1791450348.516862065] [serial_twistctl_node]: [SERIAL_TX] Timestamp: 1791450348516847201, Sending command (1/1): vcx=0.000,wc=0.000
 [19 bytes written]
[INFO] [1791450348.566850813] [serial_twistctl_node]: [TWIST_RX] Received Twist message - linear.x=0.000, angular.z=0.000, scaled_angular.z=0.000
[INFO] [1791450348.566912116] [serial_twistctl_node]: [SERIAL_TX] Timestamp: 1791450348566896572, Sending command (1/1): vcx=0.000,wc=0.000
 [19 bytes written]
[INFO] [1791450348.616509591] [serial_twistctl_node]: [TWIST_RX] Received Twist message - linear.x=0.000, angular.z=0.000, scaled_angular.z=0.000
[INFO] [1791450348.616573806] [serial_twistctl_node]: [SERIAL_TX] Timestamp: 1791450348616558404, Sending command (1/1): vcx=0.000,wc=0.000
 [19 bytes written]
[INFO] [1791450348.666779947] [serial_twistctl_node]: [TWIST_RX] Received Twist message - linear.x=0.000, angular.z=0.000, scaled_angular.z=0.000
[INFO] [1791450348.666844693] [serial_twistctl_node]: [SERIAL_TX] Timestamp: 1791450348666829692, Sending command (1/1): vcx=0.000,wc=0.000
 [19 bytes written]
[INFO] [1791450348.716754041] [serial_twistctl_node]: [TWIST_RX] Received Twist message - linear.x=0.000, angular.z=0.000, scaled_angular.z=0.000
[INFO] [1791450348.716814413] [serial_twistctl_node]: [SERIAL_TX] Timestamp: 1791450348716800110, Sending command (1/1): vcx=0.000,wc=0.000
 [19 bytes written]
[INFO] [1791450348.766620912] [serial_twistctl_node]: [TWIST_RX] Received Twist message - linear.x=0.000, angular.z=0.000, scaled_angular.z=0.000
[INFO] [1791450348.766678569] [serial_twistctl_node]: [SERIAL_TX] Timestamp: 1791450348766665442, Sending command (1/1): vcx=0.000,wc=0.000
 [19 bytes written]
[INFO] [1791450348.816444484] [serial_twistctl_node]: [TWIST_RX] Received Twist message - linear.x=0.000, angular.z=0.000, scaled_angular.z=0.000
[INFO] [1791450348.816499841] [serial_twistctl_node]: [SERIAL_TX] Timestamp: 1791450348816486602, Sending command (1/1): vcx=0.000,wc=0.000
 [19 bytes written]
[INFO] [1791450348.866708359] [serial_twistctl_node]: [TWIST_RX] Received Twist message - linear.x=0.000, angular.z=0.000, scaled_angular.z=0.000
[INFO] [1791450348.866776821] [serial_twistctl_node]: [SERIAL_TX] Timestamp: 1791450348866762024, Sending command (1/1): vcx=0.000,wc=0.000
 [19 bytes written]
[INFO] [1791450348.916661689] [serial_twistctl_node]: [TWIST_RX] Received Twist message - linear.x=0.000, angular.z=0.000, scaled_angular.z=0.000
[INFO] [1791450348.916726146] [serial_twistctl_node]: [SERIAL_TX] Timestamp: 1791450348916709712, Sending command (1/1): vcx=0.000,wc=0.000
 [19 bytes written]
[INFO] [1791450348.919757032] [rclcpp]: signal_handler(SIGINT/SIGTERM)
[INFO] [1791450348.919978929] [serial_twistctl_node]: Serial port closed.
